tree
version=v4
num_class=1
num_tree_per_iteration=1
label_index=0
max_feature_idx=64
objective=binary sigmoid:1
feature_names=Column_0 Column_1 Column_2 Column_3 Column_4 Column_5 Column_6 Column_7 Column_8 Column_9 Column_10 Column_11 Column_12 Column_13 Column_14 Column_15 Column_16 Column_17 Column_18 Column_19 Column_20 Column_21 Column_22 Column_23 Column_24 Column_25 Column_26 Column_27 Column_28 Column_29 Column_30 Column_31 Column_32 Column_33 Column_34 Column_35 Column_36 Column_37 Column_38 Column_39 Column_40 Column_41 Column_42 Column_43 Column_44 Column_45 Column_46 Column_47 Column_48 Column_49 Column_50 Column_51 Column_52 Column_53 Column_54 Column_55 Column_56 Column_57 Column_58 Column_59 Column_60 Column_61 Column_62 Column_63 Column_64
feature_infos=[0.62:91.090000000000003] [5.3000000000000001e-05:0.054050000000000001] [-2.329758:3.296869] [-1.5609383874552414:1.0355417956656348] [-12.228699238135178:9.0059523809523796] [-20.353000000000002:6.4504999999999999] [0:100] [-3.3092000000000001:4.3581000000000003] [37.371127000000001:362832589.30712497] [0:1] [0:1] [0:14.537974999999999] [0:100] [0:100] [0:100] [-100:6700] [-0.22740199999999999:0.059043680000000001] [1.4e-05:0.101086] [0.006705:10.180012] [-0.067480159999999997:0.010629960000000001] [4.1500000000000004:99.760000000000005] [0.000195:0.086930999999999994] [-3.6768489999999998:2.3756409999999999] [-1.4145284872298625:1.6100833044081917] [-10.572984226118985:12.439119496855346] [-17.654299999999999:23.0304] [0.01:100] [-3.6793999999999998:4.3586] [77.409227999999999:306989728.04866099] [0:1] [0:1] [0:14.769584999999999] [0:100] [0:100] [0:100] [-100:34900] [-0.19489259:0.20695706] [6.0000000000000002e-05:0.53812400000000005] [0.013237000000000001:132.23729900000001] [-0.066524310000000003:0.066474060000000001] [0.57999999999999996:99.75] [0.00053300000000000005:0.078666] [-2.490462:2.1984620000000001] [-1.3556927133269414:1.5131275449888351] [-12.209864468352663:12.451813719621695] [-11.4411:25.6493] [0.070000000000000007:99.980000000000004] [-3.0727000000000002:4.3589000000000002] [1448.4302170000001:149855353.51292801] [0:1] [0:1] [0:14.637029] [0:100] [0:100] [0:99.400000000000006] [-93.370999999999995:10920] [-0.12169147:0.22781203] [0.00015799999999999999:0.55201699999999998] [0.027803999999999999:199.99576099999999] [-0.02699621:0.070348209999999994] [-1:1] [-1:1] [0:6] [0:1] [0:1]
tree_sizes=6723 6853 6881 6903 6921 6846 6935 6899 6926 6872 6891 6911 6917 6943 6922 6849 6962 6926 6896 6931 6909 6954 6889

Tree=0
num_leaves=63
num_cat=0
split_feature=17 18 17 17 61 60 61 18 44 21 37 45 62 61 0 56 58 48 57 44 44 61 19 18 17 44 60 45 17 58 38 17 56 3 57 46 24 56 43 28 41 36 41 19 20 42 57 57 2 57 44 41 61 20 22 3 44 42 3 45 27 4
split_gain=137492 8628.4 3944.42 2081.14 1698.19 1106.3 952.133 594.661 525.141 453.995 549.074 439.343 377.849 349.069 989.104 313.659 305.659 274.805 255.085 254.965 240.252 228.88 313.832 260.766 228.73 219.21 203.46 232.713 200.413 196.323 195.18 184.5 200.852 183.36 182.38 180.932 173.563 171.648 169.506 196.865 190.677 216.442 167.92 170.63 167.584 200.467 250.548 215.146 190.735 185.136 184.754 182.617 161.187 158.991 158.976 157.864 155.217 208.062 153.187 151.353 147.751 145.83
threshold=0.0023960000000000001 0.24492100000000003 0.0010525000000000003 0.0046085000000000006 -0.054511258297739423 -0.5 0.14132478920498384 0.14085650000000002 -4.1703999532877747 0.0023115000000000006 0.007841500000000003 -0.53209999999999991 1.5000000000000002 0.68355163169896505 49.645000000000003 -0.00042259499999999995 1.4143775000000003 58650.343029000003 0.0082305000000000017 -3.4318242040756206 -3.619247655104751 -0.61734245059638992 -6.9834999999999984e-05 0.9754965000000001 0.0012915000000000003 3.0570603380254142 -0.52803643325367233 -2.9195499999999996 0.0066185000000000003 1.8429180000000003 1.4172955 0.00022550000000000003 0.023887425000000004 0.068910567695647365 0.029227500000000003 26.705000000000002 2.7488135288432001 0.044441480000000012 -0.22207932647980819 1233666.0784820004 0.011807500000000002 -4.0979999999999997e-05 0.030142500000000006 7.0500000000000013e-07 64.085000000000022 -0.19041499999999997 0.014807000000000002 0.0006705000000000002 -0.015525499999999999 0.075230000000000005 8.3879287078629066 0.0032565000000000003 -0.96863394805116465 48.085000000000008 -0.21716299999999997 -0.045759931167240274 -2.6129890215878233 0.12907100000000002 0.19079573194815344 -0.05004999999999999 -1.2614499999999997 -0.038204003179550271
decision_type=2 2 2 2 2 2 2 2 2 2 2 2 2 2 2 2 2 2 2 2 2 2 2 2 2 2 2 2 2 2 2 2 2 2 2 2 2 2 2 2 2 2 2 2 2 2 2 2 2 2 2 2 2 2 2 2 2 2 2 2 2 2
left_child=1 7 5 6 16 8 9 -1 33 11 12 19 -11 17 42 20 -4 59 -14 36 -7 37 -23 35 34 -17 29 -28 -5 -18 -21 -9 52 -3 54 38 -2 -19 -24 40 41 -40 43 55 -37 47 48 51 -47 50 58 -46 -33 56 -6 -15 -12 -58 -48 -10 -39 -51
right_child=3 2 4 28 24 15 -8 31 13 10 53 -13 18 14 -16 25 26 21 -20 30 -22 22 23 -25 -26 -27 27 -29 -30 -31 -32 32 -34 -35 -36 44 -38 60 39 -41 -42 -43 -44 -45 45 46 49 -49 -50 61 -52 -53 -54 -55 -56 -57 57 -59 -60 -61 -62 -63
leaf_value=-1.551394325022714 -1.5518283693336847 -1.5213706028082474 -1.4963958431813285 -1.5405821929276504 -1.470893928227434 -1.4483052906425105 -1.5454009865694593 -1.4663561658806625 -1.4722281470984446 -1.5122148949403438 -1.5380650642569011 -1.5446342873291796 -1.3882350443119889 -1.5122022999811335 -1.4210215146112579 -1.4115687906185521 -1.4371428623026674 -1.426798839941501 -1.4755235153735049 -1.3998153269690403 -1.4218012478956896 -1.5204474704944602 -1.4148790696336844 -1.4946428218323278 -1.5349441952026552 -1.4187795262456577 -1.5275821103745897 -1.4244252161376916 -1.5565483191987624 -1.5003948888808523 -1.5204474704944602 -1.4494412577500664 -1.4246710218833756 -1.443523634058326 -1.4336702293549739 -1.4237372211254435 -1.4072303839141682 -1.4971755436798604 -1.5146911678491415 -1.5108246320594205 -1.3917859780859307 -1.442712041575583 -1.5213005516913252 -1.440611881192787 -1.5447951326190628 -1.5258029128710497 -1.4290606667900105 -1.3978695053142205 -1.4528854513203495 -1.5115437913784067 -1.512371751338482 -1.4349991507873645 -1.5432291381797074 -1.5196747106600395 -1.5476035701270077 -1.4632109186251254 -1.4149939086254517 -1.5166437511603343 -1.4766769499852732 -1.404440088173412 -1.4051610610993344 -1.4478613859874208
leaf_weight=426.58788740634918 38.35988062620163 74.034983694553375 103.25751836597919 788.46929255127907 45.290602520108223 357.59371027350426 584.16108769178391 117.15097893774509 34.688347950577736 48.166327744722366 24.249314621090889 237.31589961051941 102.30298784375191 115.53592796623707 629.76473201811314 9592.1856359243393 91.7895637601614 1028.7326802760363 46.236552327871323 44.437981367111206 4031.5092692375183 34.472603365778923 93.668384492397308 58.517891436815262 325.46730832755566 7256.2572987526655 19.917469307780266 430.66694357991219 8241.932902649045 88.805862337350845 15.795509561896322 18.197579458355904 17.715135604143143 41.381457850337029 37.995562344789505 3176.7357188612223 8.2060436904430372 17.45858570933342 54.286594644188881 61.543759018182755 42.229788646101952 129.92940944433212 73.887770846486092 108.70303289592266 15.689102023839949 49.510181277990341 1350.4691283404827 237.9067352861166 87.36731930077076 50.459060594439507 26.817535266280174 74.4125886708498 113.40055733919144 190.32591380178928 49.864350184798241 124.89351667463779 48.328188136219978 29.761792227625847 69.123075515031815 666.44866542518139 759.9917044788599 97.130031600594521
leaf_count=2837 257 435 537 5020 204 1414 3793 517 157 270 154 1537 241 649 2044 28819 334 3496 214 116 13185 202 286 301 2025 23163 121 1435 55890 471 93 70 56 156 133 10549 20 90 308 343 101 493 434 406 103 297 4670 626 354 282 150 266 731 1107 328 541 146 170 323 1875 2153 381
internal_value=-1.45519 -1.42476 -1.42248 -1.54986 -1.47609 -1.42039 -1.51608 -1.52943 -1.42904 -1.4955 -1.47696 -1.52182 -1.43828 -1.42825 -1.44488 -1.41658 -1.44784 -1.42613 -1.41472 -1.47165 -1.42394 -1.42787 -1.43093 -1.43038 -1.52133 -1.41467 -1.43999 -1.42906 -1.55516 -1.4678 -1.4314 -1.49439 -1.51679 -1.4933 -1.48842 -1.42972 -1.52387 -1.41827 -1.45048 -1.46249 -1.44958 -1.46362 -1.48061 -1.47194 -1.42823 -1.43522 -1.43949 -1.41309 -1.47933 -1.43612 -1.4328 -1.4545 -1.5296 -1.50324 -1.51127 -1.4865 -1.47328 -1.45282 -1.43133 -1.40768 -1.40716 -1.46923
internal_weight=42957.5 32509.4 31816.4 10448 1193.06 30623.3 1417.65 693.052 9385.79 833.486 489.371 344.115 196.706 9270.37 1052.78 21237.5 734.437 8217.59 148.54 106.799 4389.1 7516.45 5710.27 5675.8 458.618 16848.4 631.18 450.584 9030.4 180.595 60.2335 266.464 149.313 115.416 133.151 5617.28 46.5659 1806.18 381.658 287.99 226.446 184.216 423.02 349.132 5235.62 2058.88 1730.88 328.008 136.878 1594 1446.41 90.1017 131.598 292.665 95.155 240.429 102.339 78.09 1419.59 701.137 777.45 147.589
internal_count=177879 108851 104640 69028 5588 99052 8118 4211 32471 4325 2302 2023 725 31880 4074 66581 2898 27806 455 486 14599 25774 20035 19833 2690 51982 2361 1556 60910 805 209 1374 857 591 665 19532 277 5739 1531 1245 902 801 2030 1596 18001 7452 6457 995 651 5806 5143 369 801 1577 532 1190 470 316 4993 2032 2243 663
is_linear=0
shrinkage=1


Tree=1
num_leaves=63
num_cat=0
split_feature=1 17 8 61 60 1 17 18 57 44 57 61 61 0 51 57 61 8 19 52 56 60 44 45 19 18 21 38 17 37 60 17 48 48 48 20 43 20 0 0 61 38 43 48 58 17 0 54 22 56 43 54 3 8 18 24 57 44 51 61 57 2
split_gain=122422 3923.3 3895.03 1443.5 915.611 828.694 583.85 444.88 361.787 359.252 336.591 322.876 294.971 827.532 267.146 295.888 253.071 239.883 220.648 215.089 213.395 208.659 204.117 200.169 195.572 191.53 224.212 458.075 213.793 207.248 177.536 176.263 202.021 172.651 172.456 205.352 176.985 221.125 169.971 169.782 167.804 167.074 153.456 152.677 151.803 151.657 141.006 197.526 146.315 139.754 136.746 129.585 128.324 125.545 123.877 163.74 122.679 119.873 118.66 175.396 180.942 117.069
threshold=0.0013375000000000004 0.0010525000000000003 487828.47027550003 0.098011308799811445 -0.5 0.0022785000000000006 0.0066185000000000003 0.24492100000000003 0.029471500000000005 -4.1703999532877747 0.014549500000000002 0.17364817766693066 0.68355163169896505 50.215000000000011 6.615078500000001 0.0024220000000000001 0.054511258297739194 621377.82430800016 -1.4854999999999998e-05 11.565000000000003 -0.00042259499999999995 -0.68355163169896438 3.0570603380254142 -0.045149999999999989 2.6500000000000006e-07 0.14085650000000002 0.0022515000000000005 1.2697965000000002 0.0046085000000000006 0.014753500000000001 0.51877325816052167 0.0012915000000000003 709750.41707950016 98093.534441000011 58650.343029000003 58.045000000000009 0.081466841694137634 33.205000000000005 55.795000000000009 42.395000000000003 0.032717136199948357 2.4786585000000003 0.0020904186192963604 16888452.422755506 0.2187665 0.0046085000000000006 56.395000000000003 49.900000000000006 -0.96555749999999996 0.16946157000000003 0.13445965372029722 60.915000000000006 0.074604777394828917 147741.28414600002 0.77037100000000003 4.6186164204046296 0.075230000000000005 -2.7491953727571836 3.7961185000000004 -0.44228869021900119 0.042461000000000006 1.0387695000000001
decision_type=2 2 2 2 2 2 2 2 2 2 2 2 2 2 2 2 2 2 2 2 2 2 2 2 2 2 2 2 2 2 2 2 2 2 2 2 2 2 2 2 2 2 2 2 2 2 2 2 2 2 2 2 2 2 2 2 2 2 2 2 2 2
left_child=1 4 6 10 9 8 11 41 14 52 17 25 18 24 15 44 19 -3 40 -17 61 -19 -22 46 39 -2 -27 -28 29 30 -29 32 -5 -26 49 36 37 -36 45 -14 56 50 -32 -18 -4 -21 47 48 -20 -25 -6 -49 -1 -15 -37 -56 -11 -33 -10 60 -60 -9
right_child=2 3 5 31 7 -7 -8 20 58 12 -12 -13 13 53 -16 16 43 21 23 38 22 -23 -24 34 33 26 27 28 -30 -31 42 57 -34 -35 35 54 -38 -39 -40 -41 -42 -43 -44 -45 -46 -47 -48 51 -50 -51 -52 -53 -54 -55 55 -57 -58 -59 59 -61 -62 -63
leaf_value=0.006481711964332457 -0.035890239322114451 0.0093251071432629336 0.095084966871540527 0.064222273939388563 0.065725030386740019 -0.012087493047009568 -0.035936771093202716 0.089143555028615526 -0.020925409196795457 0.078677815242578539 0.092029685197686645 -0.029299769610007249 -0.0099518687294169999 0.059379169426924797 -0.027499285513991962 0 -0.011609509741564147 0 -0.022059326359409277 0.088949492764332158 0.099148213155509313 0.072151648071643967 0.092448011079792003 0.10861172893932998 0.005177581618319169 -0.01789403997037264 0.10817895946823988 0.016659839328059041 -0.019434932619595446 -0.0060838471680249922 0.010244074889525414 0.015459341599356611 -0.015148599648717981 0.081058058743964045 0.055067786657967181 0.082861095847714311 0.082773594693253738 0.10143197005883796 0.034267155257468603 0.038732301016111463 0.031941457508321627 -0.033703509147217828 0.12123126335357078 0.11558938645473932 -0.018824072618150504 0.0058258302867553492 0.095386879647575681 0.0041625733716904346 0.077416958176622183 0.061325524792824826 -0.032018819327797557 0.066660871639856387 0.072092262361690473 0.097297737813478447 -0.004569252715964694 0.087730719797903423 -0.006918967774268263 -0.025075241933141108 -0.0050211646486454957 -0.024499020860145989 0.093079411759453862 0.026422884208087843
leaf_weight=75.634890094399452 140.69271683692932 115.15461623668671 11.551353141665457 60.132363587617874 114.21444264054298 400.96502886712551 7928.2847800850868 4545.9161009043455 90.176814451813698 363.869010835886 235.10625806450844 933.77105961740017 88.885973289608955 104.18205782771111 36.236635059118271 36.851851984858513 56.680452615022659 41.745036140084267 12.597152113914488 352.99060826003551 10308.685511797667 235.41456308960915 7758.2460939884186 636.41641521453857 35.149727344512939 297.41691923141479 42.542078271508217 65.867683321237564 172.49856090545654 104.21115639805794 16.580893367528915 83.730947509407997 53.168361932039261 131.48383557796478 104.64101693034172 2874.0515995770693 1002.0731905549765 1835.7007768601179 78.265487596392632 222.46770593523979 108.53472930192947 21.302475214004517 39.783134117722511 8.9280562698841077 64.317209705710411 21.897392988204956 324.11558492481709 62.347914382815361 1108.0496377944946 69.990183442831039 13.466397717595099 58.567049860954285 41.801335722208023 544.73947764933109 34.909345105290413 32.024671718478203 14.888011947274206 282.57182602584362 27.119260713458061 38.85947073996067 41.282990530133247 29.339690089225769
leaf_count=427 975 626 35 235 454 2491 55049 14101 569 1235 737 6262 538 401 237 208 350 239 78 1131 28777 864 23238 1598 195 1889 115 345 1112 616 87 461 330 444 415 9456 3278 5086 374 1034 510 143 90 18 405 126 960 335 3812 260 91 217 149 1565 199 99 86 1860 161 255 129 139
internal_value=0.0608984 0.0892074 -0.0259857 0.0335816 0.0910898 0.0234862 -0.0324204 0.0944211 0.0400028 0.0833989 0.0634996 -0.0170182 0.0840285 0.0692625 0.0505424 0.0551045 0.0626803 0.0461353 0.0859421 0.0700823 0.0947629 0.0612328 0.096278 0.0871379 0.0390761 -0.00392765 0.00215803 0.0157443 0.0055665 0.0247456 0.0511094 -0.00554566 0.026907 0.0653571 0.0894948 0.0877232 0.0934987 0.0989767 0.0757385 0.0247504 0.0657309 0.0419887 0.0898523 0.00672491 -7.92379e-05 0.0842024 0.0771477 0.0722892 0.0762533 0.104062 0.0550142 0.0349791 0.0305006 0.0913569 0.0819049 0.0397915 0.0752249 -0.0157111 0.00413254 0.025475 0.0542415 0.0887538
internal_weight=44793.1 33785.3 11007.8 1107.02 32678.3 1266.12 9741.65 22791.2 865.158 9887.12 627.42 1813.36 9769.69 1126.91 667.719 631.482 555.614 392.314 8642.78 490.005 22642.2 277.16 18066.9 8155.48 477.987 879.593 738.9 441.484 398.941 226.443 122.232 479.603 113.301 166.634 6589.81 5883.4 2942.41 1940.34 453.153 311.354 487.292 148.983 56.364 65.6085 75.8686 374.888 1565.68 1241.56 1120.65 706.407 127.681 120.915 117.436 648.922 2940.99 66.934 378.757 366.303 197.439 107.262 68.4023 4575.26
internal_count=177701 104672 73029 5352 99320 6489 66540 66943 3998 32377 2466 11491 31801 4177 2884 2647 2207 1729 27624 1839 66255 1103 52015 25793 2211 5229 4254 2365 2250 1138 522 2886 565 639 20391 18533 8779 5501 1631 1572 1831 688 177 368 440 1257 5402 4442 3890 1858 545 552 576 1966 9754 298 1321 2321 1114 545 290 14240
is_linear=0
shrinkage=0.03


Tree=2
num_leaves=63
num_cat=0
split_feature=1 8 17 61 60 1 17 18 61 60 17 45 17 55 19 43 55 48 25 60 38 44 56 20 42 0 61 46 0 8 48 43 51 37 38 37 44 4 8 56 60 1 61 48 4 55 56 61 19 20 18 37 43 44 45 42 28 18 17 21 41 44
split_gain=106431 3897.59 3112.38 1240.77 814.71 725.544 535.183 381.687 362.202 349.197 294.756 285.43 248.49 233.587 232.006 229.173 223.8 249.181 213.25 240.041 277.378 206.824 203.299 222.564 202.931 202.345 198.001 250.705 196.814 180.403 172.22 164.345 161.07 158.852 156.86 155.598 172.594 153.795 180.425 152.841 193.95 149.828 187.565 149.507 143.29 142.711 142.111 141.533 230.339 140.536 174.3 137.046 136.967 135.431 168.481 134.729 129.264 125.752 151.372 129.729 124 122.453
threshold=0.0013375000000000004 487828.47027550003 0.0011775000000000004 0.087155742747658027 -0.5 0.0024415000000000005 0.0066185000000000003 0.24492100000000003 0.06540312923014284 0.98658463173998445 0.0025405000000000007 -0.045149999999999989 0.0036565000000000005 -77.829999999999998 -1.4854999999999998e-05 -0.0061482131959719006 300.73550000000006 5341746.6124515003 4.2030000000000012 -0.69151305578226929 1.4949745000000003 -4.1703999532877747 -0.0048646249999999992 38.165000000000006 0.63794350000000011 55.945000000000007 -0.96863394805116465 68.265000000000015 46.915000000000006 2662328.2774890005 742206.88246450003 -0.041821692317600641 3.9853235000000002 0.072811500000000015 2.2074320000000003 0.032179000000000006 -2.6129890215878233 0.018764671361502349 388743.34835600009 0.0048676000000000006 -0.55557023301960229 0.00023050000000000005 -0.10886687485196482 437240.22307500005 -0.40035989043012005 307.45350000000002 -0.0054740049999999988 0.60003553868615123 5.4500000000000018e-07 35.855000000000011 0.75755150000000004 0.037721500000000005 0.081466841694137634 -2.4448724432407896 -0.82779999999999987 0.35656150000000003 6063695.7382855015 0.39375650000000006 0.00023450000000000004 0.0015545000000000001 0.0079170000000000022 -2.3757994910300457
decision_type=2 2 2 2 2 2 2 2 2 2 2 2 2 2 2 2 2 2 2 2 2 2 2 2 2 2 2 2 2 2 2 2 2 2 2 2 2 2 2 2 2 2 2 2 2 2 2 2 2 2 2 2 2 2 2 2 2 2 2 2 2 2
left_child=2 6 4 10 11 8 9 33 12 16 18 21 24 -13 -15 -11 -2 45 19 -4 44 -1 23 32 25 26 -3 39 47 -10 -17 -19 -9 34 60 36 -22 38 43 53 -41 -40 51 -24 -21 -18 57 -23 -49 55 -51 -43 -33 54 -28 -16 -44 58 -25 -59 -6 -12
right_child=1 5 3 -5 7 -7 -8 22 29 15 61 13 -14 14 49 30 17 31 -20 20 35 28 37 46 -26 -27 27 -29 -30 -31 -32 52 -34 -35 -36 -37 -38 -39 41 40 -42 42 56 -45 -46 -47 -48 48 -50 50 -52 -53 -54 -55 -56 -57 -58 59 -60 -61 -62 -63
leaf_value=0.026251504750208644 -0.02771770839173051 0.09999043469976529 0.0032139805808853324 -0.0093659589560695124 0.061799056536719417 -0.01466228348964687 -0.035703908330371556 0.069173156578329037 -0.025720934924683976 -0.034412238617538296 0.076438768299647686 -0.016921053691562681 0.010122135734671979 0.056246518341348951 0.032918871913258332 0.0070715418326196726 0.097635378490353461 0.11117354524087952 0.11218439320549846 0.019049214835906145 0.073624697086441385 0.06235163940480578 0.074311655260890591 0.07372303501944813 -0.018978368985446092 0.018168031410097596 0.021644874678424735 0.09292715000473864 0.076775083832304553 0.071788622179949968 0.093620139024548549 -0.021223852646387653 0.026977992718346569 0.10999734930703343 -0.030562477631473076 0.12020303684559931 0.0066442177755378744 0.090271758818085343 0.091636116347070293 -0.0080832340407726942 0.094841105316107399 0.089591018968403158 0.076782786821145685 0.022905227982519642 0.10075475878070453 -0.015316824148502677 0.0098527522894616224 -0.0055344488499157168 0.078597918852703869 0.081917621675917818 0.055993546049678676 0.077710018898629954 0.091733702789284249 -0.007968480581583769 0.09521730419853279 0.075400508075715827 0.046017571466261696 0.073508522046755675 -0.0030132845920549378 0.090157515528015486 -0.016613068152939257 -0.017466715343859896
leaf_weight=114.15208028256893 1217.6811875402927 107.76543496549129 64.045427486300468 422.18806512653828 78.111102551221848 336.8225656747818 7737.431543186307 377.16058810055256 108.41021327674389 32.656073912978172 14.737501755356787 22.047581613063812 163.14316706359386 401.26032797992229 115.64723648130894 36.745605871081352 9.2918114811182004 24.045019209384918 77.779964491724968 23.377676129341125 50.920523643493652 760.17632655799389 729.60393823683262 72.850773185491562 33.609055072069168 111.13683578372002 106.14728862047195 108.40677712857723 1157.7767686098814 19.157741636037827 49.408357337117195 30.197946131229401 109.3736070394516 23.283329963684082 32.516330778598785 18.198385864496231 108.14493821561337 10876.669217467308 3188.9570098221302 20.449112340807915 71.573082789778709 3480.5455775111914 1418.2802496105433 57.779885038733482 172.60037080943584 380.09094248712063 25.04563407599926 75.090358778834343 46.283598572015762 7254.7493791878223 258.37399555742741 1330.6942812055349 12.892571061849592 72.067995101213455 38.37874561548233 180.9244462698698 146.2068540006876 671.7805001437664 32.508801847696304 1512.3245212435722 22.362796768546104 59.436733558773994
leaf_count=559 8204 280 351 2610 299 2140 55007 1232 723 226 47 125 894 1512 496 204 29 61 171 110 168 2691 2246 228 210 568 511 303 3647 63 148 195 485 56 216 36 556 29018 8380 122 194 9372 4297 257 444 2427 120 427 143 21432 963 3982 37 416 107 570 563 2129 170 4129 134 369
internal_value=0.0567181 -0.0256359 0.0817776 0.029821 0.0832959 0.0231267 -0.0322773 0.086335 0.0364145 -0.0174618 0.0579173 0.0762084 0.0436264 0.0787928 0.0790555 0.0319504 -0.0210033 -0.00300674 0.0659563 0.0574281 0.0666172 0.0662824 0.0866406 0.0787814 0.0517183 0.0555256 0.0633304 0.0535685 0.0684944 -0.0103995 0.0575551 0.0498509 0.0598239 0.038898 0.0254983 0.0387937 0.0285996 0.0876724 0.08493 0.0393908 0.0718058 0.0860981 0.0833094 0.0706112 0.0913068 -0.0123014 0.082726 0.0575105 0.0266828 0.0802162 0.0810377 0.086328 0.0132064 0.0252143 0.0419082 0.059102 0.0739581 0.0835054 0.0499582 0.0850864 0.0440592 0.00156069
internal_weight=46411.5 10827.5 35584 1011.43 34572.5 1297.07 9530.44 24186.1 960.245 1793.01 589.242 10386.5 832.677 8233 8210.96 118.81 1674.2 456.518 515.067 437.287 373.242 2153.48 24029.8 2801.04 669.534 635.925 524.788 417.023 2039.33 127.568 86.154 67.1355 486.534 156.274 132.99 177.264 159.065 21228.7 10352.1 308.616 92.0222 9564.68 6375.73 787.384 195.978 389.383 2314.51 881.55 121.374 7809.7 7513.12 4811.24 43.0905 216.594 144.526 296.572 1564.49 2289.46 105.36 2184.11 100.474 74.1742
internal_count=177809 73069 104740 4862 99878 6531 66538 67313 4391 11531 2252 32565 3605 25098 24973 578 10953 2749 1836 1665 1314 7467 66608 8493 2711 2501 1933 1653 6908 786 352 293 1717 705 649 760 724 58115 29097 1350 316 26594 18214 2503 554 2456 6776 3261 570 23461 22395 13354 232 1034 618 1066 4860 6656 398 6258 433 416
is_linear=0
shrinkage=0.03


Tree=3
num_leaves=63
num_cat=0
split_feature=1 8 17 61 1 60 1 61 60 45 17 57 57 51 52 2 25 60 44 17 48 8 61 58 43 1 17 56 21 61 17 53 56 21 37 42 0 40 7 44 8 17 47 8 39 48 8 21 40 54 58 48 54 47 21 26 28 47 19 0 61 56
split_gain=93822.6 3777.96 2701.7 1253.51 767.342 607.006 455.513 397.777 354.56 284.685 277.218 258.51 286.864 278.052 224.859 220.5 215.347 251.946 205.764 182.29 173.494 171.262 170.461 168.413 165.689 159.127 218.999 161.068 157.448 151.334 231.798 149.814 148.755 146.291 248.631 187.751 143.887 140.974 140.949 140.8 139.482 137.666 134.963 130.145 128.6 123.479 181.965 269.536 157.564 139.651 131.39 121.405 120.518 119.708 146.192 128.221 116.334 114.961 147.103 114.124 112.536 110.542
threshold=0.0013375000000000004 451215.64215250005 0.0010525000000000003 0.098011308799811445 0.0025245000000000003 -0.48098876891938752 0.0031005000000000004 0.087155742747658027 0.98279651670771939 -0.045149999999999989 0.0025405000000000007 0.029471500000000005 0.0024220000000000001 6.615078500000001 11.565000000000003 0.72390700000000019 4.2030000000000012 -0.69151305578226929 -4.2866540549159042 0.0012915000000000003 709750.41707950016 534522.31586600014 -0.43245347597985045 1.3698660000000003 -0.0061482131959719006 0.00067950000000000009 0.00038650000000000007 -0.0048646249999999992 0.013125500000000002 -0.63435554093529922 0.00064150000000000003 5.2150000000000007 -0.029077004999999996 0.0023815000000000004 0.0068545000000000003 0.066773000000000013 46.805000000000007 34.065000000000005 -1.1244499999999997 8.6099819313070931 143979.14737250001 0.0036565000000000005 2.6418500000000003 2662328.2774890005 -1.5829999999999999e-05 1052511.136071 2023090.5555635002 0.016563500000000005 69.465000000000018 25.355000000000004 0.35289300000000007 2068172.7096980002 76.635000000000005 3.0656000000000003 0.00080550000000000012 68.715000000000018 25856.993205000002 3.4308500000000004 4.8950000000000006e-06 49.005000000000003 -0.076279435988900565 -0.087367944999999989
decision_type=2 2 2 2 2 2 2 2 2 2 2 2 2 2 2 2 2 2 2 2 2 2 2 2 2 2 2 2 2 2 2 2 2 2 2 2 2 2 2 2 2 2 2 2 2 2 2 2 2 2 2 2 2 2 2 2 2 2 2 2 2 2
left_child=2 6 5 10 7 9 8 11 22 18 16 12 -3 14 -14 25 17 -4 -1 20 -5 38 33 -19 -10 53 27 -27 59 -11 39 -16 -25 -2 35 -35 42 44 -20 45 -26 -33 56 -9 -28 52 47 49 -48 -47 -49 -32 -31 -7 55 57 -23 58 -55 -17 -56 -58
right_child=1 4 3 19 -6 15 -8 43 24 29 -12 -13 13 -15 31 28 -18 23 21 -21 -22 36 -24 32 40 26 37 -29 -30 30 51 41 -34 34 -36 -37 -38 -39 -40 -41 -42 -43 -44 -45 -46 46 48 50 -50 -51 -52 -53 -54 54 60 -57 61 -59 -60 -61 -62 -63
leaf_value=0.020557694092070429 -0.02431202644473817 -0.0067673175577947723 0.0025544327158966967 0.056530452242160495 -0.018629604098635139 0.081446376764288855 -0.035323999034573339 -0.024912629044306918 -0.026117049893343885 0.082004295452762527 0.0021814914305413008 0.0074298156952633237 -0.0042459861900241884 -0.01953619401821419 0.017021636674615218 -0.020948928701664753 0.10442375027397806 0.010904123653726965 0.06395979241689155 -0.01761018047888837 -0.015170125476875004 0.0042150460942919077 -0.027487925609320864 0.0013767556194548972 -0.019509376016243928 0.0085417287263880853 0.073147259385437688 0.05966372011550785 0.067557962283817746 0.075878741708550829 0.0027063985293529183 0.075452917368184907 0.075260567001695713 -0.0093374936085977838 -0.0069816656065694975 0.11116630422341034 0.075434330663854687 0.078384497588350893 0.028247526677521759 0.044401458731670604 0.069242263574571264 0.034438114192948246 0.015437235293146874 0.060708960413731715 -0.011074191463568184 0.022090778796692957 0.085993719843861061 0.017118776947668585 0.055915660351487914 0.057097346142613893 0.084274216820419745 0.059743014398200567 0.037759241753175229 -0.0010400022395271936 0.082685726069433391 0.039820987831745369 0.004612462163939411 0.078649386475280927 0.091286970728496356 0.086884595159916936 0.06911360501601492 0.066831428583910626
leaf_weight=108.40384095907211 143.44768467545509 78.933730199933052 71.880076915025711 67.536414206027985 353.06106701493263 20331.324280306697 7724.9572149068117 126.51914142072201 32.905644729733467 1702.4226668477058 76.415422350168228 187.77721153199673 47.04163284599781 43.196089029312134 59.445101320743561 43.766579508781433 97.874537855386734 50.222435221076012 199.17477421462536 355.27177612483501 52.998765036463737 31.784813612699509 1023.7992061078548 27.218918323516846 19.075860574841499 78.808320000767708 31.062754303216934 202.13246387243271 74.259986445307732 5274.9887880831957 66.803004786372185 437.95076148211956 364.38066793978214 16.547950729727745 117.96287101507187 34.039101347327232 991.35825629532337 1056.4015484005213 212.21247310936451 168.16211773455143 74.927305713295937 95.111799374222755 65.670422047376633 17.150128990411758 31.704013288021088 228.60364061594009 477.66209115087986 31.290910825133324 257.98486582934856 194.63751532137394 245.00378452241421 69.197967156767845 81.939600914716721 40.984900832176208 1717.7313789278269 191.55445410311222 28.065060034394264 306.85383957624435 23.38740848004818 10.003588408231733 940.20590372383595 614.4617436081171
leaf_count=532 972 466 391 249 2315 52756 56134 857 226 4485 427 1019 267 276 286 252 197 251 649 2310 326 158 7053 138 124 381 89 676 231 14944 335 1342 1090 102 730 73 2871 2845 906 621 264 444 297 57 165 987 1237 137 871 659 641 235 314 197 4438 712 135 831 54 22 2775 1966
internal_value=0.0532842 -0.0253177 0.0756974 0.0306295 0.0197294 0.0771474 -0.032413 0.0321519 -0.0170051 0.07123 0.0564971 0.039195 0.0469667 0.0532237 0.0582077 0.0797503 0.0632201 0.0551238 0.0615313 -0.00675071 0.0248918 0.0635796 -0.0215745 0.0635834 0.0306484 0.0799538 0.0697507 0.0455108 0.0395461 0.0737007 0.0716931 0.0632155 0.0702181 -0.00204814 0.0167547 0.0717489 0.0677762 0.0757627 0.0457237 0.0724564 0.0509005 0.0682692 0.0573882 -0.0141354 0.0306293 0.0731399 0.064978 0.0536976 0.0755766 0.0383567 0.0768661 0.0321701 0.0753084 0.0805561 0.0749034 0.0604718 0.0614005 0.0709115 0.0329281 0 0.0779239 0.0641718
internal_weight=47927.7 10633.8 37293.8 1163.8 1446.19 36130 9187.66 1093.13 1462.71 11049.8 687.992 949.456 761.679 682.745 639.549 25080.2 611.577 513.702 2251.13 475.807 120.535 2142.73 1335.8 441.822 126.909 24952.2 1400.11 280.941 128.03 8798.7 7096.27 592.508 391.6 311.998 168.55 50.5871 1731.34 1119.17 411.387 6960.27 94.0032 533.063 739.982 143.669 62.7668 6792.11 1435.18 699.536 735.647 423.241 276.295 136.001 5356.93 23552 3220.72 562.781 674.312 371.226 64.3723 53.7702 2657.94 642.527
internal_count=177790 73007 104783 5379 7329 99404 65678 5014 9544 32980 2494 4100 3081 2615 2339 66424 2067 1870 7514 2885 575 6982 8930 1479 614 65919 4156 1057 505 25466 20981 2072 1228 1877 905 175 5427 3099 1555 20411 388 1786 2556 914 254 19790 4532 2424 2108 1646 778 570 15258 61763 9007 1794 2259 1082 251 274 7213 2101
is_linear=0
shrinkage=0.03


Tree=4
num_leaves=63
num_cat=0
split_feature=1 8 17 61 1 60 61 18 45 17 60 17 17 53 55 41 55 8 61 17 17 37 37 43 61 4 56 60 8 56 45 56 20 37 61 51 37 48 55 48 60 45 0 53 37 22 20 55 54 56 44 4 48 20 51 41 6 61 20 45 27 23
split_gain=82987.5 3741.64 2411.81 985.401 982.094 519.031 441.108 302.095 277.012 265.531 260.707 210.58 200.04 184.25 181.048 225.109 180.09 177.942 172.686 166.593 165.675 155.313 154.551 148.985 147.362 549.978 227.475 140.371 138.342 137.03 133.381 137.111 130.909 130.415 129.481 128.088 126.995 121.034 120.313 120.187 133.205 147.862 122.617 119.796 119.08 125.561 119.078 171.098 113.652 110.037 109.419 111.322 106.605 127.164 131.742 126.552 117.998 117.319 112.632 110.115 106.967 104.693
threshold=0.0013375000000000004 371271.23846150009 0.0011775000000000004 0.054511258297739194 0.0024415000000000005 -0.5 0.098011308799811445 0.24492100000000003 -1.9828999999999997 0.0066185000000000003 0.98279651670771939 0.0036565000000000005 0.00069250000000000008 5.2150000000000007 737.01900000000012 0.0059325000000000011 205.04250000000005 1354160.7475125003 -0.31107263240371763 0.0066185000000000003 0.0025405000000000007 0.0022075000000000007 0.037998500000000004 -0.0061482131959719006 0.68355163169896505 0.22199137931034485 0.12015652000000002 -0.95688340256707749 2662328.2774890005 -0.0090404399999999985 -0.24189999999999998 0.0004495700000000001 30.545000000000005 0.0042105000000000016 -0.23768589232617329 7.2197695000000008 0.041488500000000005 917930.46856900014 130.61150000000004 988908.34356800013 -0.20576496797711577 -0.75374999999999992 46.915000000000006 12.205000000000002 0.058989000000000007 -0.5976324999999999 48.745000000000012 73.126000000000019 79.830000000000013 -0.025891149999999998 3.3281197264268143 0.037625981730542359 58650.343029000003 59.185000000000009 1.1337930000000003 0.066419500000000006 19.935000000000006 -0.564573334685324 34.045000000000009 -0.05004999999999999 -1.1978499999999996 0.0036747061262658895
decision_type=2 2 2 2 2 2 2 2 2 2 2 2 2 2 2 2 2 2 2 2 2 2 2 2 2 2 2 2 2 2 2 2 2 2 2 2 2 2 2 2 2 2 2 2 2 2 2 2 2 2 2 2 2 2 2 2 2 2 2 2 2 2
left_child=2 9 5 20 6 8 11 36 17 10 38 13 24 -3 -6 19 21 46 43 33 35 -15 -5 -12 48 26 44 -18 -8 -22 31 -9 -19 -16 -13 -4 -7 -25 -2 -40 -41 -42 -43 -14 45 -26 -1 -48 52 -34 51 -32 59 54 56 -55 -54 -56 -59 -10 -61 -51
right_child=1 4 3 22 14 7 28 30 12 -11 23 34 18 16 15 -17 27 32 -20 -21 29 -23 -24 37 25 -27 -28 -29 -30 -31 50 -33 49 -35 -36 -37 -38 -39 39 40 41 42 -44 -45 -46 -47 47 -49 -50 61 -52 -53 53 55 57 -57 -58 58 -60 60 -62 -63
leaf_value=-1.3561831076742562e-05 -0.032743291275540092 0.0062653855965305559 0.051121978313131228 -0.012811976644398902 -0.026905057426245004 0.017639518467891878 -0.022822962952782435 0.065896497973449236 0.028189032993782441 -0.035372832653436326 -0.033819615405956294 0.00066430152663933626 -0.0041642644152370826 -0.014040979972051996 -0.0058155961037802822 -0.032474566663379313 -0.007175078422909837 -0.020035471271398556 0.006819418174516402 -0.032348070855510003 0.080028334712409083 0.042076840472812516 0.086976682478884806 0.0072229728550878064 -0.027604340671639051 0.077676759803505455 -0.0069735483176868833 0.065962636472440259 0.05823605741395059 -0.015938047676836896 0.074009338711991945 0.0868873700303959 0.074009992627394466 0.094641756188856466 0.055766777879584999 0.10707123393628061 0.077659866550470497 0.080742167851223526 -0.030440498463004544 -0.02090435221873662 -0.034208451488775021 0.083267379017578552 0.014609613902387701 0.082831934941713287 -0.022639450592480521 0.050901358325266828 0.088639692342126236 -0.004604582562386144 0.035901537015834033 0.0093023611239709276 0.072335108812599816 0.079542057567024566 0.047693418046867261 0.064934810768323456 0.086640148102328535 0.0093886766055520186 0.069059785231476739 0.043718108635491304 0.074183925140351936 0.099125949738694999 0.074504880015946268 0.061644021133491239
leaf_weight=105.24972315132618 749.16821846365929 99.835819572210312 488.82116158306599 416.63567419350147 441.12545917928219 125.81705503165722 159.74379649758339 2748.8591145575047 38.305460423231125 7215.6904656589031 29.489092618227005 186.46024808287621 16.890392646193504 55.367001965641975 14.686631008982657 55.85478387773037 24.050175115466118 17.962318748235703 94.217289552092552 17.758976444602013 16.515718385577202 201.64949588477612 13.400518983602522 42.581208929419518 18.000765845179558 608.60228733718395 89.507811903953552 418.74584767222404 20.360562771558762 55.175487086176872 7177.7270378470421 335.61924561858177 225.34876361489296 44.965409606695175 47.716965585947037 41.235014125704765 42.85781055688858 39.432314708828926 235.47030863165855 166.14885027706623 36.617582589387894 31.996089771389961 88.023719593882561 70.099227085709572 21.479676321148872 455.08289870619774 41.156429022550583 29.368607670068741 98.154606238007545 62.496116414666176 8717.7480141818523 7285.9840373843908 299.91173706948757 3897.1081981211901 783.2873177677393 38.915238440036774 1499.1999859511852 127.28171980381012 1740.4810443967581 259.32209360599518 563.34516191482544 81.10055223107338
leaf_count=530 5373 523 1710 2658 3059 603 1093 7739 157 53812 213 1073 83 328 92 397 137 101 461 130 47 818 39 230 102 1541 467 1343 65 343 18118 728 625 143 188 67 121 111 1675 1124 265 100 499 173 124 1597 101 147 363 290 22622 17219 1014 11338 1753 170 4193 455 4545 476 1399 251
internal_value=0.0502902 -0.0248513 0.0705035 0.0251756 0.0146268 0.071742 0.0299207 0.0740616 0.0662984 -0.0330319 -0.0210897 0.0374713 0.0673857 0.0448074 -0.0176394 0.0127796 0.0502463 0.0454498 0.0354768 0.0458125 0.0499367 0.029864 -0.00943825 0.0226506 0.0679281 0.0576729 0.0366804 0.0619154 -0.0132227 0.00655411 0.0743201 0.0682176 0.0568533 0.0697259 0.0122092 0.0557244 0.0334344 0.0434794 -0.0248575 -0.0141816 -0.00217081 0.0175165 0.0336978 0.065744 0.0446397 0.047799 0.0199998 0.0498692 0.0692274 0.0607218 0.0751278 0.0768038 0.0695739 0.0684832 0.0720764 0.0643958 0.0655432 0.0764725 0.0721483 0.0800711 0.0824133 0.0392932
internal_weight=49171.2 10422.9 38748.3 1031.78 1788.32 37716.5 1213.93 26434.6 11281.9 8634.62 1418.93 1033.83 10719.2 799.648 574.391 133.266 699.813 562.683 181.207 77.411 601.747 257.016 430.036 111.503 10538 1192.67 584.071 442.796 180.104 71.6912 26265.9 3084.48 386.908 59.652 234.177 530.056 168.675 82.0135 1307.42 558.257 322.786 156.637 120.02 86.9896 494.563 473.084 175.775 70.525 9345.31 368.945 23181.5 14463.7 9247.16 8386.19 4450.16 3936.02 1799.11 2651.05 1867.76 860.973 822.667 143.597
internal_count=177261 72791 104470 4864 9389 99606 5568 67150 32456 63402 9590 4410 30411 3149 3821 762 2626 2045 717 365 2167 1146 2697 554 29694 3831 2290 1480 1158 390 66426 8467 1267 235 1261 1777 724 341 9036 3663 1988 864 599 256 1823 1699 778 248 25863 1166 57959 35337 25500 23468 11960 11508 5207 6753 5000 2032 1875 541
is_linear=0
shrinkage=0.03


Tree=5
num_leaves=63
num_cat=0
split_feature=1 8 17 61 1 60 61 17 51 17 1 61 57 52 41 40 61 60 61 0 55 41 24 41 55 41 58 8 25 52 37 2 55 17 53 38 25 23 55 42 46 8 37 55 42 5 61 60 55 48 57 61 19 22 27 17 3 46 40 3 57 46
split_gain=75107.2 3116.76 2342.06 834.677 829.258 362.678 350.05 261.285 253.495 236.036 234.345 262.844 214.345 255.999 237.506 209.558 200.896 185.111 184.216 580.178 167.829 204.08 165.381 154.593 146.988 140.383 151.304 140.049 139.579 139.373 138.598 138.053 160.818 133.642 128.54 127.757 120.539 119.698 118.857 117.953 117.933 117.666 113.201 110.468 177.058 185.027 191.881 109.27 108.482 134.543 125.804 103.416 140.678 99.1387 97.8834 96.7949 94.9547 93.812 137.006 187.036 137.001 156.649
threshold=0.0013875000000000001 371271.23846150009 0.0014325000000000002 0.076279435988900593 0.0024415000000000005 -0.5 0.16288578192842365 0.00069250000000000008 5.6288150000000003 0.0066185000000000003 0.00078450000000000015 0.18436924984152961 0.029471500000000005 11.565000000000003 0.0024075000000000004 18.060000000000006 0.22706275313213803 0.98279651670771939 0.68355163169896505 51.195000000000007 737.01900000000012 0.0059325000000000011 -2.5399010131812303 0.011129500000000002 200.30300000000003 0.018773000000000001 0.32302900000000007 2754218.7387025007 -0.27084999999999992 8.3550000000000022 0.0099420000000000012 -0.12621049999999998 428.03500000000003 0.0066185000000000003 5.955000000000001 1.6104065000000003 2.6846500000000004 -0.14457909924583079 906.69650000000013 -0.18602249999999995 7.0050000000000008 253502.71472300004 0.037998500000000004 130.61150000000004 1.0000000180025095e-35 -0.072949999999999987 -0.50938662908026078 -0.9629878403374984 -77.829999999999998 58650.343029000003 0.10392250000000001 -0.564573334685324 -6.9834999999999984e-05 0.48684450000000007 0.037050000000000007 0.0017565000000000002 0.06587160737081646 26.705000000000002 29.685000000000006 -0.064256594937609282 0.045520500000000005 33.405000000000008
decision_type=2 2 2 2 2 2 2 2 2 2 2 2 2 2 2 2 2 2 2 2 2 2 2 2 2 2 2 2 2 2 2 2 2 2 2 2 2 2 2 2 2 2 2 2 2 2 2 2 2 2 2 2 2 2 2 2 2 2 2 2 2 2
left_child=2 9 5 22 6 7 8 15 12 17 54 39 13 -3 53 -1 30 43 48 25 -6 33 55 24 42 26 -20 -8 -28 -14 -9 32 -24 35 -16 -22 37 -36 -18 40 -12 -19 -13 -2 -45 46 -46 -33 -17 50 -50 -51 -53 -15 -7 -4 -42 58 -54 -60 -59 -62
right_child=1 4 3 -5 20 10 27 16 -10 -11 11 23 29 14 34 18 38 41 19 -21 21 -23 31 -25 -26 -27 28 -29 -30 -31 -32 47 -34 -35 36 -37 -38 -39 -40 -41 56 -43 -44 44 45 -47 -48 -49 49 51 -52 52 57 -55 -56 -57 -58 60 59 -61 61 -63
leaf_value=-0.006975539135135986 -0.032575029386773646 -0.016153122873436072 0.048261529939618797 -0.01875710805466484 -0.027263517616159298 0.070908640669582551 -0.026419000798719249 0.026957636170922398 0.0010653643813635673 -0.035226482557434699 0.065823162742689623 0 0.071523270853152118 -0.0056299227781249697 0.014471975296487916 -0.00025261797155891265 -0.017320742063604417 -0.007717161638089211 -0.025764319108062594 0.071104338911359907 0.001110819491513233 -0.032231235881999588 -0.026714814633663354 -0.0082532295539402209 0.077662558025925352 0.012018485556012449 -0.023338172555794446 0.058864610218070226 0.052294587734728074 -0.018937786177458629 0.074623448567270143 -0.0059863836535180874 0.070540084496855865 -0.031803711149803383 0.011081763032952729 0.093960349195269618 0.0054147145285974689 0.07227749367590601 0.06782661340894143 0.068691923068356517 -0.0060209388814284684 0.056541203119776826 0.067365896626390837 -0.031993322733645919 0.1018158198999746 -0.010265295976434281 -0.0056371358063200348 0.060282443554019363 0.079466032041829365 0.069124494018855884 0.031565818801108335 0 0.083249684847425037 0.05736940811717571 0.066993876336582062 -0.021115598710363601 0.051926157203964554 0.066016779828427394 0 0.051379518771075355 0.070061458461563378 0.050081835499146313
leaf_weight=37.230117067694664 712.00811766088009 54.47268308699131 25.935973078012466 351.22178035974503 435.36491420865059 16067.993433952332 136.64587485790253 116.2632272541523 188.26129867136478 7056.573695525527 92.494515314698219 75.338471904397011 17.907857999205589 83.489969626069069 54.545363590121269 22.092788979411125 77.51848404109478 67.442327067255974 26.307651355862617 705.17386075854301 20.834150463342667 55.046935498714447 41.757416740059853 74.458043470978737 66.968762010335922 227.83972673118114 22.405869573354721 18.700762733817101 328.95520883798599 79.649378508329391 111.2620570063591 22.917784079909325 22.726289480924606 15.926698535680769 32.554209589958191 39.791226774454117 30.813188895583153 421.31777910888195 17.154071629047394 696.63865213096142 58.777211636304855 39.580138221383095 31.306287333369255 266.66981400549412 29.438037872314453 225.1447270065546 28.231078386306763 338.14831636846066 828.51916618645191 2591.1125319004059 56.63449439406395 32.690968841314316 85.222797319293022 29.380521878600121 10453.81871753931 53.999544158577919 42.633676797151566 4389.131978020072 80.969304963946342 300.35082682967186 517.84834122657776 1281.3755221813917
leaf_count=206 5224 324 89 2349 3079 38364 967 476 1014 53929 238 388 57 471 268 104 454 407 149 1748 118 400 244 391 160 1041 129 55 1100 496 294 127 56 119 153 113 152 1198 50 1771 277 139 87 1935 68 1472 181 1067 1767 6558 195 164 195 107 26267 326 131 11709 376 958 1321 3944
internal_value=0.0474883 -0.0255025 0.065821 0.016678 0.0113472 0.0668851 0.0260138 0.0624363 0.0325751 -0.0330063 0.0687886 0.0551872 0.0399044 0.0456535 0.0508792 0.063186 0.0353958 -0.0215192 0.0634164 0.0525793 -0.018284 0.0111782 0.0413468 0.0275028 0.0429689 0.030874 0.0421082 -0.0156498 0.0473339 -0.00147091 0.0506225 0.0487702 0.00765684 0.0427929 0.0591637 0.0630749 0.0640912 0.0679882 -0.00103132 0.0628259 0.041353 0.0160732 0.0203848 -0.0247424 -0.0144978 0.00194794 0.0495029 0.0559884 0.0648026 0.064947 0.0764742 0.063836 0.0617724 0.0108653 0.0693693 0.00134209 0.0183166 0.0620773 0.0485369 0.0405029 0.0630853 0.0558847
internal_weight=50513 10139.8 40373.2 856.707 1714.7 39516.5 1147.74 11856.1 992.392 8425.09 27660.4 1138.62 804.131 706.574 652.101 11533.9 322.198 1368.51 11496.6 1310.68 566.964 131.599 505.485 248.072 173.614 605.508 377.669 155.347 351.361 97.5572 227.525 425.55 64.4837 76.5521 539.231 60.6254 484.685 453.872 94.6726 890.544 193.905 107.022 106.645 1261.49 549.484 282.814 57.6691 361.066 10185.9 10163.9 885.154 9278.7 6687.59 112.87 26521.8 79.9355 101.411 6654.9 466.543 381.32 6188.36 1799.22
internal_count=177716 72446 105270 4258 9091 101012 5262 32938 4240 63355 68074 3443 3226 2673 2349 31664 1274 9426 31458 4167 3829 750 1909 1026 635 2419 1378 1022 1229 553 770 1494 300 350 1771 231 1503 1351 504 2417 646 546 475 8880 3656 1721 249 1194 27291 27187 1962 25225 18667 578 64631 415 408 18503 1529 1334 16974 5265
is_linear=0
shrinkage=0.03


Tree=6
num_leaves=63
num_cat=0
split_feature=1 17 8 8 1 18 60 57 37 44 17 51 18 17 41 17 0 21 22 41 60 55 41 51 8 54 51 37 21 53 37 8 6 42 5 37 55 3 38 56 23 48 45 38 19 55 6 39 43 39 37 43 48 44 45 0 1 59 23 41 43 60
split_gain=67365.5 2985.43 2024.79 747.298 649.193 454.787 419.516 263.642 239.722 223.444 217.668 192.003 183.71 180.625 175.085 172.798 154.152 233.754 150.44 149.816 141.506 138.891 177.69 137.187 134.471 125.555 124.328 123.78 149.906 122.191 121.071 118.62 155.839 117.571 203.889 173.461 170.976 116.557 116.506 116.331 116.173 115.731 109.69 154.272 116.114 110.133 106.057 116.004 103.393 108.901 103.141 102.998 112.117 101.691 100.793 97.8554 138.206 127.651 114.656 97.6895 97.3786 96.7386
threshold=0.0016025000000000002 0.0014325000000000002 362542.73094300006 690683.81587500009 0.0024415000000000005 0.24492100000000003 -0.50938662908026078 0.029471500000000005 0.029984500000000001 -4.1703999532877747 0.0046085000000000006 6.615078500000001 1.2074580000000001 0.0066185000000000003 0.0019965000000000004 0.00085050000000000002 55.035000000000004 0.0016975000000000002 0.011373500000000002 0.011673500000000002 0.98279651670771939 737.01900000000012 0.0059325000000000011 2.9866645000000003 671499.8933905001 88.450000000000017 3.0710995000000003 0.00040550000000000004 0.0020205000000000002 48.055000000000007 0.0040065000000000005 164630.61643400005 43.245000000000012 1.0000000180025095e-35 -0.063449999999999993 0.0074815000000000012 130.61150000000004 0.068910567695647365 2.4786585000000003 -0.00042259499999999995 -0.16172933681684923 567254.47404700017 -0.045149999999999989 0.20398150000000001 -2.0694999999999994e-05 -77.829999999999998 72.995000000000019 -1.1749999999999998e-06 0.15939706178044086 1.5550000000000001e-06 0.007841500000000003 0.0020904186192963604 1120863.462732 3.0570603380254142 3.2146500000000002 47.785000000000004 0.00021250000000000004 -0.0027562099999999998 -0.16172933681684923 0.0063245000000000011 -0.082057954193707275 -0.53729960834682411
decision_type=2 2 2 2 2 2 2 2 2 2 2 2 2 2 2 2 2 2 2 2 2 2 2 2 2 2 2 2 2 2 2 2 2 2 2 2 2 2 2 2 2 2 2 2 2 2 2 2 2 2 2 2 2 2 2 2 2 2 2 2 2 2
left_child=1 5 13 8 7 19 9 10 26 37 11 14 25 20 -4 39 17 -17 -14 24 33 -6 30 29 41 31 -3 54 -29 -5 -23 32 -11 -2 35 36 -35 -7 61 -8 -25 -1 43 -33 48 -46 -30 -48 49 -44 -32 -22 -53 -41 -28 56 -45 -58 -59 -39 -26 -16
right_child=2 3 4 23 21 6 15 -9 -10 12 -12 -13 18 -15 38 16 -18 -19 -20 -21 51 22 -24 40 60 -27 27 28 46 -31 50 42 -34 34 -36 -37 -38 59 -40 53 -42 -43 44 55 45 -47 47 -49 -50 -51 -52 52 -54 -55 -56 -57 57 58 -60 -61 -62 -63
leaf_value=0.053201060560835775 -0.034727876931740786 -0.026591597501105107 -0.0039688675465855668 0.004147559947056444 -0.026344902584458551 -0.0016912347919187287 0.061229843098178756 -0.013417072450558308 0.061119509276180761 0.0093973171966627769 -0.012522499001863212 -0.024829695331277029 0.050921434815140582 -0.034970240700422518 0.029126972827588988 0.0085872527685749763 0.072517571969267669 0.055132603508267569 -0.017893788833209728 -0.014747959926410779 -0.029690850776012773 -0.032301095847610421 -0.032148323135290799 -0.014836548753223692 0.013638645093170717 -0.011950757625326838 0.004820930807757395 -0.028090100600513639 -0.016045752182729505 0.059223135148670183 0.0900853018521246 -0.0077433681257642094 0.05407504849085433 -0.024701282432879095 -0.023848684848877064 -0.030053674595867341 0.082080557273123342 0.014777992830714303 -0.020986469021228651 0.068083868834442715 0.057357623641723851 -0.0084648619419535644 0.053027380565000913 0.005975188564869954 -0.0082446214559277822 0.061866874763793218 0.059929384741302286 0.0051778943422424893 0.068627928455183312 0.0036635889623062609 0.012446615790318926 -0.0014775427400591703 0.079226074192053408 0.063827241500006404 0.094701190945166186 0.060667990400963531 0.0023119674974517697 0.009103387329995485 0.055604790818573169 0.10012457146929442 0.085774820649400563 0.06046097430816464
leaf_weight=42.628861576318741 557.9213969707489 231.53693541884422 63.26390865445137 125.85273785889149 443.8352707773447 85.5002750903368 5540.7411088645458 143.53568188846111 46.124186262488365 100.6915916800499 87.74067610502243 39.824851676821709 62.223755061626434 6886.4093551933765 131.34076111018658 153.01059405505657 176.11410656571388 275.07107627391815 50.63637401163578 67.681340649724007 30.944537401199341 16.977603152394295 56.836289748549461 20.239476352930069 25.413042053580284 21.403633698821068 25.45095694065094 153.60209523141384 89.485062658786774 50.819929704070091 34.380377724766731 35.422833159565926 249.86677746474743 17.703993886709213 420.17155900597572 33.894890040159225 47.009053438901901 27.417649611830711 19.629515543580055 12889.594848439097 339.02422223985195 71.344535276293755 73.054870650172234 69.378816053271294 19.231512159109116 8905.8076186478138 53.69532684981823 100.31706355512142 77.529327780008316 91.505104660987854 29.707905650138855 31.6144068390131 28.038047775626183 9631.5813167542219 20.398927569389343 1136.5480389744043 48.529912814497948 52.649083152413368 854.49940523505211 22.707539603114128 59.447793632745743 330.00988499820232
leaf_count=154 4211 1577 362 629 3192 464 13976 889 164 436 552 262 228 53923 560 653 441 817 289 385 220 123 423 120 112 103 142 1037 577 162 91 163 722 131 3000 245 141 119 118 28873 1086 389 218 312 96 22714 193 566 197 403 159 177 69 23108 32 3028 215 219 2477 41 136 1032
internal_value=0.0450619 0.0612847 -0.027327 0.0156904 0.00599105 0.0626837 0.0629404 0.0232692 -0.00422877 0.0581769 0.0311603 0.0377839 0.0586168 -0.0331105 0.0424578 0.0649287 0.0486569 0.0386245 0.019897 0.0233293 -0.0220926 -0.0181724 0.00791511 0.0424872 0.0364495 0.0589849 -0.00882583 0.000432029 -0.00492898 0.0204031 0.0364191 0.059118 0.0413907 -0.0251319 -0.0147072 0.0237921 0.0524796 0.0193768 0.0486222 0.0652763 0.0531773 0.0146009 0.0596585 0.0534179 0.0611449 0.0617115 0.00961386 0.0247236 0.0399653 0.0259473 0.0553012 0.0135804 0.0366412 0.0662677 0.0466175 0.0544371 0.047447 0.0504169 0.052952 0.0552304 0.0649322 0.0516878
internal_weight=51624.6 42173.8 9450.79 1256.55 1397.08 40917.2 40650.7 815.345 720.611 11984.6 671.81 584.069 11849 8053.71 544.244 28666.1 604.196 428.082 112.86 266.516 1167.3 581.737 137.902 535.936 198.834 11736.1 674.486 442.949 397.1 176.673 81.0659 11714.7 350.558 1076.7 518.779 98.6079 64.713 135.625 480.98 28061.9 359.264 113.973 11364.2 2197.03 9167.13 8925.04 243.497 154.012 242.089 164.56 64.0883 90.597 59.6525 22521.2 45.8499 2161.61 1025.06 955.678 907.148 50.1252 84.8608 461.351
internal_count=177653 107773 69880 6285 7763 101488 100312 3775 4288 32444 2886 2334 31820 62117 2072 67868 1911 1470 517 1176 8194 3988 796 1997 791 31303 4124 2547 2373 791 373 31200 1158 7728 3517 517 272 624 1710 65957 1206 543 30042 6414 23628 22810 1336 759 818 621 250 466 246 51981 174 6251 3223 2911 2696 160 248 1592
is_linear=0
shrinkage=0.03


Tree=7
num_leaves=63
num_cat=0
split_feature=1 18 8 8 18 1 60 1 60 57 41 44 1 61 41 18 37 38 61 56 41 59 37 6 48 6 61 61 57 27 57 4 1 54 3 61 4 41 1 48 24 25 59 47 45 61 1 57 61 37 20 20 38 18 52 3 8 54 54 47 28 59
split_gain=61150.2 2552.31 1643.22 1099.15 540.581 334.831 291.02 282.202 226.641 212.6 222.206 175.523 160.482 182.065 158.582 177.381 151.871 174.37 181.352 193.37 144.561 140.158 139.458 130.597 129.746 125.542 120.348 116.613 116.183 115.989 136.851 114.762 125.727 112.109 109.179 108.392 484.945 179.656 149.004 119.498 107.574 105.549 105.461 104.726 113.571 104.659 134.426 219.932 177.535 115.426 101.742 107.882 102.731 99.9368 99.6888 113.809 99.3546 99.1369 97.4308 93.599 137.025 145.407
threshold=0.0016615000000000002 1.2074580000000001 451215.64215250005 534522.31586600014 0.24492100000000003 0.0025245000000000003 -0.5 0.0031005000000000004 0.98658463173998445 0.029471500000000005 0.0023425000000000004 -4.1703999532877747 0.00066450000000000005 0.11969653353600802 0.0030705000000000003 1.6500090000000003 0.024280000000000003 1.9724815000000002 -0.60003553868615123 -0.024669054999999999 0.011673500000000002 -1.7564999999999995e-05 0.0036265000000000004 10.995000000000003 567254.47404700017 17.935000000000006 -0.010907442517280496 -0.87137607974597309 0.043330500000000008 -0.33024999999999993 0.016220500000000002 0.018764671361502349 0.00078450000000000015 88.450000000000017 0.068910567695647365 0.68355163169896505 -1.0000000180025095e-35 0.018773000000000001 0.00019450000000000004 58650.343029000003 8.1096261515929964 0.4290500000000001 -0.00035205499999999994 2.5929500000000005 24.617400000000004 -0.564573334685324 0.00045650000000000004 0.0009720000000000001 0.18436924984152961 0.035676500000000007 34.045000000000009 47.775000000000013 0.61954850000000017 1.6254020000000002 61.455000000000005 -0.0046926240403767734 5721257.9852975002 39.32500000000001 16.365000000000006 2.5193500000000006 392156.12430400006 1.9355000000000004e-05
decision_type=2 2 2 2 2 2 2 2 2 2 2 2 2 2 2 2 2 2 2 2 2 2 2 2 2 2 2 2 2 2 2 2 2 2 2 2 2 2 2 2 2 2 2 2 2 2 2 2 2 2 2 2 2 2 2 2 2 2 2 2 2 2
left_child=1 4 7 12 20 9 11 8 26 10 -4 34 22 29 -12 -16 17 18 25 -20 24 42 -3 58 -1 -5 53 28 -11 -14 -31 32 -8 35 -6 39 37 38 -37 -13 45 -21 -10 44 -33 -41 -47 49 50 -48 57 -52 -53 -2 55 -26 -34 -49 -19 60 61 -54
right_child=2 3 5 16 6 -7 31 -9 21 27 14 33 13 -15 15 -17 -18 23 19 41 -22 -23 -24 -25 54 -27 -28 -29 -30 30 -32 43 56 -35 -36 36 -38 -39 -40 40 -42 -43 -44 -45 -46 46 47 48 -50 -51 51 52 59 -55 -56 -57 -58 -59 -60 -61 -62 -63
leaf_value=0.064333843692430448 0.013186766036941694 0.0018077806404140681 -0.017827990729482865 0.0085992853642388716 -0.0010769339645845183 -0.015085682254831057 0.059629206283728073 -0.034427812102683177 -0.0031634697922843531 -0.014276907658625927 0.071447219698954428 0.067335555154427407 0.044345338003586102 -0.020743425741206741 0.043570409547738144 -0.0010285906810656655 0.079133333297019978 -0.0036022916772563158 0.070726708294448146 0.0030880751412109063 -0.019492296760826817 -0.017356208080077477 0.070119333921807039 0.0090327392778100091 0.0063316607218957587 0.071059526494155298 -0.030493452983063971 -0.032558350502024602 0.092109244306682964 -0.017057476016191994 0.047624983468495127 0.064541344042168214 0.038609447663600228 -0.011509961182173832 0.053475861726892615 -0.0022708741290260221 0.062253137410640515 0.0023392348455844431 0.048032783117290097 0.061389595206661263 0.025235050344272893 0.045604479764524378 0.083912108920337611 0.058170878154973023 0 0.057239706527142782 -0.013604507882902741 -0.0036204954005902745 0.030567177063844816 0.077016285886829114 0.068978008493408738 0.025055530362478699 0.049424853508903722 -0.019150119068476294 -0.028939228829809274 0.075996850457751411 0.078575511275930307 0.060491489537521377 0.070060553515700633 0.065907866090831616 0.067069747397933019 0.015564386751125743
leaf_weight=65.372728139162064 121.79293213784695 69.367183119058609 74.108181655406952 33.81606987118721 80.300309017300606 344.54088306427002 13524.507562682033 7031.9649398699403 17.378804638981819 20.519397467374802 98.742473244667053 977.66473966836929 68.887364357709885 441.66015256941319 228.04170228540897 121.491379737854 96.663122564554214 20.237613335251808 85.003058597445488 155.69263158738613 71.215092226862907 37.79346264898777 43.986231043934822 233.90834064781666 69.519808053970337 283.05727289617062 622.02923326194286 87.155057668685913 14.946926578879355 124.50701960921288 37.416685745120049 11423.36171592772 444.77939918637276 21.117743894457817 53.823625415563583 63.952887997031212 823.53300312161446 195.87165831029415 277.49241191148758 2814.3659688383341 106.93605624139309 79.799279570579529 37.984244540333748 3403.9612948149443 23.742091283202171 4761.9968281537294 74.015151619911194 53.618778094649315 364.13915202021599 14.200443819165228 424.95942090451717 130.41477306187153 377.15251736342907 281.2037029415369 36.350795015692711 30.162184745073318 66.791243135929108 34.471722334623337 65.314246162772179 403.81955400109291 231.73891280591488 169.47803083062172
leaf_count=193 659 323 456 151 435 2345 31590 56220 105 130 247 2059 269 3022 808 666 213 99 235 787 421 242 115 1072 330 702 4716 598 41 750 142 24900 1378 102 167 298 1965 910 876 6709 360 275 90 8202 93 12157 345 236 1238 26 960 446 1037 1957 215 81 130 88 171 944 537 621
internal_value=0.042767 0.0576025 -0.0277631 0.0229758 0.0591316 0.00871183 0.0594097 -0.0321958 -0.0181146 0.0214738 0.0298266 0.0555229 -0.00384169 -0.00945007 0.0377937 0.0280243 0.0429928 0.0392316 0.0483354 0.0320733 0.0167977 0.026337 0.0289595 0.0208805 0.0298107 0.0645363 -0.0222054 -0.0138209 0.0310322 0.0120268 -0.0017262 0.0610825 0.0590659 0.0558964 0.0208267 0.0560155 0.0477656 0.0254307 0.0385442 0.0570346 0.056014 0.017754 0.0564751 0.0629822 0.0644051 0.0563423 0.0543119 0.048156 0.0500266 0.0013466 0.0538726 0.0554818 0.0510403 -0.00929461 0.0126527 0.0282547 0.0440291 0.0215286 0.0524484 0.0538579 0.0474913 0.0390291
internal_weight=52593.8 43454.1 9139.69 1839.32 41614.8 989.546 41342.2 8150.15 1118.18 645.005 522.384 12455.1 785.825 672.471 448.276 349.533 1053.49 956.829 637.368 320.495 272.621 93.1565 113.353 319.46 201.406 316.873 1025.03 122.621 35.4663 230.811 161.924 28887.1 14036.1 12320.9 134.124 12299.8 1360.85 537.317 341.445 10939 9961.31 235.492 55.363 14851.1 11447.1 9854.37 7040.01 2278.01 2189.79 88.2156 1825.65 1737.56 1312.6 402.997 136.033 99.682 511.571 88.0905 85.5519 1182.19 778.369 546.631
internal_count=177655 108375 69280 8326 100049 5291 98809 63989 7769 2946 2177 32516 4621 4183 1721 1474 3705 3492 2150 1297 1240 437 438 1342 819 853 7332 769 171 1161 892 66293 33098 31914 602 31812 4049 2084 1174 27763 25704 1062 195 33195 24993 25344 18635 6478 6107 371 4869 4545 3585 2616 626 411 1508 324 270 3139 2195 1658
is_linear=0
shrinkage=0.03


Tree=8
num_leaves=63
num_cat=0
split_feature=1 17 17 61 61 18 18 21 37 17 61 48 24 8 17 4 24 17 17 41 23 45 41 3 4 8 1 61 45 45 47 43 38 53 28 40 2 25 21 2 41 56 8 57 43 61 21 38 28 43 17 56 56 43 59 52 4 38 45 19 43 48
split_gain=55013.7 2551.89 1903.57 859.241 673.66 484.416 419.861 276.935 470.935 209.149 317.051 189.696 191.653 165.667 159.866 152.649 146.205 231.236 175.533 140.189 145.208 136.496 127.068 122.561 121.927 130.577 123.486 325.432 132.16 116.621 156.035 116.603 142.587 111.788 111.685 109.526 124.104 117.848 108.187 107.633 104.583 104.102 103.547 103.212 102.881 102.05 141.091 268.322 303.218 101.727 99.6055 182.982 96.6713 97.3922 92.5944 111.193 102.07 91.9038 210.901 89.2149 88.9688 87.6963
threshold=0.0016025000000000002 0.0014325000000000002 0.0046085000000000006 0.098011308799811445 0.010907442517280267 0.14085650000000002 0.24492100000000003 0.0023815000000000004 0.015048500000000001 0.00085050000000000002 -0.40274668985873718 1261282.0949875002 2.4433327982492172 140183.38908350005 0.0066185000000000003 -0.16516932512037011 -1.0373516803314999 0.0019015000000000002 0.0017565000000000002 0.0023425000000000004 0.24546748271203578 -3.6245499999999997 0.011673500000000002 0.22863538256379701 0.018764671361502349 451215.64215250005 0.00045650000000000004 -0.29026740676763257 -6.7625499999999992 -0.48359999999999997 1.7321000000000002 -0.090475042668782604 2.1605885000000007 80.770000000000024 832683.46789600013 42.525000000000013 0.27239450000000004 -0.044549999999999992 0.0016585000000000003 -0.16193849999999996 0.0019965000000000004 -0.00068747499999999989 1661168.9166355003 0.022288500000000003 -0.15367588759742945 -0.50938662908026078 0.0025335000000000006 1.2697965000000002 1631273.7643190003 0.054651065913828227 0.0063605000000000007 0.021842840000000006 0.021842840000000006 -0.0040033868869733319 -8.1324999999999998e-05 50.105000000000011 -0.446138938580799 2.0795990000000004 11.981050000000002 7.7750000000000009e-06 -0.29802736565936094 491933.43467450008
decision_type=2 2 2 2 2 2 2 2 2 2 2 2 2 2 2 2 2 2 2 2 2 2 2 2 2 2 2 2 2 2 2 2 2 2 2 2 2 2 2 2 2 2 2 2 2 2 2 2 2 2 2 2 2 2 2 2 2 2 2 2 2 2
left_child=1 6 4 16 5 -2 22 29 19 13 34 12 -12 15 45 -8 18 52 -3 -9 21 -21 31 -6 25 33 28 -28 -26 30 -7 -1 49 61 -11 36 -27 60 -20 -36 -19 -17 43 -29 -10 46 -4 -48 -49 -33 -47 -52 -18 -54 55 56 -46 59 -59 -42 -38 -15
right_child=2 3 14 -5 23 7 9 8 44 10 11 -13 -14 24 -16 41 17 40 38 20 -22 -23 -24 -25 26 35 27 42 -30 -31 -32 32 -34 -35 39 -37 37 -39 -40 -41 57 -43 -44 -45 54 50 47 48 -50 -51 51 -53 53 -55 -56 -57 -58 58 -60 -61 -62 -63
leaf_value=-0.01112789730152852 -0.033951490081219719 0.053083343360895645 -0.032133455850487005 -0.020107671297302832 -0.026885628026194614 0.077888311649145558 0.020362009524832067 0.003049849635472559 0.04462779975478625 0.075169133974246044 0.0046264745344835748 -0.0046325328710553476 0.055682502521265817 0.050432559729966138 -0.034346536119788329 -0.0027179690030128801 -0.0059841765541954984 -0.0078222445435763843 -0.027798268033470682 -0.0062974089065828938 -0.025361290791505436 0.067346186439034506 -0.017915208298565598 0.037556496667351787 0.030960591930108028 0.05130142480620771 0.057561414973413945 0.017171892900282322 0.059658482166820952 -0.016739196657349579 0 0.069962370356239728 -0.01429388653000143 -0.013492742155244321 -0.0072290515567728208 0.056440415713720611 0.056378805484934763 0.046141307129154048 0.026447573449625086 0.051780220493468476 0.072185548710429426 0.053960355754853299 0.049733917228755933 0.042920394524666367 0.071064339857482048 -0.03381080236283663 0.11906875314342542 -0.022850547507885312 0.088639454978100093 8.6911492061661309e-05 -0.020945793233013019 0.096633433977276265 0.0011493111576482025 0.079529937767923498 -0.032877870492516725 -0.030715552602595658 -0.023064884651325186 -0.0099255177684644518 0.07680997344425039 0.028816452830610947 -0.018452857469447824 0.030503117432583021
leaf_weight=46.7519591152668 143.30114739388227 56.745139136910439 95.320009544491768 466.08877689391375 530.20254909992218 32.051630973815918 218.49987037479877 46.420700028538704 33.66674979031086 208.44539795815945 106.55752736330032 148.45989561080933 180.50893746316433 1801.7872725427151 6806.3853464648128 29.841312021017075 116.3535286039114 24.345895275473595 93.454575166106224 23.224254921078682 16.607081353664398 355.38947038352489 65.693146467208862 26.730344116687775 153.53197495639324 2146.4855692535639 4255.6300106942654 294.832863509655 15779.729575738311 159.21091698110104 79.258466556668282 99.184559717774391 30.851353138685226 25.68153814971447 30.403814628720284 15662.374472469091 17.316232919692993 104.11379000544548 49.569262251257896 228.43180064857006 228.68383106589317 489.75035347044468 423.94624672830105 280.10847093164921 31.465668141841888 367.25403744727373 18.191921934485435 109.74147944152355 26.378622606396675 24.132323756814003 49.878136023879051 14.511783875524996 29.240311205387115 28.483625128865242 89.041127428412437 31.354971766471863 14.045303672552107 54.817013099789619 44.646576821804047 57.86881160736084 63.811732277274132 239.01073710620403
leaf_count=246 1117 171 710 3250 3959 89 782 243 127 410 499 726 514 4529 55810 129 553 137 592 133 107 939 389 134 462 5449 9770 1043 34625 1002 425 260 173 109 138 36203 40 285 204 620 562 1186 1098 781 89 2814 27 776 88 118 359 48 126 48 602 206 93 293 97 232 296 781
internal_value=0.0406083 0.0543788 -0.0265866 0.0120854 0.00296742 0.0170701 0.0556031 0.0251506 0.0358759 0.0558368 0.0413129 0.0227068 0.0369168 0.0561474 -0.0329527 0.041763 0.0312585 0.0388382 0.0088513 0.0531288 0.0589126 0.0627452 0.0178237 -0.0236771 0.056403 0.0546753 0.0580348 0.0539218 0.0593858 -0.000199674 0.0231287 0.0296883 0.0422513 0.0473428 0.0585051 0.0555131 0.0492496 0.025165 -0.00873633 0.0447322 0.051123 0.0506486 0.0383438 0.0298213 -0.00222824 -0.0189532 -0.00352554 0.0140458 -0.000537319 0.0566402 -0.0277773 0.00616722 0.00958046 0.0410324 -0.0121267 0.0116396 0.0414984 0.0549288 0.0290862 0.0636622 -0.00162325 0.0481293
internal_weight=53505.8 44406.2 9099.63 1250.3 1611.97 1055.04 43155.9 911.736 641.215 42889.3 902.807 435.526 287.066 41986.5 7487.66 738.092 784.209 584.44 199.769 441.642 395.221 378.614 266.613 556.933 41248.4 20060.6 21187.8 5254.52 15933.3 270.521 111.31 200.92 154.168 2066.48 467.281 17994.1 2331.73 185.242 143.024 258.836 410.362 519.592 998.888 574.941 199.574 681.276 249.632 154.312 136.12 123.317 431.644 64.3899 174.077 57.7239 165.907 76.8659 45.511 386.016 99.4636 286.553 81.128 2040.8
internal_count=177823 107926 69897 6265 9265 5172 101661 4055 2539 100475 2907 1739 1013 97568 60632 2097 3015 2048 967 1422 1179 1072 1186 4093 95471 47692 47779 12692 35087 1516 514 797 551 5419 1168 42273 6070 621 796 758 1321 1315 2922 1824 1117 4822 1601 891 864 378 3221 407 727 174 990 388 182 1184 390 794 336 5310
is_linear=0
shrinkage=0.03


Tree=9
num_leaves=63
num_cat=0
split_feature=17 19 17 17 61 61 55 58 60 37 57 45 51 60 48 56 44 25 60 58 38 23 42 19 25 39 28 41 39 46 3 55 48 46 55 59 61 17 47 20 44 36 52 22 61 0 4 48 19 61 48 47 37 60 20 3 47 43 40 48 43 45
split_gain=50159.8 2108.64 1539.73 935.438 863.467 579.189 348.526 282.494 277.34 256.082 331.863 245.749 241.729 213.899 180.788 164.812 168.534 151.683 211.11 149.727 149.238 139.401 139.356 139.331 138.749 137.195 135.353 127.946 116.958 116.114 122.357 119.477 116.107 128.033 114.221 118.192 121.209 108.955 102.737 101.364 101.146 135.24 108.251 93.892 92.7297 104.215 92.7292 88.9264 88.5825 87.196 86.032 83.4997 89.517 83.0115 154.275 100.156 83.2901 108.654 95.9102 119.395 112.004 114.112
threshold=0.0025405000000000007 -0.0010801049999999998 0.0066185000000000003 0.0010525000000000003 0.15212338618991639 0.14132478920498384 97.44250000000001 1.8631255000000002 -0.5 0.007841500000000003 0.0035330000000000001 -1.9828999999999997 6.4409490000000007 0.96863394805116498 9756839.8095625024 -0.0048646249999999992 -3.6998536250225214 4.2030000000000012 -0.89194178735545504 1.2980880000000001 1.2865795000000002 -0.10240369284029353 -0.70027549999999994 -5.4794999999999993e-05 -1.2488499999999998 0.00051595000000000015 107408.43586950001 0.024977500000000003 1.3155e-05 26.705000000000002 -0.064256594937609282 -77.829999999999998 1261282.0949875002 67.115000000000023 -36.309499999999993 -0.00014827499999999999 0.60003553868615123 0.0012915000000000003 3.1703500000000004 31.085000000000004 -8.5738517359547508 0.00017264500000000003 14.305000000000001 0.56567450000000019 -0.96863394805116465 55.655000000000008 0.018764671361502349 1179207.9650475003 -1.6249999999999999e-06 -0.054511258297739423 1490692.8556690002 4.3295500000000011 0.00023650000000000003 -0.22706275313213778 70.845000000000013 -0.41101515974737624 0.91480000000000017 -0.16605425167377943 59.095000000000006 46331.767791000006 0.01455040698835657 19.632150000000006
decision_type=2 2 2 2 2 2 2 2 2 2 2 2 2 2 2 2 2 2 2 2 2 2 2 2 2 2 2 2 2 2 2 2 2 2 2 2 2 2 2 2 2 2 2 2 2 2 2 2 2 2 2 2 2 2 2 2 2 2 2 2 2 2
left_child=1 -1 5 8 17 6 13 9 11 10 -8 22 32 -2 44 16 40 18 -5 -20 -15 48 -3 -13 -22 43 27 49 -21 30 -25 -31 33 -12 -32 36 -36 47 50 -28 42 -42 -10 -11 45 -9 53 -6 -18 -24 -30 52 -23 54 56 -55 57 -17 -59 60 61 -60
right_child=2 3 -4 4 37 -7 7 14 15 25 12 23 -14 20 -16 46 21 -19 19 28 24 51 26 29 -26 -27 39 -29 38 31 34 -33 -34 -35 35 -37 -38 -39 -40 -41 41 -43 -44 -45 -46 -47 -48 -49 -50 -51 -52 -53 -54 55 -56 -57 -58 58 59 -61 -62 -63
leaf_value=-0.02873143648934785 -0.022466262275752536 -0.00852250008091761 -0.034184951901109983 -0.00067520123730163424 0.029642377971248093 -0.024312408475847268 -0.034262793988520793 0.061860733714786093 0.10037246660605974 -0.022445637186788051 -0.027020737815915626 0.017300625611687836 -0.016248098178258424 0.079245832147336784 0.096613100972461952 -0.015412687798180464 0.009651764850197973 0.070050965251030647 -0.0002738754132781003 0.056979007443084671 0.071110399178381287 0.025077391289728811 0.043606153288150658 0.017252640806749573 -0.019918564293331217 0.06507074936747731 -0.0081354517780737896 0.048845680930605949 0.015477913876160661 -0.0070898407922395162 0.068106220562277733 0.051349396486720024 0.082690172873719547 0.076674535920854034 0.066067187796133853 0.020359647853798377 0 -0.018700583554364832 0.0084870386827317224 0.046852976395637617 0.0039294239849327868 0.045729057543822844 0.027231730437187362 0.02674448170651772 -0.018659276515297186 -0.032264894739920412 0.057040054175700357 -0.024701417956231847 0.042930733939510121 -0.030483723417573837 0.056494849833133264 0.028356928780706208 0.054791521118069869 -0.010937090549114233 0.013019792463294043 0.054419177232526435 0.056874918951036732 0.058716341592191329 -0.010973006185200741 0.023516658014218948 0.073628165588307606 0.08125042833482643
leaf_weight=291.41367264837027 361.00413639098406 69.276187777519226 6648.7118500694633 110.90447281301022 94.657304540276527 775.85704248398542 34.519909366965294 28.89636105298996 32.825389638543129 97.706330686807632 20.12392646074295 119.2191660925746 29.683256044983864 31.422265350818634 14.219337582588194 27.321903988718987 113.38013616204262 158.75694078207016 64.827718138694763 442.76632495224476 19.016606286168098 100.87857714295387 17.116947695612907 188.0475725159049 59.70027332752943 29.119049146771431 31.071081675589085 43.498349718749523 68.945464476943016 30.438814967870712 151.65243443101645 11610.385786898434 198.98438572883606 20.41764909029007 144.03682860732079 198.44039366394281 30.183299034833908 280.73174452036619 108.28599816560745 447.47056470811367 178.65325218439102 115.3174469396472 45.130083739757538 52.772472091019154 199.90497467666864 15.148845180869101 13940.428027279675 36.383141055703163 213.35660730302334 64.195857368409634 160.02526966482401 130.77297703921795 2694.0152208805084 20.068656921386719 116.86408065259457 11629.43283239007 711.24727083742619 267.51210632920265 35.655050098896027 286.48590922355652 108.48049861192703 16.803839534521103
leaf_count=2221 2466 349 55888 570 362 5848 249 86 36 622 134 482 197 79 27 118 409 344 310 1153 54 311 57 690 381 80 141 122 285 140 321 28070 455 56 304 670 124 1917 433 1265 712 314 147 255 1286 107 29223 220 569 340 432 386 6226 97 383 25715 1532 557 141 871 181 23
internal_value=0.0390438 0.0515627 -0.0272581 0.0520788 0.0289165 -0.00407712 0.00885423 0.021677 0.0528822 0.0351933 0.0519563 0.0491893 0.0632088 -0.0112661 -0.00354974 0.0544564 0.0483207 0.0426263 0.037971 0.0430745 0.0250466 0.0505262 0.0313206 0.0501479 0.00231227 0.00654747 0.0359515 0.00775885 0.0467113 0.0504611 0.0383965 0.0511934 0.0732068 0.025069 0.0458754 0.0365904 0.0546846 -0.00813149 0.033014 0.0432106 0.02887 0.0205275 0.0592909 -0.00493409 -0.00988108 0.0288237 0.0552723 0.0142539 0.0315389 -0.0141825 0.0443957 0.0526249 0.0537391 0.0534017 0.0466656 0.0543031 0.0493394 0.0420115 0.0442664 0.0354483 0.056226 0.0189745
internal_weight=54384.6 45747.4 8637.21 45455.9 1526.28 1988.5 1212.64 741.496 43929.7 483.327 303.729 13145 269.209 471.143 258.17 30784.6 3624.33 1114.51 955.755 844.851 110.139 3252.4 672.629 12472.4 78.7169 179.598 603.353 124.811 780.023 12353.2 712.361 11640.8 239.526 40.5416 524.313 372.661 174.22 411.772 337.257 478.542 371.926 293.971 77.9555 150.479 243.95 44.0452 27160.3 131.04 326.737 81.3128 228.971 2925.67 2794.89 13219.9 1570.37 11649.5 1453.51 742.259 714.937 447.425 160.939 52.4589
internal_count=177543 109273 68270 107052 6026 12382 6534 3554 101026 2048 1091 33075 842 2980 1506 67951 9110 3527 3183 2613 514 7901 2274 30801 435 957 1925 519 2303 30319 2109 28210 645 190 1419 1098 428 2499 1150 1406 1209 1026 183 877 1479 193 58841 582 978 397 717 6923 6537 29618 3806 25812 3423 1891 1773 1216 345 164
is_linear=0
shrinkage=0.03


Tree=10
num_leaves=63
num_cat=0
split_feature=1 17 8 61 1 18 60 57 17 40 17 60 61 21 17 45 47 61 0 40 56 43 44 37 21 21 45 18 41 25 48 8 47 61 42 47 61 46 52 43 39 46 42 45 61 56 25 37 38 1 52 41 46 0 46 37 17 22 61 25 22 48
split_gain=46770.7 1977.92 1681.45 816.7 466.244 327.03 249.806 217.06 201.398 199.65 184.783 173.518 163.237 148.7 141.61 149.918 130.452 125.122 372.712 146.241 117.721 117.091 117.045 116.57 114.38 112.911 112.878 112.543 108.973 105.62 124.139 103.972 101.216 100.16 98.5652 107.432 96.7271 167.697 129.162 123.637 102.976 96.8721 95.3795 167.19 246.608 95.118 99.5406 95.0516 113.232 123.984 110.987 94.8826 100.161 92.8009 92.3431 91.3949 160.447 143.317 112.605 95.8696 90.9363 90.3874
threshold=0.0016025000000000002 0.0014325000000000002 371271.23846150009 0.15212338618991639 0.0024415000000000005 0.24492100000000003 -0.5 0.029471500000000005 0.0066185000000000003 35.735000000000007 0.00069250000000000008 0.98279651670771939 0.20576496797711544 0.0023115000000000006 0.0025405000000000007 -0.18699999999999997 -1.5806999999999998 0.68355163169896505 51.32500000000001 18.060000000000006 0.033741560000000004 -0.030632407881238905 -2.8927781472613083 0.058989000000000007 0.0093385000000000013 0.0057205000000000008 -7.8330499999999992 0.78558600000000012 0.011673500000000002 -0.22144999999999998 180354.68233650003 156100.88988700003 0.10350000000000002 -0.95688340256707749 -0.38497799999999993 0.4048500000000001 -0.52803643325367233 26.705000000000002 5.8950000000000005 1.0000000180025095e-35 -9.0654999999999992e-05 33.385000000000012 1.0000000180025095e-35 -0.22569999999999998 -0.58244304235731414 -8.8674999999999987e-05 -0.020449999999999999 0.00092750000000000005 0.62883300000000009 0.00055250000000000015 60.815000000000005 0.0023425000000000004 66.545000000000016 45.225000000000001 32.555000000000007 0.00050050000000000019 0.0019015000000000002 0.096418000000000018 -0.60003553868615123 -0.32359999999999994 0.052568000000000011 567254.47404700017
decision_type=2 2 2 2 2 2 2 2 2 2 2 2 2 2 2 2 2 2 2 2 2 2 2 2 2 2 2 2 2 2 2 2 2 2 2 2 2 2 2 2 2 2 2 2 2 2 2 2 2 2 2 2 2 2 2 2 2 2 2 2 2 2
left_child=1 5 8 14 7 28 10 9 11 -4 17 42 25 22 55 -16 -5 19 23 -7 -14 53 -11 29 -17 26 -12 -8 61 -19 45 -13 -21 -24 -32 -36 39 40 41 -34 -38 -39 -2 44 -44 -31 -47 48 49 -40 -50 -23 60 -15 -51 58 59 -58 -3 -57 -53 -1
right_child=2 3 4 16 -6 6 27 -9 -10 13 12 31 20 21 15 24 -18 18 -20 32 -22 51 33 -25 -26 -27 -28 -29 -30 30 34 -33 36 -35 35 -37 37 38 47 -41 -42 -43 43 -45 -46 46 -48 -49 50 54 -52 52 -54 -55 -56 56 57 -59 -60 -61 -62 -63
leaf_value=0.05650227519708944 -0.032848374773567147 0.077520510139744536 -0.0071716916202985617 0.083239627576488437 -0.017409950267347558 -0.012474312169810469 0.052356172960759784 -0.015996051054166929 -0.034212318245001469 0.062108830722850478 0.081609971533095405 -0.029273038832415665 -0.032263859957998998 0.011713596352210946 0.044996235299111113 -0.018789251866354207 -0.023747155044575991 -0.015679867169870486 0.053189409403097264 0.053212262398235691 0.031490624528197578 -0.020395817768922887 0.042087085366471849 -0.018433097554411814 0.05510157138150603 0.056560493907501917 0.005935696160607155 0.044517471621106329 -0.014926274343179865 -0.034101761020688334 0 0.03776375161228842 0.059096969630085899 -0.026138333779107941 0.062604142282960004 0.025024104044619404 -0.038024099964588574 0.054360514727892578 0.053865338183641913 0.046320128520526957 0.026039635514411425 0.0092112568468256835 0.090791635361953629 -0.020626155570585416 -0.032737275040858646 -0.011564362398094368 0.034081285486092718 0.044034086485270511 0.080881461349296219 0.06704860730573052 0.03885456366088607 0.033238780474579253 0.051967550558232718 0.077145395307869333 0.010312275020157686 0.044135584308879192 0.016580817826517918 0.061398327501071479 0.0032139072712608569 -3.7296926428508225e-05 -0.024642494897376521 0.014045493197756503
leaf_weight=68.260164499282837 529.52188753336668 87.059993490576744 134.78675535321236 9.4362296462059003 540.82419917732477 34.005782827734947 29594.448237627745 135.72582908719778 6259.256075501442 24.664332501590252 20.257291942834854 28.378073297441006 61.323111042380333 25.543643333017826 68.732436619699001 129.96075070649385 422.96768849343061 47.907719492912292 788.77727170288563 3464.7223538309336 43.585704520344734 28.109744727611542 24.448998600244522 55.295386269688606 20.92004057765007 144.92966841161251 115.68098711967468 1851.0212064236403 68.418205462396145 31.921191215515137 44.490623727440834 68.565986953675747 1163.0844735950232 78.256346859037876 178.4716424793005 119.49960818886757 24.020696476101875 59.912155002355576 654.50886484980583 1862.7679087221622 211.97614501416683 153.16474814713001 30.327701725065708 440.69035724550486 25.948787219822407 59.294609770178795 144.24614192545414 3481.6532061696053 230.71358887851238 32.875187084078789 83.070899695158005 70.53030339628458 152.88287492096424 109.36493530869484 118.85667958855629 59.034453943371773 101.79601335525513 188.34924341738224 24.379184573888779 162.73994109034538 35.667296580970287 140.54341825842857
leaf_count=185 4284 146 747 39 3871 186 62917 870 54088 69 33 201 376 105 233 806 3091 237 1734 7683 160 178 89 284 65 337 488 4629 393 165 192 269 2365 491 410 403 124 134 1445 4461 683 534 55 3293 208 275 470 8737 351 61 217 261 448 238 412 179 420 456 103 730 215 602
internal_value=0.0371895 0.0491761 -0.026456 0.0122905 0.00416482 0.050217 0.0504181 0.018435 -0.032104 0.0253218 0.0469495 -0.0203107 0.0262024 0.0333456 0.0294875 0.00854378 -0.0211565 0.0475587 0.0391259 0.0486235 -0.00544575 0.0419105 0.0046228 0.0227415 -0.00805122 0.0381074 0.0179452 0.0518971 0.0174869 0.026451 0.0300163 0.0177355 0.0488072 -0.00935877 0.0415677 0.0477673 0.0469074 0.0442847 0.0455009 0.0512591 0.0192595 0.0222409 -0.0239468 -0.014355 0.0337322 0.0129841 0.0206458 0.0465663 0.0543648 0.0481597 0.0700094 0.0306992 0.0364154 0.0651546 0.0231601 0.0367925 0.0312012 0.0458883 0.0617047 0.0117318 0.0134705 0.0282712
internal_weight=55172.6 46429.1 8743.49 1275.38 1360.81 45153.7 44876.5 819.981 7382.69 684.255 13431 1123.43 385.777 549.468 842.972 219.613 432.404 13045.2 1469.9 11575.3 104.909 422.099 127.37 681.127 150.881 280.868 135.938 31445.5 277.222 625.832 577.924 96.9441 11541.3 102.705 342.462 297.971 8076.6 5050.75 4814.76 3025.85 235.997 213.077 1026.49 496.967 56.2765 235.462 203.541 4601.68 1120.03 806.241 313.784 287.19 259.08 134.909 151.732 623.359 511.92 290.145 111.439 221.774 106.198 208.804
internal_count=177931 107951 69980 6268 7582 101683 100503 3711 62398 2841 32957 8310 1394 2094 3138 1104 3130 31563 4170 27393 536 1445 649 2436 871 858 521 67546 1180 2152 1915 470 27207 580 1005 813 19524 12698 11891 6826 807 668 7840 3556 263 910 745 11223 2486 1918 568 1102 924 343 473 2034 1785 876 249 909 476 787
is_linear=0
shrinkage=0.03


Tree=11
num_leaves=63
num_cat=0
split_feature=1 17 8 61 18 1 60 21 37 17 60 60 44 54 17 58 61 61 42 45 61 17 41 25 55 41 41 37 41 3 44 18 55 45 58 26 8 47 43 46 17 46 3 40 40 39 60 46 26 45 21 4 8 2 58 28 53 41 17 4 60 56
split_gain=42967.5 2250.04 1205.29 836.589 394.406 391.839 293.927 160.957 231.56 139.788 139.114 138.384 134.398 125.913 122.878 197.114 127.369 113.254 131.584 214.283 112.66 175.133 207.234 111.959 111.469 132.747 110.512 108.235 105.297 102.269 101.68 100.178 100.159 98.3067 96.9442 146.348 109.101 96.4463 94.0702 100.773 92.9549 89.634 128.239 114.976 89.8575 130.149 89.1888 87.9334 110.409 86.1858 85.6232 85.2389 105.08 91.3009 88.6878 85.3275 84.2026 102.159 80.128 137.993 141.036 205.291
threshold=0.0017815000000000003 0.0014325000000000002 371271.23846150009 0.15212338618991639 0.24492100000000003 0.0025245000000000003 -0.5 0.0024525000000000003 0.015048500000000001 0.0066185000000000003 -0.9629878403374984 -0.53729960834682411 -4.1703999532877747 88.450000000000017 0.0025405000000000007 1.8977470000000003 -0.91080963307804841 0.010907442517280267 1.0000000180025095e-35 -0.22569999999999998 -0.60003553868615123 0.00064150000000000003 0.013242500000000003 3.7209000000000008 737.01900000000012 0.0059325000000000011 0.0024075000000000004 0.014479000000000001 0.012462000000000003 0.068910567695647365 9.3266461666828118 0.10271350000000001 -77.829999999999998 -0.82779999999999987 1.5509400000000002 1.7850000000000004 1197627.2209930003 -1.5806999999999998 -0.090475042668782604 74.065000000000012 0.0066185000000000003 26.705000000000002 -0.066555956618372006 36.975000000000001 40.015000000000008 5.0145000000000009e-05 0.98279651670771939 61.265000000000008 1.7850000000000004 -3.8816999999999995 0.022368500000000003 0.037625981730542359 156100.88988700003 0.35727450000000005 5.5593255000000008 4844428.062008501 21.155000000000005 0.026411000000000004 0.00015550000000000001 0.62760931276544252 -0.72982064943493963 0.11573081500000001
decision_type=2 2 2 2 2 2 2 2 2 2 2 2 2 2 2 2 2 2 2 2 2 2 2 2 2 2 2 2 2 2 2 2 2 2 2 2 2 2 2 2 2 2 2 2 2 2 2 2 2 2 2 2 2 2 2 2 2 2 2 2 2 2
left_child=1 4 9 10 28 7 12 49 11 17 23 27 29 20 34 16 -16 18 -2 -20 -14 30 -23 -3 -7 40 -13 -9 31 -6 32 -1 -22 -28 35 -12 -37 -5 -33 -40 -26 42 43 -34 -44 -46 -21 48 -18 -4 -10 52 -8 54 55 -54 57 -24 59 60 -43 -62
right_child=2 3 5 37 6 24 51 8 50 -11 14 26 13 -15 15 -17 47 -19 19 46 21 22 56 -25 25 -27 33 -29 -30 -31 -32 38 41 -35 -36 36 -38 -39 39 -41 -42 58 44 -45 45 -47 -48 -49 -50 -51 -52 -53 53 -55 -56 -57 -58 -59 -60 -61 61 -63
leaf_value=-0.030121322079579325 -0.026522580518438733 -0.029587305990050196 0.034910879208038113 0.06991535722778032 -0.0049162304068882008 -0.026881267513128752 0.026454936300774425 -0.0046704001323330585 -0.028487331073173028 -0.034068941779020381 0.086275653156512033 -0.013482578379024845 0.050093762248491568 -0.025523511279974802 -0.020016592903187327 -0.018060348592114122 0.066234597181571944 -0.03036237729017351 0.074265137683147464 -0.015675128762631003 -0.0083400675516670363 -0.0085962234284347166 -0.017206615877609469 0.045107639067646726 0.049472992347513831 -0.03364265974156247 0.018565934597128891 0.084430541362369854 -0.017516433674632358 0.046493576956334833 0.017671966771628727 -0.0041177214195188905 0.046135527985612879 0.070690745736736851 0.043361917207377552 -0.022756971532958029 0.035684192197874165 -0.021794681354786152 0.05074078430259997 -0.017472127824243393 -0.031037679280228991 0.04818699522029106 0.061282074737037923 -0.0092984452278828695 0.013348198860667121 0.050441559297919415 0.044483755813786843 0.058406178292306772 -0.017724675732036954 -0.017256198384963721 0.020818549494577281 0.051130339569027773 0.049347706327158111 0.02717622600969128 0.010857186924076754 0.041210763972951613 0.057812451168945435 0.059677681089388007 0.042662081628644731 0.056440091496294642 0.040278084545648941 -0.0024242883667198946
leaf_weight=26.5026780590415 206.12064283341169 65.015307821333408 34.332728125154972 9.4345775172114354 88.057638689875603 369.32786911725998 212.4242267459631 77.740090921521187 72.545104086399078 6099.5800564140081 20.58379340171814 19.297631464898586 2850.7544934153557 21.889218226075172 34.194075517356396 108.99037619680166 20.827083364129066 577.22525160014629 34.615977697074413 145.98771227151155 31.264887720346451 126.74799886345863 37.802489295601845 23.703930467367172 56.72284884750843 44.140169091522694 43.991885326802731 13.453614696860312 71.618256978690624 55.503065228462219 137.05494806170464 52.156588807702065 48.786366999149323 160.39668744057417 513.30285033583641 69.080664455890656 47.694701373577118 508.9705530628562 141.56497983634472 21.358039066195488 15.394469872117041 2124.0133717656136 139.64809980988503 101.67399504780769 172.74005624651909 174.37957347929478 24.986688300967216 109.00600456446409 38.148626856505871 142.91042257100344 54.225138671696186 16395.577975094318 13893.427043572068 193.92144848406315 58.87332059442997 1360.0758795589209 107.86921961605549 24.669250875711441 5420.5900691151619 1339.9701084792614 500.97473718225956 125.17576302587986
leaf_count=167 1594 430 134 41 459 2875 603 407 478 54058 34 119 6183 107 208 662 51 4691 77 1045 141 629 184 90 209 358 185 30 430 155 432 254 124 360 1464 360 155 3789 415 113 126 4715 278 447 601 412 85 321 239 911 241 33547 29435 560 183 3264 260 52 13272 2664 1377 524
internal_value=0.0356359 0.0465529 -0.0278193 0.0111902 0.0477566 0.00130405 0.0479867 0.0171453 0.026834 -0.0323609 0.0265829 0.0405961 0.0442578 0.0445666 0.0299036 0.0141781 0.0317084 -0.0217718 -0.00961063 0.00724603 0.0446847 0.0432244 0.0202291 -0.00901567 -0.0188182 0.00655174 0.0532783 0.00892229 0.0140162 0.0149363 0.0438817 0.0235216 0.0442298 0.0597627 0.0373447 0.014491 0.000957818 -0.0199365 0.0303792 0.0415635 0.0316871 0.0443956 0.0331965 0.00866373 0.0406848 0.03216 -0.00650135 0.0424711 0.0120351 -0.00684374 -0.00716439 0.0495669 0.047931 0.0482216 0.0484844 0.0486269 0.0417776 0.0131432 0.0451392 0.0484035 0.0444578 0.0317032
internal_weight=55819 47626 8192.99 1568.95 46057.1 1104.48 45743.9 618.893 441.65 7088.52 1050.55 314.88 13629.6 13486 961.828 311.166 202.176 988.936 411.711 205.59 13464.1 10613.4 297.089 88.7192 485.585 116.257 223.686 91.1937 313.201 143.561 10316.3 241.582 10179.2 204.389 650.662 137.359 116.775 518.405 215.08 162.923 72.1173 10148 637.228 150.46 486.768 347.12 170.974 167.982 58.9757 177.243 126.77 32114.3 15718.7 15506.3 15312.4 15253.5 170.341 62.4717 9510.72 4090.13 2750.16 626.151
internal_count=177814 109831 67983 7844 101987 6433 100608 2865 1820 61550 4014 1101 33016 32402 3494 1481 819 7492 2801 1207 32295 26112 1125 520 3568 693 664 437 1379 614 24987 949 24555 545 2013 549 515 3830 782 528 335 24414 1862 571 1291 1013 1130 611 290 1045 719 67592 34045 33442 32882 32699 496 236 22552 9280 6616 1901
is_linear=0
shrinkage=0.03


Tree=12
num_leaves=63
num_cat=0
split_feature=1 17 1 61 61 17 1 61 37 21 17 24 17 58 21 56 21 46 43 46 52 44 28 58 6 17 16 23 28 43 37 51 21 26 1 0 22 46 53 46 56 24 20 26 1 56 28 37 56 21 32 39 52 28 58 24 23 26 48 35 58 21
split_gain=39526.3 1988.74 1097.77 782.837 474.109 241.482 224.665 475.216 188.497 333.853 143.568 136.798 166.9 152.9 145.561 125.348 120.77 108.779 136.977 107.962 105.164 103.074 103.118 98.7425 108.147 98.2077 96.2015 88.0599 82.1167 81.5278 81.1334 80.1564 84.6717 78.2449 78.2081 76.0152 156.377 126.59 117.854 74.1205 85.6902 72.3675 102.31 97.3168 82.1416 78.9488 102.483 97.8115 75.2885 71.9286 71.701 70.9125 70.0717 69.5322 69.0225 67.6402 66.9442 81.7388 67.8083 66.7859 76.7587 66.3175
threshold=0.0017815000000000003 0.0014325000000000002 0.0031005000000000004 0.15212338618991639 0.17364817766693066 0.0046085000000000006 0.00078450000000000015 0.098011308799811445 0.015048500000000001 0.0023115000000000006 0.00038650000000000007 -1.1959118096919803 0.0017565000000000002 1.5474060000000003 0.0023115000000000006 0.0048676000000000006 0.016752000000000003 90.750000000000014 -0.0044788863806611732 21.395000000000003 77.425000000000026 -4.2866540549159042 59207.595656000012 1.9604260000000002 33.505000000000003 0.0025405000000000007 7.5915000000000008e-05 0.21868893735995634 832683.46789600013 -0.12178148201559795 0.035352000000000008 0.73004300000000011 0.0050785000000000005 99.905000000000015 0.00067950000000000009 44.985000000000007 -0.19740199999999997 22.515000000000004 7.7000000000000011 13.360000000000001 -0.0010870699999999997 3.985829085269152 44.335000000000008 16.335000000000004 0.0001485 -0.0018833949999999997 131085.01420500004 0.028848500000000003 -0.0024829099999999992 0.00072850000000000009 47.145000000000003 -6.914999999999999e-06 33.82500000000001 2191811.3855815004 1.4760510000000002 4.5698094809606404 -0.083790074513588983 64.845000000000013 5341746.6124515003 267.02900000000005 2.3427300000000004 0.00098350000000000022
decision_type=2 2 2 2 2 2 2 2 2 2 2 2 2 2 2 2 2 2 2 2 2 2 2 2 2 2 2 2 2 2 2 2 2 2 2 2 2 2 2 2 2 2 2 2 2 2 2 2 2 2 2 2 2 2 2 2 2 2 2 2 2 2
left_child=1 6 4 11 5 8 26 21 9 -2 -9 12 -3 16 -14 -7 19 18 25 -13 30 -8 -23 24 -17 29 33 31 -16 -15 59 32 -11 39 -5 36 -24 -38 -39 40 -1 42 48 -43 -45 46 -46 -47 53 -31 -19 -50 -51 61 -44 -20 -33 -58 -59 60 -12 -41
right_child=2 3 -4 34 -6 15 7 10 -10 27 20 13 14 17 28 23 -18 50 55 -21 -22 22 35 -25 -26 -27 -28 -29 -30 49 -32 56 -34 -35 -36 -37 37 38 -40 41 -42 43 54 44 45 47 -48 -49 51 52 -52 -53 -54 -55 -56 -57 57 58 -60 -61 -62 -63
leaf_value=0.0095567762334344518 -0.0066112256317517101 0.048924906250376245 -0.033150743989591759 0.042460753663343107 -0.028157131991296509 -0.025655019723750439 0.0065810479268855644 -0.0094017585906807106 -0.012714272133955701 -0.025921737389765977 -0.01017606439761291 0.065247716341162804 -0.025214532778042042 0.064057727521200758 -0.0054457547473863912 -0.031511950349898954 0.064174056022246573 0.02920169188280116 0.062603029194023385 -0.0099618158964741924 0.049909050504674667 -0.023804791948311695 0.00065717291414799149 -0.026345205126758038 0.052229875019715856 -0.015547121718912824 0.048220909169276432 -0.019746275581691911 0.057776678594505138 0.062669103947215782 0.053346525209625573 0.014084279950076481 0.050637284370790611 0.053869686557937724 -0.021523940558971531 0.049058316035401166 -0.014961725650349653 0.0077202368919499203 0.052385881772109941 -0.030951912872593572 0.039719680483488104 -0.018057002368072107 0.050994059384899662 0.051908482207842589 0.0053787148401070704 0.034446317065297265 0.059600895067532765 0.043075163354607891 0.032552225163130714 0.029903508008729662 -0.02271218715722003 0.046695322368952068 -0.026576147819672664 0.039069803485105983 0.046113354989948716 0.0069032843857999588 0.067921568679331537 0.044416344573307322 -0.025803834999281742 0.052543891258113734 0.032550641667908185 0.024004271402803017
leaf_weight=95.063881829380989 194.72742414474487 63.976400628685951 6381.316042073071 16.607273235917091 541.22494871169329 245.81088036298752 68.466464534401894 184.96830842643976 152.75317272543907 26.537090234458447 153.70558790117502 18.412735372781754 130.03581450134516 59.859175391495228 33.752690069377422 17.000857807695866 28.990146845579147 67.296026691794395 273.8391442745924 147.29126612097025 95.529055267572403 18.495269492268562 96.619654029607773 37.557743892073631 57.261402986943722 39.727099768817425 13875.041413843632 18.407339736819267 37.502708345651627 24.91332183778286 37.490648433566093 39.472175732254982 23.330856703221798 949.7068514674902 492.48231483995914 1454.7410466074944 30.988400056958199 63.360011607408524 409.81084258854389 20.279863759875298 1169.8508479446173 22.27987614274025 3680.938245922327 909.82510830461979 35.686531126499176 1524.4053995609283 387.98722238838673 6592.0174032300711 426.12104143202305 43.120579943060875 35.396830335259438 1711.5189514309168 34.562135621905327 505.51588641107082 12055.161645293236 22.732741594314575 182.89995983242989 47.71890177577734 15.268821179866789 23.684917107224464 49.083851516246796 232.36641111969948
leaf_count=318 1178 166 57370 87 4462 1891 273 946 935 157 706 40 835 131 168 138 69 234 628 749 239 90 352 296 254 235 28878 114 86 46 84 164 78 1798 3717 3227 130 214 861 105 2799 87 7401 1774 124 3740 719 14530 1089 138 187 3686 177 1231 25806 101 385 157 89 57 156 681
internal_value=0.0342764 0.0444668 -0.0275794 0.0112256 -0.00533328 0.00632138 0.0455794 0.0370573 0.0165657 0.024785 0.0119268 0.0258988 0.00706155 0.0321208 -0.00627167 -0.0136687 0.00875844 0.0396065 0.0454086 -0.00108344 0.0229796 0.0434211 0.0446191 0.0124085 0.0324963 0.0259055 0.046096 0.0421276 0.027753 0.036259 0.0129691 0.0456629 0.00959817 0.0451211 -0.0192987 0.0452606 0.0359486 0.042638 0.0464971 0.0448353 0.0374858 0.0451637 0.0462853 0.0429496 0.0430985 0.0421505 0.0551278 0.0414627 0.0409634 0.0192886 0.0109719 0.0439066 0.00437524 0.0325788 0.0472601 0.0584719 0.0518051 0.0576574 0.0267882 0.00594796 0.000127423 0.01937
internal_weight=56432.5 48451.2 7981.29 1570.5 1599.97 1058.75 46880.7 2686.94 701.116 548.363 544.462 1061.41 265.268 796.141 201.291 357.631 194.694 601.447 498.754 165.704 359.494 2142.48 2074.02 111.82 74.2623 202.182 44193.8 353.635 71.2554 162.455 263.965 335.228 49.8679 30318.7 509.09 2055.52 600.779 504.159 473.171 29369 1264.91 28104.1 18631.9 9472.2 9449.92 8540.1 423.674 8116.42 2895.8 102.596 102.693 2137.64 77.6827 758.162 15736.1 296.572 285.36 245.888 62.9877 226.474 202.789 252.646
internal_count=177563 109895 67668 7794 10298 5836 102101 7335 3257 2322 2188 3990 1255 2735 1089 2579 858 1877 1456 789 1242 5147 4874 688 392 727 94766 1144 254 492 1003 1030 235 65888 3804 4784 1557 1205 1075 64090 3117 60973 39999 20974 20887 19113 843 18270 6792 361 421 4775 315 2017 33207 729 795 631 246 919 862 786
is_linear=0
shrinkage=0.03


Tree=13
num_leaves=63
num_cat=0
split_feature=1 17 8 61 1 18 61 1 63 57 45 57 57 8 52 61 4 8 1 20 58 52 45 20 37 37 43 46 20 0 17 57 51 53 61 56 56 41 4 59 46 48 48 54 48 39 3 45 44 42 17 61 51 56 40 46 43 20 39 39 17 1
split_gain=36664.1 1957.14 1152.36 782.156 364.688 310.339 167.941 148.62 457.667 264.436 187.954 168.735 199.308 144.896 134.145 142.065 133.508 224.745 128.808 125.206 124.293 123.755 118.663 118.01 115.425 149.683 109.423 177.274 105.98 103.125 104.373 134.46 136.697 107.272 100.988 97.9552 127.582 96.8644 95.1976 89.678 142.111 87.4688 111.919 85.5427 85.1357 87.5358 82.6862 94.3436 96.9073 121.66 96.9044 81.6864 81.5518 85.6495 93.5737 81.3839 81.1524 86.5735 80.7579 79.9343 79.932 79.4831
threshold=0.0017815000000000003 0.0014325000000000002 305040.73850050004 0.15212338618991639 0.0025245000000000003 0.19020450000000003 0.16288578192842365 0.00045650000000000004 1.0000000180025095e-35 0.023281500000000004 1.0002500000000003 0.018591000000000003 0.0009720000000000001 371271.23846150009 33.380000000000003 0.45201865172701733 0.018764671361502349 329356.29381000006 0.00074450000000000004 41.035000000000004 1.3256370000000002 7.1950000000000012 -5.5077999999999987 34.475000000000001 0.015048500000000001 0.0040065000000000005 -0.0044788863806611732 88.77500000000002 50.905000000000008 63.335000000000008 0.0061135000000000009 0.015612500000000001 0.87679050000000014 18.110000000000003 -0.50938662908026078 0.16814172500000002 0.15909111500000003 0.022377500000000005 0.41482498982498989 -0.00033975999999999993 55.255000000000003 5520227.2964130016 649914.86306000012 4.9650000000000007 5520227.2964130016 -3.0149999999999995e-06 -0.16742694863854266 5.9473000000000011 5.6246845326254755 0.52232550000000011 0.00039550000000000007 -0.9927505997980649 0.49575850000000005 -0.056261639999999995 71.605000000000004 34.625000000000007 0.081466841694137634 83.165000000000006 -1.8234999999999997e-05 0.00012186000000000002 0.0066185000000000003 0.00019150000000000002
decision_type=2 2 2 2 2 2 2 2 2 2 2 2 2 2 2 2 2 2 2 2 2 2 2 2 2 2 2 2 2 2 2 2 2 2 2 2 2 2 2 2 2 2 2 2 2 2 2 2 2 2 2 2 2 2 2 2 2 2 2 2 2 2
left_child=1 5 60 13 6 -1 24 16 9 10 11 12 -9 -3 21 23 17 61 52 41 59 37 -18 -16 25 43 44 -28 -25 30 31 32 -6 -34 -35 36 56 -11 -30 40 58 42 -14 -4 45 -22 -12 48 -48 -50 -49 -26 -17 -54 -55 -40 -10 -58 -21 -15 -2 -7
right_child=2 3 4 -5 29 7 -8 8 35 14 46 -13 19 20 15 18 22 -19 -20 39 26 -23 -24 28 51 -27 27 -29 38 -31 -32 -33 33 34 -36 -37 -38 -39 55 -41 -42 -43 -44 -45 -46 -47 47 50 49 -51 -52 -53 53 54 -56 -57 57 -59 -60 -61 -62 -63
leaf_value=0.0036135229756186107 -0.023594339529272871 -0.0023484742411917629 0.040047650149943929 -0.021190010558926026 -0.031409779814231494 0.038030930038770672 -0.025511110623499807 -0.0059488953215024636 0.046577744026018671 -0.021188740163296482 0.042290447632302934 -0.0030004220117818962 0.049349028407423952 -0.025182367982154653 -0.018064724701952566 0.061961829439868762 0.022330655697588679 0.043841402901797354 -0.016842572926566657 0.029403318116525516 0.035476477515017653 0.054666700657776963 0.046855658537750401 0.053583752615653284 0.049874052573731849 0.03688773229854652 0.050393189089648578 0.0086293641580963108 0.041770740178648368 0.091267504994422571 -0.031114734698506737 -0.03035142202922584 -0.016921658587599479 0.059927556862847176 -0.0081840896770134352 0.058571065325746234 0.016085336714959344 0.03892474362048759 -0.011722217992022695 0.047203297847051601 0.040578069940601258 0.039602383711048787 -0.019111904883132601 -0.0081807283298697183 0.053178281886021535 -0.0024001900233821113 -0.010629513099529881 0.059751082715995406 0.069131913217228169 -0.020884950875323251 -0.015749880549769127 -0.018413673874189775 0.048572870188839476 -0.0079526346403960627 0.034782323339907925 0.029567621473606923 0.040737067735348347 -0.0070526529290369433 -0.035111004469765082 0.028796898826867812 -0.033894504499469034 0.023059454968311053
leaf_weight=175.87896098196507 806.22739838808775 157.18208462744951 41.866393581032753 503.6137256026268 52.323487758636475 683.39663656055927 89.875825710594654 105.91223543137312 5590.5411016047001 34.608302608132362 52.634047821164131 127.78343303501606 27.453874289989471 58.814399212598801 29.487162671983242 49.268721953034401 186.7710142582655 15056.877083033323 74.957779876887798 27.294473707675934 80.565158441662788 652.13351725041866 17856.431600213051 400.12131287157536 17.438434176146984 317.04783296585083 401.03634367138147 121.38289285451174 365.81868179142475 6.5720188543200484 342.37979912012815 130.80876474827528 37.666115216910839 71.56117021292448 25.530620478093624 454.96225798130035 150.38208338618279 71.764918208122253 64.732274144887924 665.98346468806267 161.29520530998707 72.975635126233101 86.379495210945606 142.94713373482227 49.584094002842903 163.81717775017023 291.11786933243275 45.076797410845757 32.193142160773277 21.479295015335083 21.56277197599411 103.6062875688076 66.859696373343468 114.33564221858978 75.139029204845428 119.78931218385696 2824.1138578802347 33.175733178853989 43.805792808532715 40.885416656732559 5663.5617216005921 642.35798421502113
leaf_count=850 6451 865 151 3850 417 1623 696 422 11547 153 116 491 67 351 123 86 514 31878 347 76 250 1308 35649 801 57 1082 1037 508 840 22 3003 1059 260 264 167 770 425 174 246 1514 396 177 392 852 127 742 1190 79 61 96 88 635 141 423 185 317 6256 116 207 153 52800 1835
internal_value=0.0328892 0.0425076 -0.0273118 0.00959492 -0.00239408 0.0435981 0.0124915 0.0437458 0.0409594 0.0323234 0.0237427 0.029525 0.0330392 0.0240745 0.0395144 0.0337557 0.0447923 0.0427916 0.0179857 0.0368739 0.0286385 0.0497461 0.0466047 0.0398248 0.0180549 0.0244027 0.0324987 0.0407818 0.0416694 -0.018345 -0.0196178 -0.00708229 0.00910303 0.0251697 0.0418107 0.0446742 0.0439287 0.0190724 0.0328712 0.0415378 0.0250408 0.0141835 -0.00205356 0.00273988 0.0175885 0.010058 0.00721652 0.00256512 -0.00370121 0.032836 0.0350058 -0.00800188 0.0266532 0.0195357 0.00893069 0.0149359 0.0444188 0.0401694 -0.00986439 -0.00268221 -0.0326194 0.0308224
internal_weight=56983.1 49133.7 7849.41 1576.88 1379.62 47556.9 712.782 47381 12955.1 3901.96 1782.95 1318.88 1191.1 1073.27 2119.02 1360.51 34425.8 16382.6 380.561 1085.19 916.085 758.507 18043.2 979.949 622.906 501.861 816.386 522.419 950.462 666.842 660.27 317.89 187.081 134.758 97.0918 9053.18 8598.21 106.373 550.34 898.379 232.395 186.809 113.833 184.814 293.966 244.382 464.064 411.43 344.79 53.6724 66.6396 121.045 305.603 256.334 189.475 184.522 8447.83 2857.29 71.1003 99.6998 6469.79 1325.75
internal_count=177778 109862 67916 7883 8665 101979 3473 101129 29630 10516 5372 3742 3251 4033 5144 3509 71499 35336 1182 2829 3168 1635 36163 2327 2777 2085 2664 1545 2204 5192 5170 2167 1108 691 431 19114 18344 327 1403 2193 679 636 459 1003 1119 992 1630 1514 1347 157 167 692 835 749 608 563 17919 6372 283 504 59251 3458
is_linear=0
shrinkage=0.03


Tree=14
num_leaves=63
num_cat=0
split_feature=1 17 17 61 61 18 37 21 60 60 51 38 47 44 60 37 41 24 47 24 61 4 58 54 1 60 47 61 42 58 45 21 48 20 20 42 37 2 40 43 22 60 59 21 54 18 41 54 42 59 57 60 57 27 2 39 62 41 41 43 48 44
split_gain=33810.1 1773.78 1037.37 734.501 428.542 299.962 272.465 503.022 212.22 196.181 191.426 186.151 140.686 139.893 136.174 150.793 127.378 123.442 113.977 113.344 111.855 341.134 135.091 110.433 106.61 104.895 101.11 136.709 99.3989 97.892 96.8293 95.3198 88.3238 106.273 103.557 120.678 122.309 88.0923 87.9508 89.3552 104.272 85.5774 85.4476 85.3663 84.6656 107.716 102.734 98.1404 88.5287 114.032 114.15 131.811 114.646 100.593 97.5523 95.2553 88.7538 93.0779 84.5812 129.694 84.4074 104.759
threshold=0.0018455000000000001 0.0014325000000000002 0.0066185000000000003 0.15212338618991639 0.010907442517280267 0.19020450000000003 0.015048500000000001 0.0023815000000000004 -0.5 -0.9629878403374984 0.73004300000000011 1.8706240000000003 -1.5806999999999998 -4.2866540549159042 -0.82531082829576841 0.0071905000000000016 0.0018085000000000002 -1.6013819777123197 3.9176500000000005 -2.4170915508740474 0.68355163169896505 -0.05855699561179712 1.8920045000000003 57.770000000000003 0.0009515000000000002 -0.68355163169896438 3.0656000000000003 -0.60003553868615123 0.25568000000000007 1.5474060000000003 11.981050000000002 0.00069750000000000009 58650.343029000003 63.435000000000009 43.005000000000003 -0.34009549999999994 0.00026450000000000003 0.72390700000000019 38.095000000000006 0.27224617330201595 -0.23582199999999998 0.22706275313213808 0.00051127500000000016 0.0049535000000000004 2.4300000000000002 0.9754965000000001 0.0097135000000000016 1.5750000000000004 -0.12452699999999998 0.00025207000000000002 0.014807000000000002 -0.93585024503435332 0.018591000000000003 0.34440000000000004 -0.0052234999999999998 0.00028584500000000007 1.0000000180025095e-35 0.016585500000000003 0.0028415000000000007 0.020026895002587083 662248.34552450012 1.8956845209788378
decision_type=2 2 2 2 2 2 2 2 2 2 2 2 2 2 2 2 2 2 2 2 2 2 2 2 2 2 2 2 2 2 2 2 2 2 2 2 2 2 2 2 2 2 2 2 2 2 2 2 2 2 2 2 2 2 2 2 2 2 2 2 2 2
left_child=1 5 4 9 6 -1 7 -2 13 -3 43 16 -5 -7 23 -16 -11 -17 19 -18 32 22 31 -12 -20 -24 -10 38 -27 -21 58 -22 -15 34 35 36 -34 -8 41 -40 -41 -28 -29 -9 46 48 -35 -48 53 50 51 -50 -52 -46 -53 -56 -55 -58 59 -13 61 -54
right_child=2 3 -4 12 -6 8 37 10 26 11 14 30 -14 20 15 17 18 -19 24 29 21 -23 25 -25 -26 28 27 42 -30 -31 -32 -33 33 44 -36 -37 -38 -39 39 40 -42 -43 -44 -45 45 -47 47 -49 49 -51 52 54 60 56 55 -57 57 -59 -60 -61 -62 -63
leaf_value=0.0037142047535622395 -0.015640459648611035 -0.018434611377301149 -0.033455841330896491 0.07663028760459166 -0.026946443472476423 0.0085476892458074705 -0.026361281837953974 -0.035247843510710544 0.043826910639857643 -0.028871960532835261 -0.015374743698398599 0.053068988852938648 -0.021415355018173963 0.048230640017847798 0.063673713780222532 -0.022055021551296371 0.0030511946305013466 0.040317176124990951 0.064562560123749113 0.026155368662060061 0.03558108118313294 0.042034680725981072 -0.008760541937124831 0.090080542367090677 -0.010321965646177492 0.062603255170948474 0.0410727140054803 0.031134212146882782 0.019803001542017716 0.057333438613934272 0.04240682473124515 -0.0072983890960490331 0.072896561827039727 -0.012866671211911587 0.043209717631561881 0.036338163050575939 -0.010713307922307761 0.044769591598458544 0.048669296072144791 -0.016358944202140215 0.037208887942093531 -0.0058494414208952444 0.042832907780176371 0.023795388136103497 0.051854512199511017 -0.010359181105335732 0.036720002120505538 -0.020322473988086905 -0.027341793649273964 0.04300320439191431 0.053606402222740726 -0.016071426941876084 0.01310267707405704 0.054634475697761552 0.057910375532511237 -0.0073422568234915147 -0.0019796751832402205 0.058718471087033597 -0.0048583306986227405 -0.034269608261735557 0.01780643766474517 0.036876145247506043
leaf_weight=188.81917198747396 336.57721128314734 89.954414203763008 5847.7521347030997 12.429638199508188 618.37110391259193 140.23328132927418 253.28112203627825 47.872287288308144 28512.101373292506 24.182127103209496 57.154248870909214 58.518365152180195 517.64757492393255 1109.2312206178904 210.34102285653353 38.449808113276958 54.44109857827425 99.632751606404781 21.587176069617271 129.39991710335016 55.379772707819939 988.29977521300316 50.826392605900764 9.5556120425462705 68.324607394635677 89.120985567569733 79.272468149662018 1984.4311391860247 116.0196485966444 365.29896697402 70.839447170495987 269.53193357586861 17.894778952002525 65.899821892380714 5788.096823208034 1083.4550001695752 92.575296580791473 15.511330977082251 1874.6779232025146 34.932743668556213 327.69871832430363 59.847950726747513 830.0297739058733 38.718927823007107 637.82927863299847 42.11875481903553 201.35225120186806 29.982841104269028 60.633849233388901 1088.0610985159874 223.87200058996677 35.961044125258923 197.25122782588005 66.209828294813633 73.776008240878582 26.207614958286285 99.638102158904076 28.120351731777191 244.46784108877182 19.384689964354038 383.61507304012775 1322.870876327157
leaf_count=925 2347 556 55717 49 5176 588 1906 349 56890 161 349 158 4048 2065 498 243 265 358 33 456 155 2183 211 19 323 187 183 4795 377 835 183 1126 26 246 12423 2635 355 66 3528 132 723 208 1728 189 1230 197 469 118 255 2345 425 143 587 120 135 92 340 47 1182 125 1083 3053
internal_value=0.0316387 0.0405942 -0.027424 0.0102273 -0.00695665 0.0416478 0.00419588 0.0126455 0.0417961 0.0237353 0.0316739 0.0273684 -0.0189199 0.0387103 0.0401332 0.0476328 0.0370753 0.0226999 0.0396589 0.0447904 0.0390045 0.0313032 0.0129525 0.000395047 0.00783968 0.0292068 0.043111 0.0391653 0.0387561 0.0493078 0.0108671 4.92758e-06 0.0399531 0.0391525 0.0415232 0.0332924 0.00309378 -0.0219946 0.044532 0.0459859 0.0319353 0.0207756 0.034609 -0.00853414 0.0355263 0.0366108 0.0197158 0.0291421 0.0370864 0.0348831 0.0310519 0.00891466 0.033078 0.0460362 0.0253863 0.040606 0.026582 0.0114996 0.00373392 0.0307973 0.0306213 0.0338217
internal_weight=57525.6 49952.4 7573.22 1676.48 1725.47 48275.9 1107.09 838.302 48087.1 1146.4 501.725 1056.44 530.077 14384.1 415.133 348.424 663.234 138.083 639.052 549.14 14243.8 1569.18 580.879 66.7099 89.9118 255.967 33703 5190.89 205.141 494.699 393.21 324.912 12674.7 11565.4 6982.02 1193.93 110.47 268.792 2376.43 2237.31 362.631 139.12 2814.46 86.5912 4583.4 4286.17 297.235 231.335 4244.05 3412.25 2324.19 196.579 2127.61 831.798 135.945 99.9836 193.968 127.758 322.371 77.9031 1903.74 1520.12
internal_count=177919 110702 67217 8374 11500 102328 6324 4352 101403 4277 2005 3721 4097 33216 1467 1099 2073 601 1912 1556 32628 4239 2056 368 356 775 68187 11297 564 1291 1648 1281 28389 26324 15439 3016 381 1972 4774 4383 855 391 6523 538 10885 10052 833 587 9855 8118 5773 625 5148 1737 370 227 507 387 1465 283 4723 3640
is_linear=0
shrinkage=0.03


Tree=15
num_leaves=63
num_cat=0
split_feature=1 18 8 8 18 1 1 61 40 21 37 57 61 8 4 47 63 1 57 20 8 21 24 55 48 41 41 19 58 8 3 61 47 61 3 56 0 61 61 59 53 1 26 55 52 6 53 8 25 52 21 26 19 20 55 39 41 58 22 28 53 48
split_gain=31411.8 1471.92 1030.96 639.094 322.635 316.366 155.819 243.604 154.599 151.422 147.096 165.2 138.142 112.782 144.523 111.343 163.463 213.543 126.286 153.348 146.054 124.497 111.77 109.078 158.477 104.775 99.7413 111.986 109.29 98.5528 98.075 96.4865 94.4461 94.3726 92.5466 92.4038 88.2892 84.61 83.0692 80.5367 98.72 109.441 78.7554 77.9878 141.07 128.479 81.5067 81.2032 77.2224 93.0715 75.1021 92.0369 74.7443 74.4686 74.1406 74.1076 74.047 78.8771 73.471 72.7202 72.6828 87.2189
threshold=0.0018455000000000001 1.2074580000000001 305040.73850050004 631467.90466800018 0.24492100000000003 0.0025245000000000003 0.00070950000000000017 0.14132478920498384 35.735000000000007 0.0018705000000000002 0.029984500000000001 0.015907500000000001 -0.010907442517280496 140183.38908350005 -0.094038249978844024 0.34850000000000009 1.0000000180025095e-35 0.00045650000000000004 0.010341500000000002 32.415000000000006 1893244.8886975001 0.0010205000000000004 -1.1959118096919803 737.01900000000012 5341746.6124515003 0.012462000000000003 0.013096500000000002 -0.00018687999999999997 1.4499605000000002 761642.31610000005 -0.074523629421511403 -0.52803643325367233 0.57735000000000014 -0.42261826174069955 -0.0078660933020588981 -0.00068747499999999989 46.695000000000007 0.98279651670771939 0.90159026428466915 -0.0013625249999999996 71.985000000000014 0.00036750000000000004 3.1550000000000007 158.57900000000004 25.555000000000003 73.545000000000016 37.285000000000004 1661168.9166355003 6.3436000000000012 49.390000000000008 0.0014865000000000002 64.845000000000013 -0.00011563499999999999 47.815000000000005 151.81900000000005 -0.0011061549999999999 0.012581000000000002 1.2030875000000003 -0.14144899999999996 24234.380406500004 15.095000000000001 847214.63978600013
decision_type=2 2 2 2 2 2 2 2 2 2 2 2 2 2 2 2 2 2 2 2 2 2 2 2 2 2 2 2 2 2 2 2 2 2 2 2 2 2 2 2 2 2 2 2 2 2 2 2 2 2 2 2 2 2 2 2 2 2 2 2 2 2
left_child=1 4 -2 6 25 8 9 10 -4 56 11 -8 26 14 -6 -15 17 39 20 -20 55 22 -21 -7 37 29 28 -28 33 34 -22 36 -23 -10 -1 -16 -26 -25 -11 -17 60 54 -30 48 -45 46 53 -48 58 -50 -44 -52 -5 -46 -42 -19 57 -3 -34 -18 61 -41
right_child=2 3 5 52 13 23 7 -9 12 38 -12 -13 -14 15 35 16 59 18 19 21 30 32 -24 24 31 -27 27 -29 42 -31 -32 -33 43 -35 -36 -37 -38 -39 -40 40 41 -43 50 44 45 -47 47 -49 49 -51 51 -53 -54 -55 -56 -57 -58 -59 -60 -61 -62 -63
leaf_value=-0.010615500538571295 -0.032461016620439702 0.059336524560074738 -0.020748956289987092 -0.0052798671035128412 0.010947856541330242 -0.024130553592578576 -0.0093219291410481016 -0.021319989527361981 -0.011066325196560724 0.012836965921230523 0.06346519677700356 0.033535273545022559 -0.017396354183010776 0.042202413679239631 -0.013357411191123197 0.031418145859043796 0.0035109256026004476 0.057890753586404275 -0.0019232288756258367 0.04674337545348288 -0.0002615026973541564 0 -0.0028767120735703365 -0.029438868356844852 0.089108994074789824 -0.019509900420465399 0.064642358409381678 -0.017256886519487792 -0.018521942053899305 0.045339297212122168 0.04762646991279823 -0.03106062968299822 0.021701180341968579 0.04847972693958303 0.034995982218666559 0.040664258251682475 0.0052693139712378457 0.076410188904307591 0.078211596851318815 0.039259978701866906 0.033859131323004193 -0.042560586508313666 0 0.048659655225867085 0.053490728124971056 0.0047841990719649976 -0.027670530299310835 0.03309017060060139 0.041166273743754096 -0.0093124501262553828 0.065193491907918025 0.013601121577465838 0.032236427425011961 0.028461952175663247 -0.018588708659911319 -0.0019413390737923247 0.043639450009691071 -0.025341270860485113 0.050741412236244982 0.041356170878472126 0.042498764373031725 0.026696117302483842
leaf_weight=106.97408752143383 6114.7087507173419 10.333950556814669 104.46876676380634 48.279166802763939 273.75039310008287 505.5205689817667 258.62431627511978 479.68900385499001 74.92283933609724 29.362422756850719 40.745227068662643 116.36357621848583 78.260992743074894 18659.218050181866 28.799536064267159 1242.3967386484146 47.763391241431236 18.931505024433136 111.07143294811249 55.458798095583916 50.291034251451492 64.088557854294777 144.00931459665298 82.352526389062405 31.770372875034809 78.327782765030861 17.53134698420763 78.061382636427879 15.71520798653364 88.360495284199715 147.29545606672764 12.230929769575594 95.021259188652039 33.758256040513515 62.228441193699837 527.57789196819067 18.667646184563637 6.3136887624859801 49.336685627698898 2326.7380192428827 175.45572890341282 21.615319892764091 25.828102208673954 321.15613821148872 160.90587961673737 213.89469432830811 38.041195206344128 38.973321050405502 86.054164290428162 50.972338289022446 158.73890176415443 41.34167917072773 1093.3190101757646 368.07925061881542 26.689816579222679 277.07451146841049 25.691385261714458 72.025841608643532 697.8999310657382 15527.761290088296 5315.8384813666344 667.87090517580509
leaf_count=552 58889 37 688 235 901 4273 1428 3694 399 114 93 401 584 37117 119 2886 141 30 395 111 174 218 497 686 57 467 51 489 88 237 294 93 257 97 205 1101 114 21 75 4845 388 96 155 637 298 693 170 89 186 183 319 197 3395 937 101 1032 59 356 1354 31376 10745 1649
internal_value=0.0303793 0.0388633 -0.0273272 0.0149709 0.0399666 -0.00287722 -0.00152319 -0.00675273 0.0122982 0.0232938 0.00999438 0.00395124 0.0189688 0.0401728 0.0290017 0.040369 0.0391573 0.0365981 0.029439 0.0322459 0.0154337 0.0338846 0.010934 -0.0174427 0.00471228 0.0105091 0.0254432 -0.00141256 0.0328403 0.0197943 0.0353467 0.0410374 0.0360085 0.00742958 0.00609005 0.0377952 0.059368 -0.020799 0.054664 0.0387441 0.0398033 0.0197428 0.0440685 0.037118 0.0316989 0.0249675 0.0320224 0.002723 0.0436938 0.02224 0.0486172 0.0548031 0.0306203 0.0362183 0.0267292 0.00196633 0 -0.0137722 0.0473308 0.0412423 0.0403374 0.0364778
internal_weight=57740.5 50340.4 7400.19 2223.77 48116.6 1285.48 1082.17 895.422 628.627 186.75 415.733 374.988 524.159 47780.7 830.128 46950.6 28291.3 12715.8 2939.22 2445.63 493.593 2334.55 199.468 656.856 151.335 335.891 445.898 95.5927 350.305 257.563 197.586 62.6689 2135.09 108.681 169.203 556.377 50.438 88.6662 78.6991 9776.61 8534.21 223.761 241.624 2071 1141.05 819.894 606 77.0145 929.948 137.027 225.909 200.081 1141.6 528.985 202.146 296.006 108.051 82.3598 792.921 15575.5 8310.45 2994.61
internal_count=177568 110368 67200 9887 100481 8311 6257 5616 3067 641 1922 1829 2379 99020 2121 96899 59782 28265 7555 6025 1530 5630 608 5244 971 1461 1795 540 1255 994 468 264 5022 496 757 1220 171 707 189 20710 17824 585 759 4804 2824 2187 1494 259 1980 369 671 516 3630 1235 489 1062 452 393 1611 31517 17239 6494
is_linear=0
shrinkage=0.03


Tree=16
num_leaves=63
num_cat=0
split_feature=1 17 17 61 55 37 21 18 63 25 18 61 48 37 37 59 59 21 59 39 21 55 1 24 21 1 54 45 38 28 43 43 21 21 37 54 1 3 41 55 58 44 20 37 47 37 18 58 43 40 56 6 45 1 61 54 48 53 17 56 39 27
split_gain=29175 1785.57 794.838 697.271 380.836 344.746 353.715 303.185 265.203 151.952 145.389 138.54 139.344 133.754 133.318 181.589 195.503 168.166 141.361 126.643 120.338 116.899 116.111 115.141 112.846 123.007 103.093 102.067 100.419 98.355 94.2086 94.1004 128.612 149.175 88.9817 87.8099 99.9106 164.211 98.5478 86.4317 84.5618 94.6492 84.864 83.7066 83.1594 87.7632 82.3429 79.4567 77.1364 99.9757 85.1052 77.0845 76.5733 76.5487 139.608 77.2974 75.5359 96.6772 74.9765 138.163 71.3257 70.7385
threshold=0.0019785000000000007 0.0014325000000000002 0.0066185000000000003 0.22706275313213803 110.06350000000002 0.015048500000000001 0.0023815000000000004 0.19020450000000003 1.0000000180025095e-35 0.074850000000000014 0.78558600000000012 -0.66746801135786449 491933.43467450008 0.0074815000000000012 0.00052850000000000011 -7.1919999999999989e-05 0.00043025500000000005 0.0020205000000000002 0.0008218800000000002 8.4550000000000012e-06 0.0011195000000000001 351.92600000000004 0.00057750000000000011 4.7724356917771571 0.0010205000000000004 0.00040750000000000004 18.665000000000003 -0.24189999999999998 1.2865795000000002 12600.144198000002 0.081466841694137634 0.018553894542853968 0.0014225000000000004 0.0016205000000000002 0.00026450000000000003 1.2350000000000001 0.0007645000000000001 -0.13090446601495703 0.0040555000000000009 985.09250000000009 2.3792605000000004 -2.5519099032184989 65.00500000000001 0.00024550000000000006 4.3018500000000008 0.0068545000000000003 0.9754965000000001 1.7545850000000003 -0.0044788863806611732 35.735000000000007 0.025032545000000003 67.095000000000013 2.9245000000000005 0.00049950000000000005 -0.33172980431441507 22.310000000000006 291849.22634550004 56.260000000000012 0.00039550000000000007 -0.00042259499999999995 -1.3774999999999998e-05 -0.6148499999999999
decision_type=2 2 2 2 2 2 2 2 2 2 2 2 2 2 2 2 2 2 2 2 2 2 2 2 2 2 2 2 2 2 2 2 2 2 2 2 2 2 2 2 2 2 2 2 2 2 2 2 2 2 2 2 2 2 2 2 2 2 2 2 2 2
left_child=1 7 4 14 -2 6 31 -1 9 -8 27 -12 40 -10 19 20 17 -17 30 34 -16 -11 -5 39 25 -14 -15 29 -19 -9 -18 -6 -33 -34 52 -31 43 -38 -39 48 41 -13 -43 -37 56 -46 -44 60 49 -22 -51 -29 -3 -53 55 -55 57 -45 59 -40 -27 -26
right_child=2 3 -4 22 5 -7 8 10 13 21 11 12 24 26 15 16 18 28 -20 -21 23 -23 -24 -25 61 47 -28 51 -30 35 -32 32 33 -35 -36 36 37 38 58 -41 -42 42 46 44 45 -47 -48 -49 -50 50 -52 53 -54 54 -56 -57 -58 -59 -60 -61 -62 -63
leaf_value=0.0013555236075167515 -0.026352359874882429 -0.02859152468914156 -0.033094958222777401 0.074517719247010381 -0.030449627717880318 -0.028400492440449024 -0.026829374990525515 -0.0051284075530038092 0.064420237217009735 0.07395352176257991 0.042678843355448484 0.064692253594328467 0.033122306172319087 -0.029972889108235517 -0.024161542270966504 -0.029851076655866584 0.076080277595225995 0.046007549507718494 -0.025244399664203162 -0.028632616234370061 -0.035366559752351111 -0.0054451561805707854 -0.022813259981282343 -0.020307900425557843 -0.0015131889234814499 0.051573942126948082 0.04068877710038548 0.038419711017448253 0.00069532208864728456 0.052781370783028358 0.017925118419801093 -0.030683729371319704 0.083429882975535011 -0.0086443476161681271 0.061785598141047872 0.01906295861887199 -0.018011246202607398 -0.0036170514815192572 -0.015591253549040894 -0.023826141808676579 0.051962690258564391 0.035171523598987495 0.023086869290157956 0.028933326327649625 -0.029573422373328391 0.040099093727364525 -0.015443932975228414 -0.031097681401090316 0.047942097582785496 0.046276815437041784 -0.013228338732951428 0.042135856592800489 0.064808014461905983 0.0316373390079846 0.019522188052837407 0.044484257802420726 0.038848754942581394 -0.024168505137783271 0.039370795543888532 0.066536754449794788 -0.0087965669093251833 0.028455921131495653
leaf_weight=200.2044243812561 613.37494514882565 20.402426905930042 5555.5196638032794 10.180890783667563 131.83096562325954 213.60241583734751 82.730724029242992 53.153769940137863 182.84351798146963 32.042272567749023 756.87689013779163 67.212682142853737 77.243492156267166 26.369116716086864 34.528447277843952 153.55437508970499 61.683407314121723 51.747688144445419 25.329960756003857 18.672340855002403 22.904633961617947 32.153641536831856 517.81814040988684 32.967435047030449 77.246804460883141 24.087221071124077 55.458292134106159 26291.41566362977 274.97587680071592 255.27061088383198 45.73526406288147 44.691367447376251 29.188103474676609 31.861216500401497 139.01047206670046 257.13092575967312 75.810188040137291 71.825662419199944 62.283408612012863 19.105755433440208 222.18808057904243 436.22011291980743 192.70988340675831 288.14294011890888 33.921268150210381 29.360218271613121 65.493025124073029 92.249749660491943 303.03898397833109 86.577112719416618 27.282297760248184 12566.943291097879 11.437990039587023 737.98788334429264 394.70335068553686 1119.0849361419678 3691.4691596180201 33.163241997361183 385.43404152244329 24.889090426266193 56.678103134036064 654.92348130792379
leaf_count=1013 5070 127 55648 38 1080 1762 649 198 400 134 1516 104 184 175 214 1011 93 117 148 111 140 212 4209 188 284 63 207 53791 1232 452 181 365 75 231 296 681 312 268 266 97 417 973 469 684 154 61 249 446 795 230 138 23938 14 1646 1099 2109 7836 128 853 39 227 1748
internal_value=0.0293965 0.037273 -0.0278946 0.00836839 -0.00829329 0.00452646 0.0154339 0.0383611 0.0322512 0 0.0385113 0.0316774 0.0274077 0.0501377 0.0199637 0.0160197 0.00484847 -0.0040204 0.0369501 0.0433098 0.0289384 0.0342516 -0.0207425 0.0327682 0.0193148 0.00178395 0.0174687 0.0389113 0.00808207 0.0348946 0.0519902 -0.0135897 0.00723758 0.0355286 0.0514678 0.0353097 0.0343928 0.0229271 0.0287051 0.0366822 0.0354309 0.0305071 0.0270669 0.0360214 0.0370789 0.00240623 0.0131759 -0.0121448 0.0394269 0.0201303 0.0317663 0.0394238 0.00499852 0.0412006 0.0359515 0.0394149 0.0376175 0.0233014 0.033678 0.00800599 0.00925181 0.0252554
internal_weight=58183.9 51152.3 7031.67 1856.95 1476.15 862.772 649.169 49295.3 411.598 146.927 49095.1 2723.13 1966.25 264.671 1328.95 1139.43 613.027 480.278 132.749 189.523 526.405 64.1959 527.999 491.876 982.429 250.259 81.8274 46372 326.724 5261.85 107.419 237.572 105.741 61.0493 170.851 5208.7 4953.43 620.242 544.432 458.909 983.824 761.636 694.423 4333.19 4076.06 63.2815 258.203 173.015 439.803 136.764 113.859 41110.1 31.8404 14818.7 2251.78 1857.07 4012.78 321.306 472.607 87.1725 80.7653 732.17
internal_count=177595 111587 66008 9379 10360 5290 3528 102208 1777 995 101195 6680 5164 782 5132 4584 2782 2360 422 548 1802 346 4247 1588 2952 920 382 94515 1349 11932 274 1751 671 306 437 11734 11282 1738 1426 1400 2212 1795 1691 9544 8863 215 718 736 1303 508 368 82583 141 28792 4854 3755 8648 812 1158 305 290 2032
is_linear=0
shrinkage=0.03


Tree=17
num_leaves=63
num_cat=0
split_feature=1 17 1 61 61 18 55 44 21 21 7 18 61 59 38 43 62 17 8 47 21 22 20 45 18 44 45 27 39 38 1 41 48 0 61 47 61 1 57 23 45 46 20 42 27 55 39 42 1 48 52 41 28 21 41 2 21 51 2 59 46 21
split_gain=27249.5 1797.56 785.001 637.263 338.777 266.642 215.273 176.644 175.752 178.346 142.845 133.062 133.337 130.276 203.71 125.647 111.045 108.713 104.208 103.493 103.032 100.592 100.168 91.7426 88.9792 88.2309 86.9406 85.2364 84.722 83.5284 93.3983 82.5238 106.486 99.4138 102.404 81.8825 118.321 112.397 121.146 113.697 93.7881 89.6267 101.574 102.55 82.8377 80.8601 78.4664 77.5414 77.2423 77.0892 105.971 98.1399 114.148 76.6068 81.3081 73.2622 73.8372 70.5759 68.5902 67.8589 84.6486 97.2451
threshold=0.0019785000000000007 0.0014325000000000002 0.0031005000000000004 0.22706275313213803 0.010907442517280267 0.24492100000000003 73.126000000000019 -3.5582052768433878 0.0062445000000000009 0.0013895000000000003 0.012350000000000002 0.78558600000000012 -0.63435554093529922 -7.1919999999999989e-05 1.2865795000000002 -0.0044788863806611732 1.0000000180025095e-35 0.0010525000000000003 49313.871303500004 -1.5806999999999998 0.008743500000000003 -0.57200649999999997 53.545000000000009 11.801250000000001 0.10271350000000001 -2.0211013808832541 1.3922000000000001 -0.26034999999999991 -1.5349999999999999e-06 0.57147550000000014 0.00046150000000000005 0.012462000000000003 567254.47404700017 49.375000000000007 0.15212338618991639 0.34850000000000009 -0.564573334685324 0.00054450000000000017 0.0009720000000000001 -0.061413782243114834 -5.349499999999999 33.765000000000008 82.320000000000007 0.49832900000000008 0.25105000000000005 213.53650000000002 -7.5749999999999995e-06 -1.0600309999999997 0.0009515000000000002 4824560.5012965007 10.775 0.0025145000000000007 2710376.2756910003 0.0010015000000000002 0.036863000000000007 0.082979000000000011 0.0011605000000000003 3.0710995000000003 0.62077850000000012 -0.0013625249999999996 99.185000000000016 0.0075205000000000003
decision_type=2 2 2 2 2 2 2 2 2 2 2 2 2 2 2 2 2 2 2 2 2 2 2 2 2 2 2 2 2 2 2 2 2 2 2 2 2 2 2 2 2 2 2 2 2 2 2 2 2 2 2 2 2 2 2 2 2 2 2 2 2 2
left_child=1 5 4 10 6 24 -2 -8 9 -9 13 18 55 15 26 28 -11 29 -7 -5 45 -18 -23 -16 -1 -24 -15 -19 -3 30 -14 32 -26 48 -35 40 41 58 -39 -40 44 49 -43 -44 -20 47 -12 -17 -34 -37 -51 -52 -53 -41 -55 56 -13 -28 59 60 -38 -62
right_child=2 3 -4 19 -6 11 7 8 -10 16 46 12 17 14 23 20 21 27 35 -21 -22 22 25 -25 31 -27 57 -29 -30 -31 -32 -33 33 34 -36 36 37 38 39 53 -42 42 43 -45 -46 -47 -48 -49 -50 50 51 52 -54 54 -56 -57 -58 -59 -60 -61 61 -63
leaf_value=-0.031633877163218582 -0.019616729965356721 0.026420363517508892 -0.032432940949849533 0.065053296932655255 -0.026514131111184218 0.01340572411279491 -0.02626733234152465 -0.018754559732120837 -0.010987112070756618 -0.018509195266929731 0.0056673486110981131 0.0038181629024172355 0.02703858785146486 0.0014004807339403117 -0.014572544890153395 0.062227568600879551 -0.024024474093168047 -0.020852682583894253 -0.0086688570169193343 -0.022952421559349637 0.063578975596548265 0.062818917416730957 -0.028154405014020435 0.025969655176987985 0.053833927906443639 0.039704630432520177 -0.003368526037039311 0.017779230241204032 -0.020272103135640009 0.032184437455362695 -0.012249932131870108 -0.010596603920626831 0.023776391222503142 0.071652396285186895 -0.013960714651224568 0.043547785520510626 0.032031951585775514 -0.017973339932572399 0.01492581598540336 0.0031143557268241981 0.03928019599320131 0.037192955211186644 -0.014045638030371708 0.041184978823369328 0.055867058956481336 0.041475661592148008 0.04349478596320995 -0.0050339384502772954 -0.027050385688154367 -0.024922010837379695 0.045200478580568623 -0.035735600897434522 0.027555835658439057 0.035130719264200194 -0.0073418429862284976 0.050754313719849106 0.037747103093309482 0.05811876814402743 0.0017309997804680136 0.036795572057429241 -0.038143603258547973 0.021976390459453893
leaf_weight=38.161720596253872 207.15470293909311 62.553562127053738 5659.4281080067158 11.201078206300734 445.93937620520592 166.31641830503941 75.007065907120705 51.345198981463909 105.94137188792229 24.999157547950745 64.423023223876953 72.067846208810806 144.18029670417309 61.082257948815823 344.9980893433094 17.294415205717087 16.358530029654503 63.109412238001823 66.770615249872208 517.85358113795519 83.699177443981171 188.07334679365158 21.217972308397293 57.395223215222359 76.689008496701717 72.430307149887085 19.483421765267849 250.07447947561741 76.687841452658176 1375.537614941597 85.170693695545197 76.545819863677025 44.843819186091423 36.636333584785461 17.661890804767609 3964.2770391255617 1586.1952636539936 48.393922813236713 408.67886590212584 77.607426434755325 18896.142256818712 8258.7314300537109 70.227340504527092 51.13856440782547 23.138720065355301 117.99660912156105 246.37181206792593 94.671267732977867 63.445556879043579 28.323437556624413 257.38496874272823 31.037300184369087 123.5099578499794 1618.8505220115185 40.092701449990273 377.51591186225414 343.14236526191235 87.568127058446407 55.039208173751831 10890.083608284593 31.998663172125816 88.762246996164322
leaf_count=261 1569 211 57582 45 4031 482 564 377 683 168 248 217 341 291 1902 32 126 340 233 4291 161 439 144 194 174 279 95 869 434 3133 321 431 145 75 89 7179 3485 193 1169 245 36685 16517 240 95 36 313 670 466 365 113 469 129 293 3621 139 636 716 164 166 22303 128 212
internal_value=0.0283935 0.0358506 -0.0277456 0.00689615 -0.00576088 0.0369321 0.00635552 0.016115 0.0228359 0.0324896 0.0179532 0.037118 0.0305593 0.0124766 0.00286924 0.0244801 0.0407589 0.0262106 0.0374967 -0.0209134 0.0349816 0.0458751 0.0501107 -0.00866541 0.0108305 0.0238778 0.0305404 0.00985747 0.000529175 0.029375 0.0123285 0.01614 0.0248265 0.0107155 0.0435132 0.0375817 0.0365124 0.0346584 0.0282858 0.0293512 0.0391343 0.0386601 0.0367912 0.00912748 0.0080417 0.0242129 0.0357933 0.00554871 -0.00570299 0.0422 0.0299247 0.0338197 0.0145043 0.0327183 0.0340824 0.0409974 0.0319535 0.0467228 0.0357585 0.0359047 0.0301852 0.00561726
internal_weight=58578.7 51710.8 6867.9 1863.28 1208.47 49847.5 762.528 555.373 480.366 374.425 1334.22 49493.5 2710.8 1023.43 570.527 452.903 323.079 1918.07 46782.7 529.055 313.661 298.08 281.722 402.393 353.984 93.6483 168.134 313.184 139.241 1604.89 229.351 315.822 239.277 162.588 54.2982 46616.4 27630.3 14845.7 2193.62 2145.23 18986.1 12784.6 8380.1 121.366 89.9093 229.962 310.795 111.966 108.289 4404.53 440.256 411.932 154.547 1736.55 1658.94 792.726 415.21 107.052 12652.1 12597 1706.96 120.761
internal_count=177724 111762 65962 9517 8380 102245 4349 2780 2216 1533 5181 100705 6573 4263 2646 1617 1156 5004 94132 4336 972 988 862 2096 1540 423 550 1209 645 3795 662 1279 848 674 164 93650 56696 31661 5367 5174 36954 25035 16852 335 269 811 918 498 510 8183 1004 891 422 4005 3760 1569 933 259 26294 26128 3825 340
is_linear=0
shrinkage=0.03


Tree=18
num_leaves=63
num_cat=0
split_feature=1 17 61 17 18 55 57 28 21 8 8 4 24 1 20 48 18 8 48 18 22 47 55 38 56 4 25 57 57 56 54 28 56 23 8 46 19 18 59 59 38 47 58 55 18 57 1 48 59 53 41 61 21 53 21 53 22 55 6 28 54 17
split_gain=25542.5 1773.63 734.904 532.828 334.117 265.689 253.475 193.163 246.224 144.32 143.605 140.904 123.284 121.191 120.199 118.74 100.832 113.805 122.724 99.442 98.477 97.0359 163.999 131.395 123.173 108.86 94.0716 111.049 119.823 85.0078 81.5059 79.682 79.2587 104.346 96.2986 92.7721 78.1036 98.0945 77.4701 87.2698 77.2602 73.5902 72.2235 96.8876 70.0534 138.633 75.1956 70.0513 69.3404 87.6188 77.9089 76.1657 73.1194 100.093 68.3551 67.5091 68.3559 66.6293 107.078 96.7926 85.9171 78.6398
threshold=0.0021235000000000004 0.0014325000000000002 0.16288578192842365 0.0066185000000000003 0.19020450000000003 110.06350000000002 0.015612500000000001 540263.08031150012 0.0023815000000000004 140183.38908350005 371271.23846150009 -0.16516932512037011 -2.8234465790465539 0.00070950000000000017 61.785000000000004 248170.82794250004 0.78558600000000012 690683.81587500009 491933.43467450008 2.0463925000000001 -0.0099344999999999972 1.8146000000000002 200.30300000000003 1.9530115000000003 0.11123990000000002 -1.2358843405018056 4.6951500000000008 0.0088240000000000002 0.0075815000000000006 -0.00068747499999999989 5.785000000000001 6063695.7382855015 -0.00042259499999999995 -0.15043808662757444 2575112.1433940004 99.515000000000015 -1.6404999999999996e-05 0.59064950000000016 -2.0549999999999995e-05 -0.00059760999999999994 1.1091485000000003 4.3295500000000011 1.3256370000000002 737.01900000000012 0.38541550000000008 0.030536500000000005 0.00062850000000000004 9756839.8095625024 0.00061590000000000006 14.915000000000001 0.036863000000000007 0.50938662908026078 0.0017385000000000002 22.570000000000004 0.0093385000000000013 62.780000000000008 0.55086350000000006 43.295500000000011 49.105000000000011 23332.778494500006 30.615000000000006 0.00022150000000000004
decision_type=2 2 2 2 2 2 2 2 2 2 2 2 2 2 2 2 2 2 2 2 2 2 2 2 2 2 2 2 2 2 2 2 2 2 2 2 2 2 2 2 2 2 2 2 2 2 2 2 2 2 2 2 2 2 2 2 2 2 2 2 2 2
left_child=1 4 10 5 -1 -2 7 -7 55 11 38 -6 30 15 -14 -4 32 18 -18 -16 -20 25 26 54 -25 -12 27 28 -23 -13 -10 -19 33 47 35 41 37 -34 39 -3 -40 44 43 -27 45 -35 -47 -11 51 50 -50 -36 -53 -54 -24 56 -9 58 59 60 -46 -61
right_child=3 2 13 -5 9 6 -8 8 12 16 21 29 14 -15 19 -17 17 31 20 -21 -22 22 23 24 -26 42 -28 -29 -30 -31 -32 -33 36 34 48 -37 -38 -39 40 -41 -42 -43 -44 -45 57 46 -48 -49 49 -51 -52 52 53 -55 -56 -57 -58 -59 -60 61 -62 -63
leaf_value=-0.0017861656924023819 -0.027346938070262474 -0.033696724170849353 0.11241413858103214 -0.032920777299550355 0.0042925232957700754 -0.023012045198374589 -0.023186438997254741 -0.028361851286554808 0.054067896845649499 0.023128180898196002 -0.015374460005287003 -0.010760029284431247 0.063963917222078837 -0.023315971956856071 -0.010598450527547997 -0.013232557214104207 0.028116874617153315 0.036431342801761184 0.020577731434464695 0.081543129454403535 -0.018369535848084029 -0.0051825239343839136 0.040989010665414653 -0.0026792841765733489 0.052008029234863452 -0.01703416058036207 0.04570677102927858 -0.024073524092988418 0.053145619504077583 0.033910082995875668 -0.033529270591863947 0.019052291362705902 0.031292051303990619 0.030173386869267196 0.043211244631438946 0.052338712841258059 0.036936900973619909 0 0.022328883766396745 0.032618890875353149 -0.032324894679860217 0.0010692625370126163 0.05110854670182418 0.072275161609432731 -0.034826562322941637 0.013607304531481589 -0.040485752759493461 -0.02679071775183136 0.00058726637537103365 0.03575650573575357 0.064903782110866115 0.016384927969312697 0.017446012211981349 0.051340954422465883 -0.0067596110632625736 0.064375743959949341 0.050785357715909522 0.03541228491816592 0.035253362937482872 0.03056003154383375 0.044133675621097004 0.012816424649564024
leaf_weight=214.97984241694212 507.31137874722481 22.285812772810459 10.960655152797701 5282.206662170589 253.11290663480759 96.292713962495327 248.76515744626522 91.095517337322235 12.929914206266401 532.84032851457596 30.038165368139744 39.526531547307968 153.2943255007267 587.73521614074707 42.260637432336807 14.343955367803572 499.62526232004166 1636.0003129243851 119.30290135741234 12.822710074484347 112.36659797281027 98.986943483352661 359.38602832704782 179.39132029563189 45.422149106860161 34.563704073429108 35.648495383560658 142.6511807590723 45.02326712757349 581.59990679472685 29.07802190631628 291.19844362139702 690.68254859745502 220.53187954425812 2131.3444086313248 197.37107245624065 36448.261891260743 104.38843864202499 29.239579387009144 72.712424241006374 95.354008726775646 74.657906971871853 218.65071775764227 14.653712794184683 47.174797743558884 44.036447986960411 45.633751444518566 25.199004039168358 134.21387124061584 431.98080636560917 18.5727708786726 215.77529338002205 128.66368445754051 220.31503146886826 27.734773814678192 8.2286767661571485 9.8333771005272848 2839.950634367764 978.18430845439434 581.21161693334579 15.510507985949515 382.07375639677048
leaf_count=1128 4442 161 24 55707 850 818 2080 749 28 1327 155 167 341 4981 253 105 1183 3472 366 36 495 487 907 788 97 201 91 763 92 1241 227 813 1580 582 3947 302 71058 329 121 290 725 242 535 27 190 120 239 106 401 880 22 555 327 360 117 21 37 5856 1996 1265 27 1029
internal_value=0.0273079 0.0342733 0.00700103 -0.0288021 0.0353931 -0.0108136 0.00106973 0.0143946 0.0245321 0.0355534 0.0186393 0.0233202 0.0409036 -0.0204961 0.0503297 0.0422552 0.0357699 0.029981 0.0197586 0.0113875 0.00156045 0.0226231 0.0177743 0.0268848 0.00841847 0.0376185 0.000354596 -0.00532028 0.013087 0.0310065 -0.00523933 0.0338322 0.0360995 0.0335556 0.0343686 0.0318627 0.0367306 0.0272009 -0.00357971 0.0165603 -0.0191842 0.0310742 0.0437077 0.00986862 0.0315027 0.0173816 -0.013733 0.0207765 0.0384932 0.0288368 0.00897187 0.040565 0.0304664 0.0390156 0.0374822 -0.0127791 -0.0199337 0.032397 0.0280938 0.0212109 -0.0144318 0.023574
internal_weight=58815.2 52321.1 2064.78 6494.12 50256.3 1211.91 704.601 455.836 359.543 50041.3 1451.74 874.239 250.386 613.04 208.378 25.3046 49167.1 2658.49 731.295 55.0833 231.669 1232.15 934.244 611.934 224.813 297.906 322.31 286.661 144.01 621.126 42.0079 1927.2 46508.6 9265.24 8707.2 5426.34 37243.3 795.071 219.592 94.9982 124.594 5228.97 267.868 49.2174 5154.31 310.202 89.6702 558.039 3280.87 584.767 152.787 2696.1 564.754 348.979 387.121 109.158 100.929 4844.11 2004.15 1025.97 62.6853 963.285
internal_count=177861 113122 10667 64739 102455 9032 4590 2510 1692 101327 5557 2258 885 5110 630 129 99069 6329 2044 289 861 4260 3342 1909 885 918 1433 1342 579 1408 255 4285 92740 19773 18340 11848 72967 1909 1297 451 846 11546 763 228 11304 941 359 1433 6492 1303 423 5189 1242 687 1024 807 786 10363 4507 2511 217 2294
is_linear=0
shrinkage=0.03


Tree=19
num_leaves=63
num_cat=0
split_feature=1 1 1 8 55 60 40 63 37 21 47 8 6 8 60 46 3 37 55 52 56 56 40 43 38 37 45 57 19 4 1 37 8 7 55 58 43 40 47 2 54 52 46 62 54 60 39 47 20 56 57 20 47 56 56 21 43 48 56 1 1 39
split_gain=24060.8 1102.73 763.243 663.494 273.184 239.35 209.869 211.164 158.038 138.766 139.629 128.754 140.949 117.668 103.716 108.584 99.514 99.5101 116.613 102.063 92.2046 88.8727 115.81 114.721 93.8797 169.407 87.3492 105.088 81.1997 78.1096 109.125 123.89 78.9658 77.795 93.1628 85.7435 93.1259 95.4733 94.319 85.6846 84.129 109.529 76.5685 102.517 93.1862 85.8697 105.384 115.906 83.4008 122.384 93.9144 78.6563 158.064 95.3497 108.701 119.803 76.7354 141.276 97.7987 124.441 89.4442 107.571
threshold=0.0019105000000000001 0.00098650000000000018 0.0033105000000000005 621377.82430800016 110.06350000000002 -0.48098876891938752 35.735000000000007 1.0000000180025095e-35 0.013866500000000002 0.0023815000000000004 1.5440000000000003 204853.72035750002 47.335000000000008 107905.11714050001 0.96863394805116498 41.185000000000009 0.014970387840670863 0.029984500000000001 496.35300000000007 47.375000000000007 -0.00081663999999999988 0.043394680000000005 57.395000000000003 0.0020904186192963604 1.7951305000000002 0.015441500000000002 2.9245000000000005 0.019847000000000004 7.4755000000000012e-05 0.10996832184074061 0.00078450000000000015 0.022132000000000002 129617.80039550002 -0.011949999999999999 405.15700000000004 1.2799520000000002 0.18487969161991399 36.375000000000007 3.4308500000000004 0.32548650000000007 16.135000000000002 21.985000000000003 50.620000000000012 2.5000000000000004 56.695000000000007 -0.89194178735545504 0.0015868200000000003 0.21955000000000002 43.315000000000005 -0.0082967549999999977 0.054845500000000005 66.465000000000018 3.1703500000000004 0.025032545000000003 0.00097731000000000011 0.011459000000000002 0.17145209332387229 142330.44023450001 -0.035714704999999992 0.0006175000000000001 0.00020050000000000002 0.00044120500000000002
decision_type=2 2 2 2 2 2 2 2 2 2 2 2 2 2 2 2 2 2 2 2 2 2 2 2 2 2 2 2 2 2 2 2 2 2 2 2 2 2 2 2 2 2 2 2 2 2 2 2 2 2 2 2 2 2 2 2 2 2 2 2 2 2
left_child=1 5 4 13 -2 11 -6 16 9 10 -9 12 -1 -3 17 -16 -8 18 26 -19 -14 42 23 -23 -24 -26 -15 -28 29 30 32 -32 -7 34 35 -5 37 -37 40 -36 -39 -42 43 -13 45 46 47 -45 49 -44 -51 52 -50 54 56 -56 58 -58 -53 60 -60 -62
right_child=2 3 -4 33 6 28 7 8 -10 -11 -12 21 20 14 15 -17 -18 19 -20 -21 -22 22 24 -25 25 -27 27 -29 -30 -31 31 -33 -34 -35 39 36 -38 38 -40 -41 41 -43 48 44 -46 -47 -48 -49 51 50 -52 53 -54 -55 55 -57 57 -59 59 -61 61 -63
leaf_value=0.00011214955422939853 -0.023349982122848854 -0.031370664408768199 -0.032664959305889717 -0.014123329446698966 -0.028516362331117828 0.013675345145378 -0.028509182851570312 0.079833330855380538 -0.01279892895806878 0.045955246987981938 -0.014545112146345608 0.029755671397018384 -0.017938434728787638 -0.020432268690691664 -0.014180983451779804 0.04513903449614292 0.0076431399506813776 0.050063462451349537 0.015033827563753873 -0.014602138229371021 0.032083706661762371 0.02140687046215051 0.039239777046330353 -0.041651310033028105 0.0079971018790582511 0.033640297357458784 0.052618239809667171 -0.011900679625502364 -0.015856562223668848 0.037169679603203151 0.0066167311840254379 0.039739798963015917 0.034831228468561182 0.033604683188932984 0.034774364454953632 -0.016008907175888636 -0.013736084771897448 0.0090361265086935788 -0.002320293911143943 -0.0052936926639010895 0.0033628775450431619 0.053495192057268132 0.030253647115973271 0.02471351151177744 -0.015308825793890242 0.028363653381050746 0.053205187621230401 -0.012323845069826929 0.037355646961298915 -0.011882127698966247 0.037255361585150068 0.050394504756913629 0.0099943795938171997 0.053913757463494492 0.022492426400710669 -0.024043719944936266 0.00020059800635532311 0.036335669497044955 0.047739981043561031 -0.036508385815564356 0.025818005966132321 -0.010516077307991409
leaf_weight=248.51912365108728 593.89188572764397 124.73562459647655 5225.372231297195 88.224594376981258 151.16323534399271 166.74226707220078 132.40344244986773 16.204614341259003 81.562613002955914 231.11571282148361 76.916334763169289 1541.3694587126374 34.528651744127274 445.14699232578278 40.355877459049225 81.279955863952637 138.29629919677973 55.353302150964737 148.84539479762316 34.440146587789059 427.06133565306664 147.68176166713238 2815.8416972756386 30.269900113344193 256.90438631922007 2811.9223231077194 33.969008021056652 62.834703162312508 26.207065559923649 16953.744734361768 272.32594962418079 164.31463254988194 17063.938920930028 725.78499716520309 446.42295064777136 50.128011241555214 72.388626173138618 91.830064907670021 77.111882083117962 52.10866753757 50.899819232523441 194.01946701854467 365.67884121090174 125.79563584923744 72.852200381457806 456.26657245308161 40.965727582573891 188.33854502439499 3043.6564233154058 139.75336980819702 45.583843380212784 73.320410013198853 206.85315351188183 121.10510094463825 139.0431519895792 75.897454664111137 109.088284984231 1058.1518518328667 73.550034537911415 40.331604674458504 174.98148308694363 123.55565144121647
leaf_count=869 5142 1054 56200 403 1296 452 1151 45 549 620 534 3580 151 3161 231 255 938 159 678 190 964 355 5329 126 723 5776 108 439 119 31811 898 336 33336 1892 1068 238 330 323 318 220 181 377 860 301 273 1072 63 681 6099 483 90 128 573 189 337 277 325 2144 118 183 408 403
internal_value=0.0264085 0.0332156 -0.0273615 0.0151286 -0.00783661 0.0342626 0.00327361 0.0104529 0.0241407 0.033536 0.00223329 0.0310705 0.0184563 -0.00417897 -0.00035584 0.0252583 -0.00996895 -0.00441277 -0.00831562 0.025043 0.0282463 0.0316944 0.0344947 0.0103401 0.0352181 0.0315067 -0.0147996 0.0107392 0.0356418 0.0356821 0.0342508 0.0192123 0.034629 0.0258655 0.0208122 0.0129763 0.0175075 0.0224655 0.0272253 0.030524 0.0340666 0.0432546 0.0296205 0.0250543 0.0168005 0.0197358 0.00851722 0.002444 0.0315234 0.0202103 0.000177358 0.0327033 0.0356273 0.0278943 0.0261633 0.00588592 0.0287767 0.0329873 0.0185501 0.012708 0.0182067 0.0106953
internal_weight=59158.9 52512 6646.93 2875.88 1421.55 49636.1 827.662 676.499 405.799 324.237 93.1209 14988.9 710.109 1026.96 902.225 121.636 270.7 780.59 690.796 89.7934 461.59 14278.8 6062.62 177.952 5884.67 3068.83 541.951 96.8037 34647.3 34621.1 17667.3 436.641 17230.7 1848.92 1123.13 624.602 536.378 463.989 413.861 498.532 336.749 244.919 8216.14 2425.59 884.219 811.366 355.1 314.134 5790.55 551.016 185.337 5239.53 3250.51 1989.03 1867.92 214.941 1652.98 1167.24 485.739 412.419 372.087 298.537
internal_count=177932 111457 66475 11625 10275 99832 5133 3837 1748 1199 579 32880 1984 6275 5221 486 2089 4735 4386 349 1115 30896 12309 481 11828 6499 3708 547 66952 66833 35022 1234 33788 5350 3458 2170 1767 1437 1199 1288 881 558 18587 5970 2390 2117 1045 982 12617 1433 573 11184 6672 4512 4323 614 3709 2469 1240 1112 929 811
is_linear=0
shrinkage=0.03


Tree=20
num_leaves=63
num_cat=0
split_feature=1 17 17 8 8 41 40 55 18 37 24 8 0 1 37 38 59 18 47 63 1 57 52 39 20 37 58 17 1 58 47 43 45 48 53 45 37 51 48 44 20 57 55 37 17 25 48 53 54 56 52 55 28 25 18 43 58 58 37 18 20 25
split_gain=22369 1052.47 1017.36 319.757 318.753 228.024 218.468 209.802 201.521 120.871 113.135 111.512 196.14 214.905 109.904 104.488 92.7625 92.5224 92.1255 107.748 160.243 132.31 98.5279 95.7915 90.7481 88.3725 106.964 132.733 87.9156 86.5982 86.344 105.121 84.8284 81.4682 80.8248 113.464 93.387 83.9827 90.832 79.6636 78.189 74.8512 74.8057 73.9073 97.2852 100.492 92.4926 84.0171 83.1188 74.4448 72.3837 85.7641 135.161 77.4795 76.2687 72.1556 72.1096 109.356 69.3124 68.5217 66.65 108.916
threshold=0.0017815000000000003 0.0014325000000000002 0.0066185000000000003 371271.23846150009 221720.36463750002 0.013096500000000002 35.735000000000007 73.126000000000019 0.19020450000000003 0.015048500000000001 -2.8234465790465539 460158.58711800008 53.235000000000007 0.00022450000000000001 0.0020395000000000005 2.9633505000000002 -0.00011574499999999998 1.2074580000000001 0.34850000000000009 1.0000000180025095e-35 0.00045650000000000004 0.029227500000000003 5.8950000000000005 0.00013432500000000003 32.415000000000006 0.024762500000000003 1.5162355000000003 0.0026725000000000004 0.00059650000000000013 0.66707300000000014 -0.83234999999999992 0.0034566993459840688 -5.349499999999999 16888452.422755506 21.155000000000005 24.617400000000004 0.00020750000000000003 4.1286140000000007 636747.64270750002 -0.30093516477223919 70.715000000000018 0.0061470000000000006 1038.7960000000003 0.00044450000000000007 0.0019015000000000002 0.066650000000000015 4070805.4582220004 14.110000000000001 28.865000000000006 -0.041653584999999993 30.200000000000006 137.06700000000004 6063695.7382855015 5.9346500000000004 0.36447200000000007 -0.33778612199122621 1.8977470000000003 1.8294950000000003 0.0023395000000000004 0.46746350000000009 60.745000000000012 3.1798500000000005
decision_type=2 2 2 2 2 2 2 2 2 2 2 2 2 2 2 2 2 2 2 2 2 2 2 2 2 2 2 2 2 2 2 2 2 2 2 2 2 2 2 2 2 2 2 2 2 2 2 2 2 2 2 2 2 2 2 2 2 2 2 2 2 2
left_child=1 8 4 30 -2 6 -6 41 -1 10 -9 12 13 -10 -12 16 28 -14 32 20 34 22 -22 29 58 26 -5 43 40 -24 31 -3 59 -31 37 36 39 38 -20 -36 -15 -8 -18 -28 46 49 -45 -47 -48 -46 -26 52 53 -52 -53 -38 57 -29 -23 -13 -16 -62
right_child=2 3 -4 25 5 -7 7 9 11 -11 14 18 17 15 60 -17 42 -19 19 -21 21 24 23 -25 50 -27 27 56 -30 33 -32 -33 -34 -35 35 -37 55 -39 -40 -41 -42 -43 -44 44 45 47 48 -49 -50 -51 51 54 -54 -55 -56 -57 -58 -59 -60 -61 61 -63
leaf_value=0.00093248592287208283 -0.025657767805481197 0.059138819881256237 -0.032643552355334025 -0.0058621138125797998 -0.019497732567982366 -0.020938382717101588 -0.03416803567726507 -0.0051912809380436006 0.030927906963382674 -0.0097698599860465123 0.0018345338400148675 0.039135465247654155 0.036129737693277528 0.032994198195131892 0.051811780288897602 -0.017146245660062912 0.0094149458968803609 0 0.035566730997372113 0.034205254540170399 -0.023131054472254903 0.020726640777820573 -0.008176176100439532 0.007190577658014328 0.041599920582749396 0.04298267346656575 0.051232357282659041 -0.0086597976656959275 -0.0053262716177373366 0.024441888717906559 -0.017110154001266194 -0.031695840445066181 0.035693189376356703 0.06295311424912374 -0.019575715152146466 -0.011929842423165358 -0.0016177178625931634 0.02227934904205384 0.024058046926595897 0.024889161200339203 -0.0030741065661832683 0.0050076134242161736 0.0545730391696947 -0.011422933513600728 0.074556162116002647 0.0083185821997061211 0.057535726579380261 0.051898508887778243 -0.0058533797018898463 -0.0021658690409767328 0.045555783714948804 -0.033674069939595666 -0.027248187138951937 -0.0041599353214106091 0.021905018503410818 0.036604732074631427 -0.020005334946024252 0.062278679330171394 -0.038057838207251907 -0.016928315679951744 -0.0041249044007474226 0.05796646670198044
leaf_weight=178.57376807928085 514.30853565037251 29.601032555103302 5031.8510994464159 194.62805967032909 182.466492600739 283.6833098679781 74.062267780303955 64.73109595477581 2271.9531752467155 72.536380097270012 69.330595530569553 30.766394108533859 2857.6587221547961 585.14610195159912 256.51007875800133 77.185551941394806 795.36327056586742 66.439088560640812 2014.6632057875395 16299.70360635221 49.315686017274857 45.86223278939724 66.958406284451485 419.05741991102695 498.72599549591541 105.12226734310389 86.765053167939186 51.398827888071537 69.747714884579182 901.72031153738499 420.48488055169582 17.067035838961601 15038.320156112313 53.047304153442383 43.113862469792366 44.657728940248489 43.260845705866814 1169.8777216821909 935.38338567316532 191.78530211746693 57.753453716635704 102.64245854318142 33.874216020107269 124.50143681466579 11.809853658080099 54.013930968940258 42.494653724133968 177.50812564045191 30.871102102100849 96.50103510171175 375.44573657214642 21.848740041255951 25.94339320063591 29.139780968427658 566.10787010192871 4856.3994369953871 103.81478086858988 29.829973839223385 28.287748396396637 49.775003835558891 58.452824711799622 42.764039747416973
leaf_count=864 4825 113 55839 984 1370 2230 637 374 4719 489 430 63 5376 1238 603 276 2297 261 3826 31510 192 119 239 1237 938 253 153 292 281 2280 3252 139 28276 67 149 144 128 2682 2114 416 178 655 53 629 19 236 73 395 123 416 661 106 109 93 1386 9222 645 60 125 174 291 144
internal_value=0.0255482 0.032175 -0.0258327 0.008003 -0.00589982 0.00250733 0.00975678 0.0170172 0.0329244 0.025955 0.0312943 0.0330367 0.0294117 0.0249587 0.0368938 0.0165501 0.0182664 0.0353163 0.0335993 0.0325802 0.0304357 0.0244466 0.0179516 0.0193937 0.0304944 0.0167786 0.0139655 0.0187709 0.0262342 0.0243574 -0.0127621 0.0253222 0.0355284 0.0266766 0.0324142 0.0349526 0.0353685 0.0292081 0.0319372 0.0165524 0.0297077 -0.0113431 0.0113593 0.0253804 0.0210658 0.0307946 0.00413516 0.0419399 0.0307392 0.00653072 0.0320781 0.0273499 0.0376099 0.0418997 0.0197351 0.0362609 -0.00338936 0.017467 -0.00150807 0.00433715 0.043581 0.0221256
internal_weight=59122.6 52369.3 6753.34 1576.41 1721.49 1207.18 923.496 741.03 50792.9 564.325 491.789 50614.3 6815.12 3891.02 427.058 1619.07 1541.88 2924.1 43799.2 28680.3 12380.6 3081.46 1490.1 1440.78 1591.36 1109.26 1004.14 809.509 712.647 1021.73 467.153 46.6681 15118.9 954.768 9299.14 5179.22 5134.56 4119.92 2950.05 234.899 642.9 176.705 829.237 624.465 537.7 339.833 197.867 231.522 73.3658 108.311 1517.21 1018.49 430.529 404.586 587.957 4899.66 185.044 81.2288 74.15 80.5414 357.727 101.217
internal_count=177468 109581 67887 7782 12048 7223 4993 3623 101799 2331 1842 100935 14679 9042 1468 4323 4047 5637 86256 57743 26233 7552 4015 3823 3537 4278 4025 3041 1697 2586 3504 252 28513 2347 18681 10059 9915 8622 5940 565 1416 1292 2350 2044 1891 1066 825 631 196 435 3293 2355 863 754 1492 9350 997 352 244 237 1038 435
is_linear=0
shrinkage=0.03


Tree=21
num_leaves=63
num_cat=0
split_feature=1 17 61 17 55 21 21 60 38 60 63 61 21 46 41 61 6 56 47 3 56 47 22 19 57 45 22 40 56 23 56 40 52 61 61 42 51 39 24 21 61 57 24 17 51 7 21 38 28 21 43 7 52 39 43 60 21 52 21 1 56 45
split_gain=20793.2 1363.58 662.051 544.247 285.003 250.373 267.053 211.612 151.325 188.16 148.761 151.144 146.804 138.337 133.072 115.692 208.838 132.83 107.711 107.606 103.793 101.013 100.2 96.7708 92.1771 84.5866 84.9651 83.0046 125.992 82.7536 80.4962 113.934 98.6027 98.8871 81.4076 80.4827 79.8825 101.134 78.5588 78.6271 76.7853 76.598 75.7805 74.1759 73.3469 72.1511 73.7431 71.9777 71.604 76.6276 71.0856 70.4084 70.3852 72.3427 69.7865 137.162 121.397 74.0205 72.5863 69.527 68.503 68.3631
threshold=0.0021235000000000004 0.0014325000000000002 0.22706275313213803 0.0066185000000000003 110.06350000000002 0.0062445000000000009 0.0023815000000000004 -0.50938662908026078 1.8706240000000003 -0.9629878403374984 1.0000000180025095e-35 0.97854064376158201 0.0022515000000000005 3.7100000000000004 0.0018085000000000002 0.68355163169896505 69.155000000000015 0.12015652000000002 3.9176500000000005 -0.045759931167240274 -0.00042259499999999995 -1.5806999999999998 -0.50791099999999989 -1.7499999999999997e-07 0.018330500000000003 -0.13974999999999996 -0.28916899999999995 35.735000000000007 -0.0024829099999999992 0.066854625851477764 0.043394680000000005 57.395000000000003 77.835000000000022 0.22706275313213803 -0.63435554093529922 -0.47848099999999999 3.0163270000000004 0.00044120500000000002 -2.5399010131812303 0.0023115000000000006 -0.91080963307804841 0.045520500000000005 2.2519872088776043 0.0063605000000000007 8.9508610000000015 0.87825000000000009 0.0050785000000000005 4.0308080000000013 93086.774823500018 0.00071350000000000005 0.044329409134063323 0.77335000000000009 5.8950000000000005 0.00037508000000000002 0.01455040698835657 -0.88186879444286459 0.016406500000000004 20.105000000000004 0.00072850000000000009 0.00029150000000000004 -0.015805434999999996 4.3034500000000007
decision_type=2 2 2 2 2 2 2 2 2 2 2 2 2 2 2 2 2 2 2 2 2 2 2 2 2 2 2 2 2 2 2 2 2 2 2 2 2 2 2 2 2 2 2 2 2 2 2 2 2 2 2 2 2 2 2 2 2 2 2 2 2 2
left_child=1 7 8 4 -2 6 43 13 9 -3 11 -8 51 -1 -11 30 17 19 38 23 27 -4 -21 -17 42 -14 -27 28 45 -19 36 32 33 -32 -33 -24 52 54 39 -16 -20 -28 -12 -6 47 46 -9 -36 -30 -50 -44 -10 53 -15 55 56 57 60 -56 -18 -38 -39
right_child=3 2 21 -5 5 -7 10 20 12 14 24 -13 25 15 18 16 59 29 40 22 -22 -23 35 -25 -26 26 41 -29 48 -31 31 34 -34 -35 44 -37 37 61 -40 -41 -42 -43 50 -45 -46 -47 -48 -49 49 -51 -52 -53 -54 -55 58 -57 -58 -59 -60 -61 -62 -63
leaf_value=-0.0033762639858827903 -0.027515255321857685 -0.020708001323095721 0.055255470828463105 -0.032453791532875559 -0.021307230406934795 -0.027726645956004849 -0.013140193853977978 -0.0052822254649316875 -0.034610426172453274 -0.03029818092912305 0.058802051042641336 0.082976645550212058 -0.0059130857346170644 0.023011517347169573 -0.017409053840073838 -0.014019652658249648 0.042511213073683274 -0.038980579121045321 0.034201610364782122 -0.026586976927313422 0.033673223699292133 -0.023599861625426169 -0.01394639046527121 0.021033360431444652 -0.014597420784849609 0.050207600804596554 0.0048155146127020062 0.030721056965218849 -0.0065651555207233113 0.0068217427762153485 -0.029113252376434799 0.040119078337799499 0.045416913736047095 0.026245256849642209 0.032422238709202376 0.030614621646756521 0.05833747643992087 0.011667331143567525 0.03833944921047943 0.047366838558008786 -0.014611256499716525 0.053557427036878331 -0.023451339855640609 0.043967159096678581 0.011498348872659188 0.029878442726223548 0.021583937640501646 -0.0073573021839989615 0.00052375940144883202 0.051653162317537568 0.05693982468898566 0.031294790416475843 0.030108310287295711 -0.0095391581769278307 -0.014073188538286773 0.030592342332730171 0.037796712307849013 -0.024840191716377972 0.03193117665909901 0.018383808636400906 -0.0085779891650985558 -0.027933403080094864
leaf_weight=119.05101636052132 481.75448354333639 75.45591938495636 13.888389296829699 4874.9608729928732 172.60886932909489 182.61730902642012 97.550428919494152 237.84996211528778 100.60965877771378 32.337266385555267 160.80764060467482 16.301071092486382 148.12162055075169 307.78115642815828 47.347596436738968 154.01575419306755 399.28951992094517 64.197938546538353 46.020101793110371 31.291285306215286 28559.418547920883 536.76109334826469 37.722087725996971 129.28897029906511 21.024420656263828 70.983039252460003 192.96945971995592 6707.8921595439315 27.078106991946697 75.466814115643501 70.902036413550377 1245.4356932342052 43.838442474603653 47.389386132359505 4038.6773753911257 516.87466601282358 20.579572856426239 199.73780331015587 643.08289308845997 24.747301757335663 74.045221157371998 33.640069730579853 21.95157191157341 16.027657523751259 169.24401700496674 144.86422907561064 147.50345829129219 39.778843447566032 32.290716975927353 180.25318747013807 16.156774394214153 15.76011775434017 5862.3420959636569 74.659906253218651 30.622590333223343 270.07366506010294 55.986014939844608 128.65522236377001 814.4695606008172 157.16367827355862 35.864236168563366 47.548891365528107
leaf_count=435 4470 486 57 55558 1446 1624 756 784 730 233 314 69 703 730 279 620 697 294 122 130 53642 4710 134 346 150 158 844 13709 90 240 263 2138 73 100 8039 1184 25 537 1711 59 368 70 128 85 447 333 368 124 93 268 51 53 12541 243 115 619 111 536 1758 415 123 175
internal_value=0.0246261 0.0306162 0.00663709 -0.0280162 -0.00975103 0.00236647 0.0129758 0.0315777 0.0169438 0.0242893 0.0290998 0.000963097 0.00454528 0.0285841 0.0282568 0.0288388 0.0210225 0.012817 0.0305932 0.0171952 0.0328378 -0.02146 0.0245293 0.00188934 0.0434587 0.0124277 0.0216462 0.0296389 0.0201433 -0.0141458 0.029741 0.0325147 0.00743649 -0.00665019 0.0332479 0.0275101 0.0277346 0.0216564 0.0350076 0.00475932 0.0039785 0.0123865 0.0497873 -0.0154003 0.0312173 0.011863 0.00495306 0.0320252 0.0382151 0.0440646 0.0104494 -0.0252386 0.0292868 0.0165705 0.0248757 0.0159495 -0.000388705 -0.0122407 0.0302141 0.0357957 0.0158882 0.00385014
internal_weight=59342.6 53280.9 2055.77 6061.76 1186.8 705.046 522.428 51225.1 1505.12 943.036 333.792 113.852 562.084 15187.9 867.58 15068.9 1565.31 1008.86 835.243 869.193 36037.2 550.649 585.888 283.305 219.94 445.714 297.593 7477.73 769.84 139.665 13503.6 5655.27 162.13 118.291 5493.14 554.597 7848.32 1603.54 715.178 72.0949 120.065 226.61 198.916 188.637 4247.7 530.218 385.353 4078.46 239.622 212.544 38.1083 116.37 6244.78 382.441 1356.25 511.159 241.085 185.099 845.092 556.453 56.4438 247.287
internal_count=177713 113062 10583 64651 9093 4623 2999 102479 5816 3258 1468 825 2558 33192 2772 32757 4060 2948 2539 2414 69287 4767 1448 966 643 1775 1072 15645 1936 534 28697 11184 436 363 10748 1318 17513 3999 2049 338 490 914 493 1531 8610 1485 1152 8163 451 361 179 783 13514 973 3287 1414 795 684 1873 1112 148 712
is_linear=0
shrinkage=0.03


Tree=22
num_leaves=63
num_cat=0
split_feature=1 17 61 17 18 55 37 37 24 60 8 24 18 8 47 3 22 54 62 47 0 61 23 62 40 38 17 27 31 60 48 18 37 59 38 58 43 41 55 60 8 61 48 63 41 53 41 38 43 55 58 24 47 47 53 48 1 55 59 52 4 40
split_gain=19798.2 1325.05 612.97 450.78 262.808 255.353 235.601 150.23 157.096 140.127 127.723 118.317 116.884 115.7 114.492 112.793 112.43 114.938 97.8045 100.282 89.3707 450.991 98.0759 113.843 147.125 96.4027 96.2774 92.0141 87.2841 86.6906 84.7113 84.2336 113.343 84.0624 83.5301 107.172 117.059 81.8475 84.2203 78.8424 78.1033 77.9576 77.8047 76.5919 74.9236 73.9987 73.9303 88.572 116.797 85.3424 73.923 72.5493 70.5402 95.8509 70.3966 69.4704 67.9764 67.8177 80.3853 86.5427 78.4603 80.4395
threshold=0.0021235000000000004 0.0014325000000000002 0.16288578192842365 0.0066185000000000003 0.24492100000000003 110.06350000000002 0.015048500000000001 0.0020395000000000005 -1.8737247107323494 -0.3007057995042734 371271.23846150009 2.1538569850054539 0.77037100000000003 782015.06402300007 1.7740500000000001 0.028618756042539484 0.08879250000000001 0.75500000000000012 1.5000000000000002 4.3544500000000008 48.585000000000008 0.61734245059638992 0.17892965235543157 2.5000000000000004 57.265000000000008 0.30932000000000009 0.00014550000000000004 -0.42434999999999995 0.37044950000000004 0.96863394805116498 2619490.7223165003 1.2802475000000004 0.022536500000000004 -0.0014026649999999998 1.8706240000000003 1.3256370000000002 -0.1400996826813313 0.05503700000000001 -48.306999999999995 -0.96863394805116465 553606.51904650021 -0.564573334685324 150215.91622200003 1.0000000180025095e-35 0.06303700000000001 62.780000000000008 0.012462000000000003 2.2074320000000003 -0.090475042668782604 -37.307499999999997 2.0311425000000005 2.8588644831399219 1.8146000000000002 2.2060500000000007 15.635000000000003 686416.56990800018 0.00054450000000000017 551.31650000000013 -0.00011574499999999998 26.235000000000003 -1.5054005794321046 63.155000000000008
decision_type=2 2 2 2 2 2 2 2 2 2 2 2 2 2 2 2 2 2 2 2 2 2 2 2 2 2 2 2 2 2 2 2 2 2 2 2 2 2 2 2 2 2 2 2 2 2 2 2 2 2 2 2 2 2 2 2 2 2 2 2 2 2
left_child=1 4 10 5 46 -2 7 45 43 12 29 -10 20 16 31 -13 -14 -18 42 30 21 22 23 -6 27 -26 -22 -25 -21 -3 -20 -11 40 50 35 36 -12 38 -35 -37 -33 -28 51 -9 -43 -7 47 48 -1 -50 -24 -16 -41 -54 -27 -31 -4 58 60 -60 -56 -62
right_child=3 2 56 -5 9 6 -8 8 11 14 34 15 13 -15 18 -17 17 -19 19 28 26 -23 33 24 25 54 41 -29 -30 55 -32 32 -34 37 -36 39 -38 -39 -40 52 -42 44 -44 -45 -46 -47 -48 -49 49 -51 -52 -53 53 -55 57 -57 -58 -59 59 -61 61 -63
leaf_value=-0.015985725071707309 -0.028282478299152199 -0.021562261178259531 0.065951513369870332 -0.032303054485695176 0.034707026208156494 -0.023381486992047253 -0.030532255015043756 -0.029233542581432622 0.052388613528121554 0.033487256139617554 0.056257482356558079 -0.022180687439382306 0.019724924978539345 0.026253600782172617 0.010205174400074922 0.038812698551931195 0.045339025433587123 -0.024993097039927543 0.03070600027135887 0.022259928615934923 0.035004976655784635 0.0093881227017038691 -0.021428752775707514 -0.018708461545362192 0.048575897697112 0.036046584382715526 0.032743503993443335 0.016592139951967785 -0.022442531491228851 -0.0070368472462195956 0.039387080749173749 -0.02914735291840866 0.063579745956448122 -0.016095955825449974 0.010077557203231157 -0.015956967498815464 -0.029661819608142893 -0.015930145699152749 0.028921816853881052 0.049749841472863522 0.01803595895591428 0.026461722317530825 0.02480200622222738 0.017678956910629613 -0.012991694494014001 0.04408051059037655 -0.017749976059965158 -0.02381438134715004 -0.013390982753626393 0.04085587455496327 0.020947846906756683 0.047429284092879762 -0.035847342628063987 0.028983834469635622 -0.0074735657278913329 0.042993808116517443 -0.021340800490790957 0.041789843277757817 0.023193745400171151 -0.0094423387034279823 0.041623816245668487 0.012843582132944823
leaf_weight=58.653569713234901 468.84536388516426 122.25648768991232 7.034636363387107 4758.6993158385158 3493.1542415395379 125.83274326473475 165.24912467598915 64.90425681322813 140.70911803096533 20768.852226354182 17.95759779214859 50.034739635884762 199.64717589318752 631.24927018582821 61.082143351435661 57.016179010272026 23.57079841196537 133.74407075345516 5464.369501516223 150.65566578507423 3725.6951641738415 1150.1974092125893 71.993776857852936 86.245725929737091 209.86612112820148 453.15332616865635 2781.5083923488855 272.08834594488144 51.586567357182503 51.95912741869688 1300.7758920192719 52.090181946754456 29.067469269037247 37.80378945171833 486.13979440182447 31.023956604301929 55.820048585534096 40.94927804172039 778.04702511429787 157.04324924200773 76.748810678720474 3745.1602643057704 4059.19412650913 58.084104217588902 42.24588543176651 15.347610361874102 90.225597679615021 47.391647003591061 29.828600384294987 157.04332452267408 74.231589704751968 257.01652888953686 20.188225321471691 491.06792335212231 54.181907430291176 45.271483808755875 571.57466238737106 124.05063825845718 131.90998104214668 160.24510213732719 231.79415334761143 147.68240147829056
leaf_count=300 4467 893 24 55671 6712 1097 1569 600 390 37970 35 363 548 1495 151 232 38 585 10633 334 6935 3280 245 308 312 857 5284 684 181 289 2301 236 33 126 1908 168 349 135 1605 325 208 8225 8570 242 139 60 533 264 133 460 170 377 119 1374 163 134 5040 207 287 495 389 365
internal_value=0.023894 0.0296467 0.00601657 -0.028232 0.0305908 -0.011288 0.000458236 0.0105604 0.0206098 0.0307766 0.0162688 0.0343452 0.028694 0.0185329 0.0319881 0.0100858 0.00476055 -0.0140458 0.0295249 0.0317604 0.029255 0.0267251 0.0298502 0.0314754 0.0254113 0.0295113 0.0310967 0.0079839 0.0106556 -0.00472121 0.0323852 0.0333204 0.0111167 0.0211054 0.0199521 0.0261015 -0.00787507 0.0246895 0.026782 0.029735 -0.000886975 0.0288706 0.0259535 -0.00687217 0.0260104 -0.0155783 0.00572417 0.0130926 0.0204059 0.0320121 0 0.0404298 0.0319216 0.0263003 0.0263828 0.016153 -0.0201158 0.0211585 0.0175384 0.00521959 0.0257374 0.0305653
internal_weight=59417.1 53512.3 2057.34 5904.72 51455 1146.02 677.178 511.929 370.748 51071.9 1478.73 247.76 18800.4 988.211 32271.4 107.051 356.962 157.315 11344.7 6967.39 17812.2 7517.59 6367.4 5364.37 1871.22 1512.88 10294.6 358.334 202.242 219.487 6765.15 20926.8 157.906 1003.03 1259.24 773.101 73.7776 856.8 815.851 699.323 128.839 6568.91 4377.29 122.988 3787.41 141.18 383.143 292.917 245.525 186.872 146.225 318.099 668.299 511.256 1303.02 97.2306 578.609 849.864 725.814 292.155 433.658 379.477
internal_count=177622 112931 10658 64691 102273 9020 4553 2984 1827 100583 5594 985 39589 2666 60994 595 1171 623 22547 13449 36923 16340 13060 10779 4067 3075 20583 992 515 1316 12934 38447 477 2281 4278 2370 384 1866 1731 1986 444 13648 9098 842 8364 1157 1690 1157 893 593 415 528 1818 1493 2763 423 5064 1906 1699 782 917 754
is_linear=0
shrinkage=0.03


end of trees

feature_importances:
Column_61=99
Column_17=88
Column_1=75
Column_37=57
Column_8=56
Column_21=54
Column_48=50
Column_60=50
Column_56=49
Column_41=47
Column_18=45
Column_55=44
Column_57=42
Column_43=41
Column_45=40
Column_47=35
Column_20=32
Column_44=32
Column_58=30
Column_38=28
Column_46=27
Column_52=24
Column_54=23
Column_0=22
Column_39=22
Column_40=22
Column_3=21
Column_4=21
Column_59=21
Column_24=20
Column_28=20
Column_53=20
Column_42=19
Column_51=19
Column_19=18
Column_25=18
Column_22=17
Column_2=12
Column_23=12
Column_6=11
Column_27=9
Column_26=8
Column_63=7
Column_62=6
Column_7=5
Column_5=2
Column_36=2
Column_16=1
Column_31=1
Column_32=1
Column_35=1

parameters:
[boosting: gbdt]
[objective: binary]
[metric: binary_logloss]
[tree_learner: serial]
[device_type: cpu]
[data_sample_strategy: bagging]
[data: ]
[valid: ]
[num_iterations: 2000]
[learning_rate: 0.03]
[num_leaves: 63]
[num_threads: 0]
[seed: 0]
[deterministic: 0]
[force_col_wise: 0]
[force_row_wise: 0]
[histogram_pool_size: -1]
[max_depth: -1]
[min_data_in_leaf: 50]
[min_sum_hessian_in_leaf: 0.001]
[bagging_fraction: 0.8]
[pos_bagging_fraction: 1]
[neg_bagging_fraction: 1]
[bagging_freq: 1]
[bagging_seed: 3]
[bagging_by_query: 0]
[feature_fraction: 0.8]
[feature_fraction_bynode: 1]
[feature_fraction_seed: 2]
[extra_trees: 0]
[extra_seed: 6]
[early_stopping_round: 0]
[early_stopping_min_delta: 0]
[first_metric_only: 0]
[max_delta_step: 0]
[lambda_l1: 1]
[lambda_l2: 1]
[linear_lambda: 0]
[min_gain_to_split: 0]
[drop_rate: 0.1]
[max_drop: 50]
[skip_drop: 0.5]
[xgboost_dart_mode: 0]
[uniform_drop: 0]
[drop_seed: 4]
[top_rate: 0.2]
[other_rate: 0.1]
[min_data_per_group: 100]
[max_cat_threshold: 32]
[cat_l2: 10]
[cat_smooth: 10]
[max_cat_to_onehot: 4]
[top_k: 20]
[monotone_constraints: ]
[monotone_constraints_method: basic]
[monotone_penalty: 0]
[feature_contri: ]
[forcedsplits_filename: ]
[refit_decay_rate: 0.9]
[cegb_tradeoff: 1]
[cegb_penalty_split: 0]
[cegb_penalty_feature_lazy: ]
[cegb_penalty_feature_coupled: ]
[path_smooth: 0]
[interaction_constraints: ]
[verbosity: -1]
[saved_feature_importance_type: 0]
[use_quantized_grad: 0]
[num_grad_quant_bins: 4]
[quant_train_renew_leaf: 0]
[stochastic_rounding: 1]
[linear_tree: 0]
[max_bin: 255]
[max_bin_by_feature: ]
[min_data_in_bin: 3]
[bin_construct_sample_cnt: 200000]
[data_random_seed: 1]
[is_enable_sparse: 1]
[enable_bundle: 1]
[use_missing: 1]
[zero_as_missing: 0]
[feature_pre_filter: 1]
[pre_partition: 0]
[two_round: 0]
[header: 0]
[label_column: ]
[weight_column: ]
[group_column: ]
[ignore_column: ]
[categorical_feature: ]
[forcedbins_filename: ]
[precise_float_parser: 0]
[parser_config_file: ]
[objective_seed: 5]
[num_class: 1]
[is_unbalance: 0]
[scale_pos_weight: 4.57427]
[sigmoid: 1]
[boost_from_average: 1]
[reg_sqrt: 0]
[alpha: 0.9]
[fair_c: 1]
[poisson_max_delta_step: 0.7]
[tweedie_variance_power: 1.5]
[lambdarank_truncation_level: 30]
[lambdarank_norm: 1]
[label_gain: ]
[lambdarank_position_bias_regularization: 0]
[eval_at: ]
[multi_error_top_k: 1]
[auc_mu_weights: ]
[num_machines: 1]
[local_listen_port: 12400]
[time_out: 120]
[machine_list_filename: ]
[machines: ]
[gpu_platform_id: -1]
[gpu_device_id: -1]
[gpu_use_dp: 0]
[num_gpu: 1]

end of parameters

pandas_categorical:null
