tree
version=v4
num_class=1
num_tree_per_iteration=1
label_index=0
max_feature_idx=91
objective=binary sigmoid:1
feature_names=Column_0 Column_1 Column_2 Column_3 Column_4 Column_5 Column_6 Column_7 Column_8 Column_9 Column_10 Column_11 Column_12 Column_13 Column_14 Column_15 Column_16 Column_17 Column_18 Column_19 Column_20 Column_21 Column_22 Column_23 Column_24 Column_25 Column_26 Column_27 Column_28 Column_29 Column_30 Column_31 Column_32 Column_33 Column_34 Column_35 Column_36 Column_37 Column_38 Column_39 Column_40 Column_41 Column_42 Column_43 Column_44 Column_45 Column_46 Column_47 Column_48 Column_49 Column_50 Column_51 Column_52 Column_53 Column_54 Column_55 Column_56 Column_57 Column_58 Column_59 Column_60 Column_61 Column_62 Column_63 Column_64 Column_65 Column_66 Column_67 Column_68 Column_69 Column_70 Column_71 Column_72 Column_73 Column_74 Column_75 Column_76 Column_77 Column_78 Column_79 Column_80 Column_81 Column_82 Column_83 Column_84 Column_85 Column_86 Column_87 Column_88 Column_89 Column_90 Column_91
feature_infos=[0.95389999999999997:1.23482] [0.95389999999999997:1.23482] [0.95462999999999998:1.2349399999999999] [0.95357000000000003:1.23448] [0.22:264424.3898] [0.96011999999999997:1.23421] [0.96126:1.2339] [0.95974999999999999:1.2342200000000001] [0.96328999999999998:1.2337100000000001] [0.97094000000000003:1.2329399999999999] [0.97475000000000001:1.23221] [0.96011999999999997:1.23421] [0.62:91.090000000000003] [5.3000000000000001e-05:0.054050000000000001] [-2.329758:3.296869] [-0.01457367:0.012870009999999999] [-0.198661:0.038996000000000003] [-20.353000000000002:6.4504999999999999] [0:100] [-37659802.030000001:1193346.3600000001] [-3.3092000000000001:4.3581000000000003] [37.371127000000001:362832589.30712497] [0:1] [0:1] [0:0.24564] [0:14.537974999999999] [0:100] [0:100] [0:100] [-100:6700] [-0.22740199999999999:0.059043680000000001] [1.4e-05:0.101086] [0.006705:10.180012] [-0.067480159999999997:0.010629960000000001] [0.95548:1.23353] [0.95615000000000006:1.2311300000000001] [0.95570999999999995:1.2332099999999999] [0.95667999999999997:1.2315100000000001] [0.95855000000000001:1.22584] [0.96486000000000005:1.2112000000000001] [0.95548:1.2335199999999999] [4.1500000000000004:99.760000000000005] [0.000195:0.086930999999999994] [-3.6768489999999998:2.3756409999999999] [-0.0122145:0.0150796] [-0.15094299999999999:0.19778200000000001] [-17.654299999999999:23.0304] [0.01:100] [-9077606.5500000007:3211572.1600000001] [-3.6793999999999998:4.3586] [77.409227999999999:306989728.04866099] [0:1] [0:1] [0:0.22248000000000001] [0:14.769584999999999] [0:100] [0:100] [0:100] [-100:34900] [-0.19489259:0.20695706] [6.0000000000000002e-05:0.53812400000000005] [0.013237000000000001:132.23729900000001] [-0.066524310000000003:0.066474060000000001] [0.96996000000000004:1.22845] [0.97058999999999995:1.2289000000000001] [0.97043000000000001:1.22227] [0.97635000000000005:1.2270700000000001] [0.96923000000000004:1.2237100000000001] [0.96884999999999999:1.21007] [0.96996000000000004:1.22845] [0.57999999999999996:99.75] [0.00053300000000000005:0.078666] [-2.490462:2.1984620000000001] [-0.011042:0.01488923] [-0.108429:0.223078] [-11.4411:25.6493] [0.070000000000000007:99.980000000000004] [-37679625.329999998:3228525.29] [-3.0727000000000002:4.3589000000000002] [1448.4302170000001:149855353.51292801] [0:1] [0:1] [0:0.24793000000000001] [0:14.637029] [0:100] [0:100] [0:99.400000000000006] [-93.370999999999995:10920] [-0.12169147:0.22781203] [0.00015799999999999999:0.55201699999999998] [0.027803999999999999:199.99576099999999] [-0.02699621:0.070348209999999994]
tree_sizes=1716 1753 1761 1758 1754 1767 1767 1767 1766 1762 1761 1757 1780 1772 1769 1772 1770 1773 1786 1792 1778 1770 1771 1770 1774 1772 1781 1767 1786 1782 1787 1774 1779 1772 1788 1779 1767 1774 1777 1773 1787 1785 1796 1782 1779 1787 1772 1780 1778 1797 1783 1788 1784 1776 1781 1783 1790 1783 1795 1792 1788 1786 1794 1783 1794 1785 1789 1788 1783 1774 1793 1791 1789 1788 1794 1800 1777 1776 1777 1785 1789 1781 1784 1784 1792 1793 1799 1795 1786 1796 1785 1793 1772 1791 1772 1798 1808 1782 1785 1798 1803 1796 1796 1787 1797 1782 1787 1791 1790 1798 1775 1793 1799 1778 1779 1785 1788 1765 1812 1783 1790 1777 1793 1791 1789 1799 1789 1785 1790 1790 1801 1794 1788 1805 1798 1784 1800 1779 1783 1794 1797 1808 1801 1791 1801 1780 1806 1772 1801 1796 1793 1795 1793 1792 1797 1792 1795 1791 1796 1793 1789 1810 1786 1793 1786 1790 1801 1792 1801 1804 1780 1791 1787 1796 1795 1803 1785 1804 1820 1775 1804 1812 1782 1782 1795 1801 1796 1805 1805 1810 1796 1795 1794 1798 1798 1796 1794 1805 1802 1795 1790 1793 1810 1779 1783 1787 1781 1807 1793 1793 1783 1788 1790 1811 1806 1780 1787 1793 1801 1794 1810 1787 1802 1812 1798 1791 1766 1778 1801 1796 1792 1799 1796 1808 1799 1782 1800 1807 1784 1796 1809 1796 1792 1797 1794 1792 1802 1782 1812 1798 1790 1792 1791 1817 1790 1803 1792 1782 1796 1796 1766 1801 1798 1793 1779 1800 1783 1793 1799 1802 1789 1774 1810 1796 1798 1791 1768 1779 1796 1784 1780 1763 1801 1803 1798 1817 1791 1794 1777 1790 1816 1790 1819 1789 1791 1804 1788 1797 1777 1800 1787 1774 1788 1802 1792 1790 1801 1795 1794 1774 1802 1812 1801 1806 1799 1796 1769 1804 1802 1818 1785 1811 1803 1778 1796 1784 1799 1791 1809 1803 1785 1807 1796 1788 1815 1795 1792 1800 1813 1794 1798 1777 1785 1794 1800 1793 1779 1795 1790 1812 1817 1777 1792 1792 1800 1780 1799 1804 1786 1795 1793 1807 1797 1797 1791 1787 1806 1770 1806 1793 1781 1797 1774 1812 1805 1815 1796 1785 1790 1791 1801 1803 1800 1801 1793 1772 1799 1797 1790 1788 1809 1783 1797 1824 1791 1776 1795 1803 1786 1790 1793 1793 1797 1798 1803 1809 1799 1787 1794 1797 1774 1803 1792 1803 1793 1777 1811 1801 1801 1805 1789 1798 1797 1790 1806 1773 1808 1787 1796 1767 1796 1799 1805 1791 1793 1802 1799 1810 1805 1815 1800 1795 1797 1789 1811 1793 1800 1803 1802 1808 1795 1806 1764 1799 1801 1811 1797 1780 1781 1795 1795 1810 1797 1817 1776 1810 1784 1799 1806 1785 1796 1805

Tree=0
num_leaves=15
num_cat=0
split_feature=1 19 39 48 48 39 48 7 31 39 77 48 48 48
split_gain=58148.1 9354.6 2245.89 2462.96 1726.43 1942.3 1287.02 1264.82 743.661 733.787 1078.1 684.574 1001.05 612.225
threshold=1.1281050000000004 -4054323.0549999992 1.1217550000000003 823061.00000000012 2087331.0000000002 1.1402550000000002 2973720.4050000007 1.1718950000000004 0.0046085000000000006 1.1132650000000002 -791899.24499999988 -1613332.7799999998 1.0000000180025095e-35 -754179.14999999991
decision_type=2 2 2 2 2 2 2 2 2 2 2 2 2 2
left_child=2 -2 6 -4 5 7 8 11 9 10 -1 -3 -13 -10
right_child=1 4 3 -5 -6 -7 -8 -9 13 -11 -12 12 -14 -15
leaf_value=-1.3423358429847587 -1.2671945161790497 -1.3773984266566437 -1.275253839008464 -1.3514407178744443 -1.3800907804532236 -1.2875360779868736 -1.3677394696256227 -1.2849009124119346 -1.3682978310812803 -1.3651377523345836 -1.3117839174023622 -1.2909105869470727 -1.3566695833225662 -1.345646056593343
leaf_weight=2634.8823779523373 26062.56024415791 451.73859682679176 850.79681766033173 693.77863965928555 367.08134625852108 1573.1408580243587 2361.2340778410435 372.03041899204254 1295.6796819865704 618.05595415830612 1720.7637627124786 331.57300178706646 555.44175392389297 6236.877272516489
leaf_count=13013 80323 2624 2789 3582 2157 5637 13146 1307 7232 3402 7198 1214 2941 31314
internal_value=-1.29853 -1.2735 -1.34385 -1.30943 -1.3185 -1.3116 -1.34743 -1.33376 -1.3436 -1.3346 -1.33025 -1.3474 -1.33208 -1.34955
internal_weight=46125.6 29713.6 16412.1 1544.58 3651.01 3283.92 14867.5 1710.78 12506.3 4973.7 4355.65 1338.75 887.015 7532.56
internal_count=177879 96203 81676 6371 15880 13723 75305 8086 62159 23613 20211 6779 4155 38546
is_linear=0
shrinkage=1


Tree=1
num_leaves=15
num_cat=0
split_feature=1 19 39 48 48 39 48 7 32 89 39 61 48 48
split_gain=49373.2 7806.06 1977.17 2262.42 1613.37 1850.99 1361.81 1168.12 719.217 738.205 856.652 675.763 614.226 836.935
threshold=1.1281050000000004 -4054323.0549999992 1.1217550000000003 1978281.03 2087331.0000000002 1.1402550000000002 2973720.4050000007 1.1718950000000004 1.6500090000000003 0.018591000000000003 1.1132650000000002 1.6604025000000002 -1613332.7799999998 1.0000000180025095e-35
decision_type=2 2 2 2 2 2 2 2 2 2 2 2 2 2
left_child=2 -2 6 -4 5 7 8 12 9 10 -1 -10 -3 -14
right_child=1 4 3 -5 -6 -7 -8 -9 11 -11 -12 -13 13 -15
leaf_value=0.034170407384637939 0.078596923352611245 -0.024585698097370889 0.06595272565387221 -0.0099022444057986787 -0.028528436425343334 0.06148538781602713 -0.015621240847138904 0.063523560941993573 0.012207239504570085 0.0021731071367445298 -0.020976950703911087 -0.0049070667950631012 0.055637401402989541 -0.0040140031016646319
leaf_weight=2478.0635389238596 27320.656718373299 451.09552749991417 1057.5979593098164 530.25943130254745 353.860052511096 1644.7165202498436 2336.3458607792854 378.52276781201363 4435.7306841313839 1466.481043279171 281.02234429121017 3899.3184480369091 336.45483823120594 565.44630715250969
leaf_count=10543 80314 2661 3512 2882 2126 5646 13171 1275 21615 7478 1618 20652 1206 3002
internal_value=0.050761 0.073038 0.00879661 0.0406121 0.0323039 0.0386951 0.00540091 0.017007 0.00931447 0.0193972 0.028537 0.00419757 0.00393377 0.0182427
internal_weight=47535.6 31050.8 16484.8 1587.86 3730.1 3376.24 14897 1731.52 12560.6 4225.57 2759.09 8335.05 1353 901.901
internal_count=177701 96230 81471 6394 15916 13790 75077 8144 61906 19639 12161 42267 6869 4208
is_linear=0
shrinkage=0.03


Tree=2
num_leaves=15
num_cat=0
split_feature=3 19 38 48 38 48 48 13 0 19 19 19 19 48
split_gain=43513.6 6641.76 1873.31 1467.21 1444.51 1308.91 1680.06 850.321 1008.24 765.011 1602.75 905.77 909.229 669.792
threshold=1.1279750000000002 -4054323.0549999992 1.1374950000000001 2087331.0000000002 1.1355450000000002 529630.43000000005 -457508.84499999991 0.00080850000000000008 1.0321150000000003 -4429885.0699999994 -2385336.4849999999 -397054.64999999997 349495.61500000005 308108.46500000003
decision_type=2 2 2 2 2 2 2 2 2 2 2 2 2 2
left_child=2 -2 5 4 -3 6 7 -1 -9 -8 -11 13 -13 -12
right_child=1 3 -4 -5 -6 -7 9 8 -10 10 11 12 -14 -15
leaf_value=0.024640481398228848 0.073158877304656672 0.009410004176208504 0.061848087194591873 -0.027060435023323757 0.050693749425267526 -0.0025056991137912838 0.067070434071465693 0.053130650562524563 -0.010768127750979345 -0.0082636154482756529 0.069643441771161926 0.0026083993501213052 0.057298408227141863 0.026629835806354116
leaf_weight=1080.9242994785309 28540.76790574193 1150.4667785465717 570.45091618597507 355.6383109241724 2277.266951456666 7564.9157901108265 412.82375259697437 238.81748309731483 3016.195502564311 1009.0127566307783 846.38608261942863 955.0780870616436 383.2047179043293 536.93465383350849
leaf_count=4783 80248 5619 1868 2164 8063 39727 1300 913 16379 5400 2796 4820 1376 2353
internal_value=0.0479261 0.0682067 0.00846628 0.0308316 0.036853 0.0065627 0.014656 0.00159358 -0.00605584 0.0283144 0.0240008 0.0359722 0.0183219 0.0530007
internal_weight=48938.9 32324.1 16614.7 3783.37 3427.73 16044.3 8479.38 4335.94 3255.01 4143.44 3730.62 2721.6 1338.28 1383.32
internal_count=177809 96094 81715 15846 13682 79847 40120 22075 17292 18045 16745 11345 6196 5149
is_linear=0
shrinkage=0.03


Tree=3
num_leaves=15
num_cat=0
split_feature=2 19 21 9 75 77 68 67 45 77 39 2 39 35
split_gain=38362.4 5852.47 1582.04 1378.58 1173.74 789.473 687.209 584.888 605.91 577.53 510.761 497.259 465.988 463.163
threshold=1.1277450000000002 -4054323.0549999992 305040.73850050004 1.1208150000000001 6.3362000000000007 -4923771.9549999991 1.0778050000000003 1.0648850000000001 -0.014967499999999998 -6710077.0699999994 1.1132650000000002 1.1863950000000003 1.0117850000000002 1.0415950000000003
decision_type=2 2 2 2 2 2 2 2 2 2 2 2 2 2
left_child=2 11 7 6 5 -3 -4 8 9 13 -8 -2 -10 -1
right_child=1 4 3 -5 -6 -7 10 -9 12 -11 -12 -13 -14 -15
leaf_value=-0.0077856529633046623 0.0644620523096925 0.063010797553115019 -0.0020409125714190928 0.055291785905993859 0.048215988425216155 0.0083880386733465751 0.026515409490492161 -0.0034439962592816326 -0.0072720447499285768 -0.03734999158020736 -0.0038803028277278801 0.072299200993831761 0.037590840365820541 0.031076323081352324
leaf_weight=622.17736779153347 15601.905648961663 270.20383904874325 1617.1006333529949 854.85628396272659 1671.851027816534 1977.9484380185604 3002.594950273633 7756.4874981790781 262.65661612153053 301.34607796370983 594.045943364501 14178.769409641623 982.7354012131691 493.43826572597027
leaf_count=3319 43717 813 8352 2818 5763 9600 12996 40799 1395 1873 3108 36967 4127 2143
internal_value=0.0453147 0.06366 0.00781325 0.0199885 0.0291778 0.0149915 0.0141848 0.000717498 0.0128496 -0.000549481 0.021487 0.0681967 0.0281068 0.00938862
internal_weight=50188.1 33700.7 16487.4 6068.6 3920 2248.15 5213.74 10418.8 2662.35 1416.96 3596.64 29780.7 1245.39 1115.62
internal_count=177790 96860 80930 27274 16176 10413 24456 53656 12857 7335 16104 80684 5522 5462
is_linear=0
shrinkage=0.03


Tree=4
num_leaves=15
num_cat=0
split_feature=3 19 48 38 48 48 39 10 79 48 64 2 39 48
split_gain=33860.5 5078.54 1594.98 1370.33 1360.2 1222.25 1415.92 1003.14 803.53 690.335 644.619 593.871 542.034 972.497
threshold=1.1279750000000002 -4054323.0549999992 2630672.3900000001 1.1216250000000001 1978281.03 2087331.0000000002 1.1413250000000001 1.1748350000000003 1004411.2816200001 2133578.3000000003 1.1593150000000001 1.1426450000000001 1.0359550000000002 -457508.84499999991
decision_type=2 2 2 2 2 2 2 2 2 2 2 2 2 2
left_child=2 -2 3 8 -5 6 7 -3 9 10 -1 -8 -10 -14
right_child=1 5 -4 4 -6 -7 11 -9 12 -11 -12 -13 13 -15
leaf_value=-0.0098064088125491191 0.064118155431364177 0.0036085555320453217 -0.0079642317383683478 0.056460260650513891 -0.011626253676004299 -0.025730653107747255 0.081415859839295543 0.054179995363661151 -0.0011710772678892069 0.038780910005162143 0.029672462011078524 0.041651365855148503 0.0075664025937160822 0.032309100217073686
leaf_weight=3147.5730256140232 30601.492407515645 1477.5939661711454 4219.2668838948011 1128.0868871062994 343.39895594120026 348.70890499651432 489.98102028667927 463.53726108372211 1371.4824337512255 353.07685641944408 420.90847139060497 1124.8759137541056 2896.8291107863188 2830.946533665061
leaf_count=16849 80005 7257 22885 3473 1883 2136 1201 1426 7066 1467 1831 3842 14197 11743
internal_value=0.043031 0.060006 0.00797747 0.0133644 0.0405535 0.027763 0.0330229 0.015722 0.00972805 -0.00116396 -0.0051344 0.0537782 0.0157482 0.0198042
internal_weight=51217.8 34506.2 16711.6 12492.3 1471.49 3904.7 3555.99 1941.13 11020.8 3921.56 3568.48 1614.86 7099.26 5727.78
internal_count=177261 95867 81394 58509 5356 15862 13726 8683 53153 20147 18680 5043 33006 25940
is_linear=0
shrinkage=0.03


Tree=5
num_leaves=15
num_cat=0
split_feature=1 19 48 0 68 1 48 67 0 13 70 48 19 12
split_gain=30478.1 5487.64 1279.24 1156.61 1254.22 977.784 1671.16 1389.6 797.855 983.665 679.263 621.222 768.336 705.462
threshold=1.1245650000000003 -4034177.6199999996 2630672.3900000001 1.1626750000000003 1.0770350000000002 1.0058450000000001 -457508.84499999991 1.0993550000000003 1.0321150000000003 0.00088850000000000008 46.925000000000004 -1613332.7799999998 -3007826.9949999996 43.905000000000008
decision_type=2 2 2 2 2 2 2 2 2 2 2 2 2 2
left_child=2 -2 5 4 -3 -1 8 -8 -7 -10 -9 -6 -13 -14
right_child=1 3 -4 -5 11 6 7 10 9 -11 -12 12 13 -15
leaf_value=-0.006040472553131772 0.060042165966707625 0.058628233508779916 -0.0082308059666038446 0.045357357134680275 -0.026435279577662497 0.055885406835024624 0.039242503537493208 0.015904113061376728 0.022158417271602344 -0.011121156538314369 -0.028256618958661488 -0.024777456196361961 0.050982068687656028 0.0069105448962824148
leaf_weight=2383.8995270431042 32183.916426107287 445.73854719102383 4187.176348567009 1476.7555696964264 484.64376693964005 227.64247520267963 3167.4965904802084 1565.5332051366568 1111.1712618619204 2839.6966704726219 390.60208533704281 406.78354911506176 492.63582523167133 974.77829883992672
leaf_count=12649 81999 1287 22864 4697 2831 787 12176 7092 4817 15514 2278 2443 1642 4640
internal_value=0.0406928 0.0557968 0.00599152 0.0238693 0.0125319 0.0110903 0.0154839 0.0269656 0.00139488 -0.00175053 0.00706082 0.00378744 0.0116286 0.0217512
internal_weight=52338.5 36465.3 15873.2 4281.34 2804.58 11686 9302.14 5123.63 4178.51 3950.87 1956.14 2358.84 1874.2 1467.41
internal_count=177716 99539 78177 17540 12843 55313 42664 21546 21118 20331 9370 11556 8725 6282
is_linear=0
shrinkage=0.03


Tree=6
num_leaves=15
num_cat=0
split_feature=2 19 21 48 39 48 39 46 77 0 19 82 39 2
split_gain=27200.9 4048.67 1322.99 1107.86 1209.41 1101.16 1275.6 836.677 678.573 741.845 760.789 558.638 632.325 819.564
threshold=1.1277450000000002 -4054323.0549999992 210249.64029300003 579498.08500000008 1.1267250000000002 2087331.0000000002 1.1413250000000001 3.8743000000000003 -6817040.3999999994 1.0035850000000002 -1286027.9999999998 0.0017950000000000002 1.1161050000000003 1.0979950000000003
decision_type=2 2 2 2 2 2 2 2 2 2 2 2 2 2
left_child=2 -2 8 4 -4 6 7 -3 9 -1 -11 -10 -13 -14
right_child=1 5 3 -5 -6 -7 -8 -9 11 10 -12 12 13 -15
leaf_value=-0.0060809630678054939 0.056877931416610281 -0.002768474630274468 0.018329538947422928 -0.0018630549149957843 0.060939857239654283 -0.026717587545093579 0.048949823383257478 0.03609134583981026 -0.022797317737587679 0.032043037933295646 -0.01116524888731779 -0.0065230106056872392 0.070910933542203791 0.0025372275973712818
leaf_weight=1488.3732962012291 32572.530164271593 1169.6112275123596 4633.675689637661 2098.3763421475887 689.01818160712719 336.52480226755142 1708.2887596189976 866.4205072671175 1457.2249896526337 1544.9627197086811 479.05113369226456 3568.705231115222 229.46416667103767 503.62933586537838
leaf_count=7958 80558 5952 20444 10800 1750 2134 5052 3053 8434 6400 2648 19234 732 2504
internal_value=0.0388914 0.0533478 0.00714497 0.0165843 0.0238615 0.025157 0.0298332 0.013763 -0.000408246 0.00997915 0.0218011 -0.00674929 -0.00130204 0.0240471
internal_weight=53345.9 36653.4 16692.5 7421.07 5322.69 4080.85 3744.32 2036.03 9271.41 3512.39 2024.01 5759.02 4301.8 733.094
internal_count=177653 96749 80904 32994 22194 16191 14057 9005 47910 17006 9048 30904 22470 3236
is_linear=0
shrinkage=0.03


Tree=7
num_leaves=15
num_cat=0
split_feature=3 19 48 48 37 19 0 48 67 0 13 89 36 77
split_gain=24748.2 3562 1262.07 1046.73 999.022 836.709 774.18 1396.41 1118.01 762.047 935.046 737.722 601.917 572.217
threshold=1.1274450000000003 -4054323.0549999992 2630672.3900000001 2087331.0000000002 1.1355750000000002 -2385336.4849999999 1.0058750000000003 -457508.84499999991 1.0993550000000003 1.0321150000000003 0.0007645000000000001 0.046990000000000011 1.0851250000000003 -6710077.0699999994
decision_type=2 2 2 2 2 2 2 2 2 2 2 2 2 2
left_child=2 -2 4 5 6 -3 -1 9 -9 -8 -11 12 -10 -4
right_child=1 3 13 -5 -6 -7 7 8 11 10 -12 -13 -14 -15
leaf_value=-0.0054865157348673648 0.053890785584165705 0.038434061560005103 0.013367667221226825 -0.027004973849614224 0.052846969636410772 0.0081085542245473569 0.052751514153062562 0.034645748499807963 0.043645755462951484 0.022259278942535658 -0.01060501419642644 0.055747876299358595 -0.0068417636054823516 -0.013310726157521716
leaf_weight=2381.8692967444658 33367.076071768999 2556.2234755456448 926.62842085957527 328.79262039065361 505.64685782790184 1209.548269867897 239.85595202445984 3300.5977717041969 244.55490346252918 1047.1525046080351 3033.3161156028509 240.49357131123543 1578.9523923546076 3277.0964650660753
leaf_count=12654 80543 8392 4436 2125 1391 5535 781 12443 873 4376 16551 843 8112 18600
internal_value=0.0370884 0.0506493 0.00680341 0.0242199 0.0115621 0.0287064 0.0098254 0.0135944 0.023816 0.000892705 -0.00216046 0.00647483 -3.41087e-05 -0.00742108
internal_weight=54237.8 37461.6 16776.2 4094.56 12572.4 3765.77 12066.8 9684.92 5364.6 4320.32 4080.47 2064 1823.51 4203.72
internal_count=177655 96595 81060 16052 58024 13927 56633 43979 22271 21708 20927 9828 8985 23036
is_linear=0
shrinkage=0.03


Tree=8
num_leaves=15
num_cat=0
split_feature=1 31 48 37 39 88 48 39 0 67 41 19 19 13
split_gain=22322 3234.36 1227.44 1025.95 872.718 724.806 886.484 759.339 941.544 1071.19 739.793 649.593 649.208 632.807
threshold=1.1275650000000002 0.0048255000000000008 2630672.3900000001 1.1355750000000002 1.1413250000000001 -0.089891584999999982 -457508.84499999991 1.0341650000000002 1.0902050000000003 1.0887750000000003 47.605000000000011 -2690833.5449999995 -4823543.9299999988 0.00080850000000000008
decision_type=2 2 2 2 2 2 2 2 2 2 2 2 2 2
left_child=2 12 3 5 -3 -1 13 -8 10 -10 -9 -6 -2 -7
right_child=1 4 -4 -5 11 6 7 8 9 -11 -12 -13 -14 -15
leaf_value=-0.013298320791307125 0.05131201558059105 -0.0034477732143442883 -0.0077222271907667148 0.052601141507438755 0.014848972440816864 0.020203262648117986 -0.0015280305538754705 0.023867149464334603 0.034340196039402214 -0.0014310984342423255 0.059338016656066535 0.065490136223734161 0.036406252513128332 -0.005665206506090135
leaf_weight=1150.8756440728903 33115.33513854444 1268.0868434756994 4136.7656329423189 513.54491454362869 596.16676744818687 1157.3047489374876 1342.4189654141665 1263.3119555562735 1268.0903522819281 1850.322607010603 918.18266712129116 371.04791620373726 2884.9510497003794 3206.3284374028444
leaf_count=6374 78111 6478 22823 1348 2392 4833 6970 5112 4536 9075 2870 845 9013 17043
internal_value=0.0352787 0.0479449 0.00646073 0.0110939 0.012904 0.00933389 0.0117042 0.0186046 0.023709 0.0131119 0.0388308 0.0343548 0.0501194 0.00119171
internal_weight=55042.7 38235.6 16807.1 12670.4 2235.3 12156.8 11006 6642.33 5299.91 3118.41 2181.49 967.215 36000.3 4363.63
internal_count=177823 96839 80984 58161 9715 56813 50439 28563 21593 13611 7982 3237 87124 21876
is_linear=0
shrinkage=0.03


Tree=9
num_leaves=15
num_cat=0
split_feature=2 19 48 38 48 48 39 10 79 48 89 77 42 90
split_gain=20211.4 2958.85 1095.59 943.73 1002.46 914.144 933.032 807.511 706.949 617.116 564.368 550.153 495.386 479.666
threshold=1.1277450000000002 -4034177.6199999996 2630672.3900000001 1.1216250000000001 1978281.03 2087331.0000000002 1.1413250000000001 1.1748350000000003 1004411.2816200001 2133578.3000000003 0.0021890000000000004 -6710077.0699999994 0.00067950000000000009 1.5344275000000003
decision_type=2 2 2 2 2 2 2 2 2 2 2 2 2 2
left_child=2 -2 3 8 -5 6 7 -3 9 13 -10 -4 -13 -1
right_child=1 5 11 4 -6 -7 -8 -9 10 -11 -12 12 -14 -15
leaf_value=0.014020566652459836 0.04864361618148564 0.0019858207551011831 0.013215888834319003 0.048063306880917388 -0.009925822432090262 -0.025910342679530102 0.04234508257538136 0.045104271861450711 -0.004509769016600676 0.033383678323447942 0.017321920212287165 0.024161798133127875 -0.016577096694841136 -0.012190679155697918
leaf_weight=811.59867027401924 34767.208645612001 1593.3150933682919 942.16197989881039 1081.9245270490646 355.19398967921734 330.25986325740814 1729.1324551403522 517.73527055978775 1293.3187007009983 391.83756792545319 5990.2013744115829 294.3983733355999 2920.5632490515709 2760.8995081037283
leaf_count=3774 80639 7623 4494 2928 1885 2145 4866 1429 6560 1468 26330 1389 17094 14919
internal_value=0.033902 0.0457785 0.00644148 0.0108225 0.0337131 0.0218804 0.0260039 0.0125912 0.00789236 -0.00229539 0.0134411 -0.00691874 -0.0128309 -0.00622537
internal_weight=55779.7 38937.7 16842.1 12685 1437.12 4170.44 3840.18 2111.05 11247.9 3964.34 7283.52 4157.12 3214.96 3572.5
internal_count=177543 96702 80841 57864 4813 16063 13918 9052 53051 20161 32890 22977 18483 18693
is_linear=0
shrinkage=0.03


Tree=10
num_leaves=15
num_cat=0
split_feature=2 31 48 39 48 39 88 48 13 0 39 3 41 68
split_gain=18263 2565.66 1117.57 839.62 783.79 721.71 596.539 749.33 650.873 701.969 639.012 758.176 781.717 645.163
threshold=1.1277450000000002 0.0048255000000000008 2630672.3900000001 1.1217550000000003 1978281.03 1.1413250000000001 -0.089891584999999982 -457508.84499999991 0.00080850000000000008 1.0321150000000003 1.0341650000000002 1.0879850000000002 47.645000000000003 1.0884650000000002
decision_type=2 2 2 2 2 2 2 2 2 2 2 2 2 2
left_child=2 -2 3 6 -5 -3 -1 8 -8 -10 -9 12 -12 -13
right_child=1 5 -4 4 -6 -7 7 10 9 -11 11 13 -14 -15
leaf_value=-0.01276761035893469 0.045355518680672287 -0.0028739970148810592 -0.0073138228472212647 0.044310628864618298 -0.0056244983548901515 0.031341745370980646 0.019761331508900921 -0.00091401394500806451 0.040081033263281163 -0.010684173161515573 0.02015259485282803 0.033608003274797543 0.058503078453344355 0.0012559204898507583
leaf_weight=1135.8319934457541 37307.817458376288 1248.3011645227671 4125.8249212354422 1121.2231600731611 376.60743024945259 995.44983766973019 1173.2809980660677 1353.8092937618494 266.62511275708675 2899.1207905858755 1123.7699412852526 819.59090887010098 838.63793900609016 1719.1795223206282
leaf_count=6337 87195 6378 22970 3006 1969 3239 4818 6996 917 15969 4573 2946 2432 8186
internal_value=0.0323151 0.0434814 0.00626209 0.0106311 0.0317398 0.0122998 0.00783534 0.0101349 0.000678948 -0.00638785 0.0171361 0.0225707 0.0365785 0.0117211
internal_weight=56505.1 39551.6 16953.5 12827.7 1497.83 2243.75 11329.8 10194 4339.03 3165.75 5854.99 4501.18 1962.41 2538.77
internal_count=177931 96812 81119 58149 4975 9617 53174 46837 21704 16886 25133 18137 7005 11132
is_linear=0
shrinkage=0.03


Tree=11
num_leaves=15
num_cat=0
split_feature=1 19 48 48 48 39 10 77 77 13 0 48 77 2
split_gain=16971 2532.03 1069.6 1323.91 810.949 724.643 682.568 679.635 821.316 595.386 679.832 546.105 522.793 496.365
threshold=1.1275650000000002 -4054323.0549999992 579498.08500000008 -457508.84499999991 2087331.0000000002 1.1413250000000001 1.1748350000000003 -2543318.8749999995 -31165196.879999999 0.0007645000000000001 1.0321150000000003 439605.27000000008 -159347.55999999997 1.1426450000000001
decision_type=2 2 2 2 2 2 2 2 2 2 2 2 2 2
left_child=2 -2 3 9 5 6 -3 8 -5 -1 -11 -10 -9 -7
right_child=1 4 -4 7 -6 13 -8 12 11 10 -12 -13 -14 -15
leaf_value=0.019506193786642249 0.044280298315567394 0.0017532512607593028 -0.0024675110992922558 0.0616842078926719 -0.02497332927223447 0.060901987051998147 0.040940279986307795 0.04230288416349709 -0.0039313433224523473 0.039372025445115442 -0.0099294592535175141 0.044346699875951377 0.016192802625050448 0.026960596985325675
leaf_weight=1124.6888750195503 35875.578702300787 1583.5901635885239 7603.3816227167845 240.79618500173092 333.49510008096695 564.86597776412964 535.11526952683926 1837.1288213580847 1527.0230412334204 273.63367511332035 2998.0750231742859 243.54229909181595 1115.4331181496382 1263.7454775720835
leaf_count=4542 80602 7531 39776 612 2160 1183 1421 5469 7846 917 16510 945 4462 3838
internal_value=0.0310491 0.0416773 0.00588731 0.0126767 0.01985 0.02365 0.0116794 0.0232932 0.00981557 0.000680311 -0.00578613 0.00271368 0.0324579 0.0374892
internal_weight=57120.1 40156.4 16963.7 9360.32 4280.81 3947.32 2118.71 4963.92 2011.36 4396.4 3271.71 1770.57 2952.56 1828.61
internal_count=177814 96735 81079 41303 16133 13973 8952 19334 9403 21969 17427 8791 9931 5021
is_linear=0
shrinkage=0.03


Tree=12
num_leaves=15
num_cat=0
split_feature=1 19 21 77 19 77 2 19 77 68 19 82 65 19
split_gain=15684.4 2041.02 947.491 804.921 578.002 511.38 627.671 669.014 500.932 783.664 706.829 486.731 471.741 595.764
threshold=1.1281050000000004 -4034177.6199999996 234243.61186250002 -1250462.5499999996 -5684522.8299999991 -6817040.3999999994 1.0038450000000003 -1286027.9999999998 -4633981.8999999994 1.0888350000000002 -2735793.7099999995 0.0017950000000000002 1.0907350000000002 -1409152.5849999997
decision_type=2 2 2 2 2 2 2 2 2 2 2 2 2 2
left_child=2 -2 5 -4 -5 6 -1 -8 -3 10 -10 -7 -6 -14
right_child=1 8 3 4 12 11 7 -9 9 -11 -12 -13 13 -15
leaf_value=-0.006412566816817524 0.042394610279753366 0.0342738172915905 0.0033225844889004943 0.044538231537785827 0.031845689442389302 -0.020603210159970974 0.02778642094413631 -0.011647116002064419 -0.0045903024176054538 -0.00013661407241160684 0.048721776586795648 -0.00080681471395560383 -0.023086863910599911 0.016802093740287922
leaf_weight=1506.4657536447048 36316.626758188009 1505.3439468443394 3467.9265366047621 882.01594273746014 1188.7461146116257 1486.2326381951571 1685.2510832995176 500.78952343761921 317.83462527394295 1667.2828514575958 746.57419940829277 4514.3196782320738 434.02217200398445 1489.3091639429331
leaf_count=8169 80435 4337 16736 2039 4413 8700 6523 2830 1347 8021 1992 23529 2419 6073
internal_value=0.0299227 0.0400948 0.00587361 0.0139085 0.0230891 -0.000309575 0.00846993 0.0187379 0.0203702 0.0126877 0.0327852 -0.00571765 0.0169881 0.00777778
internal_weight=57708.7 40553.7 17155.1 7462.02 3994.09 9693.06 3692.51 2186.04 4237.04 2731.69 1064.41 6000.55 3112.08 1923.33
internal_count=177563 96132 81431 31680 14944 49751 17522 9353 15697 11360 3339 32229 12905 8492
is_linear=0
shrinkage=0.03


Tree=13
num_leaves=15
num_cat=0
split_feature=1 19 32 48 48 19 68 19 41 19 77 34 35 48
split_gain=14354 1876.67 1015.99 962.727 805.92 737.462 712.632 557.491 496.284 551.015 474.399 470.567 444.914 417.74
threshold=1.1281050000000004 -4054323.0549999992 1.7345310000000003 579498.08500000008 2087331.0000000002 -4247433.2999999998 1.0762050000000003 -2431207.5449999995 35.395000000000003 -1343497.2399999998 -258446.63999999998 1.1459450000000002 1.1064050000000003 2973720.4050000007
decision_type=2 2 2 2 2 2 2 2 2 2 2 2 2 2
left_child=2 -2 3 5 7 -1 -7 -3 -8 -10 -5 12 -9 -4
right_child=1 4 13 10 -6 6 8 11 9 -11 -12 -13 -14 -15
leaf_value=0.043040658776322391 0.040499303730447883 0.031379675502446532 0.0025115716090554616 -0.0081374526609346489 -0.025888719280226687 -0.014395381435574204 -0.0012034612278859487 0.029289738731822265 -0.0034972295313763693 0.035876214434871746 0.027136280822599189 0.036718348391459037 -0.015309650627123968 -0.013490344187685355
leaf_weight=1179.0133821517229 36662.702687934041 2608.9742770642042 8694.9870085418224 1807.9000060111284 323.65052209794521 591.75491368770599 646.35605600476265 277.40040647983551 389.0824141651392 1758.9478192180395 422.38123144209385 367.11202295124531 724.87482166290283 1765.4693130850792
leaf_count=3003 80285 7813 42858 9479 2140 3108 2909 1051 1906 6104 1819 1005 3776 10522
internal_value=0.0286309 0.0382988 0.00567727 0.014708 0.0195336 0.0225995 0.0154626 0.0232419 0.0217991 0.0287321 -0.00143453 0.00770428 -0.00291905 -0.000187324
internal_weight=58220.6 40964.7 17255.9 6795.44 4302.01 4565.15 3386.14 3978.36 2794.39 2148.03 2230.28 1369.39 1002.28 10460.5
internal_count=177778 96070 81708 28328 15785 17030 14027 13645 10919 8010 11298 5832 4827 53380
is_linear=0
shrinkage=0.03


Tree=14
num_leaves=15
num_cat=0
split_feature=1 13 48 32 39 77 48 39 19 19 48 3 82 2
split_gain=13058.4 1858.68 967.193 712.113 624.697 616.673 573.282 553.859 527.368 497.348 482.249 465.896 395.75 387.883
threshold=1.1281050000000004 0.0021235000000000004 2973720.4050000007 1.4933335000000001 1.1413250000000001 -1389410.0799999998 823061.00000000012 1.1053250000000003 -2825431.1299999994 -7153089.584999999 -1056580.2449999999 1.1201150000000002 0.032350000000000011 0.98337500000000011
decision_type=2 2 2 2 2 2 2 2 2 2 2 2 2 2
left_child=2 -2 3 5 12 -1 -7 -8 -6 -5 -11 13 -3 -12
right_child=1 4 -4 9 8 6 7 -9 -10 10 11 -13 -14 -15
leaf_value=0.0056684564393573982 0.038168303217269835 0.017995864857523317 -0.012950717652226006 -0.027423125699231228 0.010288539855713385 0.033234704973359529 0.041608285346378795 -0.016337409824529005 0.050929710275642255 -0.011720801064390558 -0.014620958396010202 -0.021856121662870404 -0.016542835819897288 0.011475967632479949
leaf_weight=2414.1307344287634 38992.203633055091 479.99766679108143 2221.7068834453821 449.17988158762455 711.75027088820934 2304.2884660512209 215.94750013947487 468.903693318367 484.43504375219345 1344.4366357177496 552.26264725625515 450.45806238055229 785.12107853591442 6842.2038819342852
leaf_count=11234 86316 2082 13263 2674 2669 6848 780 2450 1007 7497 3115 2514 4316 31154
internal_value=0.027442 0.0365719 0.00551657 0.0082469 0.0112649 0.0169654 0.0260742 0.00192433 0.0268014 0.00335505 0.00486558 0.00771305 -0.00341098 0.00952112
internal_weight=58717 41453.5 17263.5 15041.8 2461.3 5403.27 2989.14 684.851 1196.19 9638.54 9189.36 7844.92 1265.12 7394.47
internal_count=177919 96390 81529 68266 10074 21312 10078 3230 3676 46954 44280 36783 6398 34269
is_linear=0
shrinkage=0.03


Tree=15
num_leaves=15
num_cat=0
split_feature=0 48 19 48 39 48 19 48 70 65 39 39 60 71
split_gain=12206.1 1763.31 1364.96 906.438 1049.95 609.66 553.688 633.569 763.043 638.129 439.073 583.952 422.723 416.275
threshold=1.1280950000000003 1755733.1100000001 -2431207.5449999995 1421969.0850000002 1.1211150000000003 -1131501.6149999998 -6273833.044999999 2630672.3900000001 42.595000000000006 1.0839350000000001 1.1409550000000002 1.0995750000000002 0.00034050000000000004 0.0051250000000000011
decision_type=2 2 2 2 2 2 2 2 2 2 2 2 2 2
left_child=3 2 -2 4 5 -1 -5 8 -8 -10 11 -4 13 -9
right_child=1 -3 10 6 -6 -7 7 12 9 -11 -12 -13 -14 -15
leaf_value=-0.010597779419987597 0.03725638754167393 -0.006597455120126273 0.036791263971819102 -0.027921359284678069 0.036786026393510578 0.010498474632123814 0.041013448165120633 -0.0067407148796628166 0.027636739899662827 -0.020732964096933929 0.035436530114297475 -0.016160048123749111 -0.010347920625570444 0.048292304467185208
leaf_weight=1449.4842593669891 39508.272330567241 882.21843701601028 246.63907662034035 740.96847070753574 1227.0031801611185 8178.4773709923029 636.54403020441532 260.24563665688038 415.26097171008587 597.16172611713409 355.27676866948605 768.98009514808655 3566.6005571335554 233.0225472599268
leaf_count=7772 85900 4286 847 4452 3043 36594 2103 1426 1518 3293 905 4050 20415 964
internal_value=0.0265506 0.0353294 0.0362351 0.00536239 0.0106553 0.00731856 -0.00354114 -0.000367162 0.0153035 -0.000856079 0.00677402 -0.00324798 -0.0067416 0.0192416
internal_weight=59066.2 41761.4 40879.2 17304.8 10855 9627.96 6449.8 5708.84 1648.97 1012.42 1370.9 1015.62 4059.87 493.268
internal_count=177568 95988 91702 81580 47409 44366 34171 29719 6914 4811 5802 4897 22805 2390
is_linear=0
shrinkage=0.03


Tree=16
num_leaves=15
num_cat=0
split_feature=1 31 21 48 48 3 3 47 66 43 64 67 60 3
split_gain=11311.3 1605.59 824.529 642.756 798.386 510.098 916.975 538.345 475.631 682.454 486.988 428.861 695.246 417.817
threshold=1.1281050000000004 0.0048255000000000008 199189.14898750003 579498.08500000008 -68196.474999999991 1.0343550000000004 1.0233450000000002 69.375000000000014 1.0756900000000003 -0.14144899999999996 1.0869350000000002 1.0969150000000003 0.0093405000000000016 1.1864350000000001
decision_type=2 2 2 2 2 2 2 2 2 2 2 2 2 2
left_child=2 13 5 4 8 6 7 -1 -4 -10 -11 12 -3 -2
right_child=1 11 3 -5 -6 -7 -8 -9 9 10 -12 -13 -14 -15
leaf_value=-0.004862852680037639 0.032444109155384863 0.038629295241117453 -0.010341915490249985 -0.0017504532613503484 0.029792210183625198 -0.0062649050444250958 0.040621566213663973 0.037409237059997533 -0.0074491540020705732 0.048465385921115794 0.01391994315507683 -0.0053443207547576857 -0.008095305141293134 0.038653838074506543
leaf_weight=2173.6502467542887 21974.130301088095 759.89860616624355 955.7115690857172 2240.4425024688244 2549.1607320606709 6014.136001393199 641.41579268872738 308.74578146636486 836.08829291164875 561.81157700717449 1071.5720014870167 1013.2869181632996 457.83872866630554 17813.86646926403
leaf_count=11288 49911 2086 4714 11322 8157 32599 2079 1259 4130 1659 4524 5145 2086 36636
internal_value=0.0254222 0.0338371 0.00504344 0.0119403 0.0170789 -0.00115396 0.00867517 0.000395567 0.00760239 0.0145605 0.0258428 0.00904912 0.0210452 0.035226
internal_weight=59371.8 42019 17352.7 8214.79 5974.34 9137.95 3123.81 2482.4 3425.18 2469.47 1633.38 2231.02 1217.74 39788
internal_count=177595 95864 81731 34506 23184 47225 14626 12547 15027 10313 6183 9317 4172 86547
is_linear=0
shrinkage=0.03


Tree=17
num_leaves=15
num_cat=0
split_feature=1 19 48 48 39 13 19 10 48 79 3 48 3 68
split_gain=10550.9 1575.31 889.292 744.856 673.113 636.566 623.785 524.741 509.008 499.38 477.86 543.046 637.735 702.742
threshold=1.1281050000000004 -4823543.9299999988 2087331.0000000002 2973720.4050000007 1.1413250000000001 0.00035150000000000009 -7153089.584999999 1.1748350000000003 -457508.84499999991 698004.45081650012 0.99074000000000007 2630672.3900000001 1.0907550000000004 1.0884650000000002
decision_type=2 2 2 2 2 2 2 2 2 2 2 2 2 2
left_child=3 -2 4 5 7 -1 -7 -3 9 -8 -10 12 -12 -14
right_child=1 2 -4 -5 -6 6 8 -9 10 -11 11 -13 13 -15
leaf_value=0.025210374609766387 0.034892962117118717 -0.00096156493284542204 -0.026787220374350416 -0.01145925430828851 0.030263409321795037 -0.023626384597854964 -0.02375773821555829 0.032725426855356149 -0.0084078100168941527 0.0029660834574804047 0.026745460621108892 -0.0018360891155992378 0.024470885374391557 -0.0040008845835160399
leaf_weight=1596.430246591568 37048.262185677886 1557.4812967628241 377.42806068062782 2178.5335586518049 2905.2455728054047 642.97661308944225 792.06092174351215 566.09301979839802 1064.1080083996058 3042.3980960249901 3106.4330522567034 1746.21630461514 1321.2445772439241 1899.2821223139763
leaf_count=5303 77818 7276 2377 13157 7130 3759 4641 1404 5758 14917 11493 9156 4381 9154
internal_value=0.0246225 0.0326844 0.0175405 0.0049381 0.020878 0.00728909 0.00518378 0.00801562 0.00661585 -0.00255103 0.0104659 0.012958 0.0170455 0.00767452
internal_weight=59844.2 42454.5 5406.25 17389.7 5028.82 15211.1 13614.7 2123.57 12971.7 3834.46 9137.28 8073.18 6326.96 3220.53
internal_count=177724 96005 18187 81719 15810 68562 63259 8680 59500 19558 39942 34184 25028 13535
is_linear=0
shrinkage=0.03


Tree=18
num_leaves=15
num_cat=0
split_feature=0 19 32 77 89 61 79 71 71 8 77 91 68 19
split_gain=9880.52 1371.31 711.872 578.284 499.036 522.629 482.611 448.861 392.555 429.776 334.582 355.517 305.877 510.603
threshold=1.1280950000000003 -4034177.6199999996 1.6500090000000003 -1250462.5499999996 0.0021890000000000004 1.6604025000000002 3221374.2118530008 0.0053035000000000009 0.016894000000000003 1.1744550000000002 -37458211.944999993 -0.00010972999999999998 1.0650250000000001 -5430358.7999999998
decision_type=2 2 2 2 2 2 2 2 2 2 2 2 2 2
left_child=2 -2 3 10 7 12 -7 -4 9 -3 -1 -12 13 -6
right_child=1 8 4 -5 5 6 -8 -9 -10 -11 11 -13 -14 -15
leaf_value=0.033447239186738358 0.033331602339355296 -0.00064295364653187029 -0.022570060137730316 0.020848457157061837 0.047004126334302322 -0.010270389289389285 0.015858246077934852 0.028068938123381904 0.026978255482256196 0.023903356804415986 0.011180038306574741 -0.010717660310067512 0.0047271938600719626 0.0073270356003465381
leaf_weight=288.75444132089615 38440.600395098329 1698.4440325945616 1278.045717433095 3491.2978643476963 456.68586866557598 3402.6319621354342 780.83156575262547 178.30497822165489 1707.9986220449209 1028.7904129326344 1250.9521009027958 1427.5501709729433 3993.4936212450266 813.5156669318676
leaf_count=1002 80499 8022 7490 12041 1801 18296 3467 752 5046 2758 5697 7435 19887 3668
internal_value=0.0237768 0.0315084 0.00468104 0.0125731 2.79417e-06 0.00252596 -0.00538376 -0.0163346 0.0156954 0.00861098 0.00282241 -0.000479135 0.00881796 0.0216418
internal_weight=60237.9 42875.8 17362.1 6458.55 10903.5 9447.16 4183.46 1456.35 4435.23 2727.23 2967.26 2678.5 5263.7 1270.2
internal_count=177861 96325 81536 26175 55361 47119 21763 8242 15826 10780 14134 13132 25356 5469
is_linear=0
shrinkage=0.03


Tree=19
num_leaves=15
num_cat=0
split_feature=3 13 48 39 88 71 43 19 89 71 13 73 3 45
split_gain=9045.33 1847.59 705.472 611.67 520.094 470.432 475.462 463.11 439.681 534.795 499.754 439.835 375.664 351.763
threshold=1.1244250000000002 0.0019105000000000001 2973720.4050000007 1.1413250000000001 -0.089891584999999982 0.030142500000000006 -0.18911499999999998 -2825431.1299999994 0.0021890000000000004 0.0053925000000000006 0.00055250000000000015 -0.0028344499999999996 1.1864350000000001 -0.00059649999999999992
decision_type=2 2 2 2 2 2 2 2 2 2 2 2 2 2
left_child=2 12 4 13 -1 6 -6 -5 9 10 -8 -10 -2 -3
right_child=1 3 -4 7 5 -7 8 -9 11 -11 -12 -13 -14 -15
leaf_value=-0.013483423067803018 0.028953568377888449 -0.03207409512757306 -0.012221558547318937 0.0077118219354275859 -0.0044417594319336373 0.041679832807309455 0.028473274595831214 0.043829894905563258 -0.019434051492195129 0.033500836993307623 -0.023250041614189077 0.013847920377875262 0.034741539707325263 0.0018519110195164131
leaf_weight=1113.0808425992727 22975.887564539909 350.81552447378635 2157.9957895725965 821.53613275289536 2632.7264444231987 359.40492367744446 202.27727991342545 525.10992759466171 371.90806338191032 256.80714017152786 963.06313253939152 8277.1040100008249 18272.046265020967 1254.2449061572552
leaf_count=6326 51074 2040 13182 2943 12720 1309 731 1043 2045 1008 5503 35196 36724 6088
internal_value=0.0228283 0.0298781 0.00374971 0.00693365 0.00618374 0.00786272 0.00690044 0.02184 0.00986855 -0.005572 -0.0142296 0.0124112 0.031519 -0.00555992
internal_weight=60534 44199.6 16334.4 2951.71 14176.4 13063.3 12703.9 1346.65 10071.2 1422.15 1165.34 8649.01 41247.9 1605.06
internal_count=177932 99912 78020 12114 64838 58512 57203 3986 44483 7242 6234 37241 87798 8128
is_linear=0
shrinkage=0.03


Tree=20
num_leaves=15
num_cat=0
split_feature=0 48 32 88 48 48 89 68 71 2 41 77 89 10
split_gain=8465.88 1338.24 701.023 676.379 672.533 462.094 447.516 494.992 446.412 445.837 438.576 427.53 426.575 379.879
threshold=1.1280950000000003 1755733.1100000001 1.6727665000000003 -0.045374774999999999 579498.08500000008 -68196.474999999991 0.0021890000000000004 1.0650250000000001 0.0053925000000000006 1.1397550000000003 53.045000000000009 -258446.63999999998 0.0027425000000000006 1.0501050000000003
decision_type=2 2 2 2 2 2 2 2 2 2 2 2 2 2
left_child=2 3 4 -2 5 13 8 10 -4 -3 -8 -6 -9 -1
right_child=1 9 6 -5 11 -7 7 12 -10 -11 -12 -13 -14 -15
leaf_value=-0.019702633239381921 -0.0022191815327453649 -0.026081507160999863 -0.022383987611430269 0.030383154099653333 -0.0081513323589614932 0.028895143466249291 0.0097561002707606762 0.042124081552481638 0.028571550135442908 0.016934537545866071 0.050871776491442477 0.02585274544711498 -0.002654174323749954 0.014453732631459769
leaf_weight=339.5451132953167 578.82323558628559 498.67210978269577 1242.1547787487507 41655.770434603095 1757.4172411561012 2103.8875221312046 1642.7790098488331 195.63738079369068 175.38167126476765 381.45701694488525 272.10039922595024 409.31663206219673 7225.2502062022686 2079.0836800932884
leaf_count=1819 2618 2909 7471 89032 9221 6195 7520 681 697 1342 971 1663 37337 7992
internal_value=0.0220379 0.0291725 0.0044003 0.0299356 0.0120251 0.0186086 -0.000340687 0.00204176 -0.0160428 -0.0074058 0.0156377 -0.00170484 -0.00146412 0.00964005
internal_weight=60557.3 43114.7 17442.6 42234.6 6689.25 4522.52 10753.3 9335.77 1417.54 880.129 1914.88 2166.73 7420.89 2418.63
internal_count=177468 95901 81567 91650 26890 16006 54677 46509 8168 4251 8491 10884 38018 9811
is_linear=0
shrinkage=0.03


Tree=21
num_leaves=15
num_cat=0
split_feature=3 19 48 48 48 3 68 39 61 79 68 60 19 42
split_gain=8185.2 1181.25 772.432 701.476 807.102 573.728 640.389 572.915 498.947 493.572 634.868 517.783 484.228 577.634
threshold=1.1279750000000002 -4823543.9299999988 2087331.0000000002 1357862.9500000004 -457508.84499999991 0.99074000000000007 1.0890550000000003 1.1413250000000001 0.32767850000000004 958182.13979250018 1.0764950000000002 0.016255500000000003 -435345.64999999997 0.0016585000000000003
decision_type=2 2 2 2 2 2 2 2 2 2 2 2 2 2
left_child=3 -2 7 4 8 -6 -7 -3 -1 -10 -11 -12 -8 -14
right_child=1 2 -4 -5 5 6 12 -9 9 10 11 -13 13 -15
leaf_value=0.037076951186784217 0.030285209656164283 0.006586952101630148 -0.026624800293857182 -0.0036647288504355483 -0.0039701471320031812 0.031474212578913099 0.020974561176202038 0.02686934029428252 -0.019519482139388211 -0.019281987719148207 0.0043945326018854577 0.041630086597312793 0.040674435303122154 -0.012878695120022083
leaf_weight=289.78477478027344 38010.219780355692 2155.3593738824129 365.57698845863342 6554.5023099482059 1109.0624915957451 2335.3429465293884 1677.0244816094637 3012.4276298135519 1233.3462732881308 830.620550557971 1761.68096755445 415.19865252077579 218.11680868268013 1046.1057430654764
leaf_count=1037 77935 8620 2356 34833 5896 6859 6055 7124 6910 4434 8332 1535 687 5100
internal_value=0.0214389 0.0283989 0.0154331 0.00408951 0.00874808 0.0156186 0.0197415 0.0184188 -0.000930159 -0.00354246 0.0030039 0.0115261 0.010408 -0.0035906
internal_weight=61014.4 43543.6 5533.36 17470.8 10916.3 6385.65 5276.59 5167.79 4530.63 4240.85 3007.5 2176.88 2941.25 1264.22
internal_count=177713 96035 18100 81678 46845 24597 18701 15744 22248 21211 14301 9867 11842 5787
is_linear=0
shrinkage=0.03


Tree=22
num_leaves=15
num_cat=0
split_feature=1 19 38 19 41 2 79 39 46 71 89 67 16 67
split_gain=7334.7 1129.9 621.6 469.77 557.156 478.282 476.124 450.022 559.75 441.685 511.772 478.446 448.042 436.057
threshold=1.1281050000000004 -4823543.9299999988 1.1216250000000001 -2385336.4849999999 45.395000000000003 1.1105650000000002 765046.33689700009 1.1413250000000001 3.8743000000000003 0.0048865000000000011 0.015907500000000001 1.0916150000000002 -0.0009174999999999998 1.0785450000000003
decision_type=2 2 2 2 2 2 2 2 2 2 2 2 2 2
left_child=2 -2 3 5 -5 9 -6 8 -3 11 -11 12 -1 -8
right_child=1 7 -4 4 6 -7 13 -9 -10 10 -12 -13 -14 -15
leaf_value=-0.026419683290690839 0.029201932039611009 -0.0076962225764286279 0.020182656278098652 -0.0023715756295881489 -0.0039676359308375162 -0.028941221660587359 0.0044392854786328212 0.022051965166494981 0.02174739081712574 0.02033799009152017 -0.0011633104047067721 0.01731040590609265 0.0048189552877902653 0.02725824577052325
leaf_weight=1419.4545705169439 38102.96425023675 1364.0868373811245 1982.3772111088037 2874.6695534735918 967.53202123939991 574.44649535417557 1122.382273375988 3224.0916382968426 1009.9025356173515 1337.2643427997828 3889.9627038091421 435.21858045458794 580.22854609787464 2317.5451376438141
leaf_count=8839 77836 6833 6526 13768 4754 3381 4962 8481 2988 6225 20004 2076 2651 8298
internal_value=0.0207797 0.027352 0.00436604 0.00234251 0.00789411 -0.00256251 0.0145955 0.0147521 0.00482043 -0.000577403 0.0043344 -0.0111318 -0.0173426 0.019825
internal_weight=61202.1 43701 17501.1 15518.7 7282.13 8236.58 4407.46 5598.08 2373.99 7662.13 5227.23 2434.9 1999.68 3439.93
internal_count=177622 96138 81484 74958 31782 43176 18014 18302 9821 39795 26229 13566 11490 13260
is_linear=0
shrinkage=0.03


Tree=23
num_leaves=15
num_cat=0
split_feature=1 31 21 40 68 37 40 68 61 90 3 43 3 91
split_gain=7030.2 1041.57 575.296 497.988 485.884 572.56 762.277 467.168 502.722 357.761 384.578 346.396 343.537 330.616
threshold=1.1281050000000004 0.0048255000000000008 305040.73850050004 1.0736150000000002 1.0642250000000002 1.0542150000000003 1.0491550000000003 1.0933350000000002 1.0584335000000002 1.6157585000000003 1.0186250000000003 -0.33230699999999996 1.1864350000000001 -5.6564999999999991e-05
decision_type=2 2 2 2 2 2 2 2 2 2 2 2 2 2
left_child=2 12 4 13 5 6 9 8 -3 -1 -11 -5 -2 -4
right_child=1 7 3 11 -6 -7 -8 -9 -10 10 -12 -13 -14 -15
leaf_value=-0.0053373175705957957 0.025076325884308043 0.036412026320872738 0.010301541004223428 -0.0013678649011514932 -0.0037960818842195545 -0.021711686340591032 0.064480716384811426 -0.0074855060500668468 -0.002128358339825661 0.010135446713129192 0.05176743655974167 0.019437740730251434 0.030577054334309232 -0.014414631374096992
leaf_weight=716.16083331406116 22978.950033515692 691.82581546902657 966.56940130889416 870.96479514241219 8299.7602445036173 383.71036507189274 275.5174655765295 1084.2168061137199 540.91619220376015 668.47227223217487 285.78617243468761 4084.3756162673235 18658.886025696993 979.04055207967758
leaf_count=3593 50090 1756 4454 3702 43404 2239 841 5513 2170 3149 812 14263 36778 5188
internal_value=0.0200467 0.0264531 0.00398139 0.0107257 -0.000395014 0.0117054 0.018318 0.00685534 0.0194885 0.0106519 0.0226762 0.0157753 0.0275427 -0.00212136
internal_weight=61485.2 43954.8 17530.4 6900.95 10629.4 2329.65 1945.94 2316.96 1232.74 1670.42 954.258 4955.34 41637.8 1945.61
internal_count=177952 96307 81645 27607 54038 10634 8395 9439 3926 7554 3961 17965 86868 9642
is_linear=0
shrinkage=0.03


Tree=24
num_leaves=15
num_cat=0
split_feature=2 48 19 48 13 19 48 2 79 10 83 71 71 90
split_gain=6401.18 1122.24 970.511 590.984 450.778 542.71 494.681 400.543 351.355 369.712 315.245 302.842 295.779 748.555
threshold=1.1277450000000002 1755733.1100000001 -2431207.5449999995 2973720.4050000007 0.00033150000000000003 -7153089.584999999 -1131501.6149999998 1.1397550000000003 1490692.8556690002 1.1052450000000003 1.6635330000000004 0.016894000000000003 0.0048865000000000011 1.3610990000000003
decision_type=2 2 2 2 2 2 2 2 2 2 2 2 2 2
left_child=3 2 -2 4 10 -6 8 -3 -7 -10 -1 -4 -5 -14
right_child=1 7 11 12 5 6 -8 -9 9 -11 -12 -13 13 -15
leaf_value=0.037617262766183227 0.026982349755671604 -0.025471478731230648 -0.0086321597941834572 -0.023787511443444518 -0.022616121346505987 -0.026951075994582876 0.0075861924451551604 0.014744653902058006 -0.019396181205817209 0.028340391857993495 0.0091564170905339276 0.01946107349217812 0.051214165777073446 -0.011639199724501299
leaf_weight=645.7538723051548 42009.471364140511 502.25927790999413 902.69615803658962 906.83121339976788 637.55128359794617 673.1243212968111 11909.305893495679 398.28701747953892 286.01500956714153 295.74607267975807 773.80696746706963 557.54783526062965 203.45423711836338 1026.2184396088123
leaf_count=1717 86842 2978 4125 6015 3792 4141 52414 1360 1692 1210 2842 1853 851 6283
internal_value=0.0194173 0.0254597 0.0261466 0.00396919 0.00604445 0.00438513 0.00569672 -0.00765508 -0.0122029 0.00482686 0.0221417 0.0020798 -0.0107977 -0.00118232
internal_weight=61728.1 44370.3 43469.7 17357.8 15221.3 13801.7 13164.2 900.546 1254.89 581.761 1419.56 1460.24 2136.5 1229.67
internal_count=178115 97158 92820 80957 67808 63249 59457 4338 7043 2902 4559 5978 13149 7134
is_linear=0
shrinkage=0.03


Tree=25
num_leaves=15
num_cat=0
split_feature=1 48 48 88 42 88 48 39 2 68 90 76 41 21
split_gain=5810.28 916.539 623.325 599.55 497.28 495.525 656.781 442.659 628.844 625.481 503.345 438.282 444.143 430.546
threshold=1.1281050000000004 1755733.1100000001 2630672.3900000001 -0.045374774999999999 0.00072850000000000009 -0.089891584999999982 -457508.84499999991 1.0341650000000002 1.0904450000000001 1.0884650000000002 1.8850065 3.1500000000000008 46.745000000000012 160266.29415150001
decision_type=2 2 2 2 2 2 2 2 2 2 2 2 2 2
left_child=2 3 5 -2 -4 -1 11 -8 10 -10 -9 -7 -13 -11
right_child=1 -3 4 -5 -6 6 7 8 9 13 -12 12 -14 -15
leaf_value=-0.011824445897908998 -0.0051420334885487933 -0.0052993337119782383 0.025884805787164247 0.025713146456501888 -0.0095746598837683911 0.031517554858998285 -0.0012225116067783157 0.038478002558070108 0.022293102121236294 -0.020834730321814387 0.0088284419710419077 -0.014620834977719469 0.0053175676472720645 0.0082280303777990896
leaf_weight=1111.7598972916603 572.4927112609148 897.29502505809069 393.29468390345573 42483.372374787927 3630.86094199121 362.67230695486069 1369.577366232872 1711.1496585458517 2002.1995155215263 676.14420546591282 742.35491019487381 1699.039973795414 2457.7764669507742 1420.7461057752371
leaf_count=6331 2596 4289 1743 88985 21175 1389 6921 5046 5907 3745 2854 9338 11245 5688
internal_value=0.0188467 0.0246766 0.00426657 0.0253021 -0.00609606 0.00734578 0.00906201 0.0142676 0.0175095 0.0103041 0.0295264 -5.7346e-05 -0.00282631 -0.00113445
internal_weight=61530.7 43953.2 17577.6 43055.9 4024.16 13553.4 12441.7 7922.17 6552.59 4099.09 2453.5 4519.49 4156.82 2096.89
internal_count=177252 95870 81382 91581 22918 58464 52133 30161 23240 15340 7900 21972 20583 9433
is_linear=0
shrinkage=0.03


Tree=26
num_leaves=15
num_cat=0
split_feature=3 48 48 48 2 68 88 90 90 9 71 79 11 1
split_gain=5719.88 882.73 556.838 639.418 511.449 530.967 509.712 441.079 426.374 588.329 617.607 406.983 547.922 378.568
threshold=1.1279750000000002 1755733.1100000001 1357862.9500000004 -457508.84499999991 0.99141500000000005 1.0895350000000004 -0.045374774999999999 0.77196300000000007 1.3610990000000003 1.1185350000000003 0.0048865000000000011 958182.13979250018 1.1114450000000002 1.0321450000000001
decision_type=2 2 2 2 2 2 2 2 2 2 2 2 2 2
left_child=2 6 3 11 -5 -6 -2 -4 9 10 -9 -1 13 -13
right_child=1 -3 7 4 5 -7 -8 8 -10 -11 -12 12 -14 -15
leaf_value=-0.014685537738003641 -0.0033648150939504843 -0.0057149551285762866 -0.025197275112002416 -0.0046478434608982775 0.027855622563721268 0.0090551487103983121 0.025055810293629181 -0.014268023392121519 -0.0040311207126025221 0.054105529286173286 0.046168906231894964 0.033904123664130016 0.03730414138149292 -0.0032545188248872385
leaf_weight=1320.4096626937389 573.47829513251781 875.46521802246571 718.81141522526741 1101.1744320094585 2517.3836673349142 2936.3372095674276 42729.637468114495 525.36455605924129 4833.2322052568197 281.78468030691147 212.96807830035686 272.18257948756218 412.95299980044365 2548.1958148181438
leaf_count=7316 2579 4225 4458 5897 7236 11617 89038 3063 25547 972 859 851 1488 12584
internal_value=0.0183045 0.0240756 0.00388211 0.00797763 0.0139762 0.0177423 0.0246787 -0.00303598 -0.000305528 0.0173033 0.00316297 -0.000651594 0.005073 0.000331615
internal_weight=61859.4 44178.6 17680.8 11108.6 6554.9 5453.72 43303.1 6572.16 5853.35 1020.12 738.333 4553.74 3233.33 2820.38
internal_count=177730 95842 81888 46989 24750 18853 91617 34899 30441 4894 3922 22239 14923 13435
is_linear=0
shrinkage=0.03


Tree=27
num_leaves=15
num_cat=0
split_feature=1 19 48 21 19 48 48 65 67 69 41 48 45 5
split_gain=5171.3 861.37 608.54 501.629 410.738 393.438 468.327 501.398 387.171 437.045 495.545 391.827 381.288 491.457
threshold=1.1281050000000004 -4823543.9299999988 2087331.0000000002 305040.73850050004 -2431207.5449999995 579498.08500000008 439605.27000000008 1.0692550000000003 1.0648850000000001 1.0590550000000001 48.385000000000012 2973720.4050000007 -0.020004499999999998 1.0813250000000003
decision_type=2 2 2 2 2 2 2 2 2 2 2 2 2 2
left_child=3 -2 4 8 -3 6 7 -5 9 11 -11 -1 13 -10
right_child=1 2 -4 5 -6 -7 -8 -9 12 10 -12 -13 -14 -15
leaf_value=0.0063773676635925517 0.024603977909848532 0.019672669731233355 -0.026129568981537676 -0.010792183506028999 0.00089898544702852123 -0.0016602597789429003 0.0461000414945568 0.015992098789434535 -0.0064249020052309517 0.010950430736693816 0.057576411050919617 -0.032665506791198361 -0.0069653982295414816 0.0285659665593525
leaf_weight=1599.2900792956352 38553.637419179082 3883.5162176191807 350.62449841946363 745.95039643347263 1441.5739867389202 1889.870694950223 386.21422983705997 3951.6835560798645 762.62903732061386 653.96832919120789 299.85984382033348 269.39761552214622 6344.3196943551302 683.12591961026192
leaf_count=7283 77892 10058 2328 3767 5825 9341 868 13559 4033 2894 885 1866 33994 2929
internal_value=0.0175253 0.0229968 0.0120717 0.00376226 0.0145971 0.0100121 0.0143566 0.0117312 -0.000342356 0.0091721 0.0256848 0.000718282 -0.00379424 0.010096
internal_weight=61815.7 44229.4 5675.71 17586.3 5325.09 6973.72 5083.85 4697.63 10612.6 2822.52 953.828 1868.69 7790.07 1445.75
internal_count=177522 96103 18211 81419 15883 27535 18194 17326 53884 12928 3779 9149 40956 6962
is_linear=0
shrinkage=0.03


Tree=28
num_leaves=15
num_cat=0
split_feature=3 13 48 39 88 71 13 87 67 69 82 90 82 71
split_gain=4944.81 790.853 511.859 429.714 407.155 419.344 389.617 334.245 305.957 479.642 304.625 434.724 303.215 297.188
threshold=1.1279750000000002 0.0012885000000000004 2973720.4050000007 1.1413250000000001 -0.089891584999999982 0.030142500000000006 0.00033550000000000002 -60.337999999999994 1.0957450000000002 1.0973350000000002 0.0075150000000000008 1.3610990000000003 0.032350000000000011 0.0017690000000000004
decision_type=2 2 2 2 2 2 2 2 2 2 2 2 2 2
left_child=2 -2 4 12 -1 6 -6 -8 10 -10 -4 -12 -3 -9
right_child=1 3 8 -5 5 -7 7 13 9 -11 11 -13 -14 -15
leaf_value=-0.012043320243602501 0.023532581581638977 0.012247658611019105 -0.031301064593773999 0.017787242495385578 0.020637722562616166 0.037462702634688476 -0.022715236130261371 -0.012379902328509489 0.049308651519426247 -0.018009925954473625 0.03057521772923389 -0.015744070528179433 -0.014897073734440739 0.0063927403252907944
leaf_weight=1107.6830291002989 40807.020843490958 642.05499266088009 677.46107826381922 2011.5539637058973 1458.4979395866394 390.29821421205997 399.04401630163193 811.20903231203556 180.98177196085453 198.2508435100317 232.86101917922497 824.22657035291195 870.91511314362288 11393.317458733916
leaf_count=6387 83596 2499 4818 5411 4418 1370 2312 4244 823 1281 1045 5233 4605 49838
internal_value=0.0170053 0.0223545 0.00358546 0.00870359 0.00546855 0.00681354 0.00595812 0.0042555 -0.0102582 0.0140829 -0.0156023 -0.005493 -0.00335744 0.00514159
internal_weight=62005.4 44331.5 17673.8 3524.52 15560 14452.4 14062.1 12603.6 2113.78 379.233 1734.55 1057.09 1512.97 12204.5
internal_count=177880 96111 81769 12515 68569 62182 60812 56394 13200 2104 11096 6278 7104 54082
is_linear=0
shrinkage=0.03


Tree=29
num_leaves=15
num_cat=0
split_feature=3 48 19 48 88 48 48 65 1 68 42 75 65 90
split_gain=4753.74 798.988 732.297 563.497 397.509 427.701 540.436 421.904 401.313 625.289 654.343 499.052 436.626 398.104
threshold=1.1279750000000002 1755733.1100000001 -2431207.5449999995 2973720.4050000007 -0.089891584999999982 -457508.84499999991 579498.08500000008 1.0967400000000003 1.0321450000000001 1.0762050000000003 0.008743500000000003 -2.6366999999999994 1.1148150000000003 2.0311425000000005
decision_type=2 2 2 2 2 2 2 2 2 2 2 2 2 2
left_child=3 2 -2 4 -1 8 -7 13 -6 -10 11 -11 -13 -8
right_child=1 -3 -4 -5 5 6 7 -9 9 10 -12 12 -14 -15
leaf_value=-0.012073979635930543 0.023049556636401645 -0.0064162937006368792 0.0014396011203049442 -0.01129753855385068 0.030110280204511081 0.01687924459484821 0.010159461111762179 -0.019331828917117714 -0.029056247067704443 -0.029045850849683821 0.030559247205824334 -0.0032904565988212718 0.034193144001955493 -0.016444467844611562
leaf_weight=1098.9624058902264 42025.180690929294 886.35770370066166 1463.5625455528498 2085.0258523970842 342.18957172334194 5125.830374032259 3605.1854605525732 661.62887445092201 719.23193900287151 580.44410352408886 584.99309676885605 1937.1601953953505 325.73280142247677 587.24043449759483
leaf_count=6391 85821 4273 5868 13183 1098 17491 16007 3575 4208 3445 2270 9643 1218 3070
internal_value=0.0165099 0.0217482 0.022323 0.00334036 0.00530327 0.00662588 0.0100854 0.00290291 -0.00105776 -0.00364311 0.0016865 -0.00425194 0.0021046 0.00642282
internal_weight=62028.7 44375.1 43488.7 17653.6 15568.6 14469.6 9979.89 4854.05 4489.75 4147.56 3428.33 2843.34 2262.89 4192.43
internal_count=177561 95962 91689 81599 68416 62025 40143 22652 21882 20784 16576 14306 10861 19077
is_linear=0
shrinkage=0.03


Tree=30
num_leaves=15
num_cat=0
split_feature=1 19 48 48 39 34 19 77 3 90 45 67 16 46
split_gain=4500.73 664.464 589.177 555.215 550.626 417.62 399.14 555.96 530.787 474.142 398.725 581.58 480.297 394.996
threshold=1.1281050000000004 -4823543.9299999988 2087331.0000000002 1357862.9500000004 1.1211150000000003 1.1178250000000003 -6273833.044999999 -6710077.0699999994 1.0505850000000001 1.8429180000000003 -0.022786499999999998 1.0643950000000002 -0.019961499999999997 -0.58294999999999986
decision_type=2 2 2 2 2 2 2 2 2 2 2 2 2 2
left_child=3 -2 -3 4 5 13 -5 -8 -9 10 12 -12 -10 -1
right_child=1 2 -4 6 -6 -7 7 8 9 -11 11 -13 -14 -15
leaf_value=-0.0057403414921627068 0.022592635221777378 0.014129838601497743 -0.025604842165559662 -0.023172379447285261 0.025450626498371581 -0.032389419759383926 0.014751555252946595 -0.031911676617583921 0.056973048580718201 -0.033641959878216332 0.044371117048874316 -0.0067270676891802534 -0.0040993924941775265 0.0090944964120138558
leaf_weight=2055.4224473536015 38699.271459162235 5412.8337853103876 356.65975324064493 826.11392852663994 1328.8745661526918 262.24761727452278 1506.0045603811741 627.81234449893236 239.22299893200397 379.15517500042915 217.03148709237576 2478.5340201556683 222.03270220011473 7499.0957377701998
leaf_count=9931 77715 15897 2389 5000 3088 1542 6321 4364 918 2459 822 13607 1284 32130
internal_value=0.0160892 0.0211757 0.0116643 0.00326539 0.00732909 0.00487062 -0.00370252 -0.000856796 -0.00651159 -0.00198557 0.00181652 -0.00258688 0.0275647 0.00589974
internal_weight=62110.3 44468.8 5769.49 17641.5 11145.6 9816.77 6495.91 5669.79 4163.79 3535.98 3156.82 2695.57 461.256 9554.52
internal_count=177467 96001 18286 81466 46691 43603 34775 29775 23454 19090 16631 14429 2202 42061
is_linear=0
shrinkage=0.03


Tree=31
num_leaves=15
num_cat=0
split_feature=3 13 32 39 87 3 2 77 73 67 3 5 74 74
split_gain=4178.56 638.082 409.105 373.352 366.544 355.491 707.81 324.268 326.495 287.448 270.666 267.004 263.918 332.648
threshold=1.1279750000000002 0.0019105000000000001 1.6254020000000002 1.1413250000000001 200.30300000000003 1.0343550000000004 1.0062150000000003 -1250462.5499999996 -0.00025623999999999997 1.0536550000000002 1.1864350000000001 1.0940450000000002 -0.0059484999999999989 -0.0187225
decision_type=2 2 2 2 2 2 2 2 2 2 2 2 2 2
left_child=2 10 7 -3 5 6 -4 12 -9 -8 -2 -7 13 -1
right_child=1 3 4 -5 -6 11 9 8 -10 -11 -12 -13 -14 -15
leaf_value=-0.00070590265652811888 0.019189027166416274 -0.0051100226099959562 -0.012794096423155437 0.016970262918296668 0.0070636090748037927 -0.017105597078690322 -0.0027828884077556433 0.031048612487744532 0.010033528097352026 0.031661377778357376 0.024059371217038057 -0.0030347976011006607 -0.020795001871133586 0.024333249712579458
leaf_weight=1982.1303297430277 23040.71651275456 1311.8619703575969 951.86652155220509 1446.7238917946815 3919.617950566113 2012.7388370633125 295.5873404443264 880.55681446194649 2755.3598614931107 812.48433113098145 18766.312319606543 3073.1273615211248 401.12935817986727 627.15906558930874
leaf_count=9475 49138 6464 5361 4027 18447 11900 1395 2575 9278 2582 36534 16106 2249 2394
internal_value=0.0155551 0.020454 0.00322637 0.00646093 -0.000304728 -0.00435103 0.00615234 0.00910893 0.0151384 0.0224518 0.0213765 -0.0086115 0.00181409 0.00530794
internal_weight=62277.4 44565.6 17711.8 2758.59 11065.4 7145.8 2059.94 6646.34 3635.92 1108.07 41807 5085.87 3010.42 2609.29
internal_count=177925 96163 81762 10491 55791 37344 9338 25971 11853 3977 85672 28006 14118 11869
is_linear=0
shrinkage=0.03


Tree=32
num_leaves=15
num_cat=0
split_feature=1 48 48 88 88 71 41 73 50 13 71 70 48 77
split_gain=3865.49 687 443.959 372.138 356.505 444.259 399.374 357.012 334.627 319.908 404.156 330.767 483.055 556.214
threshold=1.1281050000000004 1755733.1100000001 2973720.4050000007 -0.045374774999999999 -0.089891584999999982 0.030142500000000006 45.395000000000003 -0.0030332549999999995 526966.1560950001 0.00033150000000000003 0.0017690000000000004 42.455000000000005 1978281.03 -4173673.5549999992
decision_type=2 2 2 2 2 2 2 2 2 2 2 2 2 2
left_child=2 3 4 -2 -1 6 -6 -8 -3 -9 -11 -12 13 -13
right_child=1 8 -4 -5 5 -7 7 9 -10 10 11 12 -14 -15
leaf_value=-0.011578212737348423 -0.0033095795579756457 -0.019972615495099988 -0.0097231599338163943 0.020682095485466206 -0.0027684236567365756 0.037317049657517906 -0.024810615203592425 0.024886994668593187 0.019105351189417273 -0.022090588402344284 0.014432373026634601 -0.010901830416639712 -0.014446047971818112 0.018036061813996848
leaf_weight=1085.012258246541 587.39857579767704 572.08222715556622 2090.647365167737 43057.390563353896 3932.7248120903969 401.71039287745953 280.44060178101063 1075.1756352186203 299.1607920601964 394.19422954320908 4541.0815188288689 862.72411060333252 1087.8688843995333 1934.7591445297003
leaf_count=6348 2602 3079 13327 89174 18284 1353 1602 2944 1158 2272 18708 4465 5868 6426
internal_value=0.0151178 0.0198317 0.00325073 0.0203584 0.00499235 0.00623416 0.00534446 0.00848269 -0.00651341 0.00943165 0.00754174 0.00893397 0.00249783 0.00910039
internal_weight=62202.4 44516 17686.3 43644.8 15595.7 14510.7 14109 10176.2 871.243 9895.8 8820.63 8426.43 3885.35 2797.48
internal_count=177610 96013 81597 91776 68270 61922 60569 42285 4237 40683 37739 35467 16759 10891
is_linear=0
shrinkage=0.03


Tree=33
num_leaves=15
num_cat=0
split_feature=1 19 48 48 39 48 19 0 89 68 75 46 39 19
split_gain=3770.13 682.901 539.434 466.709 397.677 387.658 650.725 345.51 535.701 722.189 390.305 355.439 343.257 335.834
threshold=1.1281050000000004 -4823543.9299999988 2087331.0000000002 2630672.3900000001 1.0269450000000002 -457508.84499999991 -7153089.584999999 0.99338500000000007 0.050175000000000004 1.1013950000000003 0.27465000000000006 1.7290500000000002 0.99248000000000014 -2431207.5449999995
decision_type=2 2 2 2 2 2 2 2 2 2 2 2 2 2
left_child=3 -2 13 5 -5 -1 -7 12 9 -9 11 -11 -8 -3
right_child=1 2 -4 4 -6 6 7 8 -10 10 -12 -13 -14 -15
leaf_value=-0.0019073185319848837 0.020468842775181573 0.016284481027129705 -0.02704344272842072 0.036271458336603203 -0.0085870143800366103 -0.025854127008643403 0.021787494694005944 0.016763436652724405 0.048766615523205326 -0.00588076759450988 -0.034716803717879358 0.031087090911386926 -0.014156673627534835 -0.00050064157081032643
leaf_weight=4540.7496392279863 38638.276488408446 3908.9030262827873 343.04754360020161 185.52039238810539 3752.482907101512 461.54857590794563 328.10975700616837 5351.4216425716877 359.10808889567852 1184.68957477808 328.14007736742496 290.56204709410667 870.95801427960396 1473.6531262844801
leaf_count=22143 77673 9984 2350 708 22184 3061 1415 17694 1024 5427 1948 992 4965 5862
internal_value=0.0143693 0.0190353 0.00935428 0.00264128 -0.00645743 0.00525621 0.00880474 0.0106469 0.0130341 0.0112299 -0.00517384 0.00139614 -0.00428605 0.0116842
internal_weight=62017.2 44363.9 5725.6 17653.3 3938 13715.3 9174.54 8712.99 7513.92 7154.81 1803.39 1475.25 1199.07 5382.56
internal_count=177430 95869 18196 81561 22892 58669 36526 33465 27085 26061 8367 6419 6380 15846
is_linear=0
shrinkage=0.03


Tree=34
num_leaves=15
num_cat=0
split_feature=13 3 48 77 89 61 79 46 71 36 48 48 82 61
split_gain=3613.29 793.375 499.237 613.62 419.283 393.478 639.678 338.908 377.357 321.259 298.739 303.902 418.649 344.13
threshold=0.0011505000000000003 1.0492250000000003 1826731.0900000001 -258446.63999999998 0.0021890000000000004 1.5086860000000002 2677610.5626490004 0.84775000000000011 0.0053925000000000006 1.1428550000000002 3033976.2750000004 -457508.84499999991 0.024185000000000002 0.41185750000000004
decision_type=2 2 2 2 2 2 2 2 2 2 2 2 2 2
left_child=1 -1 -3 -4 7 10 9 8 -2 -7 11 12 -6 -13
right_child=4 2 3 -5 5 6 -8 -9 -10 -11 -12 13 -14 -15
leaf_value=-0.0062702745635592706 -0.021705684143356933 0.019664573992051036 -0.025835771576282807 0.027441180498971141 0.018852604273138666 -0.0079543762648702065 0.013789419992826017 0.020480618586030667 0.021207241483227269 0.011567372077234087 -0.011856516781359039 -0.0020248533422182581 -0.01179018259117477 0.020281677368754757
leaf_weight=1123.0775875151157 1420.8570268526673 43845.005620926619 477.57135780155659 326.62150980532169 680.75055587291718 5333.8706817552447 2154.1382930874825 262.67736035585403 210.40330445766449 882.45362761616707 529.47458643466234 764.23841314017773 974.03979623317719 3294.3779642656446
leaf_count=5875 8672 92319 2667 1186 2703 27674 8091 888 826 2476 3415 3519 4713 12466
internal_value=0.0142688 0.0186083 0.0192348 -0.00415297 0.00223382 0.00395675 -0.000291254 -0.0110393 -0.0161427 -0.00517688 0.00965643 0.0116571 0.000801355 0.0160745
internal_weight=62279.6 45772.3 44649.2 804.193 16507.3 14613.3 8370.46 1893.94 1631.26 6216.32 6242.88 5713.41 1654.79 4058.62
internal_count=177490 102047 96172 3853 75443 65057 38241 10386 9498 30150 26816 23401 7416 15985
is_linear=0
shrinkage=0.03


Tree=35
num_leaves=15
num_cat=0
split_feature=10 19 48 40 71 89 46 39 60 10 9 19 19 37
split_gain=3324.68 925.023 461.169 439.48 352.295 566.581 301.438 391.847 353.816 339.502 481.531 305.856 338.099 291.431
threshold=1.1209850000000003 -4639278.1049999995 2973720.4050000007 1.1617150000000003 0.0048865000000000011 0.007866500000000002 -0.21104999999999999 1.1112750000000002 0.00056650000000000005 1.0206850000000003 0.9894750000000001 38254.975000000013 -550439.11499999987 1.1092650000000002
decision_type=2 2 2 2 2 2 2 2 2 2 2 2 2 2
left_child=2 -2 6 -3 -4 -6 11 9 -9 10 -8 12 -1 -11
right_child=1 3 4 -5 5 -7 7 8 -10 13 -12 -13 -14 -15
leaf_value=-0.0077568177639401187 0.019388722301857897 0.0051803968716745081 -0.028971476317949472 0.029376340523748681 0.046327178689249425 -0.011452917307786883 0.024285095210997028 0.013130086502921806 -0.02678279445038843 0.0090430661512373757 -0.025394108766317775 -0.020918713468952636 0.013022782314907716 0.038411140864182444
leaf_weight=1779.1411072462797 40405.236864954233 6460.963098116219 726.16941956430674 754.60830971598625 180.76351878046989 953.99865460395813 252.8603490293026 305.75949059426785 569.66095274686813 7086.203150331974 566.45075455307961 755.4562112390995 1165.3275188207626 317.65933582186699
leaf_count=9204 81811 24546 5405 1540 691 6184 1086 1224 3247 30062 3354 4053 4289 947
internal_value=0.0137756 0.0176213 0.00128042 0.0077187 -0.0126665 -0.00218966 0.0033115 0.00624853 -0.0128091 0.00828232 -0.0100144 -0.00390267 0.000458535 0.0103122
internal_weight=62280.3 47620.8 14659.5 7215.57 1860.93 1134.76 12798.5 9098.59 875.42 8223.17 819.311 3699.92 2944.47 7403.86
internal_count=177643 107897 69746 26086 12280 6875 57466 39920 4471 35449 4440 17546 13493 31009
is_linear=0
shrinkage=0.03


Tree=36
num_leaves=15
num_cat=0
split_feature=0 48 19 48 2 88 48 90 41 41 39 1 48 65
split_gain=3023.29 564.068 570.109 369.58 354.088 353.865 462.914 387.087 446.944 382.724 397.798 369.114 420.705 499.878
threshold=1.1280950000000003 1755733.1100000001 -2431207.5449999995 2630672.3900000001 1.1397550000000003 -0.089891584999999982 -457508.84499999991 2.8139715000000005 45.395000000000003 68.665000000000006 1.0359550000000002 1.0902150000000002 579498.08500000008 1.0839350000000001
decision_type=2 2 2 2 2 2 2 2 2 2 2 2 2 2
left_child=3 2 -2 5 -3 -1 7 8 -7 10 -8 -12 -13 -14
right_child=1 4 -4 -5 -6 6 9 -9 -10 -11 11 12 13 -15
leaf_value=-0.011348756839343055 0.018689511829155857 -0.023420630260951005 -0.00016809654971418526 -0.005271432085328695 0.014348510133562753 -0.015727126500785178 -0.0018493659376486212 0.036097719005747896 0.0042790046951646926 -0.01586752118343774 0.024643890907351283 0.016671304639372587 0.020303786279409462 -0.01918469060408939
leaf_weight=1070.9242324382067 42081.833267465234 482.79593294858932 1490.81432980299 3888.6844581738114 413.27272956073284 1599.641202673316 1429.4923075288534 237.48754967749119 2696.5030595362186 454.05695088207722 2492.532765775919 2580.6596078276634 456.00855927169323 780.32982517778873
leaf_count=6353 85767 2966 5880 22712 1363 9070 7052 799 12044 2156 7715 7735 1503 4197
internal_value=0.0133862 0.0175589 0.0180436 0.00289258 -0.00597124 0.0051959 0.00659123 -0.00109425 -0.00316509 0.0108473 0.0124204 0.0156579 0.00977713 -0.00459096
internal_weight=62155 44468.7 43572.6 17686.3 896.069 13797.6 12726.7 4533.63 4296.14 8193.08 7739.02 6309.53 3817 1236.34
internal_count=177312 95976 91647 81336 4329 58624 52271 21913 21114 30358 28202 21150 13435 5700
is_linear=0
shrinkage=0.03


Tree=37
num_leaves=15
num_cat=0
split_feature=13 3 19 48 89 19 46 61 79 48 48 90 71 9
split_gain=3115.11 723.235 459.36 607.677 408.225 362.965 337.572 320.176 455.252 319.201 309.05 491.256 307.659 305.239
threshold=0.0011505000000000003 1.0492250000000003 -4342827.9649999989 1826731.0900000001 0.0021890000000000004 -7153089.584999999 0.74595000000000011 1.5020235000000002 2677610.5626490004 3033976.2750000004 -457508.84499999991 2.4606135000000005 0.0053925000000000006 0.9894750000000001
decision_type=2 2 2 2 2 2 2 2 2 2 2 2 2 2
left_child=1 13 -3 -4 6 -6 12 9 -9 10 11 -7 -2 -1
right_child=4 2 3 -5 5 7 -8 8 -10 -11 -12 -13 -14 -15
leaf_value=0.024562895559309284 -0.021734723084813442 0.018602842956520087 0.01255123491907658 -0.021436148174602591 -0.026289940029081117 -0.006715130499332163 0.019252268926445788 -0.0037636772256600701 0.012256438062646721 -0.013199667350043649 0.01615680790337681 0.037928640235692562 0.017711140901601974 -0.014436065839406395
leaf_weight=224.13990297913551 1390.0919664651155 40358.181265041232 3781.4381068199873 539.71395564824343 357.85484054684639 1356.9764975309372 274.24440288543701 6119.0573586151004 2158.7353809177876 508.56941184401512 3911.3081862553954 264.12371549010277 202.44773544371128 906.56153144687414
leaf_count=962 8672 81907 11507 2923 2467 6409 930 29156 8060 3368 14927 841 803 5003
internal_value=0.0129774 0.017007 0.0176068 0.00829528 0.00181698 0.00349944 -0.0113892 0.00424782 0.000411502 0.00949872 0.0115927 0.000559024 -0.0166935 -0.00666389
internal_weight=62353.4 45810 44679.3 4321.15 16543.4 14676.6 1866.78 14318.8 8277.79 6040.98 5532.41 1621.1 1592.54 1130.7
internal_count=177935 102302 96337 14430 75633 65228 10405 62761 37216 25545 22177 7250 9475 5965
is_linear=0
shrinkage=0.03


Tree=38
num_leaves=15
num_cat=0
split_feature=1 48 19 48 2 87 88 71 34 38 13 87 74 72
split_gain=2693.86 517.851 479.729 402.765 346.529 317.149 313.502 412.457 304.571 403.117 296.306 305.175 353.31 372.471
threshold=1.1281050000000004 1755733.1100000001 -2461547.6449999996 2973720.4050000007 1.1397550000000003 -64.672999999999988 -0.089891584999999982 0.030142500000000006 1.1446350000000003 1.1019950000000003 0.00033550000000000002 200.30300000000003 -0.035051999999999993 -0.11399599999999999
decision_type=2 2 2 2 2 2 2 2 2 2 2 2 2 2
left_child=3 2 -2 5 -3 -1 -7 10 9 -4 -8 -12 -13 -14
right_child=1 4 8 -5 -6 6 7 -9 -10 -11 11 12 13 -15
leaf_value=-0.023782414991982772 0.017705019513245442 -0.023470059343254277 0.022637511982759151 -0.0099078407337832922 0.013826825747070675 -0.010761948187016599 0.018167927628957036 0.035643006159413147 0.020701704470511666 -0.017752216434073112 0.0002977300856305993 -0.0046486958798186446 0.02905859452301102 0.0079054990807037786
leaf_weight=349.92829953879118 42033.151681140065 475.5505407974124 299.0631800442934 1991.5177270770073 421.57168494164944 1049.6491535753012 1448.9367782175541 415.35635709762573 502.91434723138809 854.7573684155941 7975.1366181522608 1106.6789104789495 1115.7619069367647 2298.1699758470058
leaf_count=1999 85564 2967 965 13169 1370 6270 4168 1321 1184 4190 36802 5219 3637 8945
internal_value=0.0126824 0.0166174 0.0170809 0.00279635 -0.00591439 0.00440418 0.0050477 0.00620607 0.00122636 -0.00724693 0.00532462 0.00383164 0.010058 0.0148342
internal_weight=62338.1 44587 43689.9 17751.1 897.122 15759.6 15409.7 14360 1656.73 1153.82 13944.7 12495.7 4520.61 3413.93
internal_count=177770 96240 91903 81530 4337 68361 66362 60092 6339 5155 58771 54603 17801 12582
is_linear=0
shrinkage=0.03


Tree=39
num_leaves=15
num_cat=0
split_feature=10 19 48 79 40 67 38 19 77 64 10 41 68 67
split_gain=2581.15 786.023 408.842 363.165 360.744 348.107 338.675 671.458 538.369 664.417 548.906 318.936 498.99 676.644
threshold=1.1209850000000003 -4639278.1049999995 1421969.0850000002 958182.13979250018 1.1617150000000003 1.1596150000000003 1.0582150000000003 -6273833.044999999 -4997185.6249999991 1.0594600000000003 1.0350550000000003 45.635000000000012 1.0764950000000002 1.0619250000000002
decision_type=2 2 2 2 2 2 2 2 2 2 2 2 2 2
left_child=2 -2 3 5 -3 -1 7 -4 9 10 -9 -5 13 -13
right_child=1 4 6 11 -6 -7 -8 8 -10 -11 -12 12 -14 -15
leaf_value=-0.0076949091854098817 0.017258978971580727 0.004264008115162852 -0.024750013617905738 -0.00021461265675919855 0.026784987791853562 0.027713080885321414 -0.013608658718313045 0.032620127373381748 -0.031877044424455152 0.033591086711876543 -0.022603700189591815 0.015191615024767543 0.021579963467531129 -0.023208513919791209
leaf_weight=2541.4129599332809 40444.347272709012 6490.6743761599064 632.65648775547743 2397.2414661496878 710.20168998837471 275.90030206739902 2475.3959603980184 239.69768167287111 231.0926855802536 936.6182898953557 493.61623322963715 1118.1747543364763 2656.5225158929825 653.40696159005165
leaf_count=12818 82087 24612 4133 10704 1451 983 15391 1032 1634 3147 2772 4376 9021 3664
internal_value=0.0122463 0.0156326 0.00123213 0.00484556 0.00649276 -0.00420815 -0.00571744 0.00198274 0.0109034 0.0168571 -0.00449204 0.00858714 0.0133579 0.00100659
internal_weight=62297 47645.2 14651.7 9642.66 7200.88 2817.31 5009.08 2533.68 1901.02 1669.93 733.314 6825.35 4428.1 1771.58
internal_count=177825 108150 69675 41566 26063 13801 28109 12718 8585 6951 3804 27765 17061 8040
is_linear=0
shrinkage=0.03


Tree=40
num_leaves=15
num_cat=0
split_feature=31 48 77 38 74 82 48 60 19 48 61 35 72 79
split_gain=2577 564.111 434.141 535.075 404.276 309.937 454.663 270.118 256.895 278.959 437.317 374.737 368.703 343.2
threshold=0.0023960000000000001 1826731.0900000001 -258446.63999999998 1.0447250000000003 -0.023392499999999997 0.0011300000000000001 2637866.1550000007 0.016893500000000002 -7153089.584999999 -457508.84499999991 1.7219470000000003 1.1111350000000002 -0.09659849999999999 1283525.2855810001
decision_type=2 2 2 2 2 2 2 2 2 2 2 2 2 2
left_child=1 4 3 -3 -1 6 -2 -6 -7 13 -11 -12 -13 -10
right_child=5 2 -4 -5 7 8 -8 -9 9 10 11 12 -14 -15
leaf_value=0.0019003448638805801 -0.0011568311185739949 0.020172975586727579 0.025127314494773709 -0.023278645770953701 0.013550760646784645 -0.026961470395290968 -0.026733891569231599 0.018338778793140061 -0.01163276036229806 0.013017654563492357 -0.0090239259702295776 0.044810499984502795 0.00078445277281983541 0.007198313894128474
leaf_weight=1816.7834941148758 2862.9057807475328 355.97731778025627 397.99837429821491 888.94672806560993 18163.342602059245 245.51348192244768 800.42581360787153 25794.929575592279 1890.5300326198339 4570.3002563491464 1980.2453628480434 257.84838274866343 509.93672681599855 1611.8889655694366
leaf_count=7194 13307 1619 1494 5334 41169 1797 5672 52088 9394 19081 9981 782 2213 6649
internal_value=0.0117635 0.0151682 -0.00208629 -0.0108237 0.0157882 0.000800419 -0.00675929 0.0163614 0.00330605 0.00399799 0.00733112 -0.00211663 0.015648 -0.00295815
internal_weight=62147.6 47418 1642.92 1244.92 45775.1 14729.6 3663.33 43958.3 11066.3 10820.7 7318.33 2748.03 767.785 3502.42
internal_count=177774 108898 8447 6953 100451 68876 18979 93257 49897 48100 32057 12976 2995 16043
is_linear=0
shrinkage=0.03


Tree=41
num_leaves=15
num_cat=0
split_feature=31 19 19 19 71 71 89 10 48 34 48 0 35 48
split_gain=2384.36 684.515 364.165 446.119 464.716 359.652 409.383 316.615 309.161 424.538 296.234 364.681 360.564 298.268
threshold=0.0036565000000000005 -4823543.9299999988 84525.860000000015 -4266444.5199999986 0.030142500000000006 0.0049755000000000016 0.007866500000000002 1.1308350000000003 1826731.0900000001 1.1154250000000003 260950.43000000002 1.0345450000000003 1.0296950000000002 2973720.4050000007
decision_type=2 2 2 2 2 2 2 2 2 2 2 2 2 2
left_child=1 -1 3 5 10 7 -7 -2 -3 -10 11 12 -5 -12
right_child=2 8 -4 4 -6 6 -8 -9 9 -11 13 -13 -14 -15
leaf_value=0.016132752407232581 -0.031841461632283477 0.0092549691276473927 -0.01571285167607581 -0.01215057886207869 0.043987739747310427 0.029418581066414144 -0.0056755723897919602 0.014857489791267858 0.0045252239817755915 -0.031733014117432651 0.013326872058089361 -0.0053779043219457584 0.028515329248720297 -0.015945540569372602
leaf_weight=40512.407370127738 726.52296508848667 6860.2994007915258 1175.3307541534305 282.59833012521267 274.45785202085972 336.63382960855961 2618.2316457331181 157.68690496683121 973.20133481174707 412.6824597120285 3356.1339118629694 3467.1531460955739 631.51015014946461 343.78043825924397
leaf_count=84299 5191 22164 6119 1510 814 1295 14046 791 4871 2473 13002 16812 1925 2459
internal_value=0.011451 0.0145285 0.00022541 0.00176517 0.00565636 -0.00669535 -0.00165871 -0.0234721 0.00664253 -0.00626506 0.00434553 -0.000926701 0.0159111 0.0105953
internal_weight=62128.6 48758.6 13370 12194.7 8355.63 3839.08 2954.87 884.21 8246.18 1385.88 8081.18 4381.26 914.108 3699.91
internal_count=177771 113807 63964 57845 36522 21323 15341 5982 29508 7344 35708 20247 3435 15461
is_linear=0
shrinkage=0.03


Tree=42
num_leaves=15
num_cat=0
split_feature=31 7 19 19 77 45 82 89 68 74 38 83 19 77
split_gain=2228.39 522.244 354.873 305.669 345.57 302.62 314.812 435.633 292.187 283.704 663.011 288.406 288.457 371.004
threshold=0.0023960000000000001 1.0575950000000003 -4342827.9649999989 -2762962.8749999995 -1061969.6349999998 -0.0026634999999999996 0.0087850000000000011 0.013382500000000002 1.0933350000000002 -0.0026509999999999993 1.1172650000000002 3.6253165000000007 -4266444.5199999986 -35999421.06499999
decision_type=2 2 2 2 2 2 2 2 2 2 2 2 2 2
left_child=1 -1 -3 4 -4 9 -7 -8 -9 10 11 12 -2 -14
right_child=5 2 3 -5 -6 6 7 8 -10 -11 -12 -13 13 -15
leaf_value=-0.0016076644515139044 -0.0076286804383265587 0.015899339565467931 0.0062511845245584712 0.012342663882975016 -0.023709552578433438 -0.0044830370903373344 0.020892176457740986 0.01135832513837471 -0.0059015623104697002 -0.012594696174185294 0.04467176376868278 -0.014463801173046239 -0.021415428039659321 0.015241948300455884
leaf_weight=1780.1864634081721 1508.8293981179595 40200.474772781134 1069.7304506078362 3671.9226928204298 510.75615354627371 2171.5503233969212 1836.7906172052026 1793.4595697745681 1734.2477555200458 2145.3721312209964 286.47273372113705 1272.2196341529489 290.24856880307198 1674.458443723619
leaf_count=8877 8650 82470 3043 11346 2867 10211 6886 6296 8604 11620 840 6875 1646 7161
internal_value=0.0111404 0.0143161 0.0149404 0.00759383 -0.00342094 0.000943458 0.00514355 0.0090461 0.00286546 -0.00346231 0.000426833 -0.00224649 0.00222246 0.00980311
internal_weight=61946.7 47233.1 45452.9 5252.41 1580.49 14713.6 7536.05 5364.5 3527.71 7177.6 5032.23 4745.76 3473.54 1964.71
internal_count=177392 108603 99726 17256 5910 68789 31997 21786 14900 36792 25172 24332 17457 8807
is_linear=0
shrinkage=0.03


Tree=43
num_leaves=15
num_cat=0
split_feature=31 1 19 19 71 91 71 61 48 10 1 1 65 34
split_gain=2070.84 644.693 353.958 348.977 363.879 346.388 341.298 381.687 326.966 309.132 295.889 377.671 285.251 498.027
threshold=0.0038175000000000006 1.1140850000000002 84525.860000000015 -4266444.5199999986 0.030142500000000006 1.7460000000000002e-05 0.0051250000000000011 1.7572740000000002 207734.42000000001 1.1317350000000002 1.0345850000000001 1.0219450000000003 1.0645850000000003 1.0456150000000002
decision_type=2 2 2 2 2 2 2 2 2 2 2 2 2 2
left_child=1 5 3 6 8 -1 9 12 10 -2 11 -5 13 -8
right_child=2 -3 -4 4 -6 -7 7 -9 -10 -11 -12 -13 -14 -15
leaf_value=0.010037262780543187 -0.029989573430091589 0.014942982630318772 -0.015651941233539649 -0.0071461892599972736 0.039023261105564401 -0.0055887650707403475 0.0033941807064106857 -0.017917279731401847 0.010440844073789715 0.014932391990861188 -0.0059505552857663357 0.031890791758987146 -0.0047001474398034445 0.048873626030033437
leaf_weight=3248.4272506088018 743.543392598629 43524.565280482173 1138.9423480853438 418.52117091417313 277.56144931912422 2099.6680984720588 694.4913047477603 819.04533194750547 3825.113155066967 167.58175770938396 3236.161280952394 473.39873711764812 1040.8883359730244 315.18246750533581
leaf_count=13361 5351 91551 5988 2096 820 9496 3309 4918 15862 819 15971 1273 5739 925
internal_value=0.0108915 0.0137349 0.000321362 0.00183964 0.00530704 0.00389696 -0.00570046 -0.000608374 0.00412184 -0.0216869 -0.00172724 0.0135521 0.00629597 0.0176552
internal_weight=62023.1 48872.7 13150.4 12011.5 8230.76 5348.1 3780.73 2869.61 7953.19 911.125 4128.08 891.92 2050.56 1009.67
internal_count=177479 114408 63071 57083 36022 22857 21061 14891 35202 6170 19340 3369 9973 4234
is_linear=0
shrinkage=0.03


Tree=44
num_leaves=15
num_cat=0
split_feature=3 48 19 87 48 42 70 50 48 48 38 34 73 78
split_gain=2050.89 424.434 415.801 303.081 302.691 336.09 319.222 294.9 292.227 370.54 327.243 318.428 302.649 292.037
threshold=1.1279750000000002 1755733.1100000001 -2461547.6449999996 -64.672999999999988 2630672.3900000001 0.00072850000000000009 42.305000000000007 526966.1560950001 2469433.0550000002 2274973.1600000006 1.1216250000000001 1.1178250000000003 8.5160000000000018e-05 -0.35749999999999998
decision_type=2 2 2 2 2 2 2 2 2 2 2 2 2 2
left_child=3 2 -2 -1 8 -6 13 -3 9 10 11 -5 -10 -7
right_child=1 7 -4 4 5 6 -8 -9 12 -11 -12 -13 -14 -15
leaf_value=-0.025274490757299803 0.015019212213022779 -0.019500144409609694 -0.00031936779774326547 0.0032686988604538319 0.02145657676982499 0.024562784563223826 -0.020797241131180162 0.01697385659553562 0.031632592835553905 -0.02810219235842221 0.017378908924610713 -0.028345751313821416 -0.003764928851315645 -0.0058339320027710655
leaf_weight=359.05206981301308 41838.371446162462 566.42760865390301 1649.4263387620449 10488.460878789425 389.28891069442034 331.45997303724289 1150.3114202320576 306.04668167978525 675.88730119168758 326.31704952567816 1495.7102059572935 293.64814224839211 317.84132851660252 1965.0619409456849
leaf_count=2133 85621 3084 6370 46149 1718 1746 7502 1144 2112 1915 3681 1683 1396 11731
internal_value=0.0105695 0.0140209 0.0144368 0.00196275 0.00252684 -0.00491086 -0.00790288 -0.00666666 0.00462752 0.00338891 0.00423054 0.00240236 0.0202882 -0.0014249
internal_weight=62153.3 44360.3 43487.8 17793 17434 3836.12 3446.83 872.474 13597.9 12604.1 12277.8 10782.1 993.729 2296.52
internal_count=177985 96219 91991 81766 79633 22697 20979 4228 56936 53428 51513 47832 3508 13477
is_linear=0
shrinkage=0.03


Tree=45
num_leaves=15
num_cat=0
split_feature=10 19 40 48 48 48 39 62 73 42 68 3 47 91
split_gain=1851.76 572.87 346.606 302.615 430.37 426.697 424.176 328.158 302.866 302.263 274.014 296.298 262.804 262.351
threshold=1.1209850000000003 -4639278.1049999995 1.1617150000000003 2637866.1550000007 2582414.4250000003 2274973.1600000006 1.0269450000000002 -0.0016731699999999996 -0.0030332549999999995 0.00061550000000000005 1.0770350000000002 1.0890650000000002 14.545000000000002 0.00054322000000000018
decision_type=2 2 2 2 2 2 2 2 2 2 2 2 2 2
left_child=3 -2 10 4 5 7 -5 -1 -9 -10 -3 -12 -13 -11
right_child=1 2 -4 6 -6 -7 -8 8 9 13 11 12 -14 -15
leaf_value=0.029225842285311533 0.014512644585172199 0.017317870288286321 0.024852333965481931 0.036978934319924224 0.029108765623706224 -0.029847559022634126 -0.010033887175286532 -0.030723613696817295 -0.023817974758231393 0.0052866509671023196 0.03204347594681177 -0.018013503200333084 0.001571925352061528 -0.012420756162635238
leaf_weight=411.25152418017387 40093.23482003063 1027.4222199320793 734.52161635458469 182.16275111585855 547.61591679602861 367.63715583831072 2977.3479302152991 248.4607699662447 370.14415061473846 8775.1993358805776 253.49042549729347 713.32098941504955 4497.5141432061791 821.90339235961437
leaf_count=1509 81956 2833 1495 658 1717 2095 18600 1492 2026 37497 926 3825 16984 4196
internal_value=0.0102214 0.0131108 0.00532818 0.000919228 0.00317298 0.00187592 -0.00730301 0.00297891 0.0019166 0.00273626 0.00311097 0.000431569 -0.00110635 0.00376591
internal_weight=62021.2 47319.5 7226.27 14701.7 11542.2 10994.6 3159.51 10627 10215.7 9967.25 6491.75 5464.33 5210.84 9597.1
internal_count=177809 108019 26063 69790 50532 48815 19258 46720 45211 43719 24568 21735 20809 41693
is_linear=0
shrinkage=0.03


Tree=46
num_leaves=15
num_cat=0
split_feature=0 2 48 48 31 2 87 42 48 48 42 70 79 19
split_gain=1798.8 404.148 281.491 301.367 361.474 291.2 275.289 252.529 270.217 250.255 324.608 314.039 318.097 312.82
threshold=1.1280950000000003 1.1863950000000003 1755733.1100000001 885687.97000000009 0.0053105000000000001 1.1397550000000003 -64.672999999999988 0.0024525000000000003 -1613332.7799999998 2630672.3900000001 0.00067950000000000009 41.595000000000006 2028190.2318200001 -5010989.379999999
decision_type=2 2 2 2 2 2 2 2 2 2 2 2 2 2
left_child=6 2 3 4 -2 -4 -1 -6 -9 -8 -11 12 13 -12
right_child=1 -3 5 -5 7 -7 9 8 -10 10 11 -13 -14 -15
leaf_value=-0.024411830710522171 0.010862589413929572 0.01637535866909931 -0.02240461318274909 0.020999536733422641 -0.029885751920623704 0.011923617598306638 0.0042068870240016265 -0.021050347568423836 0.018794064789545369 0.022776269664701702 -0.023198023704746638 -0.01789085596257288 -0.016943810722305431 0.015167781632202261
leaf_weight=353.3647099211812 20549.742460042238 19072.820854380727 464.32582028955221 2522.3989124000072 316.3405352383852 423.99337485432625 13531.410973891616 253.87094996869564 382.31558020412922 354.75820853561163 228.88424856215715 1457.5203278437257 643.07030865550041 1127.0835234895349
leaf_count=2136 44445 37695 2940 4887 1733 1373 56614 1434 1400 1504 1458 9518 4333 5838
internal_value=0.00983602 0.0130856 0.0105652 0.0111789 0.0100245 -0.00599108 0.0017569 -0.00801763 0.00283894 0.0022932 -0.00449246 -0.00730559 0.000402322 0.00865729
internal_weight=61681.9 43985.8 24913 24024.7 21502.3 888.319 17696.1 952.527 636.187 17342.7 3811.32 3456.56 1999.04 1355.97
internal_count=177308 95907 58212 53899 49012 4313 81401 4567 2834 79265 22651 21147 11629 7296
is_linear=0
shrinkage=0.03


Tree=47
num_leaves=15
num_cat=0
split_feature=13 3 19 89 19 46 73 2 65 5 90 47 76 77
split_gain=1754.38 504.701 307.945 304.828 317.751 289.281 316.556 260.022 257.148 256.254 244.01 260.387 267.025 246.11
threshold=0.0011955000000000002 1.0492250000000003 -7153089.584999999 0.0021890000000000004 84525.860000000015 0.84775000000000011 -0.00027559999999999992 1.1863950000000003 1.0891750000000002 1.0245950000000001 1.8429180000000003 41.545000000000009 6.2800000000000002 -8875450.1849999987
decision_type=2 2 2 2 2 2 2 2 2 2 2 2 2 2
left_child=1 9 -2 5 10 6 -4 -3 -6 -1 -5 12 -12 -13
right_child=2 7 3 4 8 -7 -8 -9 -10 -11 11 13 -14 -15
leaf_value=-0.00019780296567170594 -0.024666666853369767 0.011340556800250338 0.0032790047104258816 0.0082204533465155809 0.016556277113273725 0.01847856184008724 -0.025271787405423435 0.016008152470213997 -0.017292381445539805 -0.037191525140114694 0.009571727898634445 0.02783931688580896 -0.01154138972425147 0.0025640743809360205
leaf_weight=933.2420190423727 399.17772230505943 25816.031318195164 546.48192847520113 7766.7730101570487 248.8438807502389 275.07046650350094 959.2552452608943 18525.578119263053 1041.2885746210814 205.11395047605038 718.16168156266212 429.13879153132439 2140.6108550801873 1807.9261974319816
leaf_count=4661 2861 60136 2843 33689 927 907 6266 36531 5273 1308 3099 1628 10421 6813
internal_value=0.00975626 0.012785 0.00132028 0.00197471 0.00344834 -0.00971529 -0.0148945 0.0132916 -0.0107326 -0.00691662 0.00487375 -0.000221815 -0.00622551 0.00743633
internal_weight=61812.7 45480 16332.7 15933.6 14152.7 1780.81 1505.74 44341.6 1290.13 1138.36 12862.6 5095.84 2858.77 2237.06
internal_count=177363 102636 74727 71866 61850 10016 9109 96667 6200 5969 55650 21961 13520 8441
is_linear=0
shrinkage=0.03


Tree=48
num_leaves=15
num_cat=0
split_feature=10 19 48 48 89 75 77 0 41 38 39 79 67 42
split_gain=1601.5 452.46 305.486 362.244 336.936 358.814 370.431 519.397 474.023 451.709 453.962 297.44 347.434 571.576
threshold=1.1209850000000003 -4639278.1049999995 1357862.9500000004 1114190.5450000002 0.0064210000000000005 -7.5423999999999998 -4997185.6249999991 1.0284650000000004 47.315000000000005 1.0756150000000002 1.0862150000000002 958182.13979250018 1.0782250000000002 0.012012000000000002
decision_type=2 2 2 2 2 2 2 2 2 2 2 2 2 2
left_child=2 -2 3 11 -4 -6 7 8 -7 -8 -11 -1 -13 -14
right_child=1 -3 4 -5 5 6 9 -9 -10 10 -12 12 13 -15
leaf_value=-0.0056732236225213277 0.013208354996375102 0.0050615942696002839 -0.018042629838902171 0.038651725585172859 -0.030033223134306626 -0.027897455844895794 -0.033019123058610482 0.049316922984977814 0.012123392981310049 0.037530375149589491 -0.010545367827838794 -0.0030279757825144287 0.0083854049244576206 0.05324030139317755
leaf_weight=2679.8829344138503 39824.715574428439 7270.0333290547132 1374.1808160543442 259.33847300708294 338.18850037455559 327.76942402124405 482.46684626489878 268.38291277736425 1397.8569205477834 246.43839105963707 616.99285171926022 2380.6896812692285 4021.3628312945366 272.48967602849007
leaf_count=13080 81933 26179 9142 864 2360 1891 3564 747 6139 1322 3497 11149 15162 704
internal_value=0.00925566 0.0119515 0.000596619 0.00373711 -0.0053729 -0.000627568 0.00234907 0.0105625 0.00449261 -0.00979596 0.00316913 0.00276191 0.00615352 0.0112506
internal_weight=61760.8 47094.7 14666 9613.76 5052.28 3678.1 3339.91 1994.01 1725.63 1345.9 863.431 9354.43 6674.54 4293.85
internal_count=177733 108112 69621 40959 28662 19520 17160 8777 8030 8383 4819 40095 27015 15866
is_linear=0
shrinkage=0.03


Tree=49
num_leaves=15
num_cat=0
split_feature=31 0 91 19 19 71 74 41 89 48 6 48 0 1
split_gain=1488.76 431.206 355.767 290.446 338.739 369.89 327.257 344.159 371.815 338.674 275.083 268.817 373.478 347.434
threshold=0.0038175000000000006 1.1152250000000004 1.7460000000000002e-05 84525.860000000015 -4237246.8099999996 0.030142500000000006 -0.0040884999999999993 53.045000000000009 0.036654500000000007 2637866.1550000007 1.0713650000000003 260950.43000000002 1.0345450000000003 1.0219450000000003
decision_type=2 2 2 2 2 2 2 2 2 2 2 2 2 2
left_child=1 2 -1 4 6 11 7 8 9 -2 -11 12 13 -6
right_child=3 -3 -4 -5 5 -7 -8 -9 -10 10 -12 -13 -14 -15
leaf_value=0.0096875030481370517 0.016502398944887798 0.012478595856989931 -0.0059899332587729165 -0.014486806427953103 -0.0040509510588227545 0.038421204834943594 -0.022263886523326264 0.026536706807376163 -0.02459469464827586 -0.034846193090610739 -0.00084164358964702911 0.0098178217999511132 -0.0059944779418666374 0.032224390087414199
leaf_weight=3308.1056874170899 808.50957103818655 42947.618705905974 2145.4208627417684 1122.7268694713712 443.53186924755573 285.64927662909031 849.80498712509871 354.18799468129873 651.53146483749151 275.10300113260746 962.53012354671955 3559.3452525511384 3373.8112118914723 507.13560931384563
leaf_count=13476 3048 91014 9716 5928 2179 813 5081 1528 4215 1994 6015 14614 16532 1304
internal_value=0.00903422 0.0114693 0.00351452 9.87981e-05 0.00145897 0.00493381 -0.00580853 -0.00121084 -0.00487352 0.00140037 -0.00844648 0.00371196 -0.00130775 0.0152822
internal_weight=61595 48401.1 5453.53 13193.9 12071.1 8169.47 3901.67 3051.86 2697.67 2046.14 1237.63 7883.82 4324.48 950.667
internal_count=177457 114206 23192 63251 57323 35442 21881 16800 15272 11057 8009 34629 20015 3483
is_linear=0
shrinkage=0.03


Tree=50
num_leaves=15
num_cat=0
split_feature=32 19 39 19 61 89 19 74 89 83 70 38 9 70
split_gain=1471.29 390.879 322.574 262.703 250.989 269.682 248.998 359.046 424.799 329.233 234.93 229.787 227.462 218.874
threshold=1.4933335000000001 -4823543.9299999988 1.1413250000000001 -2825431.1299999994 1.6535705000000001 0.0021890000000000004 -4996071.2299999995 -0.0037604999999999995 0.0073050000000000016 4.613750500000001 60.615000000000002 1.0260250000000002 1.1095750000000002 72.27500000000002
decision_type=2 2 2 2 2 2 2 2 2 2 2 2 2 2
left_child=1 11 4 10 5 -2 -6 8 12 -10 -4 -1 -8 -7
right_child=2 -3 3 -5 6 13 7 -9 9 -11 -12 -13 -14 -15
leaf_value=-0.0045620647751365966 -0.014093325790455493 0.0046217209854056652 0.023365179327409689 0.025984958583502631 -0.021735040975859477 0.0032767476264546026 0.010804303995817733 -0.013004510168457139 0.0034028920772823808 -0.021861094418322801 -0.0039649130054761478 0.012717020210879715 0.044523909599805969 0.027345284674726009
leaf_weight=702.11277947574854 772.53414275497198 6803.1590659320354 392.43543311953545 724.8786169141531 766.63946618139744 5825.4010774865746 616.04316361248493 2106.5327532887459 1614.0385000854731 649.84998319298029 1004.5962803810835 39101.51728682965 256.1765595972538 360.71293430030346
leaf_count=2674 4668 24078 897 1386 5028 27698 2820 11248 7458 3603 3298 81251 776 1186
internal_value=0.00863904 0.0112751 0.000495086 0.011337 -0.00127738 0.00259799 -0.00576968 -0.00342561 0.00300109 -0.00384235 0.00370205 0.0124114 0.020782 0.00468923
internal_weight=61696.6 46606.8 15089.8 2121.91 12967.9 6958.65 6009.28 5242.64 3136.11 2263.89 1397.03 39803.6 872.22 6186.11
internal_count=178069 108003 70066 5581 64485 33552 30933 25905 14657 11061 4195 83925 3596 28884
is_linear=0
shrinkage=0.03


Tree=51
num_leaves=15
num_cat=0
split_feature=10 19 67 3 45 41 83 79 67 74 60 45 68 79
split_gain=1423.34 457.426 254.585 309.87 314.276 246.761 277.558 286.539 315.399 279.777 265.583 253.218 251.515 318.081
threshold=1.1209850000000003 -4639278.1049999995 1.0760950000000002 1.0890650000000002 -0.0044079999999999996 47.135000000000012 3.0710995000000003 1004411.2816200001 1.0880350000000003 -0.0032264999999999998 0.049386500000000007 -0.0078649999999999987 1.1483750000000001 1244403.9353610002
decision_type=2 2 2 2 2 2 2 2 2 2 2 2 2 2
left_child=5 -2 -3 -4 -5 12 9 8 11 -7 -9 -8 13 -1
right_child=1 2 3 4 -6 6 7 10 -10 -11 -12 -13 -14 -15
leaf_value=-0.016817914033897832 0.012334015586376 0.01794205748892946 0.033382225147207019 -0.017963362181661804 0.0029873843940707145 0.0027491629594007636 -0.0013570238801416761 0.021717768238449661 -0.014907920994353244 -0.012593985070878978 -0.0020939975264134053 0.028146398660818382 0.025895636935926301 -0.00066398658615568235
leaf_weight=1726.4419911429286 39612.829337231815 1027.2714190557599 266.75986758619547 734.67659629136324 5189.3601943552494 4113.0518509894609 650.92725843191147 1762.1934011206031 742.7082302197814 1443.8371175900102 550.87499555200338 434.86299061775208 223.92607128620148 3017.7245782464743
leaf_count=9802 81712 2694 929 4071 18394 19626 3358 5875 4035 8060 2779 1476 732 14058
internal_value=0.00851389 0.011068 0.00411523 0.0018135 0.000381496 0.000356251 0.00314318 0.00902174 0.000129079 -0.00123357 0.0160354 0.0104466 -0.00507774 -0.00655116
internal_weight=61497.4 46830.9 7218.07 6190.8 5924.04 14666.5 9698.46 4141.57 1828.5 5556.89 2313.07 1085.79 4968.09 4744.17
internal_count=177601 107800 26088 23394 22465 69801 45209 17523 8869 27686 8654 4834 24592 23860
is_linear=0
shrinkage=0.03


Tree=52
num_leaves=15
num_cat=0
split_feature=3 2 61 10 89 77 77 19 38 41 77 77 37 10
split_gain=1330.29 275.789 263.939 332.704 267.718 242.039 480.745 332.429 370.527 257.765 206.944 245.092 312.609 222.447
threshold=1.1279750000000002 1.1863950000000003 1.6604025000000002 1.0206850000000003 0.050175000000000004 -3680539.9949999996 -4757194.5349999992 -2789545.8849999993 1.1814650000000002 58.355000000000011 -23913306.664999995 -1676563.6199999999 1.0902650000000003 1.0350550000000003
decision_type=2 2 2 2 2 2 2 2 2 2 2 2 2 2
left_child=2 5 3 -1 -5 6 -2 8 9 -8 -4 13 -13 -12
right_child=1 -3 10 4 -6 -7 7 -9 -10 -11 11 12 -14 -15
leaf_value=-0.016757170300819448 0.010696553310601589 0.013704104054135019 0.0091040368736693047 0.0047844495527516635 0.029355454693975439 0.010853500676251423 0.014362605500918488 -0.022563394010367627 -0.02393399906908332 -0.0085267111872282027 0.0077665990486497959 0.021809176309576503 -0.0032203437566678318 -0.014494077334029092
leaf_weight=621.08809868246317 4489.1631666570902 18876.993515685201 1105.9366499707103 8868.6870753094554 417.60233721137047 17231.272920146585 1268.1924648433924 716.13454282283783 445.08907437324524 677.50743132829666 474.9302866011858 524.84461794048548 3074.0899985730648 2625.3948919028044
leaf_count=3545 9914 37919 4785 38770 1627 38776 2721 3622 1319 1862 2318 1943 13798 14709
internal_value=0.00815697 0.0109678 0.00121955 0.004471 0.00589567 0.00888563 0.00441683 -0.00464754 0.000713599 0.00637668 -0.00290382 -0.00489166 0.000426505 -0.0110729
internal_weight=61416.9 43704.4 17712.6 9907.38 9286.29 24827.4 7596.09 3106.92 2390.79 1945.7 7805.2 6699.26 3598.93 3100.33
internal_count=177628 96133 81495 43942 40397 58214 19438 9524 5902 4583 37553 32768 15741 17027
is_linear=0
shrinkage=0.03


Tree=53
num_leaves=15
num_cat=0
split_feature=10 19 48 71 90 38 39 87 1 48 39 50 1 34
split_gain=1232.33 357.758 251.347 353.94 299.4 293.561 393.047 227.356 226.146 374.599 331.176 283.604 273.853 241.353
threshold=1.1209850000000003 -4715520.2849999992 2973720.4050000007 0.0043450000000000008 1.3765380000000003 1.0756150000000002 1.0857150000000002 -64.672999999999988 1.0881750000000003 2087331.0000000002 1.1416850000000003 1348879.6356540003 1.1424150000000002 1.1107250000000002
decision_type=2 2 2 2 2 2 2 2 2 2 2 2 2 2
left_child=2 -2 7 -4 -5 -6 -7 -1 -3 10 11 -10 -12 -11
right_child=1 8 3 4 5 6 -8 -9 9 13 12 -13 -14 -15
leaf_value=-0.024162704199048684 0.011558971449776847 0.027317751539978789 -0.028968660089813733 0.026835481312858202 -0.023739069441484784 0.03883612883521443 -0.021305478234674147 0.0025256098202027606 0.0030951055063662401 0.0085031125569481579 0.031481201834350603 -0.022238357165767803 0.0085965156912972632 -0.023499389941056669
leaf_weight=292.79284888505936 39329.190863892436 366.20903799682856 594.73554181307554 273.74666444957256 516.61420848965645 207.84396056085825 182.41925633698702 12648.312444597483 2785.289829954505 301.92328730225563 603.05690668523312 462.86493845283985 2169.133726760745 699.45507384091616
leaf_count=1811 81493 1304 4949 1230 3753 1086 1333 55772 10576 1409 1085 2360 5119 4516
internal_value=0.00803591 0.0104207 0.000463318 -0.0101159 -0.000577057 -0.00890519 0.0106651 0.00191765 0.00435613 0.0031506 0.00598044 -0.000511436 0.0135952 -0.0138216
internal_weight=61433.6 46717.1 14716.5 1775.36 1180.62 906.877 390.263 12941.1 7387.93 7021.72 6020.35 3248.15 2772.19 1001.38
internal_count=177796 107862 69934 12351 7402 6172 2419 57583 26369 25065 19140 12936 6204 5925
is_linear=0
shrinkage=0.03


Tree=54
num_leaves=15
num_cat=0
split_feature=13 3 19 19 48 74 42 77 68 1 3 71 39 79
split_gain=1177.3 416.781 249.542 256.946 301.93 327.221 297.939 294.053 400.395 375.735 533.209 305.82 292.317 405.708
threshold=0.0011505000000000003 1.0492250000000003 -7153089.584999999 84525.860000000015 2908938.1050000004 -0.0055184999999999991 0.0011605000000000003 -34981458.119999997 1.0773050000000002 1.0955550000000003 0.99074000000000007 0.030142500000000006 1.1413250000000001 1283525.2855810001
decision_type=2 2 2 2 2 2 2 2 2 2 2 2 2 2
left_child=1 -1 -2 4 7 -6 -5 8 -4 10 -9 -12 13 -11
right_child=2 -3 3 6 5 -7 -8 9 -10 12 11 -13 -14 -15
leaf_value=-0.0077431236782545543 -0.022835497996062423 0.010750579852416519 -0.027849599726744955 0.022680903718053074 -0.0011210805552708278 -0.02763319685749626 -0.016041425624372326 -0.010036825431265889 0.01873008581251186 -0.011910587945484248 0.014028914972286897 0.045693405637491191 0.0098224342551386928 0.0069579673782799965
leaf_weight=1122.4382460638881 387.7023711130023 43638.646831095219 530.34026544541121 207.13767957687378 1942.6306359618902 534.18016801029444 1251.8618488311768 828.01113992929459 240.00583016872406 2351.5719351246953 3929.073639549315 295.55715817213058 2203.8102892786264 1815.4433107376099
leaf_count=5937 2888 96196 3122 737 11491 4313 6466 4598 1014 12373 14264 733 5793 7685
internal_value=0.00775999 0.010286 0.000912633 0.0014867 0.00268261 -0.00685997 -0.0105116 0.00462377 -0.0132931 0.00583568 0.0119448 0.0162616 0.000984779 -0.00368323
internal_weight=61278.4 44761.1 16517.3 16129.6 14670.6 2476.81 1459 12193.8 770.346 11423.5 5052.64 4224.63 6370.83 4167.02
internal_count=177610 102133 75477 72589 65386 15804 7203 49582 4136 45446 19595 14997 25851 20058
is_linear=0
shrinkage=0.03


Tree=55
num_leaves=15
num_cat=0
split_feature=13 3 89 46 72 50 35 89 38 12 63 89 91 34
split_gain=1109.08 355.779 266.027 275.565 293.81 262.6 274.861 263.374 529.791 402.108 376.962 288.411 253.575 247.573
threshold=0.0011505000000000003 1.0492250000000003 0.0021890000000000004 0.84775000000000011 0.47167900000000001 832683.46789600013 1.1608700000000003 0.037571500000000008 1.0502250000000002 47.135000000000012 1.0584150000000003 0.0028725000000000005 -0.0019462249999999998 1.0362150000000001
decision_type=2 2 2 2 2 2 2 2 2 2 2 2 2 2
left_child=1 13 3 4 12 6 7 8 9 10 -4 -10 -2 -1
right_child=2 -3 5 -5 -6 -7 -8 -9 11 -11 -12 -13 -14 -15
leaf_value=0.0027843812171237012 0.013185847261171167 0.010328439638648049 -0.013490886882510199 0.017568418278737761 0.011362340108476577 0.0073411056794279467 0.027310924863585648 -0.015232281851293019 0.026503050598717923 0.041134118790856392 0.026753324593816671 -0.0047167176664336431 -0.026872044899799583 -0.02761232662578637
leaf_weight=755.5540155172348 162.38403198122978 43487.575430043042 440.41406013071537 273.66871909797192 302.54167900234461 5470.5621695742011 298.52842265367508 1159.617887750268 277.00411960482597 435.55576769262552 396.98484359681606 6223.2871580943465 1067.1161868274212 352.13642915338278
leaf_count=3726 618 96110 2331 881 1574 21640 699 6177 933 1337 1344 30597 7379 2132
internal_value=0.00744141 0.00990049 0.000796226 -0.0100645 -0.0150284 0.00213279 -0.000950893 -0.00190169 8.48236e-05 0.017779 0.00556102 -0.00337783 -0.0215507 -0.00686791
internal_weight=61102.9 44595.3 16507.7 1805.71 1532.04 14702 9231.39 8932.86 7773.25 1272.95 837.399 6500.29 1229.5 1107.69
internal_count=177478 101968 75510 10452 9571 65058 43418 42719 36542 5012 3675 31530 7997 5858
is_linear=0
shrinkage=0.03


Tree=56
num_leaves=15
num_cat=0
split_feature=31 2 61 71 48 39 77 39 48 75 19 74 89 35
split_gain=1137.42 411.121 277.804 261.132 257.28 434.076 273.536 420.791 244.565 257.122 244.015 294.715 332.903 274.54
threshold=0.0046085000000000006 1.1863950000000003 1.6604025000000002 0.0016555000000000001 1826731.0900000001 1.1112750000000002 -258446.63999999998 1.0475950000000003 -1613332.7799999998 1.1026500000000004 -4996071.2299999995 -0.0037604999999999995 0.026133000000000003 1.1187750000000003
decision_type=2 2 2 2 2 2 2 2 2 2 2 2 2 2
left_child=1 4 3 -2 -1 6 7 -6 -5 -10 -4 13 -13 -12
right_child=2 -3 10 8 5 -7 -8 -9 9 -11 11 12 -14 -15
leaf_value=0.007807844926080082 -0.028603175444854374 0.012805024572171964 -0.021840682668497795 -0.025444484862627563 0.018772251313635826 -0.025534931488479049 0.028340229559495517 -0.024914401339523648 0.0018651531222428719 0.015801287000256185 -0.0005246192760915094 -0.019297856439746026 0.009290300136811664 0.028767269664499492
leaf_weight=28432.213097982109 225.86085067689419 18578.84887970984 753.51220447570086 241.79305304586887 390.84536491334438 569.54277598112822 354.62503533810377 400.60832554847002 4992.1382443532348 1566.9602050930262 2330.4361256957054 1481.0201644524932 484.82030087709427 327.28991995751858
leaf_count=70522 1637 37373 4984 1251 1751 3382 1191 2699 24198 5648 11731 8552 1671 1116
internal_value=0.00722794 0.00929261 -0.000880504 0.00304394 0.0071267 -0.00414202 0.006476 -0.0033062 0.00410342 0.00520095 -0.00601415 -0.00342421 -0.012231 0.00308076
internal_weight=61130.5 48726.7 12403.8 7026.75 30147.8 1715.62 1146.08 791.454 6800.89 6559.1 5377.08 4623.57 1965.84 2657.73
internal_count=177706 116918 60788 32734 79545 9023 5641 4450 31097 29846 28054 23070 10223 12847
is_linear=0
shrinkage=0.03


Tree=57
num_leaves=15
num_cat=0
split_feature=10 19 63 0 45 77 60 36 61 78 39 70 76 48
split_gain=1007.91 315.576 306.155 253.474 285.228 235.725 427.012 361.882 267.43 223.952 208.864 239.844 200.101 215.952
threshold=1.1209850000000003 -4639278.1049999995 1.0728550000000003 1.0892050000000002 -0.0044079999999999996 -3680539.9949999996 0.017758500000000003 1.1611250000000002 0.45013200000000003 4.1046000000000005 1.1132650000000002 36.975000000000001 66.50500000000001 2637866.1550000007
decision_type=2 2 2 2 2 2 2 2 2 2 2 2 2 2
left_child=9 -2 -3 -4 -5 6 7 -6 -7 10 12 -12 13 -1
right_child=1 2 3 4 5 8 -8 -9 -10 -11 11 -13 -14 -15
leaf_value=0.0004608679261427499 0.010445114903002938 0.021431817306820134 0.029272453353811786 -0.015936998360282752 -0.014806987835674017 -0.013840808643965698 0.014293436111433551 0.012689311716426638 0.016818967624332857 0.015906473170024735 0.01717985719202908 -0.019713342373285314 0.0058613107396340075 -0.010972408293161973
leaf_weight=6612.3140414357185 39190.591871865094 773.55769947916269 281.02142743766308 849.9890977665782 1904.5762240886688 306.95957558602095 1044.4130251407623 554.64193910360336 1497.0914852693677 787.69649639725685 191.14739909768105 892.44645875692368 4251.1259957849979 1915.4839869961143
leaf_count=29267 81709 1972 975 4498 7992 1362 3124 1185 4899 2753 589 5101 19532 12402
internal_value=0.00721756 0.00938339 0.0036093 0.00146041 0.000181719 0.00277119 -0.00175841 -0.00859075 0.0115808 0.000355334 -0.000527233 -0.0131678 0.000543231 -0.0021047
internal_weight=61053.1 46402.8 7212.25 6438.69 6157.67 5307.68 3503.63 2459.22 1804.05 14650.2 13862.5 1083.59 12778.9 8527.8
internal_count=177360 107716 26007 24035 23060 18562 12301 9177 6261 69644 66891 5690 61201 41669
is_linear=0
shrinkage=0.03


Tree=58
num_leaves=15
num_cat=0
split_feature=31 0 19 19 67 19 60 77 67 71 90 41 70 83
split_gain=1078.17 334.685 291.515 292.78 256.47 326.873 304.349 254.119 244.721 234.548 343.18 264.714 209.091 195.649
threshold=0.0036565000000000005 1.1861550000000003 84525.860000000015 -47746.604999999989 1.1101650000000003 -4237246.8099999996 0.0099420000000000012 -34981458.119999997 1.0727650000000002 0.0030075000000000002 1.3765380000000003 55.315000000000005 36.175000000000004 2.4223440000000003
decision_type=2 2 2 2 2 2 2 2 2 2 2 2 2 2
left_child=1 -1 3 4 5 9 -6 8 -7 -2 -11 -12 -9 -14
right_child=2 -3 -4 -5 6 7 -8 12 -10 10 11 -13 13 -15
leaf_value=0.0069984063751137035 -0.024469069305945067 0.012164670500066883 -0.015280211160177875 0.022094317553678255 -0.024276862047031476 -0.028379590641408315 0.0002518526572638139 0.022610418517745111 0.0069225649445274918 0.017948580493048438 -0.010383366063785522 0.018383530428158119 -0.0034987273648788893 0.010068427994490075
leaf_weight=29265.384185925126 495.38597951084375 18429.726910248399 1125.1313655078411 547.42798602581024 815.11302160471678 354.90722487866879 1024.2119085788727 783.43057852983475 348.35970067232847 610.47607780992985 2392.2627436295152 325.68781699240208 1394.8058191910386 3022.2512469664216
leaf_count=76433 3860 37208 6064 1990 4814 2117 4601 2749 1650 2657 13870 1199 6971 11339
internal_value=0.00689305 0.00899553 -0.000678992 0.000675786 -0.00033712 0.00160298 -0.0106092 0.00603075 -0.0108652 -0.0052252 -0.00234555 -0.00691975 0.00832303 0.00577762
internal_weight=60934.6 47695.1 13239.5 12114.3 11566.9 9727.57 1839.32 5903.75 703.267 3823.81 3328.43 2717.95 5200.49 4417.06
internal_count=177522 113641 63881 57817 55827 46412 9415 24826 3767 21586 17726 15069 21059 18310
is_linear=0
shrinkage=0.03


Tree=59
num_leaves=15
num_cat=0
split_feature=31 1 19 19 74 11 41 48 19 19 66 82 50 0
split_gain=866.404 317.402 285.375 268.338 289.028 278.484 324.625 270.793 544.158 245.322 411.448 329.459 258.803 254.767
threshold=0.0036565000000000005 1.1862050000000002 84525.860000000015 -4247433.2999999998 -0.0040884999999999993 1.1084750000000001 53.045000000000009 -754179.14999999991 -2735793.7099999995 -2735793.7099999995 1.0985950000000002 0.0097550000000000015 47778.533018000009 1.1221550000000002
decision_type=2 2 2 2 2 2 2 2 2 2 2 2 2 2
left_child=1 -1 3 4 5 6 -2 8 -5 10 11 12 -9 -13
right_child=2 -3 -4 7 -6 -7 -8 9 -10 -11 -12 13 -14 -15
leaf_value=0.00666079837699971 -0.0083199687828833056 0.011700144218474425 -0.014572706224333414 0.016177794890172553 -0.021213318156525822 0.023244472374523584 0.024403408604943121 0.015994527532217959 -0.015787702191468685 0.012937666661999083 -0.025256233347024995 0.022453032250645585 -0.019535974505079653 -0.0041537516731113659
leaf_weight=29326.024293720722 2320.5593373253942 18308.156742453575 1117.1334621906281 724.123499751091 810.44067140668631 371.50761765241623 307.87761744111776 262.98998130112886 1410.4905355200171 3361.6331823319197 451.80808798968792 1059.9604699462652 607.88265745341778 463.30712815374136
leaf_count=76660 13687 37108 6059 2189 5003 1714 1266 1285 8314 11610 2886 4186 3761 1890
internal_value=0.00670997 0.0085985 -6.71344e-05 0.00126492 -0.00532674 -0.00101931 -0.00446774 0.0042796 -0.00492753 0.00745079 0.00095689 0.00592468 -0.00876587 0.0143434
internal_weight=60903.9 47634.2 13269.7 12152.6 3810.39 2999.94 2628.44 8342.2 2134.61 6207.58 2845.95 2394.14 870.873 1523.27
internal_count=177618 113768 63850 57791 21670 16667 14953 36121 10503 25618 14008 11122 5046 6076
is_linear=0
shrinkage=0.03


Tree=60
num_leaves=15
num_cat=0
split_feature=31 19 19 45 68 48 61 3 39 7 61 89 90 71
split_gain=922.163 245.542 284.454 262.736 307.595 261.883 308.466 241.144 326.949 339.54 238.641 218.253 286.604 248.311
threshold=0.0017565000000000002 84525.860000000015 -4237246.8099999996 0.00040050000000000009 1.0650250000000001 -440868.54999999993 0.30932000000000009 1.0492250000000003 1.0483150000000003 1.0200450000000003 0.84468900000000013 0.0021890000000000004 1.8429180000000003 0.0056525000000000004
decision_type=2 2 2 2 2 2 2 2 2 2 2 2 2 2
left_child=7 2 3 -2 -5 6 -4 8 9 -1 -3 -7 -13 -14
right_child=1 10 5 4 -6 11 -8 -9 -10 -11 -12 12 13 -15
leaf_value=-0.0030047293918029089 -0.0084967880087520858 0.010444179999150522 0.031120667657685619 0.031056911478440894 -0.00890785666631079 -0.0081835560208188343 -0.003803301984233517 0.0092093239892167104 -0.029555083865453413 0.035716339166573144 -0.019162248848381969 0.015012459251469835 0.013798372542676898 -0.009758511455591902
leaf_weight=1112.5976074784994 3465.6462037488818 321.06735414266586 241.14940191805363 357.3702726662159 333.3524134606123 645.95565174520016 3769.0848971679807 43949.702786847949 320.84053959697485 248.24933390319347 1011.9526643529534 3602.5355998948216 683.93934513628483 976.36509725451469
leaf_count=5483 20332 1258 755 944 1619 3666 17252 98089 2024 860 5650 13141 2162 4554
internal_value=0.00663988 0.000292254 0.0014599 -0.00512436 0.011741 0.00422217 -0.00168849 0.00878259 -0.00235089 0.00405788 -0.0120064 0.00823835 0.0102608 -3.40577e-05
internal_weight=61039.8 15408.4 14075.4 4156.37 690.723 9919.03 4010.23 45631.4 1681.69 1360.85 1333.02 5908.8 5262.84 1660.3
internal_count=177789 71333 64425 22895 2563 41530 18007 106456 8367 6343 6908 23523 19857 6716
is_linear=0
shrinkage=0.03


Tree=61
num_leaves=15
num_cat=0
split_feature=10 60 77 6 41 64 79 77 90 39 39 73 39 66
split_gain=866.57 271.491 319.484 693.426 255.386 303.122 279.085 311.325 244.404 239.319 228.58 239.043 337.768 450.283
threshold=1.1209850000000003 0.016893500000000002 -3680539.9949999996 1.1642950000000003 47.135000000000012 1.1486150000000002 1244403.9353610002 -258446.63999999998 2.8139715000000005 1.1458050000000002 1.1137850000000002 -0.0028344499999999996 0.99248000000000014 1.0336800000000002
decision_type=2 2 2 2 2 2 2 2 2 2 2 2 2 2
left_child=4 2 3 -2 5 6 -1 8 -8 -3 11 -6 -13 -14
right_child=1 9 -4 -5 10 -7 7 -9 -10 -11 -12 12 13 -15
leaf_value=-0.016430886151607666 -0.019487737970189982 0.0088492601355803138 0.0088293213997962128 0.0049989130837862772 -0.022930332092439228 0.030455192818204153 -0.013273791271140277 0.010021978800995961 0.02272881195263762 0.015511526191749293 -0.017798926781899267 0.039017837520066101 -0.030081784486100823 0.0052267125258345839
leaf_weight=1756.232816234231 1245.6353408619761 20250.979826703668 12035.6014194116 6300.6035693436861 286.40632189810276 202.46880981326103 1599.4748945236206 1256.8189372271299 188.36655243486166 6409.4723652750254 453.5259652659297 252.23940099030733 337.02168424427509 8362.8543102741241
leaf_count=10063 6171 46805 28065 14219 1662 548 8763 4670 738 12611 2656 858 2120 37784
internal_value=0.00646437 0.00848109 0.00579498 0.000950952 0.000116148 -0.00538544 -0.00690922 -0.00140346 -0.00945321 0.0104526 0.00295961 0.00398372 0.0048506 0.00385216
internal_weight=60937.7 46242.3 19581.8 7546.24 14695.4 5003.36 4800.89 3044.66 1787.84 26660.5 9692.05 9238.52 8952.12 8699.88
internal_count=177733 107871 48455 20390 69862 24782 24234 14171 9501 59416 45080 42424 40762 39904
is_linear=0
shrinkage=0.03


Tree=62
num_leaves=15
num_cat=0
split_feature=31 2 48 77 39 61 35 89 48 74 89 90 65 79
split_gain=831.271 276.431 200.793 380.165 280.103 196.371 263.301 198.251 213.523 189.599 238.291 184.82 262.398 218.281
threshold=0.0038175000000000006 1.1863950000000003 2274973.1600000006 -258446.63999999998 1.0475950000000003 1.6604025000000002 1.1490950000000002 0.0021890000000000004 -1613332.7799999998 -0.0037604999999999995 0.0073050000000000016 1.7013250000000002 1.0461900000000004 309745.47495450004
decision_type=2 2 2 2 2 2 2 2 2 2 2 2 2 2
left_child=1 2 -1 4 -4 7 9 -2 -9 10 -7 13 -13 -12
right_child=5 -3 3 -5 -6 6 -8 8 -10 -11 11 12 -14 -15
leaf_value=0.0067078976759548398 -0.012125693264243537 0.010856764367328872 0.0094187774618476727 0.019309045047976106 -0.025082504280541935 0.011744981175804131 0.015219916191371662 -0.021542541511766943 0.0054458251066546778 -0.014437039295380689 0.027712052467490859 0.013199191528490873 -0.018942046734132609 -0.0049611514322325575
leaf_weight=28015.361236892641 731.49851717799902 18209.863472223282 299.83999667316675 413.9834823384881 708.03719877451658 800.95911315083504 537.98961251229048 273.95909854769707 6325.1044746562839 1872.8149625435472 245.18296094983816 275.19440098851919 1305.5894188657403 725.0925180837512
leaf_count=69599 4659 37140 1434 1502 4641 3599 1442 1362 28038 10564 929 1258 7809 3873
internal_value=0.00610943 0.0079492 0.00614925 -0.00483389 -0.0147896 -0.000583337 -0.00472845 0.00267139 0.00431777 -0.00679074 -0.00250668 -0.0069959 -0.0133229 0.00328432
internal_weight=60740.5 47647.1 29437.2 1421.86 1007.88 13093.4 5762.82 7330.56 6599.06 5224.83 3352.02 2551.06 1580.78 970.275
internal_count=177849 114316 77176 7577 6075 63533 29474 34059 29400 28032 17468 13869 9067 4802
is_linear=0
shrinkage=0.03


Tree=63
num_leaves=15
num_cat=0
split_feature=31 48 77 38 19 19 68 19 6 74 11 41 77 68
split_gain=774.04 279.39 356.738 287.649 218.725 309.95 284.61 316.539 309.023 261.183 293.403 274.709 258.765 293.678
threshold=0.0038175000000000006 2274973.1600000006 -258446.63999999998 1.0447250000000003 84525.860000000015 -47746.604999999989 1.1088700000000002 -4237246.8099999996 1.1548150000000001 -0.0026509999999999993 1.1050350000000002 53.805000000000007 -34981458.119999997 1.0773050000000002
decision_type=2 2 2 2 2 2 2 2 2 2 2 2 2 2
left_child=1 -1 3 -3 5 6 7 9 -8 10 11 -2 13 -9
right_child=4 2 -4 -5 -6 -7 8 12 -10 -11 -12 -13 -14 -15
leaf_value=0.0081426876922722265 -0.0088442296833597684 0.010154313984528603 0.018060182481023312 -0.025475413238697054 -0.013485416963595117 0.022638644917227904 -0.016452827679819971 -0.024623338531803186 0.019424416821818401 -0.021320944100974546 0.020511520786934533 0.022565636526317129 0.0082782337795025748 0.01674866380058285
leaf_weight=46251.317815870047 2243.7201599776745 284.6548720523715 408.90237195044756 705.28807117044926 1072.0603212490678 549.56211484223604 1535.1307822018862 472.39890629798174 249.85428486764431 727.61635783314705 467.59756788611412 280.72019392997026 5188.1868378520012 227.47414706647396
leaf_count=106891 13312 1324 1491 4731 5936 1934 8707 2847 753 4605 2181 1120 20758 968
internal_value=0.00597192 0.00774291 -0.0054502 -0.0152 -0.000510104 0.000653213 -0.000406583 0.00163482 -0.011406 -0.00521112 -0.00127762 -0.00533199 0.00596484 -0.011129
internal_weight=60664.5 47650.2 1398.85 989.943 13014.3 11942.3 11392.7 9607.71 1784.99 3719.65 2992.04 2524.44 5888.06 699.873
internal_count=177558 114437 7546 6055 63121 57185 55251 45791 9460 21218 16613 14432 24573 3815
is_linear=0
shrinkage=0.03


Tree=64
num_leaves=15
num_cat=0
split_feature=10 88 10 73 48 48 48 10 42 61 39 76 35 39
split_gain=754.792 249.399 248.67 228.636 217.671 382.185 346.901 326.522 284.297 305.393 329.565 309.462 286.095 237.494
threshold=1.1209850000000003 -0.045374774999999999 1.1334450000000003 -0.0036808599999999998 2637866.1550000007 2582414.4250000003 2274973.1600000006 1.1006250000000002 0.00061550000000000005 0.57876450000000013 0.99248000000000014 14.465000000000002 1.0098350000000003 1.0269450000000002
decision_type=2 2 2 2 2 2 2 2 2 2 2 2 2 2
left_child=3 2 -2 -1 5 6 8 13 -5 11 -11 -10 -12 -6
right_child=1 -3 -4 4 7 -7 -8 -9 9 10 12 -13 -14 -15
leaf_value=-0.030417427075402997 0.012482797998030792 0.0079949643667892693 -0.019567453709035607 -0.023853789504469789 0.030008333758535059 0.026397843188737301 -0.028214466871404203 -0.027731901226052236 0.041233714759828087 0.03407844233255411 -0.024146890900311101 0.008078959797022842 0.0010427559692392843 -0.0048307185782955021
leaf_weight=220.14294815808535 344.41597256809473 45068.307350695133 586.18753729015589 368.79410161077976 189.41103123128414 559.20803984254599 353.18687731027603 548.39233255386353 329.44043956696987 258.61614407598972 426.59810667484999 1105.544933706522 7949.2320479750633 2323.9532187283039
leaf_count=1393 1301 103544 3138 2018 647 1719 2127 4001 960 906 2610 4376 34394 14535
internal_value=0.00578933 0.00767718 -0.0076728 -0.00014338 0.00031904 0.00223593 0.000978756 -0.00677591 0.00197202 0.00292314 0.000788877 0.0157349 -0.000239352 -0.00218237
internal_weight=60631.4 45998.9 930.604 14632.5 14412.4 11350.6 10791.4 3061.76 10438.2 10069.4 8634.45 1434.99 8375.83 2513.36
internal_count=177669 107983 4439 69686 68293 49110 47391 19183 45264 43246 37910 5336 37004 15182
is_linear=0
shrinkage=0.03


Tree=65
num_leaves=15
num_cat=0
split_feature=10 2 77 74 48 77 48 60 89 77 41 67 79 77
split_gain=672.578 245.031 321.674 530.757 548.713 453.301 298.444 313.12 245.28 224.662 223.021 303.92 322.713 258.416
threshold=1.1209850000000003 1.1863950000000003 -3680539.9949999996 -0.00074449999999999983 2087331.0000000002 -4693568.1549999993 -3998391.0949999993 0.018388500000000006 0.0055055000000000008 -4353227.4399999985 47.135000000000012 1.1507950000000002 1244403.9353610002 -258446.63999999998
decision_type=2 2 2 2 2 2 2 2 2 2 2 2 2 2
left_child=10 2 5 8 -5 -2 -7 9 -4 -8 11 12 -1 -14
right_child=1 -3 3 4 -6 6 7 -9 -10 -11 -12 -13 13 -15
leaf_value=-0.017043150527236591 0.0068672102340559503 0.010161823455540281 0.044980304863413492 0.0078743428876639123 -0.015755952818772959 0.012960181372847313 -0.030152877482840072 0.013481739336767874 0.014210850313143312 -0.0097668758453229292 0.0027400966541776192 0.030598606083283467 -0.0081792947656490981 0.0095906762021708402
leaf_weight=1712.985089994967 4652.2454704940319 18415.226737588644 474.18311939388514 17363.86251963675 930.15410054475069 547.56773316860199 652.27701960504055 402.20410564541817 467.7954128459096 1946.9508214369416 9701.1389741525054 204.56994351744652 1759.8124225437641 1264.7208840623498
leaf_count=9976 10896 37834 1196 38348 5625 1092 2915 1581 1447 6779 45187 521 9367 4654
internal_value=0.0056952 0.00748276 0.00568324 0.00780431 0.00667043 0.000704279 -0.00736568 -0.0110869 0.029763 -0.0149039 9.56119e-05 -0.00508885 -0.00664233 -0.00073808
internal_weight=60495.7 45852.5 27437.2 19236 18294 8201.25 3549 3001.43 941.979 2599.23 14643.2 4942.09 4737.52 3024.53
internal_count=177418 107713 69879 46616 43973 23263 12367 11275 2643 9694 69705 24518 23997 14021
is_linear=0
shrinkage=0.03


Tree=66
num_leaves=15
num_cat=0
split_feature=31 41 48 48 65 19 19 67 66 69 48 38 71 78
split_gain=660.292 295.939 288.997 261.624 376.669 245.483 261.196 311.165 302.674 378.425 250.096 290.354 357.043 287.781
threshold=0.0048255000000000008 37.215000000000011 -3007746.2249999992 1826731.0900000001 1.0907350000000002 84525.860000000015 -47746.604999999989 1.1101650000000003 1.0949450000000003 1.0965050000000003 2908938.1050000004 1.0571650000000001 0.0059325000000000011 -0.71734999999999993
decision_type=2 2 2 2 2 2 2 2 2 2 2 2 2 2
left_child=1 2 -1 -3 -5 6 7 8 10 -10 -2 12 -12 -13
right_child=5 3 -4 4 -6 -7 -8 -9 9 -11 11 13 -14 -15
leaf_value=0.0085179628136403951 0.0022180096032688901 0.00814164922327139 -0.0080585352467992585 0.0048634291001921279 -0.027540106366485712 -0.016120839582540132 0.021186658422545045 -0.01305374769942442 0.043388913178603911 0.0059763858549546217 0.035919994212866867 0.017923142915151635 -0.0091533688790272714 -0.025403760751323879
leaf_weight=1653.8513151705265 5804.9066945835948 42747.142789073288 2209.4397959038615 1148.5992353484035 447.51516927033663 875.56041386723518 516.14944912493229 1553.6133351102471 310.30984261631966 1129.0205843448639 224.3372462913394 157.99555176496506 528.31280723214149 1018.7873438149691
leaf_count=3478 25286 97461 7905 5610 2912 5104 1797 8634 983 5392 862 955 2898 8133
internal_value=0.00542854 0.00700227 -0.000954106 0.00769613 -0.00421458 -0.000828959 0.000360526 -0.00064062 0.00145954 0.0140876 -0.000888139 -0.0102452 0.00427137 -0.0195509
internal_weight=60325.5 48206.5 3863.29 44343.3 1596.11 12119 11243.4 10727.3 9173.67 1439.33 7734.34 1929.43 752.65 1176.78
internal_count=177410 117366 11383 105983 8522 60044 54940 53143 44509 6375 38134 12848 3760 9088
is_linear=0
shrinkage=0.03


Tree=67
num_leaves=15
num_cat=0
split_feature=5 48 12 75 48 3 91 78 66 77 60 48 31 19
split_gain=621.573 296.292 448.303 251.528 349.676 247.171 234.738 234.086 211.73 252.938 298.664 187.549 351.044 219.7
threshold=1.1106950000000002 1755733.1100000001 43.905000000000008 -0.05004999999999999 2582414.4250000003 1.1394950000000001 -0.00012255499999999997 2.9418000000000002 1.0573250000000003 -3680539.9949999996 0.018075500000000005 1633819.9650000001 0.010140000000000001 -5036987.3549999995
decision_type=2 2 2 2 2 2 2 2 2 2 2 2 2 2
left_child=6 7 3 4 -3 -5 -1 11 -9 10 -10 12 13 -2
right_child=1 2 -4 5 -6 -7 -8 8 9 -11 -12 -13 -14 -15
leaf_value=0.0048234878276444404 0.0071125178155499293 0.044228938635266432 -0.025195790741596464 -0.010663626003540996 -0.0013781078058590615 0.023646035628641041 -0.0035121338575465227 0.011597128130665574 -0.010320595267242849 0.0068823625928234556 0.0096658661394034805 0.022721727096282222 -0.013422770318573786 0.012729197991747231
leaf_weight=4689.2263074591756 26717.911200225353 282.58922135829926 630.39587328583002 948.60528329014778 321.59150726348162 234.642269089818 8639.5525127872825 1865.6826946139336 2636.6438765525818 2770.2446502298117 901.07764607667923 800.35541675984859 672.13942661881447 8218.9462284743786
leaf_count=21389 56983 665 3555 5379 1865 571 42676 3771 8477 6613 2415 1533 3688 18151
internal_value=0.00513893 0.00676056 -0.00345807 0.00420148 0.0199416 -0.00382034 -0.000577168 0.00731547 0.00272161 9.03504e-05 -0.00522016 0.00834584 0.00802125 0.00843504
internal_weight=60329.6 47000.8 2417.82 1787.43 604.181 1183.25 13328.8 44583 8173.65 6307.97 3537.72 36409.4 35609 34936.9
internal_count=177731 113666 12035 8480 2530 5950 64065 101631 21276 17505 10892 80355 78822 75134
is_linear=0
shrinkage=0.03


Tree=68
num_leaves=15
num_cat=0
split_feature=31 19 19 74 70 79 47 48 19 83 2 83 3 39
split_gain=591.92 238.156 229.24 296.073 247.783 414.029 276.245 235.266 440.474 221.366 218.665 215.318 216.531 211.526
threshold=0.0038175000000000006 84525.860000000015 -4237246.8099999996 -0.0026509999999999993 40.015000000000008 2855674.9498280003 63.985000000000007 -754179.14999999991 -2762962.8749999995 4.3358705000000013 1.1863950000000003 2.4077665000000006 1.1151650000000002 1.1416850000000003
decision_type=2 2 2 2 2 2 2 2 2 2 2 2 2 2
left_child=10 2 3 4 6 -6 -2 8 -4 11 -1 -9 -13 -14
right_child=1 -3 7 -5 5 -7 -8 9 -10 -11 -12 12 13 -15
leaf_value=0.0052732990862912601 -0.017065726892973188 -0.0140701997937921 0.015251707655429433 -0.022594765183022683 0.0002524904007695893 0.041924872871457498 0.018763439024407937 0.0014426059560046554 -0.014719779313012217 -0.0060620156234954944 0.0094772182141512271 0.020238697776159963 -0.011217062002452621 0.014536890645690501
leaf_weight=29445.899141542614 1114.8863221406937 1046.3517436012626 645.93706798553467 716.607098326087 1487.9386880248785 250.02996625006199 232.73444334417582 1995.3912805393338 1384.3416575416923 1030.3451971039176 17973.758779093623 1942.0671383291483 486.23626917600632 695.53612104058266
leaf_count=77465 7214 5914 1999 4665 8251 803 1007 9328 8305 4726 37058 6783 2501 1834
internal_value=0.00531147 -0.000349963 0.000846749 -0.00523548 -0.00118817 0.00628553 -0.0108465 0.00367788 -0.00516671 0.00660316 0.00686753 0.00915882 0.014076 0.00391462
internal_weight=60448.1 13028.4 11982.1 3802.2 3085.59 1737.97 1347.62 8179.85 2030.28 6149.58 47419.7 5119.23 3123.84 1181.77
internal_count=177853 63330 57416 21940 17275 9054 8221 35476 10304 25172 114523 20446 11118 4335
is_linear=0
shrinkage=0.03


Tree=69
num_leaves=15
num_cat=0
split_feature=1 48 64 48 48 31 87 50 48 73 39 39 38 48
split_gain=567.777 222.02 280.585 466.31 226.475 250.414 206.305 204.72 201.494 174.359 185.028 317.174 234.825 161.59
threshold=1.1281050000000004 1755733.1100000001 1.0858250000000003 2087331.0000000002 1633819.9650000001 0.0050975000000000005 -64.672999999999988 1485628.4443845002 3131303.0050000004 -0.0028344499999999996 0.99248000000000014 1.0117850000000002 1.0114600000000002 -1613332.7799999998
decision_type=2 2 2 2 2 2 2 2 2 2 2 2 2 2
left_child=6 4 -3 -4 5 -2 -1 13 9 -8 -11 -12 -13 -7
right_child=1 2 3 -5 -6 7 8 -9 -10 10 11 12 -14 -15
leaf_value=-0.022986619317451377 0.0071468861072801629 -0.037529299945721614 0.025272625083748074 -0.024456927319345723 0.022594223839002198 -0.014886619151766563 -0.01845450998567533 -0.031180609672551041 -0.024882918443811117 0.024601046373741733 -0.023055278111313582 0.031401878163469503 0.0015250702684255924 0.012622104843865009
leaf_weight=332.8049490749836 39796.354603737593 217.81614963710308 354.573077455163 323.51197525858879 831.47064231336117 357.75884063541889 394.35233121365309 253.60579143464565 269.07017727196217 310.68616524338722 467.7899184525013 239.53755153715611 15674.964937575161 412.86183750629425
leaf_count=2105 85396 1052 924 2351 1580 1877 2273 1474 2066 1144 2846 925 70318 1606
internal_value=0.00489041 0.0067684 -0.00798563 0.00150158 0.00708665 0.0067695 0.000371436 -0.00785745 0.000822349 0.00123031 0.00169822 0.00126056 0.00197859 -0.000112618
internal_weight=60237.2 42548 895.901 678.085 41652.1 40820.6 17689.2 1024.23 17356.4 17087.3 16693 16382.3 15914.5 770.621
internal_count=177937 96260 4327 3275 91933 90353 81677 4957 79572 77506 75233 74089 71243 3483
is_linear=0
shrinkage=0.03


Tree=70
num_leaves=15
num_cat=0
split_feature=32 0 64 10 61 73 36 74 89 9 70 48 63 75
split_gain=523.247 211.338 170.266 246.19 168.855 235.008 260.401 225.8 262.205 288.691 221.528 202.985 226.056 189.576
threshold=1.5983720000000001 1.2132250000000002 1.0378400000000003 1.0174550000000002 1.5020235000000002 0.00063987000000000017 1.1424350000000001 -0.0037604999999999995 0.0073050000000000016 1.1095750000000002 33.545000000000009 3033976.2750000004 1.0857750000000002 0.35335000000000005
decision_type=2 2 2 2 2 2 2 2 2 2 2 2 2 2
left_child=1 2 -1 -4 11 6 7 8 9 -6 -10 -2 -13 -9
right_child=4 -3 3 -5 5 -7 -8 13 10 -11 -12 12 -14 -15
leaf_value=0.010173756230320614 0.0053115765143008625 0.011439016574624318 -0.016902629496898004 0.0050326843322948487 0.0035336936800706587 -0.014658836693261018 0.014521689766491123 -0.024243886267327104 -0.019225022332299422 0.036663560470356495 0.00085748182647452618 -0.028352671794821885 0.012040662846335967 -0.0047496488550975696
leaf_weight=6123.8344519212842 5552.7086644843221 6443.8584142625332 465.49173681437969 32808.764801293612 807.82562187314034 1306.0364679396152 872.66133613884449 663.75841928273439 640.12518259137869 335.44547597318888 2148.4176401644945 347.81921862065792 192.11206898838282 1401.8108202517033
leaf_count=12991 23558 12929 2573 81194 4006 6628 2189 4670 3804 985 10866 2876 1113 7277
internal_value=0.00483641 0.00639797 0.00557243 0.00472442 -0.00017847 -0.00299751 -0.000774449 -0.0030072 0.00120547 0.013304 -0.00374705 0.00359952 -0.0139292 -0.0110372
internal_weight=60110.7 45841.9 39398.1 33274.3 14268.7 8176.08 6870.04 5997.38 3931.81 1143.27 2788.54 6092.64 539.931 2065.57
internal_count=177659 109687 96758 83767 67972 40425 33797 31608 19661 4991 14670 27547 3989 11947
is_linear=0
shrinkage=0.03


Tree=71
num_leaves=15
num_cat=0
split_feature=11 19 41 19 10 88 70 68 79 77 77 71 38 19
split_gain=495.012 239.401 227.96 227.751 280.402 246.828 255.088 200.014 270.136 236.054 465.487 193.62 189.702 281.214
threshold=1.1107450000000003 -4823543.9299999988 47.235000000000007 -1361080.4699999997 1.1317350000000002 -0.056261639999999995 60.615000000000002 1.1498550000000003 1155460.9736725001 -258446.63999999998 -159347.55999999997 0.013921000000000001 1.0944750000000003 -3857197.5949999993
decision_type=2 2 2 2 2 2 2 2 2 2 2 2 2 2
left_child=2 -2 7 4 -3 -6 -7 8 -1 12 -11 -8 13 -10
right_child=1 3 -4 -5 5 6 11 -9 9 10 -12 -13 -14 -15
leaf_value=-0.016903986051730324 0.00716321220987524 -0.011459827294503266 0.0025953411802494409 0.01453089379092757 -0.02026013416653883 0.012448297836779452 -0.0089810208280277828 0.023627280172092702 -0.020254829935975917 0.04257857704853308 -0.0012654866997301164 0.0051766516734311459 -0.022907929138047369 0.0081769407804199393
leaf_weight=1578.5406777486205 37891.352458961308 1568.3973412513733 8389.1246822476387 1085.3055253401399 391.57913656532764 2166.0418797656894 1463.6998324543238 201.97713743150234 492.99631501734257 277.17918226867914 1000.6128504499793 2136.9346145987511 568.78771606832743 852.77142954617739
leaf_count=9365 80942 8160 39285 3813 2362 6739 6174 558 3228 629 4029 5335 3357 3643
internal_value=0.00467044 0.00612719 -0.000419052 0.00166858 -0.000135863 0.00274467 0.00431523 -0.0055098 -0.00675431 -0.00172242 0.00824759 -0.000571173 -0.00839299 -0.00222353
internal_weight=60065.3 46703.3 13362 8811.96 7726.65 6158.26 5766.68 4972.87 4770.89 3192.35 1277.79 3600.63 1914.56 1345.77
internal_count=177619 113525 64094 32583 28770 20610 18248 24809 24251 14886 4658 11509 10228 6871
is_linear=0
shrinkage=0.03


Tree=72
num_leaves=15
num_cat=0
split_feature=10 75 2 19 19 90 75 71 41 67 79 77 90 73
split_gain=497.719 197.885 220.475 207.597 250.332 307.511 299.502 266.446 192.768 236.195 271.54 211.684 224.149 210.649
threshold=1.1209850000000003 -4.2641499999999999 1.0884450000000003 -4823543.9299999988 -3007826.9949999996 1.8977470000000003 -0.94714999999999983 0.016894000000000003 47.135000000000012 1.1507950000000002 1155460.9736725001 -258446.63999999998 2.8139715000000005 -0.0028344499999999996
decision_type=2 2 2 2 2 2 2 2 2 2 2 2 2 2
left_child=8 -2 -3 -4 6 -6 -5 -7 9 10 -1 12 -12 -10
right_child=1 2 3 4 5 7 -8 -9 13 -11 11 -13 -14 -15
leaf_value=-0.016599125168708852 -0.013777373942709665 0.026818587287712314 0.0069511534961985838 0.020142837612556742 0.012561449353678937 -0.013060787146296573 -0.010066640574480258 0.010424767486634484 -0.023267074345711455 0.026652879930934546 -0.011505570107863737 0.0078578685804759855 0.02316817778971143 0.0029507464170818853
leaf_weight=1582.4828065037727 444.73982247710228 465.98298612982035 37672.040855288506 338.58331330120564 2488.9764982014894 1087.9333218410611 2246.1205158978701 721.65850698947906 282.92295015603304 200.74083170294762 1638.4127539545298 1306.9869506135583 185.49951557070017 9430.0169272348285
leaf_count=9504 2104 1608 80120 660 7808 4268 9652 1869 1696 507 9156 4872 721 43510
internal_value=0.00454576 0.00609435 0.00629162 0.00607567 0.00127946 0.00571893 -0.00609149 -0.00367768 -0.000265825 -0.00510892 -0.00647338 -0.00134217 -0.0079519 0.00218166
internal_weight=60093.1 45466 45021.3 44555.3 6883.27 4298.57 2584.7 1809.59 14627.1 4914.12 4713.38 3130.9 1823.91 9712.94
internal_count=178055 108089 105985 104377 24257 13945 10312 6137 69966 24760 24253 14749 9877 45206
is_linear=0
shrinkage=0.03


Tree=73
num_leaves=15
num_cat=0
split_feature=31 2 19 19 68 66 63 87 48 48 0 41 83 62
split_gain=503.106 237.001 194.712 205.267 269.186 257.9 443.901 229.461 204.613 245.684 252.044 238.718 235.141 201.463
threshold=0.0048255000000000008 1.1863950000000003 84525.860000000015 -47746.604999999989 1.1088700000000002 1.0949450000000003 1.0965050000000003 646.41050000000007 2908938.1050000004 -754179.14999999991 1.0058750000000003 55.015000000000008 1.4288680000000002 -0.0011061549999999999
decision_type=2 2 2 2 2 2 2 2 2 2 2 2 2 2
left_child=1 -1 3 4 5 8 -7 -6 9 -2 11 -11 -10 -12
right_child=2 -3 -4 -5 7 6 -8 -9 12 10 13 -13 -14 -15
leaf_value=0.0042172747393067972 -0.014185245693753921 0.0085818502512310883 -0.014659107010243743 0.018277567618097949 -0.016476892156024117 0.046091061447795692 0.0042645004881513501 0.019280942210664443 -0.024522307522879951 -0.010416569049904291 0.029294944892604501 0.026360449939539388 -0.0021166401633122417 0.006084677623710311
leaf_weight=29877.288840182126 750.8527767509222 17959.482542619109 869.92023848742247 529.68562932312489 1386.8670894950628 288.98457992076874 1085.8502211123705 181.19700915366411 628.55564906448126 1336.2080195993185 376.90801651030779 178.94738705456257 1287.0365698337555 3169.5203479230404
leaf_count=80037 4212 37333 5191 1838 8142 819 5252 780 5270 7936 1083 614 7589 11532
internal_value=0.00447558 0.00585665 -0.000995269 6.44984e-05 -0.000838382 0.00113662 0.0131052 -0.0123161 -0.000990153 0.00180815 0.00418892 -0.00603871 -0.00949313 0.00856744
internal_weight=59907.3 47836.8 12070.5 11200.6 10670.9 9102.86 1374.83 1568.06 7728.03 5812.44 5061.58 1515.16 1915.59 3546.43
internal_count=177628 117370 60258 55067 53229 44307 6071 8922 38236 25377 21165 8550 12859 12615
is_linear=0
shrinkage=0.03


Tree=74
num_leaves=15
num_cat=0
split_feature=8 41 67 79 73 9 10 76 33 50 41 19 44 2
split_gain=466.589 212.323 245.067 258.883 180.378 229.307 314.505 188.275 209.931 195.796 253.047 195.806 185.797 176.391
threshold=1.1105050000000003 47.135000000000012 1.1499050000000002 1244403.9353610002 -0.0028344499999999996 0.9894750000000001 1.0174550000000002 66.50500000000001 -9.5094999999999983e-05 1100391.9419450003 48.135000000000012 -4145950.1449999996 -7.3519999999999987e-05 1.1863950000000003
decision_type=2 2 2 2 2 2 2 2 2 2 2 2 2 2
left_child=1 2 3 -1 -3 -6 -7 8 12 10 11 -9 -8 -2
right_child=13 4 -4 -5 5 6 7 9 -10 -11 -12 -13 -14 -15
leaf_value=-0.016938817239080188 0.0042463908372527429 -0.021602490968437565 0.026612383852150274 -0.0019063407918196405 0.030375658501277176 -0.021777729020232513 0.0038955465750979295 0.0021830563120811565 0.0043279479481023427 0.022053301880054815 -0.0045635729168474002 0.031633512486397161 -0.017295001012265703 0.0080349245603767178
leaf_weight=1591.8017446696758 28560.211405590177 276.70171298831701 200.24802739918232 2939.8019621819258 265.07544134557247 467.86274636536837 604.60039380937815 399.49155320972204 3192.1239878535271 820.05000557005405 1137.6394937932491 417.79493463039398 959.10066616535187 18119.665104404092
leaf_count=9676 75823 1663 497 13877 956 2774 3053 2145 14210 2929 5538 1426 5398 37941
internal_value=0.00430651 -0.000654813 -0.00575354 -0.00719594 0.00216698 0.00296902 0.00205333 0.00354055 -7.69679e-05 0.00974895 0.00456356 0.017295 -0.00908531 0.00571776
internal_weight=59952.2 13272.3 4731.85 4531.6 8540.44 8263.74 7998.66 7530.8 4755.83 2774.98 1954.93 817.286 1563.7 46679.9
internal_count=177906 64142 24050 23553 40092 38429 37473 34699 22661 12038 9109 3571 8451 113764
is_linear=0
shrinkage=0.03


Tree=75
num_leaves=15
num_cat=0
split_feature=10 2 78 73 91 89 71 60 82 37 71 82 10 39
split_gain=416.071 185.213 184.467 203.601 199.814 226.44 220.075 218.611 207.163 197.319 179.491 172.718 169.176 164.389
threshold=1.1209850000000003 1.2134250000000002 3.9663000000000004 -0.0036808599999999998 -0.00038267999999999999 0.0021890000000000004 0.020459000000000001 0.065810500000000008 0.10391000000000002 1.0008750000000002 0.0017690000000000004 0.097045000000000006 1.0883950000000002 1.1132650000000002
decision_type=2 2 2 2 2 2 2 2 2 2 2 2 2 2
left_child=2 -2 3 -1 6 -6 7 -5 9 -7 -11 -3 -4 -12
right_child=1 11 12 4 5 8 -8 -9 -10 10 13 -13 -14 -15
leaf_value=-0.030540477837692988 0.0048243002891891753 0.01393771069279828 0.026632596020192884 0.0031132504729914036 -0.015398313610684337 0.026851307859891076 -0.010014338934196912 0.022594016556516234 -0.026037161149524073 0.023246978118277355 -0.00048777271785350036 0.0035238358869624231 0.0015190677894121303 -0.015572860811320434
leaf_weight=207.68687628954649 38883.887536048889 4170.5477327257395 422.2438677996397 1300.9547920301557 1102.7981584593654 234.4320715367794 568.70867996662855 866.13808547705412 288.41066385060549 266.1941499337554 8061.2316772043705 2198.2885838598013 568.61022301763296 706.73420590907335
leaf_count=1391 95075 8084 1251 5933 7495 959 3145 3381 1733 948 37414 4827 2303 3816
internal_value=0.00418219 0.00560272 -0.000220538 -0.00113318 -0.000672763 -0.00253104 0.00655517 0.0109199 -0.00104167 -0.000257926 -0.000967612 0.0103491 0.0122673 -0.00170875
internal_weight=59846.9 45252.7 14594.1 13603.3 13395.6 10659.8 2735.8 2167.09 9557 9268.59 9034.16 6368.84 990.854 8767.97
internal_count=177755 107986 69769 66215 64824 52365 12459 9314 44870 43137 42178 12911 3554 41230
is_linear=0
shrinkage=0.03


Tree=76
num_leaves=15
num_cat=0
split_feature=13 74 19 63 89 74 64 63 41 3 77 38 48 44
split_gain=374.766 272.666 248.417 201.402 230.159 231.768 188.553 219.113 259.187 256.574 431.117 266.066 240.422 216.351
threshold=0.00057750000000000011 -0.020758499999999996 -7153089.584999999 1.1918900000000001 0.0013425000000000002 -0.0037604999999999995 1.0650050000000002 1.0590550000000001 47.815000000000005 1.0216650000000003 -6358214.8849999988 1.0291350000000004 -2871916.4349999991 2.915e-05
decision_type=2 2 2 2 2 2 2 2 2 2 2 2 2 2
left_child=1 -1 -2 4 5 -4 7 9 -9 11 -11 -6 -12 -8
right_child=2 -3 3 -5 6 -7 13 8 -10 10 12 -13 -14 -15
leaf_value=-0.0084597505308047338 -0.021200073457047167 0.0066220617233495429 0.012494283020790958 0.014136443628393416 0.0015704922064088446 -0.018073648581578235 0.0032595820448387777 -0.0035618305433158127 0.02293543173892313 0.028423545323323935 0.012680568551017823 -0.027587457388535172 -0.024874110358830193 -0.0040201217600458784
leaf_weight=1109.1808662861586 433.10953364521265 36488.445921085775 285.46806915849447 1114.182872466743 924.42031596601009 998.41566860675812 9010.9516745582223 451.37593948841095 1236.0635353773832 657.92840401083231 298.01082362234592 402.95117259025574 313.05606963485479 6201.647798165679
leaf_count=4606 3261 80374 1247 2919 4414 5988 37431 2032 3439 1617 597 2255 1715 25775
internal_value=0.00434769 0.00617612 0.0012673 0.00171406 0.00104591 -0.0112492 0.00185765 0.00741679 0.015832 0.00193204 0.0115818 -0.00727253 -0.00651928 0.000289859
internal_weight=59925.2 37597.6 22327.6 21894.5 20780.3 1283.88 19496.4 4283.81 1687.44 2596.37 1269 1327.37 611.067 15212.6
internal_count=177670 84980 92690 89429 86510 7235 79275 16069 5471 10598 3929 6669 2312 63206
is_linear=0
shrinkage=0.03


Tree=77
num_leaves=15
num_cat=0
split_feature=13 75 19 10 0 3 3 63 41 90 48 12 89 39
split_gain=343.88 236.666 214.712 204.968 294.194 369.98 263.357 373.44 273.785 249.573 358.914 246.713 231.421 263.955
threshold=0.00056050000000000013 17.094100000000005 -7153089.584999999 1.0206850000000003 1.0345450000000003 1.0505850000000001 1.0233450000000002 1.0563400000000003 47.735000000000007 1.8429180000000003 1755733.1100000001 47.025000000000013 0.0013425000000000002 1.0623350000000003
decision_type=2 2 2 2 2 2 2 2 2 2 2 2 2 2
left_child=-1 2 -2 -4 6 -6 7 11 -9 12 -11 -5 -7 -14
right_child=1 -3 3 4 5 9 -8 8 -10 10 -12 -13 13 -15
leaf_value=0.0056317019623753793 -0.020557254779699767 0.017319494893223906 -0.016955314399896684 -0.016378679661527899 -0.020545934950283729 -0.009491710800073154 0.023610332431794515 -0.0011877234604663425 0.026530777231060242 -0.0018294508698220306 -0.027446836388749219 0.01329494443798252 0.034684332892946805 0.0042194973354277455
leaf_weight=36797.845406331122 431.31949642300606 766.7877906113863 568.94707857817411 852.04516671597958 774.22847943753004 1093.070025369525 867.94937088340521 532.4431634619832 797.59983705729246 6016.4918286278844 535.52864763140678 356.08709306269884 262.82947910577059 9002.8724985793233
leaf_count=83534 3276 1424 3105 4843 4956 5810 2546 2431 2712 21467 3558 1432 782 35841
internal_value=0.0038364 0.000944827 0.00037435 0.000793478 0.00127447 -0.000279008 0.00934682 0.0044501 0.0154194 0.000648261 -0.00393173 -0.00760405 0.00354814 0.00509055
internal_weight=59656 22858.2 22091.4 21660.1 21091.1 17685 3406.12 2538.18 1330.04 16910.8 6552.02 1208.13 10358.8 9265.7
internal_count=177717 94183 92759 89483 86378 72414 13964 11418 5143 67458 25025 6275 42433 36623
is_linear=0
shrinkage=0.03


Tree=78
num_leaves=15
num_cat=0
split_feature=10 60 77 31 39 2 78 10 8 77 45 78 41 68
split_gain=411.7 200.525 226.663 444.33 215.616 212.621 183.46 251.052 230.689 188.513 258.353 175.137 173.5 308.518
threshold=1.1209850000000003 0.016893500000000002 -3680539.9949999996 0.013649000000000003 1.1458050000000002 1.0884450000000003 3.4014000000000002 1.1687550000000002 1.1825450000000002 -7597565.754999999 -0.0019814999999999993 4.2855500000000015 47.135000000000012 1.1516700000000002
decision_type=2 2 2 2 2 2 2 2 2 2 2 2 2 2
left_child=11 2 3 6 5 -3 7 -2 -8 -9 -11 12 13 -1
right_child=1 4 -4 -5 -6 -7 8 9 -10 10 -12 -13 -14 -15
leaf_value=-0.0076599400937062915 -0.013290194087999691 0.025952672120846728 0.0054178984138856827 -0.03062710574878709 0.011764856862869922 0.004877754001192787 -0.00048560226270530485 0.023627074866242662 -0.021987916892589852 -0.01499927458977152 0.0076705027732863968 0.017292486004491601 0.0010951483837134067 0.030031900013925136
leaf_weight=4430.3488300442696 653.16128608584404 440.52913279831409 11814.202820248902 435.98531088978052 6224.5338808447123 19248.83943323046 1609.8587904348969 517.94287972152233 623.41907146573067 531.58205351233482 2985.5141585320234 473.21732423454523 9410.69176197052 203.21552768349648
leaf_count=23437 2403 1491 28169 2925 12658 45279 4400 883 1813 1427 6422 1540 44207 465
internal_value=0.00375745 0.00517232 0.00284337 -0.00128677 0.006894 0.0053521 0.000561212 0.00393604 -0.00650855 0.00673453 0.00423232 -0.000634591 -0.00124196 -0.00599428
internal_weight=59603 45085.6 19171.7 7357.46 25913.9 19689.4 6921.48 4688.2 2233.28 4035.04 3517.1 14517.5 14044.3 4633.56
internal_count=177519 107870 48442 20273 59428 46770 17348 11135 6213 8732 7849 69649 68109 23902
is_linear=0
shrinkage=0.03


Tree=79
num_leaves=15
num_cat=0
split_feature=32 61 88 67 65 38 38 6 37 42 82 42 67 70
split_gain=327.402 178.176 182.46 179.359 189.53 146.347 414.797 146.284 158.305 143.233 226.604 173.783 179.704 157.099
threshold=1.8174605000000004 1.5020235000000002 -0.089891584999999982 1.0982550000000002 1.0992250000000003 1.0876950000000003 1.0940150000000002 1.0214200000000002 1.1414050000000002 0.0017785000000000003 0.0071750000000000008 0.0010395000000000003 1.0706250000000002 41.595000000000006
decision_type=2 2 2 2 2 2 2 2 2 2 2 2 2 2
left_child=-1 3 -3 4 9 -5 -7 -4 -9 10 -2 12 -12 -11
right_child=1 2 7 5 -6 6 -8 8 -10 13 11 -13 -14 -15
leaf_value=0.0047741358267573463 -0.017646545979053851 -0.025640392069329845 0.021750978774768663 -0.029171864047675231 0.027099549363299027 0.036286457552425599 -0.012354133638033145 -0.0056165115845379417 0.0077422420355142919 0.017713691829934316 0.030897589211714111 -0.0075009204929166063 0.0033180210351161751 -6.7747081560981629e-05
leaf_weight=47173.854581996799 548.69328067451715 330.83657550811768 209.71043519675732 219.102001324296 355.86367516219616 199.54513494670391 738.07011507451534 5403.629353903234 934.16163472831249 1080.2638863176107 324.93193349987268 625.78086886554956 620.94407586753368 756.82297436147928
leaf_count=117391 3512 2464 967 1379 1027 688 4095 29263 2645 4499 932 3006 2463 3451
internal_value=0.00363572 -0.000710909 -0.00392628 0.00332679 0.00614357 -0.00714707 -0.00194275 -0.00282076 -0.00364185 0.0042452 -0.00105475 0.00472621 0.0128466 0.0103759
internal_weight=59522.2 12348.4 6878.34 5470.02 4313.3 1156.72 937.615 6547.5 6337.79 3957.44 2120.35 1571.66 945.876 1837.09
internal_count=177782 60391 35339 25052 18890 6162 4783 32875 31908 17863 9913 6401 3395 7950
is_linear=0
shrinkage=0.03


Tree=80
num_leaves=15
num_cat=0
split_feature=21 75 70 19 48 82 38 90 75 48 39 48 77 60
split_gain=356.595 230.367 251.582 196.067 179.926 319.787 442.753 256.871 243.891 191.381 227.539 186.146 178.896 177.554
threshold=234243.61186250002 4.8192500000000011 42.955000000000005 84525.860000000015 2973720.4050000007 0.011540000000000002 1.0765050000000003 1.4307885000000002 -7.048449999999999 -754179.14999999991 1.1151850000000001 1357862.9500000004 -36794135.789999999 0.00051450000000000009
decision_type=2 2 2 2 2 2 2 2 2 2 2 2 2 2
left_child=1 2 3 4 8 -6 7 -7 11 12 -11 -1 -10 -4
right_child=-2 -3 13 -5 5 6 -8 -9 9 10 -12 -13 -14 -15
leaf_value=-0.0010387537115673063 0.0049753238958870349 0.0081749164792847689 0.0043293886609989283 -0.019654343741972006 -0.026506105782066774 0.014696235255270852 0.027405704342855705 -0.03474402688371022 0.010510903413648012 0.0081253373874650616 0.035334387082687033 -0.032153486104063198 -0.020263415937465161 -0.010992181678622247
leaf_weight=623.73433738946915 46042.304439887404 2266.9733669832349 842.68481159210205 382.19667885452509 496.25089591741562 144.24335387349129 381.97466277331114 267.66254912316799 298.82534050941467 3496.7279675453901 300.51881466805935 239.68455452471972 389.59221908450127 3476.1268846169114
leaf_count=3096 114731 5884 3436 2506 4288 768 2050 2136 1368 14489 741 1915 2335 18260
internal_value=0.00371429 -0.000550464 -0.00229793 0.0012029 0.00241088 -0.00763236 0.00414629 -0.0173645 0.00483976 0.00765399 0.0102953 -0.00973809 -0.00686565 -0.00799539
internal_weight=59649.5 13607.2 11340.2 7021.41 6639.21 1290.13 793.881 411.906 5349.08 4485.66 3797.25 863.419 688.418 4318.81
internal_count=178003 63272 57388 35692 33186 9242 4954 2904 23944 18933 15230 5011 3703 21696
is_linear=0
shrinkage=0.03


Tree=81
num_leaves=15
num_cat=0
split_feature=11 48 12 34 70 39 48 82 6 10 48 68 71 71
split_gain=335.49 218.294 383.346 217.926 190.195 212.908 188.865 208.208 193.975 286.887 201.312 242.004 234.285 347.457
threshold=1.1107450000000003 1755733.1100000001 43.905000000000008 1.1427650000000003 60.545000000000009 1.1126850000000001 -1131501.6149999998 0.10391000000000002 0.9860150000000002 1.0206850000000003 2973720.4050000007 1.0981300000000001 0.0043450000000000008 0.0081705000000000024
decision_type=2 2 2 2 2 2 2 2 2 2 2 2 2 2
left_child=6 -2 3 4 5 -3 -1 8 -8 -10 -11 12 -12 -14
right_child=1 2 -4 -5 -6 -7 7 -9 9 10 11 -13 13 -15
leaf_value=-0.012786160633616482 0.0052798402459861551 -0.01009197742070179 -0.024191530847724619 0.025858289011564194 -0.015665453914216067 0.018853012156443413 0.02764436968474324 -0.01789683913901876 -0.018933069543725256 0.0035521268882433813 -0.030311029137882972 0.018777124993136555 0.013045759898011792 -0.024945611342077529
leaf_weight=1055.0801447406411 43706.329308658838 395.91128455102444 624.86441077291965 311.06385599076748 551.93303448706865 536.38495179265738 244.80141657590866 532.1162972599268 631.38892378658056 9242.5027151629329 464.10258162021637 253.62056347727776 483.5192044377327 390.40086259692907
leaf_count=6139 101273 2353 3534 894 3174 2082 880 3137 3780 38622 4426 1484 2700 3007
internal_value=0.00358355 0.00479389 -0.00396811 0.00306364 -0.00170764 0.00653137 -0.000612681 0.000434963 0.00127198 0.00070392 0.00185273 -0.00799269 -0.0130995 -0.00390071
internal_weight=59424 46126.5 2420.16 1795.29 1484.23 932.296 13297.5 12242.5 11710.3 11465.5 10834.1 1591.64 1338.02 873.92
internal_count=177485 113310 12037 8503 7609 4435 64175 58036 54899 54019 50239 11617 10133 5707
is_linear=0
shrinkage=0.03


Tree=82
num_leaves=15
num_cat=0
split_feature=0 48 79 19 60 39 66 38 90 74 62 76 50 19
split_gain=333.844 207.331 250.099 230.798 339.53 262.855 259.807 297.64 223.758 234.781 220.054 198.032 220.148 196.829
threshold=1.1861550000000003 2630672.3900000001 1962444.9160540004 -4228084.1349999988 0.00034850000000000007 1.0469450000000002 1.0844950000000002 1.0748550000000001 1.8429180000000003 -0.022702499999999997 -0.00035157999999999994 66.545000000000016 555192.89230900013 -7153089.584999999
decision_type=2 2 2 2 2 2 2 2 2 2 2 2 2 2
left_child=1 8 3 4 -3 -5 -6 -8 13 11 -11 -10 -13 -1
right_child=-2 2 -4 5 6 -7 7 -9 9 10 -12 12 -14 -15
leaf_value=-0.018074139748785613 0.0069427412111186639 0.021926587747483833 -0.016143610274548099 0.03218374623952782 -0.023731284754749934 -0.00062819669802466316 -0.029228839309097948 0.018237626988532585 -0.016762668861595938 0.011739289172368588 -6.5526730630074178e-05 -0.018722148158427529 0.02041975022775629 0.0050108876031072502
leaf_weight=336.07083497196436 17921.237708568573 313.04298202693462 1176.0969666689634 369.01510877907276 788.60174494236708 536.63558252900839 173.03882364928722 373.44120162725449 1255.8994321301579 1604.3063884079456 12349.165001221001 212.27373463660479 326.38940431177616 21738.915311135352
leaf_count=2357 37901 1244 8428 1265 5514 3072 1350 2086 6922 3932 35721 1285 1304 65364
internal_value=0.00351963 0.00204243 -0.00470192 0.000559863 -0.00611258 0.012729 -0.012721 0.00312699 0.00270842 -2.16414e-05 0.00129033 -0.0102345 0.0049332 0.00465728
internal_weight=59474.1 41552.9 3729.87 2553.78 1648.12 905.651 1335.08 546.48 37823 15748 13953.5 1794.56 538.663 22075
internal_count=177745 139844 22959 14531 10194 4337 8950 3436 116885 49164 39653 9511 2589 67721
is_linear=0
shrinkage=0.03


Tree=83
num_leaves=15
num_cat=0
split_feature=2 48 79 19 89 89 67 19 39 90 48 72 67 48
split_gain=303.881 212.461 216.915 233.074 342.592 315.332 344.645 186.258 208.518 202.559 222.494 237.683 206.888 225.429
threshold=1.1860150000000003 2630672.3900000001 2028190.2318200001 -4289022.3299999991 0.0061470000000000006 0.007732000000000001 1.0864550000000002 -7153089.584999999 1.0668150000000003 1.8429180000000003 171096.96000000005 -0.17741949999999998 1.0978850000000002 966727.83000000007
decision_type=2 2 2 2 2 2 2 2 2 2 2 2 2 2
left_child=1 7 3 5 -5 -3 -7 8 -1 10 -9 -12 -13 -14
right_child=-2 2 -4 4 -6 6 -8 9 -10 -11 11 12 13 -15
leaf_value=-0.022755183138834793 0.0065601789128004019 0.016017080602282237 -0.01605128834634777 -0.024739642620837395 0.017946670421375086 -0.031774295088525216 0.0020027167391212962 0.0026936815483606263 0.016537539297437294 0.00021180802990418006 0.021878486495982095 0.0096756158655988984 0.0048808102965224066 -0.02338905563478344
leaf_weight=499.57992597669363 18150.52355761826 363.15639135241508 1109.9347468242049 206.06206811219454 916.61743023991585 587.78386697918177 501.9774572327733 14898.157493822277 158.83398578315973 15252.242887720466 1124.4780083522201 4387.4519500359893 744.43470484018326 383.22127542644739
leaf_count=3679 38551 1755 8062 1525 3932 4389 3198 43479 535 46813 3366 13240 2358 2598
internal_value=0.00332621 0.00189836 -0.00497067 -0.000179544 0.0100701 -0.00812161 -0.0162005 0.0025753 -0.0132201 0.00285915 0.00473241 0.00930136 0.00672806 -0.00471202
internal_weight=59284.5 41133.9 3685.53 2575.6 1122.68 1452.92 1089.76 37448.4 658.414 36790 21537.7 6639.59 5515.11 1127.66
internal_count=177480 138929 22861 14799 5457 9342 7587 116068 4214 111854 65041 21562 18196 4956
is_linear=0
shrinkage=0.03


Tree=84
num_leaves=15
num_cat=0
split_feature=48 42 38 42 48 37 64 75 48 48 77 6 73 64
split_gain=279.792 273.798 226.933 288.838 212.651 457.618 427.9 209.665 199.311 293.743 183.488 290.802 342.197 266.292
threshold=2630672.3900000001 0.00072850000000000009 1.0260250000000002 0.008743500000000003 -3007746.2249999992 1.1806250000000003 1.0960650000000003 -3.0780499999999997 1421969.0850000002 1114190.5450000002 -3680539.9949999996 1.1744750000000002 -0.0008449149999999999 1.1222450000000002
decision_type=2 2 2 2 2 2 2 2 2 2 2 2 2 2
left_child=2 -2 8 4 -4 7 -7 -6 9 -1 11 12 -9 -12
right_child=1 -3 3 -5 5 6 -8 10 -10 -11 13 -13 -14 -15
leaf_value=-0.0061492024234025668 0.018248106045281154 -0.0076725861374887161 0.0054552287969968144 0.006395754967875397 -0.0095966178642252209 -0.041721489043888199 0.0017718382309887706 0.0099757144035451818 -0.025347493258508529 0.029257542557279737 0.0028725526149665993 0.0041278901231714656 -0.017120353313692802 0.019332052744069968
leaf_weight=1608.5064136087894 411.67758509516716 3263.7208944186568 9965.2635741978884 26556.901433080435 1508.0867130979896 446.17540450394154 371.24018184840679 553.76300571858883 379.9959339722991 241.58411699533463 8617.7029921486974 2683.3801208585501 1707.2779262140393 986.18194165825844
leaf_count=7179 1697 21126 21505 65162 7326 1499 850 1993 2930 890 28462 6119 7960 2854
internal_value=0.00325521 -0.0047569 0.00378521 0.00417715 0.0019806 -6.98562e-05 -0.0219537 0.00104366 -0.0055834 -0.00149629 0.00214928 -0.00254202 -0.0104694 0.00456767
internal_weight=59301.5 3675.4 55626.1 53396 26839.1 16873.8 817.416 16056.4 2230.09 1850.09 14548.3 4944.42 2261.04 9603.88
internal_count=177552 22823 154729 143730 78568 57063 2349 54714 10999 8069 47388 16072 9953 31316
is_linear=0
shrinkage=0.03


Tree=85
num_leaves=15
num_cat=0
split_feature=10 73 19 91 90 76 74 72 90 69 67 69 48 34
split_gain=277.722 234.674 187.412 206.608 160.116 211.51 206.261 174.691 216.3 185.925 287.367 231.776 152.923 293.429
threshold=1.1779750000000002 -0.0036808599999999998 -5228471.3899999997 -0.0018648299999999998 1.8429180000000003 4.9250000000000007 -0.022702499999999997 0.58595450000000004 0.77196300000000007 1.0584150000000003 1.0589150000000003 1.0478100000000004 1755733.1100000001 1.0362150000000001
decision_type=2 2 2 2 2 2 2 2 2 2 2 2 2 2
left_child=1 -1 -3 -4 7 6 -6 8 -5 11 -11 -10 -7 -14
right_child=-2 2 3 4 5 12 -8 -9 9 10 -12 -13 13 -15
leaf_value=-0.023078892980620935 0.0054358754727648635 0.0041543673656783044 0.016711674404834315 -0.012378572635228074 -0.012025161630373562 -0.0048314896793620289 0.017771017776128266 0.019684783563457379 0.0072658914140402752 0.034752552467820823 0.0019588219769041543 -0.026101760770924489 0.013554194783172673 -0.027328739986730608
leaf_weight=350.96723444014788 25521.639145150781 14184.10968516767 613.62712818384171 1086.8178077414632 306.28663970530033 4503.1263854056597 648.66655639559031 435.79509130120277 314.16640229523182 245.86491400003433 9563.0181250944734 457.75097515434027 201.09962196648121 713.62255246937275
leaf_count=1802 55190 37609 1752 6168 1542 18637 2227 1905 1636 559 40187 2791 816 4667
internal_value=0.00307597 0.00128378 0.00154234 -0.000396988 -0.000967693 -0.00481691 0.00818038 0.00105678 0.000356813 0.00166882 0.00278733 -0.0124907 -0.00711444 -0.018303
internal_weight=59146.6 33624.9 33274 19089.8 18476.2 6372.8 954.953 12103.4 11667.6 10580.8 9808.88 771.917 5417.85 914.722
internal_count=177488 122298 120496 82887 81135 27889 3769 53246 51341 45173 40746 4427 24120 5483
is_linear=0
shrinkage=0.03


Tree=86
num_leaves=15
num_cat=0
split_feature=32 61 73 10 89 61 68 39 38 82 91 41 74 46
split_gain=285.483 165.926 155.508 166.462 147.975 214.15 174.99 199.544 328.008 242.007 147.316 143.658 135.156 156.388
threshold=1.8174605000000004 1.5020235000000002 0.00061018000000000021 1.1601150000000002 0.0055055000000000008 1.1091485000000003 1.0959750000000004 1.0837450000000002 1.0935550000000003 0.019510000000000003 -0.00081526499999999991 37.215000000000011 -0.0037604999999999995 1.7290500000000002
decision_type=2 2 2 2 2 2 2 2 2 2 2 2 2 2
left_child=11 4 3 12 5 10 -6 -8 -9 -10 -2 -1 13 -3
right_child=1 2 -4 -5 6 -7 7 8 9 -11 -12 -13 -14 -15
leaf_value=-0.0013926862373637512 0.0090809863200980931 -0.0018241057841096799 -0.01435461666181565 0.013582209229398845 0.0088843278061397721 0.011709984480674705 -0.028931107076702753 0.035069219689159173 0.018094939051343791 -0.020935238158860708 -0.024201204108531028 0.0047077726056180347 -0.010429712871473842 0.025535066028688297
leaf_weight=3769.4379075542092 151.57142513245344 3142.3643500730395 1105.7594742774963 551.60399486869574 3275.1971046254039 355.80926332995296 242.02803927659988 203.16731213778257 208.43917664885521 446.73315472155809 540.55321259051561 43204.245725043118 1775.1703996509314 198.9835514947772
leaf_count=10868 622 16719 5917 1432 12982 1615 1682 712 852 2690 3943 106445 10404 674
internal_value=0.00315563 -0.000931607 -0.00406409 -0.0020491 0.00297532 -0.00713344 0.00540427 -0.00492542 0.00183441 -0.00846365 -0.0168667 0.00421758 -0.00374247 -0.000178688
internal_weight=59171.1 12197.4 6773.88 5668.12 5423.5 1047.93 4375.56 1100.37 858.34 655.172 692.125 46973.7 5116.52 3341.35
internal_count=177557 60244 35146 29229 25098 6180 18918 5936 4254 3542 4565 117313 27797 17393
is_linear=0
shrinkage=0.03


Tree=87
num_leaves=15
num_cat=0
split_feature=2 73 67 10 61 38 7 71 16 37 50 34 34 34
split_gain=240.799 214.666 170.252 156.294 175.325 289.974 237.494 189.781 194.912 221.994 187.856 183.541 171.686 260.654
threshold=1.1863950000000003 -0.0036808599999999998 1.0425350000000002 1.0174550000000002 1.4880520000000004 1.0189150000000002 1.1831650000000002 0.0019965000000000004 -0.0011304999999999998 1.1110850000000003 372224.69776650006 1.0204650000000002 1.0341250000000002 1.0469250000000001
decision_type=2 2 2 2 2 2 2 2 2 2 2 2 2 2
left_child=1 -1 -3 -4 5 -5 11 8 9 -6 -10 -7 -13 -14
right_child=-2 2 3 4 7 6 -8 -9 10 -11 -12 12 13 -15
leaf_value=-0.018133629047467081 0.0059439992749457434 0.0068154666602452865 -0.013562161536754347 0.025480141842997194 -0.021837401662364191 -0.016686243213529552 -0.013598292654832658 -0.0012212819584384825 0.024415844495472374 0.021431666616149786 0.00022689349571815602 0.024314174710420702 -0.019040036906498792 0.0048545259354447999
leaf_weight=480.94292042404413 17728.399057522416 5693.1602636575699 630.53769268840551 543.40451531857252 313.21554861962795 371.49825564771891 720.72523757815361 18348.300338417292 780.69061364978552 160.13712049275637 462.43832587450743 387.58558662235737 423.75605423748493 12209.779738038778
leaf_count=2140 37889 13480 3714 1919 2259 1870 1906 65232 2076 715 1617 1158 2353 39606
internal_value=0.00301643 0.00176576 0.00200009 0.0012236 0.00149335 0.00398765 0.00315626 -0.000327278 0.00920684 -0.00712174 0.0154492 0.00406109 0.00465656 0.00404923
internal_weight=59254.6 41526.2 41045.2 35352.1 34721.5 14656.7 14113.3 20064.8 1716.48 473.353 1243.13 13392.6 13021.1 12633.5
internal_count=177934 140045 137905 124425 120711 48812 46893 71899 6667 2974 3693 44987 43117 41959
is_linear=0
shrinkage=0.03


Tree=88
num_leaves=15
num_cat=0
split_feature=31 19 19 74 90 77 47 35 38 39 87 41 48 77
split_gain=253.396 157.781 175.14 193.829 359.661 175.768 319.821 322.837 236.873 507.927 148.671 135.449 243.44 201.896
threshold=0.0038175000000000006 84525.860000000015 -4237246.8099999996 -0.0040884999999999993 1.3610990000000003 -8581117.0599999968 71.925000000000026 1.0362350000000002 1.0765050000000003 1.0862150000000002 945.99350000000015 37.215000000000011 -3007746.2249999992 -4173673.5549999992
decision_type=2 2 2 2 2 2 2 2 2 2 2 2 2 2
left_child=11 2 3 4 -2 6 7 -6 -7 -10 -4 12 -1 -14
right_child=1 -3 10 -5 5 8 -8 -9 9 -11 -12 -13 13 -15
leaf_value=0.0068856002510452145 0.020472560640275281 -0.012180957555336802 0.0013880784094742727 -0.018988184808838356 -0.017058332155402717 -0.030275538866889978 0.03393520933849492 0.0154560246249469 0.035843780938823601 -0.027759823632371266 0.016626167979278232 0.0043598868493397629 -0.030111001196919771 -0.0044217995204499268
leaf_weight=1648.3242701292038 530.96873530000448 1022.9223844408989 7452.5189189650118 744.24005796387792 804.85922317951918 524.76089598238468 211.2537546902895 415.37939348071814 195.10168351233006 265.59439998865128 624.34369811415672 42571.744312137365 329.504269964993 1681.4651139006019
leaf_count=3495 2173 5911 33124 5071 5162 4249 654 1541 987 2096 2222 103753 1287 5743
internal_value=0.00284954 -0.000885384 9.47911e-05 -0.00531454 -0.00184701 -0.00676915 -3.36257e-05 -0.00596202 -0.0165129 -0.000739854 0.00257161 0.00388362 -0.00164871 -0.00865885
internal_weight=59023 12791.9 11769 3692.16 2947.92 2416.95 1431.49 1220.24 985.457 460.696 8076.86 46231 3659.29 2010.97
internal_count=177468 63190 57279 21933 16862 14689 7357 6703 7332 3083 35346 114278 10525 7030
is_linear=0
shrinkage=0.03


Tree=89
num_leaves=15
num_cat=0
split_feature=10 73 48 37 40 77 48 48 74 66 43 67 12 70
split_gain=261.465 256.11 186.414 367.742 248.749 152.648 152.305 271.133 310.474 259.858 290.126 276.063 317.107 247.305
threshold=1.1779750000000002 -0.0036808599999999998 -2509329.5299999998 1.1811450000000001 1.1676850000000003 -4757194.5349999992 1755733.1100000001 171096.96000000005 -0.050869999999999992 1.0993300000000004 0.37095550000000005 1.0937250000000003 42.255000000000003 35.735000000000007
decision_type=2 2 2 2 2 2 2 2 2 2 2 2 2 2
left_child=1 -1 5 4 -4 -2 7 -3 -9 10 11 13 -13 -8
right_child=2 6 3 -5 -6 -7 9 8 -10 -11 -12 12 -14 -15
leaf_value=-0.02501880370147035 0.010931231579236492 0.0002976407030059577 -0.0058883671490781659 -0.028399640506698059 0.0180075306217314 0.0046173148813582364 -0.026126285874952054 -0.0070501762441420503 0.0095600153399053381 -0.021801097420918115 -0.036687996545194931 0.040468872314679424 -0.0027206792701826715 -0.00020507300715976465
leaf_weight=337.14538245648146 4210.45094178617 19095.420219764113 1083.6944103464484 426.38241794705391 612.32036064565182 19254.482689976692 355.74658481031656 1197.0044173747301 6494.2101335823536 594.74072144925594 196.98650600761175 310.94409317523241 297.65868542343378 4672.4069477654994
leaf_count=1815 8611 61989 2805 1287 1151 41710 2816 6411 17084 4118 1348 1084 1688 24264
internal_value=0.00269693 0.000953801 0.00498136 -0.00352275 0.00272673 0.00575195 0.00121908 0.0022149 0.00697045 -0.00292542 -0.000992522 0.000255885 0.0193265 -0.00204982
internal_weight=59139.6 33552.3 25587.3 2122.4 1696.01 23464.9 33215.1 26786.6 7691.21 6428.48 5833.74 5636.76 608.603 5028.15
internal_count=178181 122617 55564 5243 3956 50321 120802 85484 23495 35318 31200 29852 2772 27080
is_linear=0
shrinkage=0.03


Tree=90
num_leaves=15
num_cat=0
split_feature=3 73 84 48 82 7 35 88 68 68 77 68 77 78
split_gain=198.508 194.649 157.996 168.563 258.142 238.26 192.787 236.425 156.931 154.223 158.262 584.559 153.813 183.296
threshold=1.1864350000000001 -0.0036808599999999998 94.010000000000005 2984197.6250000005 0.011540000000000002 1.0645350000000002 1.0749650000000002 -0.014692059999999998 1.0944450000000001 1.0895350000000004 -34981458.119999997 1.0785200000000004 -4493206.5199999986 3.9663000000000004
decision_type=2 2 2 2 2 2 2 2 2 2 2 2 2 2
left_child=1 -1 3 9 8 -6 7 -7 -5 10 11 -3 -2 -14
right_child=12 2 -4 4 5 6 -8 -9 -10 -11 -12 -13 13 -15
leaf_value=-0.017580066402868889 0.012804596266083273 -0.022443064226421366 -0.015106115177996421 -0.027880408358411286 -0.024580708097820318 -0.024737937557530666 0.025560289050489588 0.023655514421522954 0.0098966362435583891 -0.00011680109974377733 0.004363604360100054 0.01814641635699275 0.0048849647929489221 -0.014023821038526698
leaf_weight=472.52257975190878 2189.4985021203756 800.46289742738008 492.54089784622192 573.15283217281103 223.40791781246662 218.72327768057585 382.27703131735325 153.59430292248726 117.73624583333731 14297.072726592422 23489.042567841709 529.27494139969349 14527.89501260221 474.81020340323448
leaf_count=2115 4358 4516 1897 5406 1796 1778 1945 658 690 50149 68025 1787 31337 1265
internal_value=0.00265757 0.00153928 0.00175929 0.00196407 -0.00736602 0.00252509 0.0106117 -0.00468366 -0.0213944 0.00236309 0.0037928 -0.00626321 0.00537125 0.00428364
internal_weight=58942 41749.8 41277.3 40784.7 1668.89 978.003 754.595 372.318 690.889 39115.9 24818.8 1329.74 17192.2 15002.7
internal_count=177722 140762 138647 136750 12273 6177 4381 2436 6096 124477 74328 6303 36960 32602
is_linear=0
shrinkage=0.03


Tree=91
num_leaves=15
num_cat=0
split_feature=46 39 48 71 83 77 60 39 71 82 62 10 65 43
split_gain=229.794 211.041 190.101 245.645 276.804 198.026 331.572 184.466 178.3 175.356 173.981 192.726 161.426 156.491
threshold=-0.37214999999999993 1.0117850000000002 1755733.1100000001 0.0052120000000000005 3.9853235000000002 -791899.24499999988 0.054906500000000004 0.99248000000000014 0.0043450000000000008 0.16726000000000005 -0.0015555749999999998 1.1342850000000002 1.1010450000000003 0.24017400000000003
decision_type=2 2 2 2 2 2 2 2 2 2 2 2 2 2
left_child=9 7 10 5 12 8 -7 -2 -4 -1 11 -3 13 -5
right_child=1 2 3 4 -6 6 -8 -9 -10 -11 -12 -13 -14 -15
leaf_value=-0.003961740754731464 0.0075551106634202626 0.030084238790443227 -0.030805080172974102 0.0095304338699261255 -0.020639948780622475 -0.012335644381423516 0.024168237097968424 -0.020839591785104968 0.0034488987080975937 0.021005924625733533 0.0037934676556460982 0.0077898611844026324 -0.015925484083942575 -0.016213500391503776
leaf_weight=5791.2973494939506 312.17947601526976 451.45400404185057 563.56138333678246 2853.27770011127 403.87077336013317 841.64243222773075 303.79620115458965 594.51031166315079 178.23478523641825 263.45080234110355 44215.556555755436 1561.3508959040046 284.96993122249842 227.9035509377718
leaf_count=22886 1286 1242 5244 12948 2329 4978 1199 3254 986 464 114202 3280 1825 1249
internal_value=0.00266549 0.00330063 0.00355189 -0.00163494 0.00278186 -0.0104708 -0.00261519 -0.0110325 -0.0225408 -0.00286712 0.0041873 0.0128176 0.00560621 0.00761187
internal_weight=58847.1 52792.3 51885.6 5657.26 3770.02 1887.23 1145.44 906.69 741.796 6054.75 46228.4 2012.8 3366.15 3081.18
internal_count=177372 154022 149482 30758 18351 12407 6177 4540 6230 23350 118724 4522 16022 14197
is_linear=0
shrinkage=0.03


Tree=92
num_leaves=15
num_cat=0
split_feature=31 61 90 79 19 74 40 78 63 86 50 70 68 87
split_gain=213.718 171.533 164.243 201.952 167.044 191.856 186.883 158.037 172.178 153.806 155.588 150.69 198.96 141.486
threshold=0.0046085000000000006 1.5020235000000002 1.8429180000000003 3148743.7520380006 -5028171.5399999991 -0.0037604999999999995 1.1427650000000003 -0.19039999999999999 1.0584150000000003 19.145000000000003 119385.119766 70.155000000000015 1.0757100000000002 170.32000000000002
decision_type=2 2 2 2 2 2 2 2 2 2 2 2 2 2
left_child=-1 -2 4 -4 13 7 11 -6 -9 10 -10 12 -7 -3
right_child=1 2 3 -5 5 6 -8 8 9 -11 -12 -13 -14 -15
leaf_value=0.0034410475975873789 0.0029093753618261676 -0.0044622550404952105 -0.01562602932238305 0.0047488586332816215 0.031509344734594907 0.0060827493428327562 0.014666492899718341 -0.017337302325599057 0.0183130744104807 0.016189739739602187 -0.011845863133304508 0.014254378104484742 -0.023238015731446598 -0.03621782431062557
leaf_weight=46770.726006671786 5428.7488144785166 345.48315457627177 1782.709757566452 577.03299525380135 218.2618962675333 277.94797895848751 301.73653671890497 274.60802438110113 224.00343826413155 942.89934021234512 485.08715124428272 173.53501614928246 808.75383852422237 200.72998602688313
leaf_count=116871 25164 2209 10437 2605 938 1544 891 1717 1045 3852 2373 730 5493 1551
internal_value=0.0025233 -0.00103885 -0.00428462 -0.0106311 -0.000754642 0.00152165 -0.00646353 0.00735107 0.00458372 0.00825405 -0.00226396 -0.0115541 -0.0157123 -0.0162319
internal_weight=58812.3 12041.5 6612.79 2359.74 4253.05 3706.83 1561.97 2144.86 1926.6 1651.99 709.091 1260.24 1086.7 546.213
internal_count=177420 60549 35385 13042 22343 18583 8658 9925 8987 7270 3418 7767 7037 3760
is_linear=0
shrinkage=0.03


Tree=93
num_leaves=15
num_cat=0
split_feature=2 73 66 84 9 9 77 88 50 88 39 0 0 76
split_gain=215.426 188.858 149.41 145.142 141.263 373.257 139.672 137.178 178.463 150.866 236.71 164.198 493.521 243.673
threshold=1.1863950000000003 -0.0036808599999999998 1.1915450000000003 94.010000000000005 0.9894750000000001 1.0073250000000002 -4923771.9549999991 -0.089891584999999982 1485628.4443845002 -0.085129884999999975 1.0135550000000002 1.0345450000000003 1.0494650000000003 6.2800000000000002
decision_type=2 2 2 2 2 2 2 2 2 2 2 2 2 2
left_child=1 -1 6 4 -3 -6 -2 8 -7 -9 -11 13 -13 -12
right_child=2 3 -4 -5 5 7 -8 9 -10 10 11 12 -14 -15
leaf_value=-0.01761057111834595 0.012663235193650712 0.021954517349842242 0.020149392263335338 -0.014714883845401502 -0.026410393531371274 -0.022378181248591821 0.0038687514007898333 0.022425201472410245 0.0096774800563583993 -0.022297050494821884 0.029112645378289306 -0.023226088969970943 0.0021397467099776041 0.0053269258417820674
leaf_weight=465.31744174659252 1823.8686230927706 309.27398192882538 592.16947765648365 484.41212113201618 421.74942579865456 452.17411311715841 15204.123182013631 327.14004077017307 236.35929226130247 356.69211997836828 454.87559486180544 703.27154007554054 34470.144065380096 2637.0747802779078
leaf_count=2128 3603 1153 1054 1878 2697 3284 33237 1003 1046 1637 1450 4756 107900 10947
internal_value=0.00255351 0.00136806 0.00533141 0.00158539 0.00178209 0.00162506 0.00481318 0.00192477 -0.0113326 0.00216019 0.00198718 0.00221491 0.00163107 0.00884417
internal_weight=58938.6 41318.5 17620.2 40853.2 40368.8 40059.5 17028 39637.7 688.533 38949.2 38622.1 38265.4 35173.4 3091.95
internal_count=177773 139879 37894 137751 135873 134720 36840 132023 4330 127693 126690 125053 112656 12397
is_linear=0
shrinkage=0.03


Tree=94
num_leaves=15
num_cat=0
split_feature=2 73 9 8 66 48 42 70 79 63 38 35 34 39
split_gain=201.15 186.826 152.504 294.523 146.611 131.203 226.72 239.151 217.226 245.871 234.796 234.556 203.532 183.608
threshold=1.1863950000000003 -0.0036808599999999998 0.9894750000000001 1.0008450000000002 1.1915450000000003 2630672.3900000001 0.00072850000000000009 41.595000000000006 2028190.2318200001 1.0478100000000004 1.0765050000000003 1.0856350000000001 1.0341250000000002 1.1029350000000002
decision_type=2 2 2 2 2 2 2 2 2 2 2 2 2 2
left_child=1 -1 -3 -4 -2 -5 -7 8 9 -8 12 -12 -11 -10
right_child=4 2 3 5 -6 6 7 -9 13 10 11 -13 -14 -15
leaf_value=-0.017463100823825184 0.0046913348719651365 0.022237259258586776 -0.027057093167727937 0.0021985662122913532 0.01982415633268397 0.017051842381059897 0.037799198473367018 -0.016399647999953561 -0.025109125798883067 0.012711189319094974 0.044323743627153481 -0.00019538228128172572 -0.020504530197091159 0.013252764636098938
leaf_weight=467.30191815644503 16940.940069928765 318.62034368515015 323.00530683249235 36511.89448530972 597.0691659450531 415.3861326649785 196.13055259734392 1299.803277567029 429.27973503246903 253.7218321710825 186.3310673981905 243.77452125400305 472.46649881452322 150.09587230533361
leaf_count=2147 36702 1160 2062 111668 1067 1703 693 9505 3535 1074 932 1486 3112 816
internal_value=0.00251736 0.00137249 0.00158938 0.00142558 0.00520933 0.00165609 -0.00376583 -0.00645543 0.000224993 0.00682445 0.00151647 0.0190798 -0.00885656 -0.0151135
internal_weight=58805.8 41267.8 40800.5 40481.9 17538 40158.9 3646.99 3231.6 1931.8 1352.42 1156.29 430.106 726.188 579.376
internal_count=177662 139893 137746 136586 37769 134524 22856 21153 11648 7297 6604 2418 4186 4351
is_linear=0
shrinkage=0.03


Tree=95
num_leaves=15
num_cat=0
split_feature=43 37 39 77 19 89 41 89 88 85 77 11 48 38
split_gain=196.149 195.941 237.476 149.629 145.384 175.034 229.198 177.454 159.907 167.069 129.297 251.499 223.657 547.466
threshold=0.0091070000000000022 1.0877150000000002 1.0736850000000002 -2451918.6899999995 -1387618.1249999998 0.015313000000000002 47.385000000000012 0.0049270000000000008 -0.057810464999999991 20.555000000000003 -953476.41999999993 1.0813250000000003 -2961414.0349999997 1.1796950000000002
decision_type=2 2 2 2 2 2 2 2 2 2 2 2 2 2
left_child=10 2 4 -4 5 7 -7 -2 9 -8 12 -12 -1 -14
right_child=1 -3 3 -5 -6 6 8 -9 -10 -11 11 -13 13 -15
leaf_value=0.0047223718021696479 0.0063948162441845114 0.0050268144165394341 -0.022414643426981115 -0.0041346106232890483 -0.015450870876669819 -0.019392752363026754 -0.0020400636722325981 0.030641419364379151 0.0013691286234685509 0.029610620490008795 0.021278125713879392 0.0011784942977853836 -0.0031365425127023627 -0.038899398149542706
leaf_weight=2924.9284069538116 864.95015105232596 24843.131014153361 486.74012718722224 2367.8106032907963 361.06386716663837 426.86633323132992 239.82759567350149 398.61747972667217 4148.8733817189932 392.20050325989723 585.23200821131468 12816.789449226111 7451.2840147875249 405.52617393434048
leaf_count=6346 2642 63349 3311 7117 1826 2550 1143 1168 10862 1516 1732 38432 34454 1348
internal_value=0.00216458 0.00361571 -2.66503e-07 -0.00726887 0.00303276 0.0040709 0.00163298 0.0140858 0.00352021 0.0175689 9.13345e-05 0.00205995 -0.0023529 -0.00499096
internal_weight=58713.8 34530.1 9686.95 2854.55 6832.4 6471.34 5207.77 1263.57 4780.9 632.028 24183.8 13402 10781.7 7856.81
internal_count=177796 95484 32135 10428 21707 19881 16071 3810 13521 2659 82312 40164 42148 35802
is_linear=0
shrinkage=0.03


Tree=96
num_leaves=15
num_cat=0
split_feature=48 37 73 43 13 71 71 79 48 82 42 77 68 67
split_gain=182.58 492.484 255.616 192.545 202.616 181.679 209.885 165.761 161.206 164.786 173.09 160.672 431.948 192.015
threshold=-2791149.2999999993 1.1816150000000001 -0.0036808599999999998 -0.34878199999999998 0.00033950000000000007 0.025891500000000001 0.0020385000000000004 567254.47404700017 3131303.0050000004 0.088745000000000004 0.0010395000000000003 -34981458.119999997 1.0764950000000002 1.0731450000000002
decision_type=2 2 2 2 2 2 2 2 2 2 2 2 2 2
left_child=-1 2 -2 5 7 6 -4 -5 9 11 -11 12 -6 -13
right_child=1 -3 3 4 8 -7 -8 -9 -10 10 -12 13 -14 -15
leaf_value=0.004113831290756439 -0.026191076140489458 -0.028363447077706209 0.0086320683062564938 0.0043468877952586651 -0.026961479496912993 0.015040058149267612 -0.013177171586827149 0.015847312102374864 -0.023480176087764086 0.012933654939946408 -0.0084164411770775507 0.0079693259320956431 0.010181906064253529 0.00086374331450778401
leaf_weight=27436.26110689342 301.45878144353628 512.90451464056969 494.99657291173935 5373.2303165793419 574.58164439350367 324.61219049990177 1967.9581384807825 1432.0788715109229 241.90267415344715 393.56326760351658 2516.1383018568158 4826.3877476118505 549.78067646920681 11805.682100754231
leaf_count=60179 1759 1563 2132 12445 3483 710 9092 3480 1993 1338 10627 19032 2159 47733
internal_value=0.00232692 0.000760309 0.00124714 0.00152016 0.00227696 -0.0059911 -0.00878012 0.00677337 0.000811746 0.00109866 -0.00551489 0.00218435 -0.00877987 0.00292784
internal_weight=58751.5 31315.3 30802.4 30500.9 27713.3 2787.57 2462.95 6805.31 20908 20666.1 2909.7 17756.4 1124.36 16632.1
internal_count=177725 117546 115983 114224 102290 11934 11224 15925 86365 84372 11965 72407 5642 66765
is_linear=0
shrinkage=0.03


Tree=97
num_leaves=15
num_cat=0
split_feature=46 19 77 81 75 77 10 9 21 39 10 39 41 78
split_gain=173.79 194.906 208.671 223.083 202.592 190.499 163.349 283.451 161.91 147.603 141.294 143.827 284.809 229.914
threshold=-0.22144999999999998 38254.975000000013 -3032308.2399999998 1.0000000180025095e-35 16.846800000000005 -159347.55999999997 1.0206850000000003 0.9894750000000001 388743.34835600009 1.1058950000000003 1.0286950000000001 1.1428750000000003 35.395000000000003 2.9418000000000002
decision_type=2 2 2 2 2 2 2 2 2 2 2 2 2 2
left_child=1 2 4 8 -1 -5 7 -2 -4 -7 -8 12 -12 -13
right_child=6 -3 3 5 -6 9 10 -9 -10 -11 11 13 -14 -15
leaf_value=-0.0089773791645856114 0.014200737450892479 -0.016843569322894564 -0.0120742649972702 0.021613505554197665 0.016514183100523022 0.018243022915514658 0.020637583190907499 -0.023024355444467067 0.0040913957650635614 -0.010639377752318845 -0.022569656096040273 0.0072612127540181469 0.002100795644941744 -0.0013055461917807869
leaf_weight=2748.7765713185072 276.21114407479763 720.646519087255 867.79328067973256 919.77894523739815 310.82311008870602 259.17941223084927 406.72800216078758 543.78589299321175 1552.8205262720585 409.24339108169079 425.34491217136383 12073.211375698447 33475.267888505012 3670.8197885081172
leaf_count=10910 1111 4177 4446 2820 582 786 1616 3481 4175 1822 2340 26120 104510 8679
internal_value=0.00217947 -0.00199115 -0.000470483 0.00402768 -0.00637335 0.012763 0.00281866 -0.0104467 -0.00169422 0.000525415 0.00303679 0.00289157 0.00178972 0.00526196
internal_weight=58660.4 7789.06 7068.42 4008.82 3059.6 1588.2 50871.4 819.997 2420.61 668.423 50051.4 49644.6 33900.6 15744
internal_count=177575 29718 25541 14049 11492 5428 147857 4592 8621 2608 143265 141649 106850 34799
is_linear=0
shrinkage=0.03


Tree=98
num_leaves=15
num_cat=0
split_feature=48 79 39 89 38 64 48 64 19 62 19 60 39 48
split_gain=215.945 182.688 244.183 189.894 351.44 219.801 171.583 274.426 170.831 170.039 186.907 181.865 185.495 175.885
threshold=2630672.3900000001 1962444.9160540004 1.0280150000000001 0.012042000000000002 1.0550950000000003 1.0844750000000003 2908938.1050000004 1.0957850000000002 -4021109.6699999995 -0.0015555749999999998 -7153089.584999999 0.016893500000000002 1.1458050000000002 2582414.4250000003
decision_type=2 2 2 2 2 2 2 2 2 2 2 2 2 2
left_child=9 2 -2 4 -4 8 -5 -8 -6 -1 -11 -12 13 -13
right_child=1 -3 3 6 5 -7 7 -9 -10 10 11 12 -14 -15
leaf_value=0.010544352660835142 0.030520382612846148 -0.015148829076611879 0.044033003339784237 0.0046377405506354682 -0.032739798620164552 0.011972112603653197 -0.027563318247010641 0.013531980048306216 0.0094854381163541907 -0.014778321360294146 0.00053417869524620691 0.0023662065836310225 0.0087484743951550641 0.021230850613046491
leaf_weight=2297.2342251837254 207.96651314198971 1107.9364848099649 181.22743612527847 418.3442135900259 256.60634809359908 464.95463951677084 677.05123054981232 184.7200627848506 127.64521018415689 575.42722644656897 24867.731384962797 20893.352572217584 5989.4298891425133 453.99447984993458
leaf_count=5735 671 8402 479 1913 2202 2307 4987 1123 876 3842 75498 55930 12532 1372
internal_value=0.0020854 -0.00500185 -0.000521876 -0.00334088 0.00622314 -0.0018528 -0.0110617 -0.0187143 -0.0186468 0.00255267 0.00220407 0.00239212 0.00408107 0.00276978
internal_weight=58703.6 3626.45 2518.52 2310.55 1030.43 849.206 1280.12 861.771 384.252 55077.2 52779.9 52204.5 27336.8 21347.3
internal_count=177869 22960 14558 13887 5864 5385 8023 6110 3078 154909 149174 145332 69834 57302
is_linear=0
shrinkage=0.03


Tree=99
num_leaves=15
num_cat=0
split_feature=46 19 48 77 19 90 41 66 45 19 86 62 46 10
split_gain=180.453 259.511 189.432 266.477 302.553 300.326 282.513 335.319 229.506 193.635 185.802 184.362 181.388 177.133
threshold=-0.21104999999999999 38254.975000000013 1755733.1100000001 -4997185.6249999991 -4996071.2299999995 1.8474125000000001 47.135000000000012 1.0534900000000003 -0.016570499999999998 -4228084.1349999988 1.9350000000000003 -8.894999999999997e-06 0.034550000000000004 1.0206850000000003
decision_type=2 2 2 2 2 2 2 2 2 2 2 2 2 2
left_child=1 10 13 6 -5 8 -4 9 -6 -8 -1 -10 -13 -2
right_child=2 -3 3 4 5 -7 7 -9 11 -11 -12 12 -14 -15
leaf_value=-0.019229895407230385 -0.011114472096815424 -0.01949329427162055 -0.021464417260214006 -0.034119895686716202 0.01773082462224394 -0.02833829029926789 -0.028751409610106811 0.021119662528690762 -0.017264932842960875 0.0080298396076694881 0.00075763926422567362 0.0093774281207658246 -0.012520915461854581 0.0035592832022779785
leaf_weight=445.01659823209047 750.98776856809855 708.19739780575037 275.18586960807443 348.0203524902463 484.32947899401188 414.95356746017933 230.55438759922981 1054.7880039028823 738.10233066231012 287.72357484698296 6783.9983182698488 904.71750670298934 544.0865913592279 44592.635199032724
leaf_count=1945 4154 4226 2000 3189 2271 2860 1613 3718 4554 1201 24190 4232 3277 114143
internal_value=0.00202906 -0.0021744 0.0026887 -0.00268428 -0.00763065 -0.00462374 0.00648944 0.0114092 -0.000919433 -0.00829827 -0.000471129 -0.00506979 0.00113003 0.00331535
internal_weight=58563.3 7937.21 50626.1 5282.46 3434.21 3086.19 1848.25 1573.07 2671.24 518.278 7229.01 2186.91 1448.8 45343.6
internal_count=177573 30361 147212 28915 20383 17194 8532 6532 14334 2814 26135 12063 7509 118297
is_linear=0
shrinkage=0.03


Tree=100
num_leaves=15
num_cat=0
split_feature=10 73 77 77 3 9 10 84 43 71 79 35 73 45
split_gain=170.04 164.911 147.306 212.161 235.165 141.693 312.617 151.555 131.475 145.695 225.887 209.394 136.019 144.209
threshold=1.1779750000000002 -0.0036808599999999998 -4757194.5349999992 -4037255.7699999996 1.1848650000000003 0.9894750000000001 1.0174550000000002 94.010000000000005 -0.42877649999999995 0.023970500000000002 1756815.1941955003 1.1608700000000003 0.0019653650000000006 0.0035735000000000003
decision_type=2 2 2 2 2 2 2 2 2 2 2 2 2 2
left_child=1 -1 -2 4 -4 -3 -7 8 9 10 11 -8 -10 -14
right_child=2 5 3 -5 -6 6 7 -9 12 -11 -12 -13 13 -15
leaf_value=-0.020515715339196234 0.0086793429240632162 0.020686156146059367 -0.023165735838782585 0.0036159239145411993 0.0010567712100925592 -0.022500697247584838 -0.024288641509285298 -0.017479312919786171 0.0027091445510340722 0.0081923406765779735 0.00075283750977492368 0.00098040976407931112 0.00097348489742697241 -0.011095199356900905
leaf_weight=329.34267230331898 4625.7266536653042 317.93442099541426 573.03790366649628 19072.425499230623 964.63531385362148 518.24205689877272 914.6454618871212 394.88186948746443 24326.240271650255 678.52690504491329 1495.1822956055403 432.1106099113822 2482.19477943331 1385.6300769299269
leaf_count=1810 9703 1155 1680 41815 2248 3394 5094 1634 90165 1488 5077 1068 6547 4770
internal_value=0.0019815 0.000572 0.00383873 0.00275048 -0.00795982 0.000784331 0.000588854 0.00096314 0.00119426 -0.00426864 -0.00725615 -0.016164 0.00187758 -0.00334406
internal_weight=58510.8 33274.9 25235.8 20610.1 1537.67 32945.6 32627.7 32109.4 31714.5 3520.47 2841.94 1346.76 28194.1 3867.82
internal_count=177648 122202 55446 45743 3928 120392 119237 115843 114209 12727 11239 6162 101482 11317
is_linear=0
shrinkage=0.03


Tree=101
num_leaves=15
num_cat=0
split_feature=43 62 2 90 63 39 76 0 82 77 88 48 68 68
split_gain=188.473 149.445 202.343 167.891 245.951 159.797 143.856 148.556 134.331 132.215 120.564 122.272 209.11 250.386
threshold=0.0070030000000000014 -0.00063889499999999989 1.1863950000000003 1.8526450000000001 1.0750150000000003 1.1463250000000003 66.365000000000023 1.0586350000000002 0.013760000000000001 -4923771.9549999991 -0.089891584999999982 2630672.3900000001 1.0981300000000001 1.0738550000000002
decision_type=2 2 2 2 2 2 2 2 2 2 2 2 2 2
left_child=10 -2 3 -3 6 -6 7 -5 -7 -4 -1 -12 13 -13
right_child=1 2 9 4 5 8 -8 -9 -10 -11 11 12 -14 -15
leaf_value=-0.014550222564600424 0.010223028174928681 0.0031240959149771842 0.013858784112648572 -0.016950616886607078 -0.010249867729526055 0.014153971160998518 0.013830206119673264 0.0038673659650584097 -0.0063529094065935543 0.0046035874772100268 0.00094249303981380056 0.0020268427726016155 0.022533865385504125 -0.020167477181139867
leaf_weight=503.53315571695566 2686.1946035511792 11589.862813632935 1587.6329709589481 390.43896859884262 3398.5657797381282 509.93948642909527 947.74845158308744 1453.3749686777592 654.49967665225267 11348.074606195092 21353.781431116164 846.1414292268455 196.51262892782688 988.8051684871316
leaf_count=3398 7718 37216 3082 2165 12714 996 2360 3382 1656 24611 64786 4982 1050 7283
internal_value=0.00200817 0.00342429 0.00285019 0.000873256 -0.00266964 -0.00696266 0.00433683 -0.000531507 0.00260631 0.0057428 -3.97017e-05 0.000272066 -0.00675739 -0.00992123
internal_weight=58455.1 34566.3 31880.1 18944.4 7354.57 4563 2791.56 1843.81 1164.44 12935.7 23888.8 23385.2 2031.46 1834.95
internal_count=177399 95900 88182 60489 23273 15366 7907 5547 2652 27693 81499 78101 13315 12265
is_linear=0
shrinkage=0.03


Tree=102
num_leaves=15
num_cat=0
split_feature=0 82 90 74 76 39 47 19 62 63 65 37 35 91
split_gain=162.017 142.145 134.248 216.634 243.43 236.745 423.007 179.601 133.419 161.543 114.455 113.296 110.768 109.782
threshold=1.2132250000000002 0.098125000000000004 1.8474125000000001 -0.022702499999999997 3.1500000000000008 1.0224000000000002 48.680000000000007 -7153089.584999999 -0.00035157999999999994 1.0612450000000002 1.0666850000000003 1.2085000000000001 1.1747450000000002 -0.00014016499999999996
decision_type=2 2 2 2 2 2 2 2 2 2 2 2 2 2
left_child=2 11 7 5 -5 6 -4 -1 -6 10 12 -2 -10 -9
right_child=1 -3 3 4 8 -7 -8 13 9 -11 -12 -13 -14 -15
leaf_value=-0.019793551418542769 0.01195527779373517 0.0003637773208336624 -0.014999485546882147 0.019643468375237609 0.0072398658524833763 -0.015542938679536489 0.037374272997896509 0.0050376229380031208 -0.0017785699421143169 -0.0026164273482009305 0.016793894250949872 -0.0026678677650402781 0.0095595138950289038 0.001406547169474897
leaf_weight=316.06923194229603 3432.796555608511 2164.5668400377035 327.65485645830631 583.42566130310297 2023.0135454908013 1561.055010586977 238.83967524766922 12681.973302036524 2177.753755941987 12352.721482299268 569.19189976155758 549.6051070690155 1200.6179008930922 18397.338077466935
leaf_count=2389 6798 4906 2264 1799 5278 8655 778 36753 5957 36045 1066 1288 2467 61528
internal_value=0.00195773 0.00656653 0.00141669 -0.000436698 0.00058329 -0.00951105 0.00705589 0.00265936 -2.30005e-05 -0.000926617 0.00435286 0.00992947 0.00224356 0.00288929
internal_weight=58576.6 6146.97 52429.7 21034.3 18906.7 2127.55 566.495 31395.4 18323.3 16300.3 3947.56 3982.4 3378.37 31079.3
internal_count=177971 12992 164979 64309 52612 11697 3042 100670 50813 45535 9490 8086 8424 98281
is_linear=0
shrinkage=0.03


Tree=103
num_leaves=15
num_cat=0
split_feature=39 39 48 66 43 67 12 90 48 73 62 6 31 87
split_gain=175.64 269.726 169.253 264.907 263.986 235.385 278.665 234.498 200.76 193.015 174.606 194.396 172.017 254.542
threshold=1.0117850000000002 0.99248000000000014 1755733.1100000001 1.0993300000000004 0.37095550000000005 1.0943950000000002 42.255000000000003 0.77196300000000007 1633819.9650000001 0.00088817000000000008 -0.0015555749999999998 1.1318550000000003 0.0048255000000000008 646.41050000000007
decision_type=2 2 2 2 2 2 2 2 2 2 2 2 2 2
left_child=1 -1 8 4 5 7 -7 -4 10 -9 11 -2 -12 -14
right_child=2 -3 3 -5 -6 6 -8 9 -10 -11 12 -13 13 -15
leaf_value=0.0097465633742081226 0.028126551483092923 -0.022944345102793338 -0.024505519536433359 -0.021804971486379044 -0.034697985987659129 0.038656620874337022 -0.0031486095598619989 0.0016996103343072026 0.016879766371557026 -0.026781082689945199 0.002641725110199868 0.0059425135720212593 -0.0054733262720071214 0.01207451442478356
leaf_weight=358.53734470903873 457.77271680533886 612.2189956381917 368.85259983316064 585.69903489202261 196.83667498826981 300.2749991863966 271.42030575871468 4412.3955355100334 869.53325865417719 224.05320956557989 42287.832958824933 1609.7666992694139 4973.2020178213716 873.07779808342457
leaf_count=1420 1298 3531 3285 4124 1427 983 1544 22430 2060 1358 102001 3458 25350 3370
internal_value=0.00180112 -0.0108419 0.00201554 -0.00259703 -0.000639941 0.000562744 0.0187858 -0.001516 0.00259053 0.000311353 0.0023421 0.01088 0.00197453 -0.002846
internal_weight=58401.5 970.756 57430.7 6359.53 5773.83 5577 571.695 5005.3 51071.2 4636.45 50201.7 2067.54 48134.1 5846.28
internal_count=177639 4951 172688 35151 31027 29600 2527 27073 137537 23788 135477 4756 130721 28720
is_linear=0
shrinkage=0.03


Tree=104
num_leaves=15
num_cat=0
split_feature=43 62 3 90 63 19 38 68 68 49 39 71 66 88
split_gain=158.296 144.402 170.34 156.215 195.575 162.247 149.518 216.314 201.777 189.124 181.122 121.162 188.615 142.378
threshold=0.0070030000000000014 -0.00063889499999999989 1.1864350000000001 1.8526450000000001 1.0750150000000003 349495.61500000005 1.0842050000000001 1.0773050000000002 1.0969850000000003 0.44185000000000008 1.1063450000000004 0.028451500000000005 1.1134650000000001 -0.069780014999999987
decision_type=2 2 2 2 2 2 2 2 2 2 2 2 2 2
left_child=11 -2 3 5 -5 -3 -6 -8 10 -10 -9 13 -13 -1
right_child=1 2 -4 4 6 -7 7 8 9 -11 -12 12 -14 -15
leaf_value=-0.01464995975927454 0.0097755830858440654 0.0023224461097732809 0.0052371957404820733 0.0036063698011242771 -0.01894772057741953 0.023945446261261626 0.0080671058358329079 0.0029490665410410529 0.0064946556793795329 -0.014165762027159601 -0.023418312942951623 0.0021510789718620924 0.021589763953721898 -0.00053499268198298254
leaf_weight=664.5324893668294 2690.4928786717355 11372.072216652334 12646.366493433714 2821.3267730660737 721.69681484252214 320.54514402896166 986.38039263337851 305.7118331938982 1052.145592443645 640.28303769230843 975.64916006475687 3230.5691431611776 521.91071651875973 19416.180053710938
leaf_count=3866 7740 36550 27227 8034 2667 941 2160 1097 3760 2482 3539 8410 1007 68224
internal_value=0.00180106 0.00309899 0.00253362 0.000750733 -0.00262536 0.00291979 -0.00638702 -0.00408619 -0.00812878 -0.00130767 -0.0171067 -7.8341e-05 0.00486772 -0.0010043
internal_weight=58365.9 34532.7 31842.2 19195.8 7503.19 11692.6 4681.87 3960.17 2973.79 1692.43 1281.36 23833.2 3752.48 20080.7
internal_count=177704 96197 88457 61230 23739 37491 15705 13038 10878 6242 4636 81507 9417 72090
is_linear=0
shrinkage=0.03


Tree=105
num_leaves=15
num_cat=0
split_feature=39 39 48 79 39 89 38 41 19 63 77 19 64 62
split_gain=149.191 246.281 136.35 191.207 184.178 187.951 337.282 240.399 180.174 197.436 230.015 172.38 161.338 138.581
threshold=1.0117850000000002 0.99248000000000014 2630672.3900000001 2028190.2318200001 1.0280150000000001 0.012042000000000002 1.0541900000000002 47.735000000000007 -5070500.8699999992 1.0785450000000003 -1084372.7649999999 -4754414.5099999988 1.0844750000000003 -0.0015555749999999998
decision_type=2 2 2 2 2 2 2 2 2 2 2 2 2 2
left_child=1 -1 13 4 -4 6 -6 12 -7 -10 -11 -5 -8 -2
right_child=2 -3 3 11 5 8 7 -9 9 10 -12 -13 -14 -15
leaf_value=0.0097526185836728733 0.0097100341564925162 -0.021681991046290344 0.027655576453068768 0.0045279117111840673 0.044639889448054387 -0.03513327437354935 -0.0052087625528458824 -0.015465384687299154 -0.016745138601678443 0.025458759527321368 -0.015625426995985087 -0.022270372716906715 0.030838552439739868 0.0020144911394011414
leaf_weight=355.06811718642712 2197.2740606367588 601.53808586299419 208.68349897116423 301.64701533690095 181.8095820993185 206.01100393384695 193.09527546539903 453.02037093415856 562.75967728346586 305.3921365737915 202.74896942079067 742.73338102921844 259.46405355632305 51624.950673177838
leaf_count=1398 5382 3494 666 2175 451 1746 1511 3191 3531 1379 1382 5879 1042 144595
internal_value=0.00175391 -0.00998493 0.00195011 -0.00368402 0.000700372 -0.00167681 0.00747006 -2.8847e-07 -0.00948932 -0.00449998 0.0090087 -0.0145046 0.0154144 0.00232939
internal_weight=58396.2 956.606 57439.6 3617.36 2572.98 2364.3 1087.39 905.58 1276.91 1070.9 508.141 1044.38 452.559 53822.2
internal_count=177822 4892 172930 22953 14899 14233 6195 5744 8038 6292 2761 8054 2553 149977
is_linear=0
shrinkage=0.03


Tree=106
num_leaves=15
num_cat=0
split_feature=35 60 46 19 86 48 67 19 41 74 71 74 81 48
split_gain=163.875 149.198 144.855 218.46 152.257 143.975 161.238 220.86 127.307 134.599 116.879 155.365 141.856 180.32
threshold=0.99638000000000015 0.00075950000000000008 -0.21104999999999999 38254.975000000013 1.9350000000000003 2973720.4050000007 1.0957450000000002 -5430358.7999999998 47.695000000000007 -0.010551 0.036863000000000007 -0.045408499999999997 1.0000000180025095e-35 -5438108.4349999996
decision_type=2 2 2 2 2 2 2 2 2 2 2 2 2 2
left_child=1 -1 3 4 -2 -4 7 -7 9 -9 11 -6 13 -13
right_child=2 -3 5 -5 10 6 -8 8 -10 -11 -12 12 -14 -15
leaf_value=-0.036193408437446395 -0.017798000686778968 -0.0026527689965135854 0.0026744557702057174 -0.017908871414487711 -0.017716371041962168 0.013196962734356152 0.012929671260200453 0.014637521693919783 -0.027208008370635275 -0.024358259063314788 0.017556752443503083 0.018615330072805348 0.006322474043095886 -0.0052900413226055869
leaf_weight=190.48099217563868 425.12344834953547 323.14537242054939 48541.840321734548 705.06426595151424 425.83320608735085 243.6125358864665 290.29585970193148 169.37212558835745 583.70420097187161 148.15981427952647 349.63872240483761 311.96431171894073 2572.2942945510149 3030.8140717223287
leaf_count=1264 1865 1554 134078 4249 2451 1249 1586 1132 5282 1565 714 567 8892 11192
internal_value=0.00165221 -0.0151959 0.00180271 -0.00199159 -0.000407902 0.0023971 -0.00695862 -0.0120347 -0.0188954 -0.003483 0.000695092 -0.000232554 0.00102384 -0.0030452
internal_weight=58311.3 513.626 57797.7 7820.73 7115.67 49977 1435.14 1144.85 901.236 317.532 6690.54 6340.91 5915.07 3342.78
internal_count=177640 2818 174822 29930 25681 144892 10814 9228 7979 2697 23816 23102 20651 11759
is_linear=0
shrinkage=0.03


Tree=107
num_leaves=15
num_cat=0
split_feature=35 60 46 19 86 84 48 12 68 19 37 62 41 12
split_gain=139.514 166.218 132.627 211.869 155.237 141.544 132.11 169.552 217.832 234.677 129.759 121.866 165.154 122.553
threshold=0.99638000000000015 0.00075950000000000008 -0.21104999999999999 38254.975000000013 1.9350000000000003 91.730000000000018 2984197.6250000005 43.155000000000008 1.0981300000000001 -5430358.7999999998 1.0824050000000003 -0.0015555749999999998 58.045000000000009 43.795000000000009
decision_type=2 2 2 2 2 2 2 2 2 2 2 2 2 2
left_child=1 -1 3 4 -2 6 11 8 9 -8 -11 12 13 -4
right_child=2 -3 5 -5 -6 -7 7 -9 -10 10 -12 -13 -14 -15
leaf_value=-0.036513555001930834 -0.017657193746307049 -0.00096046494458746376 0.0060200685181654402 -0.017520758324273675 0.00091511102644194534 -0.0082216120700264461 0.022739041473808778 -0.021861373666441405 0.031618640286860983 -0.028019666025531628 0.002266020834706263 0.0026157737961997494 0.0029244520183899889 0.028939689389232436
leaf_weight=184.47645480185747 430.0125352665782 332.18734984844923 353.24739349633455 697.17722237110138 6713.3660475872457 1092.399822499603 184.51418523490429 439.44889730215073 167.46790385246277 329.31997498497367 204.12335298582911 45479.754589561373 1260.4575820863247 533.08231073617935
leaf_count=1254 1885 1584 1415 4228 23883 3454 713 4126 833 3083 1307 126200 2780 1264
internal_value=0.0017395 -0.0137588 0.00187859 -0.00174693 -0.000201009 0.00244723 0.0026861 -0.00664793 0.000885014 -0.00627607 -0.0163921 0.00294651 0.0099348 0.0198559
internal_weight=58401 516.664 57884.4 7840.56 7143.38 50043.8 48951.4 1324.87 885.425 717.958 533.443 47626.5 2146.79 886.33
internal_count=178009 2838 175171 29996 25768 145175 141721 10062 5936 5103 4390 131659 5459 2679
is_linear=0
shrinkage=0.03


Tree=108
num_leaves=15
num_cat=0
split_feature=35 37 60 35 2 82 35 90 48 77 61 60 3 75
split_gain=143.265 164.816 156.536 153.291 114.663 133.836 122.993 117.496 183.563 326.856 245.736 227.692 227.094 176.82
threshold=0.99638000000000015 1.0008750000000002 0.00075950000000000008 1.0098350000000003 1.2134250000000002 0.097045000000000006 1.2115900000000004 1.8429180000000003 1755733.1100000001 -3097230.8649999998 0.30932000000000009 0.018075500000000005 1.0199950000000002 4.5545500000000017
decision_type=2 2 2 2 2 2 2 2 2 2 2 2 2 2
left_child=2 -2 -1 -3 7 6 -6 -5 10 12 13 -12 -10 -9
right_child=1 3 -4 4 5 -7 -8 8 9 -11 11 -13 -14 -15
leaf_value=-0.036250047639781589 0.0215842995349508 -0.017686566982587137 -0.0016513738604761663 0.0024982043842826586 0.01114761011453151 -0.00036114026205460629 -0.0038496238272932057 0.027851561510387136 -0.014948864048103925 -0.02837989524464862 -0.003648789902784388 0.0030518365076052114 0.019497698201522095 0.0024748887153417422
leaf_weight=183.47250603884459 375.14438520371914 365.21353375911713 330.81302282214165 30402.056312710047 3362.8068032115698 2132.6450953036547 572.71340262889862 481.24679064750671 341.27521122992039 567.63240807503462 9723.379494830966 8597.7221041619778 345.28506449609995 513.10777835547924
leaf_count=1274 1546 2054 1572 96470 6730 4874 1359 1140 1832 4253 30169 21969 1400 1151
internal_value=0.001643 0.00178388 -0.0140991 0.00165359 0.00177825 0.00567776 0.00895711 0.00131333 -0.000436507 -0.0115541 0.000284388 -0.000502689 0.00233454 0.0148024
internal_weight=58294.5 57780.2 514.286 57405.1 57039.9 6068.17 3935.52 50971.7 20569.6 1254.19 19315.5 18321.1 686.56 994.355
internal_count=177793 174947 2846 173401 171347 12963 8089 158384 61914 7485 54429 52138 3232 2291
is_linear=0
shrinkage=0.03


Tree=109
num_leaves=15
num_cat=0
split_feature=88 38 35 47 73 48 43 61 48 37 71 63 86 75
split_gain=140.591 166.965 198.578 200.168 104.725 154.889 105.302 163.439 160.474 381.628 152.697 164.344 138.127 149.698
threshold=-0.089891584999999982 1.0203350000000002 1.0125500000000003 58.375000000000007 -0.0036808599999999998 -2744029.1899999999 -0.19740199999999997 0.08118400000000002 -3007746.2249999992 1.1806250000000003 0.034701500000000003 1.0530700000000002 54.955000000000005 0.041650000000000006
decision_type=2 2 2 2 2 2 2 2 2 2 2 2 2 2
left_child=1 2 3 -1 5 -2 8 -8 12 10 11 -10 13 -6
right_child=4 -3 -4 -5 6 -7 7 -9 9 -11 -12 -13 -14 -15
leaf_value=-0.02482441380907946 0.0010587911601946547 -0.026303943153610544 0.027095527548400427 0.016267584107119863 -0.0077301212115171531 -0.026688690565671615 0.021323916744985582 0.0023119486817336356 -0.027825772223718147 -0.038164828346366246 0.013473599364215416 -0.0029457555796846783 0.016890916597627315 0.0052277190514494736
leaf_weight=307.43743647634983 485.39840307831764 348.96865744888783 170.58252362906933 161.38538994640112 1178.2194783836603 285.87684047967196 409.94585365056992 46969.235674716532 254.14956164732575 288.42167355120182 473.26103942096233 3880.1107409186661 574.52383893728256 2506.3955428153276
leaf_count=2239 1099 2420 989 733 2915 1739 1231 138448 1071 963 964 16516 1069 5392
internal_value=0.00156391 -0.00964408 -0.000477887 -0.0106107 0.00175791 -0.00920834 0.00190821 0.00247753 -0.0010348 -0.00474138 -0.0026348 -0.00448884 0.00321904 0.00107511
internal_weight=58293.9 988.374 639.405 468.823 57305.5 771.275 56534.3 47379.2 9155.08 4895.94 4607.52 4134.26 4259.14 3684.62
internal_count=177788 6381 3961 2972 171407 2838 168569 139679 28890 19514 18551 17587 9376 8307
is_linear=0
shrinkage=0.03


Tree=110
num_leaves=15
num_cat=0
split_feature=33 86 71 71 31 60 90 19 76 0 3 48 48 90
split_gain=130.178 116.481 125.209 164.942 162.434 190.778 137.581 194.552 124.577 116.066 152.798 192.702 120.902 175.185
threshold=-9.5094999999999983e-05 23.665000000000003 0.0021365000000000004 0.0032565000000000003 0.00025850000000000005 0.014753500000000001 1.2799520000000002 -5045265.6799999988 10.435 0.99338500000000007 1.0343550000000004 1357862.9500000004 -424550.63499999995 1.8526450000000001
decision_type=2 2 2 2 2 2 2 2 2 2 2 2 2 2
left_child=9 -2 4 8 -3 -6 7 -5 -4 -1 11 -11 -12 -14
right_child=1 2 3 6 5 -7 -8 -9 -10 10 12 -13 13 -15
leaf_value=-0.01844506318750953 0.00070972456545602555 0.020417433775313364 0.010622925101440889 0.0044400150658879438 -0.010583322849497149 0.020453731317254798 0.0029275757564070706 0.026184272082982886 -0.012804572885672664 0.022448468778807386 -0.010072593053007482 -0.0011425061248913084 0.0033337836194626247 -0.013497873769617303
leaf_weight=378.69386769086123 26284.903013568372 873.51002476364374 257.9405084066093 1081.3320846036077 461.19224678725004 288.90785083919764 20652.503141067922 566.15215247124434 950.36006797105074 496.85138404369354 1765.1958027556539 826.95198438689113 2556.23440425843 710.22186643630266
leaf_count=2490 74985 1937 848 2598 2356 1110 55307 1359 3909 1375 8950 4030 12253 3839
internal_value=0.00159342 0.00210742 0.00356796 0.00300944 0.0116295 0.00134225 0.00359539 0.0119419 -0.00777396 -0.00232635 -0.00135843 0.0076993 -0.0037485 -0.000319734
internal_weight=58151 51416.8 25131.9 23508.3 1623.61 750.1 22300 1647.48 1208.3 6734.15 6355.46 1323.8 5031.65 3266.46
internal_count=177346 144409 69424 64021 5403 3466 59264 3957 4757 32937 30447 5405 25042 16092
is_linear=0
shrinkage=0.03


Tree=111
num_leaves=15
num_cat=0
split_feature=39 41 79 79 78 75 19 19 78 68 48 42 5 35
split_gain=129.579 164.15 156.018 151.654 146.025 165.178 142.269 152.573 161.284 144.417 144.004 134.201 184.64 127.459
threshold=1.1428750000000003 35.395000000000003 1261282.0949875002 269948.4085790001 2.9418000000000002 14.310400000000003 -5105682.6149999993 -5690814.7299999995 -1.3203499999999997 1.0981300000000001 -5192643.3149999985 0.0024525000000000003 1.1821150000000002 1.2092000000000003
decision_type=2 2 2 2 2 2 2 2 2 2 2 2 2 2
left_child=1 2 3 -1 6 11 7 -2 -9 -10 -11 12 -6 -8
right_child=4 -3 -4 -5 5 -7 13 8 9 10 -12 -13 -14 -15
leaf_value=0.0023487297210812164 0.01006279852615216 0.00084751501017217459 -0.00051993693082506062 -0.023796783877387949 -0.0041466912913286193 0.0044619609948928253 0.0094320076494741369 0.013704031081375065 -0.0071707978262779918 -0.010721064613446815 0.0077038776843488628 -0.00039994848861663642 -0.030175417943023249 -0.0049917474693233037
leaf_weight=274.94076439738274 1613.397917792201 37615.258059654385 1271.744437083602 707.7841911315918 591.39945787191391 2313.6092580258846 6066.8209384307265 635.7037528604269 2570.9892180860043 496.38272531330585 1631.0413104891777 1276.5791576355696 422.46696542203426 603.05131264030933
leaf_count=1066 3303 125282 5863 4436 1472 5035 13253 1233 6340 1264 3410 3084 1299 1448
internal_value=0.0013342 0.000375461 -0.00748422 -0.0164565 0.0034302 -0.00118306 0.00499212 0.00198145 -0.000458703 -0.00238384 0.00338775 -0.00689772 -0.0150412 0.00812285
internal_weight=58091.2 39869.7 2254.47 982.725 18221.4 4604.05 13617.4 6947.51 5334.12 4698.41 2127.42 2290.45 1013.87 6669.87
internal_count=177788 136647 11365 5502 41141 10890 30251 15550 12247 11014 4674 5855 2771 14701
is_linear=0
shrinkage=0.03


Tree=112
num_leaves=15
num_cat=0
split_feature=2 73 82 67 66 65 76 89 65 88 72 46 88 48
split_gain=124.816 139.903 136.452 127.507 156.878 121.434 209.098 208.129 183.381 158.916 146.752 127.146 141.372 116.162
threshold=1.2134250000000002 -0.0036808599999999998 0.097045000000000006 1.0377550000000002 1.0359750000000003 1.0461900000000004 66.155000000000015 0.016498500000000003 1.0495150000000002 0.00012691500000000004 0.24503500000000003 -0.48924999999999996 0.00027807500000000008 -2714898.48
decision_type=2 2 2 2 2 2 2 2 2 2 2 2 2 2
left_child=1 13 -2 -3 -5 6 7 -6 9 -7 -9 12 -10 -1
right_child=2 3 -4 4 5 8 -8 10 11 -11 -12 -13 -14 -15
leaf_value=-0.0020143655547154023 0.0089231170277133901 0.0054890089582694751 -0.00049052622636794958 -0.017493157281028175 0.020767271306962754 -0.034331464141180663 0.029449688598944996 -0.018547536046426893 -0.00055696553019624344 -0.0004494916613913842 0.0078083119209317077 0.0013622273417223504 -0.012242896894617938 -0.028477963143987432
leaf_weight=360.7340062558651 3940.5044870525599 5659.7275332883 2128.0835257172585 420.80252128094435 392.30548682063818 249.68299740925431 352.70161403715611 401.68622261285782 3229.4591022841632 251.35764310881495 357.53350222110748 38796.805710293353 1311.9795704744756 257.15567138046026
leaf_count=848 8107 13014 4871 2064 1388 1594 1149 1818 12782 736 774 120713 5813 1672
internal_value=0.00154516 0.00106961 0.00561754 0.00124075 0.000714604 0.000884622 0.00926438 0.00303558 0.000596204 -0.0174284 -0.00610257 0.000805679 -0.00394148 -0.0131048
internal_weight=58110.5 52041.9 6068.59 51424 45764.3 45343.5 1504.23 1151.53 43839.3 501.041 759.22 43338.2 4541.44 617.89
internal_count=177343 164365 12978 161845 148831 146767 5129 3980 141638 2330 2592 139308 18595 2520
is_linear=0
shrinkage=0.03


Tree=113
num_leaves=15
num_cat=0
split_feature=88 85 39 48 42 70 79 63 63 19 19 48 50 79
split_gain=147.66 166.357 186.428 156.695 158.648 210.528 173.931 180.923 286.456 200.557 167.996 146.281 121.566 117.6
threshold=-0.089891584999999982 20.555000000000003 1.0224000000000002 2630672.3900000001 0.00067950000000000009 42.305000000000007 1962444.9160540004 1.0470050000000002 1.0546000000000002 -5010989.379999999 -4754414.5099999988 2582414.4250000003 73642.925641500013 626534.20331650006
decision_type=2 2 2 2 2 2 2 2 2 2 2 2 2 2
left_child=1 -1 -3 11 -5 6 7 -6 -9 -10 -8 -2 -11 -14
right_child=3 2 -4 4 5 -7 10 8 9 12 -12 -13 13 -15
leaf_value=-0.026883911780977252 0.0016815486719799621 0.010538030357473395 -0.024619607956682964 0.01392271825235623 0.029058971399958184 -0.018250130185937276 0.0060792081083627571 -0.033550249851676435 -0.017574255268003078 0.02568855716487764 -0.025663491251109949 0.015878972062937174 0.022359836876030985 -0.0075979222842113394
leaf_weight=349.28230870515108 52838.341945804656 413.59158993512392 200.72092325985432 369.79105383902788 218.98903535306454 993.56391711160541 228.50271176546812 197.57798431068659 259.38599615171552 361.91925603151321 427.04106516763568 660.90467920899391 180.96461939066648 332.61959072947502
leaf_count=2540 146355 2382 1406 1507 820 7657 1530 1364 1889 1705 3533 2114 820 2056
internal_value=0.0012541 -0.0103818 -0.000921989 0.00145127 -0.00463055 -0.00678724 -0.00160727 0.00385259 -0.000286228 0.00550288 -0.0145608 0.00185779 0.0123864 0.00292252
internal_weight=58033.2 963.595 614.313 57069.6 3570.36 3200.56 2207 1551.46 1332.47 1134.89 655.544 53499.2 875.503 513.584
internal_count=177678 6328 3788 171350 22881 21374 13717 8654 7834 6470 5063 148469 4581 2876
is_linear=0
shrinkage=0.03


Tree=114
num_leaves=15
num_cat=0
split_feature=48 79 39 39 19 90 68 71 82 38 5 48 48 73
split_gain=114.537 173.797 194.631 150.855 150.643 306.314 282.025 270.832 250.118 149.08 143.761 135.3 255.944 180.213
threshold=2630672.3900000001 2028190.2318200001 1.0269450000000002 1.1007850000000003 -4237246.8099999996 1.3939690000000002 1.0868850000000003 0.0046655000000000004 0.032935000000000006 1.0765050000000003 1.0914150000000002 2469433.0550000002 2274973.1600000006 8.5160000000000018e-05
decision_type=2 2 2 2 2 2 2 2 2 2 2 2 2 2
left_child=11 2 -2 -3 5 -4 -7 -6 -9 -8 -5 12 -1 -13
right_child=1 3 4 10 7 6 9 8 -10 -11 -12 13 -14 -15
leaf_value=0.0016321655369486404 0.030533296437211897 -0.023221009526997852 0.014949260003154285 0.021958959131134385 -0.02149890793678088 -0.030237605891516358 -0.020672115458412438 0.037866927512883848 0.00092271839061097141 0.012575099421129823 -0.015188158001348061 0.020675789627712628 -0.021617030951168913 -0.0062910080627350592
leaf_weight=53046.746115356684 177.2596159055829 640.43862779438496 390.71233784034848 162.03361995890737 213.4289908669889 581.56265575438738 192.35694523900747 294.35117050260305 377.49771948903799 325.01246862486005 219.54610579460859 721.35870639979839 428.45083171874285 319.96342603117228
leaf_count=148526 487 5656 1955 752 1635 4666 1549 1065 1703 1795 1629 2122 2757 1373
internal_value=0.00131275 -0.00388658 0.000289523 -0.0143345 -0.00196709 -0.00779995 -0.0159217 0.00781166 0.0171856 0.000139943 0.000523707 0.00165425 0.00144493 0.0123629
internal_weight=58090.7 3574.2 2552.18 1022.02 2374.92 1489.64 1098.93 885.278 671.849 517.369 381.58 54516.5 53475.2 1041.32
internal_count=177670 22892 14855 8037 14368 9965 8010 4403 2768 3344 2381 154778 151283 3495
is_linear=0
shrinkage=0.03


Tree=115
num_leaves=15
num_cat=0
split_feature=35 60 48 79 19 6 39 38 77 35 19 83 79 19
split_gain=141.56 138.88 126.426 170.359 217.004 241.422 241.092 188.019 258.317 201.146 162.841 136.948 175.587 174.221
threshold=0.99638000000000015 0.00075950000000000008 2630672.3900000001 2028190.2318200001 -4289022.3299999991 1.0670550000000001 1.0469450000000002 1.0765050000000003 -4997185.6249999991 1.0839750000000004 -4823543.9299999988 4.7543585000000013 4532166.4474680005 349495.61500000005
decision_type=2 2 2 2 2 2 2 2 2 2 2 2 2 2
left_child=1 -1 11 4 5 -4 -6 8 -7 -9 -5 -2 13 -13
right_child=2 -3 3 10 6 7 -8 9 -10 -11 -12 12 -14 -15
leaf_value=-0.035321455833428772 0.0026481268012618084 -0.0024466621586727031 -0.030627915055921405 0.0066857896612509691 0.024917042431720989 0.013095468971012847 -0.0027135779064476843 0.033447515486449302 -0.028844857362310405 -0.004024334336126742 -0.021338556169039489 -0.0030652668686720051 0.014234717165853953 0.013877781191932467
leaf_weight=181.70524048060179 43383.97215731442 321.58602303266525 318.89079841226339 245.33077999949455 520.92624447494745 210.34927878156304 619.90174036845565 223.43603928387165 349.32123074308038 299.71202819794416 754.66572783142328 9535.2886813655496 628.40224082022905 577.92030256986618
leaf_count=1297 120208 1548 2566 1744 1718 904 3767 907 3160 1853 6246 28112 1748 2088
internal_value=0.00139847 -0.0144216 0.00153731 -0.00394975 0.00016584 -0.0077266 0.00988765 -0.000932431 -0.0130331 0.0119559 -0.0144335 0.00189706 -0.0011336 -0.00209281
internal_weight=58171.4 503.291 57668.1 3542.53 2542.54 1401.71 1140.83 1082.82 559.671 523.148 999.997 54125.6 10741.6 10113.2
internal_count=177866 2845 175021 22865 14875 9390 5485 6824 4064 2760 7990 152156 31948 30200
is_linear=0
shrinkage=0.03


Tree=116
num_leaves=15
num_cat=0
split_feature=0 84 67 10 61 83 68 87 48 85 39 72 35 48
split_gain=116.649 137.737 123.887 177.505 123.783 118.617 117.587 116.187 231.047 128.834 112.017 111.916 110.482 104.58
threshold=1.2132250000000002 94.010000000000005 1.0377550000000002 1.0174550000000002 0.065476500000000007 5.0041125000000006 1.0723100000000001 26.501000000000001 -4748942.2999999989 19.625000000000004 1.1625350000000003 0.37067100000000003 1.0826250000000002 -457508.84499999991
decision_type=2 2 2 2 2 2 2 2 2 2 2 2 2 2
left_child=1 2 7 6 -5 12 -4 10 -9 -10 -1 -11 -2 -6
right_child=5 -3 3 4 13 -7 -8 8 9 11 -12 -13 -14 -15
leaf_value=0.0064347488691481542 -0.005959009107590829 -0.013342619508301392 -0.021877222967196085 0.018461121070379956 -0.00054745229032739041 -0.0026693411669828039 0.0073216464561565841 0.017124755163746577 0.0031189853424607233 -0.020987863257515022 0.021470658388701189 2.8509830100247499e-05 0.0090584825157220532 0.0024239559733285486
leaf_weight=2726.704028069973 488.83968032896519 604.39722832292318 508.41200568526983 351.74207129701972 27198.495334595442 1314.770635843277 161.74953369051218 560.77055869996548 924.56967202574015 568.84663157910109 535.96526271104813 375.44424965232611 4242.9841368049383 17518.846632350236
leaf_count=6317 1186 2199 3128 985 75527 3081 1093 1039 2170 1704 937 944 8718 68687
internal_value=0.00133894 0.000879902 0.00104788 0.000527675 0.000756354 0.00528356 -0.0147847 0.00522175 0.000241868 -0.00481442 0.00891974 -0.012609 0.00749977 0.000616009
internal_weight=58082.5 52035.9 51431.5 45739.2 45069.1 6046.59 670.162 5692.3 2429.63 1868.86 3262.67 944.291 4731.82 44717.3
internal_count=177715 164730 162531 149420 145199 12985 4221 13111 5857 4818 7254 2648 9904 144214
is_linear=0
shrinkage=0.03


Tree=117
num_leaves=15
num_cat=0
split_feature=88 85 39 2 88 35 73 89 78 74 34 42 86 45
split_gain=129.318 144.923 162.129 95.5662 154.51 105.833 104.044 100.325 113.042 102.296 95.6527 90.2106 88.657 82.6132
threshold=-0.089891584999999982 20.555000000000003 1.0224000000000002 1.2134250000000002 0.084714205000000001 1.2115900000000004 -0.0041698399999999984 0.0922795 -1.3936499999999998 0.13477750000000002 1.1538350000000002 0.00038350000000000005 23.410000000000004 0.011152
decision_type=2 2 2 2 2 2 2 2 2 2 2 2 2 2
left_child=1 -1 12 6 5 -5 -2 11 -9 -10 -6 -8 -3 -12
right_child=3 2 -4 4 10 -7 7 8 9 -11 13 -13 -14 -15
leaf_value=-0.025023168213013529 -0.012845828224253463 -0.0022896361086752982 -0.022950076070265675 0.010465297861801233 -0.010922962307372738 -0.0027875287536436436 -0.012787063500768553 0.017700653542485595 0.012698706671319449 -0.004669803347553827 -0.0046989162567585173 0.0010436540061016498 0.025520799718147212 0.010546280213345362
leaf_weight=348.5378645658493 478.5837799012661 232.3029996752739 199.72484527528286 3436.4736952483654 683.02629666030407 639.42474411427975 426.91625433415174 683.16629280149937 519.17075483500957 734.66214093565941 631.53854511678219 48191.293881665915 181.90110866725445 643.27570421993732
leaf_count=2566 1916 1404 1396 6946 1740 1501 1325 1256 1022 1759 1512 150939 983 1296
internal_value=0.0012949 -0.00960032 -0.000769271 0.00147934 0.00505073 0.00837867 0.00105642 0.00118887 0.00788457 0.0025024 -0.0018629 0.000921329 0.00988334 0.00297259
internal_weight=58030 962.467 613.929 57067.5 6033.74 4075.9 51033.8 50555.2 1937 1253.83 1957.84 48618.2 414.204 1274.81
internal_count=177561 6349 3783 171212 12995 8447 158217 156301 4037 2781 4548 152264 2387 2808
is_linear=0
shrinkage=0.03


Tree=118
num_leaves=15
num_cat=0
split_feature=46 86 19 42 39 39 48 65 43 48 60 31 46 48
split_gain=142.754 147.818 117.906 137.141 108.761 201.157 101.526 208.412 268.819 169.246 223.249 207.953 207.419 187.126
threshold=-0.37214999999999993 1.9350000000000003 1.0000000180025095e-35 0.0012855000000000002 1.0117850000000002 0.99248000000000014 1755733.1100000001 1.1010450000000003 0.30380500000000005 185617.38500000004 0.0031605000000000005 0.0043675000000000007 0.038750000000000007 50592.290000000008
decision_type=2 2 2 2 2 2 2 2 2 2 2 2 2 2
left_child=1 -1 3 -3 5 -2 9 8 -8 13 11 -11 -12 -6
right_child=4 2 -4 -5 6 -7 7 -9 -10 10 12 -13 -14 -15
leaf_value=-0.022039262415103591 0.0099734776294169332 -0.016074875402154788 -0.014202909780720698 0.0012078434593499549 0.0020973731951578322 -0.019743484711049444 0.0016397867498012344 -0.019678342866639949 -0.029839912847036597 0.0078736683702583625 0.0093375589334562664 0.028453349185277404 -0.0051569492497058602 -0.010950947166299688
leaf_weight=348.82005680352449 324.27544338256121 453.81364255771041 624.03044183552265 4509.2219098210335 39091.848761752248 549.77631107717752 4813.0859544686973 531.96408385038376 256.18121066689491 1162.3469896763563 2033.2304824590683 718.94474221765995 1574.1159845069051 1013.2068797051907
leaf_count=1685 1309 1921 3793 15925 98974 3231 25324 3622 1885 2646 5828 1537 5990 3872
internal_value=0.00129287 -0.00311282 -0.00192207 -0.000369343 0.00179574 -0.00868533 0.00197544 -0.00183285 3.74358e-05 0.00244398 0.00738602 0.0157652 0.00300469 0.00176671
internal_weight=58004.9 5935.89 5587.07 4963.04 52069 874.052 51194.9 5601.23 5069.27 45593.7 5488.64 1881.29 3607.35 40105.1
internal_count=177542 23324 21639 17846 154218 4540 149678 30831 27209 118847 16001 4183 11818 102846
is_linear=0
shrinkage=0.03


Tree=119
num_leaves=15
num_cat=0
split_feature=35 37 35 48 71 71 19 64 76 77 65 83 38 42
split_gain=116.925 146.386 129.565 119.082 152.307 210.32 214.022 304.367 227.6 175.405 316.887 161.64 146.306 134.058
threshold=0.99638000000000015 1.0008750000000002 1.0098350000000003 2630672.3900000001 0.0048865000000000011 0.0062050000000000013 -4289022.3299999991 1.0869350000000002 66.50500000000001 -258446.63999999998 1.0863650000000002 3.2639120000000008 1.0756150000000002 0.008743500000000003
decision_type=2 2 2 2 2 2 2 2 2 2 2 2 2 2
left_child=-1 -2 -3 13 9 -6 7 -7 11 -5 -11 -8 -9 -4
right_child=1 2 3 4 5 6 8 12 -10 10 -12 -13 -14 -15
leaf_value=-0.01352042166762119 0.019958160406511268 -0.017056470787519255 1.9725725358894438e-05 -0.025246342460290547 0.018896885916503927 -0.028670968567225046 0.0083537451279672228 -0.015464481103889656 0.024869153781610642 0.028137572974667752 -0.016275349195192874 -0.025572479655038387 0.019610587476697649 0.0030346139100997645
leaf_weight=488.87456437945366 370.94961969554424 351.44731420278549 26370.76857380569 550.80581691861153 444.72836688160896 542.99061834812164 293.82496694475412 182.5448991060257 362.78944697231054 209.23858045786619 461.30465922877192 219.35820069164038 254.48588614165783 26766.598142609
leaf_count=2784 1535 2014 78537 5820 1970 4450 1326 1454 1249 858 3126 1298 1253 69768
internal_value=0.00106911 0.00119417 0.0010712 0.00118447 -0.00415455 0.000379222 -0.00404956 -0.0136847 0.00669909 -0.0127129 -0.00235065 -0.00611108 0.00488961 0.00153899
internal_weight=57870.7 57381.8 57010.9 56659.4 3522.07 2300.72 1855.99 980.021 875.973 1221.35 670.543 513.183 437.031 53137.4
internal_count=177442 174658 173123 171109 22804 13000 11030 7157 3873 9804 3984 2624 2707 148305
is_linear=0
shrinkage=0.03


Tree=120
num_leaves=15
num_cat=0
split_feature=75 83 74 77 68 19 90 19 39 45 48 79 60 72
split_gain=110.827 120.525 224.302 157.659 301.2 147.523 272.597 213.296 285.697 222.847 210.136 142.002 139.435 136.154
threshold=21.901150000000005 4.7543585000000013 -0.045408499999999997 -34981458.119999997 1.0764950000000002 38254.975000000013 0.98287550000000012 -1647594.5449999997 1.1003250000000002 0.00031550000000000008 275342.7950000001 4824560.5012965007 0.0074815000000000012 -0.29744349999999992
decision_type=2 2 2 2 2 2 2 2 2 2 2 2 2 2
left_child=1 3 -3 4 -1 7 -7 -5 10 -10 12 13 -9 -4
right_child=-2 2 11 5 -6 6 -8 8 9 -11 -12 -13 -14 -15
leaf_value=-0.025375886060014011 0.009787756282029941 -0.020333972804995184 -0.014493418526425883 0.0016454558356614243 0.0060807665939634301 0.020867042761754422 -0.016412024168175988 0.038626119182693298 -0.0051470834587193674 0.021393853645671916 0.0010528734320980396 0.01383962353638594 0.016246872737204258 -0.00069636170870881749
leaf_weight=544.59129290282726 1327.4313327670097 562.69866393506527 697.17917419597507 41363.597698185593 547.26224035769701 219.39043582230806 877.96084689348936 483.40074286609888 1200.9830728620291 371.93489797413349 395.3312860429287 555.96341794729233 538.46305187046528 8347.6851358562708
leaf_count=3230 2705 3374 3223 122359 2131 863 4563 1084 5502 1012 1447 1573 1484 23306
internal_value=0.00121971 0.00101844 -0.00193976 0.0016651 -0.0095905 0.00193635 -0.0089194 0.0022058 0.00994419 0.00111938 0.0197098 -0.00085656 0.0268903 -0.00176464
internal_weight=58033.9 56706.4 10163.5 46542.9 1091.85 45451.1 1097.35 44353.7 2990.11 1572.92 1417.2 9600.83 1021.86 9044.86
internal_count=177856 175151 31476 143675 5361 138314 5426 132888 10529 6514 4015 28102 2568 26529
is_linear=0
shrinkage=0.03


Tree=121
num_leaves=15
num_cat=0
split_feature=35 37 3 41 90 48 3 3 48 41 86 21 17 74
split_gain=115.883 121.731 109.434 138.753 149.621 158.238 117.12 417.636 199.315 191.863 136.772 127.012 201.454 218.885
threshold=0.99638000000000015 1.0008750000000002 1.0056050000000003 48.155000000000008 2.1575355000000003 1357862.9500000004 1.0343550000000004 1.0492250000000003 2274973.1600000006 47.315000000000005 22.995000000000001 160266.29415150001 -11.222599999999998 0.040198000000000005
decision_type=2 2 2 2 2 2 2 2 2 2 2 2 2 2
left_child=-1 -2 3 4 5 -3 8 -8 -4 -10 -11 12 -9 -14
right_child=1 2 6 -5 -6 -7 7 11 9 10 -12 -13 13 -15
leaf_value=-0.013306165389911039 0.018363515069148479 0.0028248172705104026 0.018065517700669803 -0.021375937199588788 0.023388975822254514 -0.023117986783319163 -0.022368537069566617 0.022292669495369608 -0.023521942249577339 0.015368196287095034 -0.0050767526654718611 0.0019708006832738216 -0.0063503152754466876 0.0055244804217928489
leaf_weight=495.02903531491756 370.98092219978571 611.69387359172106 1000.2245447933674 422.26498933881521 184.69270624965429 321.09649562835693 674.67584563791752 288.22849699854851 244.73431901633739 616.41800476238132 559.36565243452787 44906.59130672738 5321.3547034040093 1890.847121335566
leaf_count=2848 1533 3047 2752 2745 1027 2340 4876 1351 1540 2305 2500 113429 30479 4963
internal_value=0.00112681 0.001252 0.00113987 -0.00674348 -0.0011733 -0.0060886 0.00135923 0.0010642 0.00781307 0.000565322 0.0056202 0.00136686 -0.00224484 -0.00323257
internal_weight=57908.2 57413.2 57042.2 1539.75 1117.48 932.79 55502.4 53081.7 2420.74 1420.52 1175.78 52407 7500.43 7212.2
internal_count=177735 174887 173354 9159 6414 5387 164195 155098 9097 6345 4805 150222 36793 35442
is_linear=0
shrinkage=0.03


Tree=122
num_leaves=15
num_cat=0
split_feature=46 19 77 81 77 19 73 8 21 65 19 84 6 78
split_gain=106.106 164.256 193.917 206.669 188.444 155.762 164.924 160.85 141.007 128.738 110.427 107.244 101.36 99.9628
threshold=-0.20194999999999999 38254.975000000013 -3032308.2399999998 1.0000000180025095e-35 -159347.55999999997 -5495708.5299999993 -0.00018769499999999996 1.1785750000000002 478534.64540300006 1.0461900000000004 278429.99000000005 91.730000000000018 1.0956450000000002 2.1241500000000006
decision_type=2 2 2 2 2 2 2 2 2 2 2 2 2 2
left_child=1 2 5 8 12 6 -1 9 13 -7 -3 -2 -5 -4
right_child=11 10 3 4 -6 7 -8 -9 -10 -11 -12 -13 -14 -15
leaf_value=-0.0032733127351738545 0.0016743174892692805 -0.02667393909881904 -0.0053534429237435798 0.0096180271586294962 -0.00019610781236819688 0.0085666838394272658 -0.031481694276303616 0.016627904976157053 0.0036666547333567782 -0.0097334015312295647 -0.0022835970332905115 -0.0079031794769348351 0.029513456068080066 -0.027467215634121602
leaf_weight=351.20630264282227 48843.040192693472 392.30201850086451 768.97090350463986 435.58472608029842 693.76410455256701 435.45775948837399 403.85962558537722 329.5094920694828 1546.8488811179996 1645.8941956236959 295.76809693127871 1073.4219106510282 506.03362159430981 243.41010730341077
leaf_count=1511 143559 2505 3552 1638 2715 1677 1818 628 4113 6529 1782 3399 1270 1508
internal_value=0.000951833 -0.00224297 -0.000927311 0.00329804 0.0116276 -0.00653433 -0.0184224 -0.00279253 -0.00201538 -0.005888 -0.0162518 0.0014676 0.0203618 -0.0107218
internal_weight=57965.1 8048.61 7360.54 4194.61 1635.38 3165.93 755.066 2410.86 2559.23 2081.35 688.07 49916.5 941.618 1012.38
internal_count=178204 31246 26959 14796 5623 12163 3329 8834 9173 8206 4287 146958 2908 5060
is_linear=0
shrinkage=0.03


Tree=123
num_leaves=15
num_cat=0
split_feature=88 38 85 82 73 48 90 78 38 71 34 65 38 39
split_gain=109.073 134.217 142.639 97.0449 96.6935 89.687 141.652 144.975 144.049 279.122 283.566 174.78 162.472 222.238
threshold=-0.089891584999999982 1.0189150000000002 20.555000000000003 0.10391000000000002 -0.0048325099999999991 2630672.3900000001 0.77196300000000007 -0.39939999999999992 1.0571650000000001 0.0081705000000000024 1.0341250000000002 1.0510000000000004 1.0765050000000003 1.0862150000000002
decision_type=2 2 2 2 2 2 2 2 2 2 2 2 2 2
left_child=1 2 -1 -4 -2 -6 -7 -8 9 -9 11 -11 -10 -14
right_child=4 -3 3 -5 5 6 7 8 12 10 -12 -13 13 -15
leaf_value=-0.021525844703708535 -0.013926812929324715 -0.023618711727437278 0.025062399786606723 -0.0046531344791646608 0.0016130747491528261 -0.022810539745744336 0.013240373938394921 0.032173703519333595 -0.027791427361063787 -0.0071148585169871171 -0.02271081887823978 0.028137868005713496 0.015170896607785684 -0.013013620733627655
leaf_weight=189.43605094403028 376.36211066693068 355.04477775096893 195.17618332803249 196.18296657502651 52939.035152159631 305.63313068076968 507.14656902849674 245.39453508704901 359.79254254326224 242.66100350022316 399.15725836902857 260.52225860953331 353.13638278841972 866.23531233891845
leaf_count=1420 1430 2605 1199 1082 146824 3098 2517 838 3433 1363 2676 819 2068 6143
internal_value=0.00103421 -0.00911521 -0.000172174 0.0101161 0.00120196 0.00130355 -0.00331633 -0.00145828 -0.00420677 0.00386041 -0.00383336 0.0110973 -0.0100877 -0.00482091
internal_weight=57790.9 935.84 580.795 391.359 56855.1 56478.7 3539.68 3234.05 2726.9 1147.74 902.341 503.183 1579.16 1219.37
internal_count=177515 6306 3701 2281 171209 169779 22955 19857 17340 5696 4858 2182 11644 8211
is_linear=0
shrinkage=0.03


Tree=124
num_leaves=15
num_cat=0
split_feature=43 38 39 19 12 41 60 64 19 36 12 61 2 13
split_gain=107.374 105.838 243.992 130.944 122.309 120.181 148.342 129.245 149.808 154.921 105.62 125.967 112.625 110.617
threshold=0.0091070000000000022 1.0900350000000001 1.0776350000000001 -397054.64999999997 44.985000000000007 70.845000000000013 0.039819000000000007 1.1119700000000001 -1387618.1249999998 1.0615650000000001 42.725000000000001 0.39003200000000005 1.1800350000000002 0.00019150000000000002
decision_type=2 2 2 2 2 2 2 2 2 2 2 2 2 2
left_child=-1 2 5 4 -4 7 -7 8 10 -10 -2 -12 13 -13
right_child=1 -3 3 -5 -6 6 -8 -9 9 -11 11 12 -14 -15
leaf_value=-0.00058877293628548804 -0.0020700007047677617 0.0031492793100844226 -0.014490481099147643 -0.023078452663123764 -9.5411946108045828e-05 0.0068693789347048419 -0.014326279072892766 0.01697447358630523 -0.033938586407056763 0.0027957364696697138 0.021225657030924709 -0.012698961791708983 0.013149674189465353 0.0042443273839328161
leaf_weight=23820.963015597314 1779.8968657702208 23581.20665403828 827.54510852321982 442.58810316771269 1492.2205791808665 478.988126501441 774.15262421965599 618.98209710419178 197.79796050488949 212.00061784684658 476.39376344531775 434.35537783801556 963.0244404822588 1699.8589974567294
leaf_count=82161 7362 61154 3252 2208 4581 1147 2040 1219 1093 1006 1591 1139 1879 5845
internal_value=0.000954545 0.00203735 -0.000481557 -0.00812267 -0.00524762 0.00227962 -0.00620172 0.00395031 0.0025436 -0.0149013 0.0038871 0.00686226 0.00463717 0.000777646
internal_weight=57800 33979 10397.8 2762.35 2319.77 7635.45 1253.14 6382.31 5763.33 409.799 5353.53 3573.63 3097.24 2134.21
internal_count=177677 95516 34362 10041 7833 24321 3187 21134 19915 2099 17816 10454 8863 6984
is_linear=0
shrinkage=0.03


Tree=125
num_leaves=15
num_cat=0
split_feature=43 62 38 39 41 42 5 76 90 84 77 19 86 4
split_gain=96.2151 143.06 161.958 179.548 119.883 118.697 128.329 96.7056 196.661 115.398 183.489 195.562 137.328 98.7314
threshold=0.0070030000000000014 -0.00037378999999999998 1.0900350000000001 1.0727950000000002 70.975000000000009 0.0018245000000000004 1.0894650000000003 3.1500000000000008 2.0804955000000005 15.015000000000002 -953476.41999999993 -5568926.1999999993 29.365000000000006 2799.7800000000002
decision_type=2 2 2 2 2 2 2 2 2 2 2 2 2 2
left_child=7 4 3 -3 -2 -5 -7 8 -1 10 11 -9 -13 -14
right_child=1 2 -4 5 -6 6 -8 9 -10 -11 -12 12 13 -15
leaf_value=0.025409834482852382 0.0092083704150231864 0.00092569277003124611 0.0026216288556136862 -0.02427630083578811 -0.0082136056342647246 0.011116536422723439 -0.0083155689201697171 -0.026831570448023697 -0.0051351551668403278 -0.001879076956304712 0.0097841871488955536 -0.018228640521810488 9.7827626850645986e-05 0.020719906533987781
leaf_weight=373.48298995196819 3394.6327344328165 5824.3790713958442 21337.979689761996 356.5460683517158 394.43760134279728 347.86935298517346 2425.9550512321293 273.04705916345119 381.28435109555721 19238.834154944867 2078.1361175850034 262.49498354643583 730.78698682039976 293.2847932651639
leaf_count=1234 9538 18558 55671 2541 1003 1630 7149 1228 1744 66630 5765 1259 3085 654
internal_value=0.000868545 0.00188871 0.00119999 -0.00218415 0.00738516 -0.00797836 -0.00586462 -0.000601512 0.00995341 -0.000951482 0.00394518 -0.00381717 0.00106091 0.00604752
internal_weight=57713.2 34081.8 30292.7 8954.75 3789.07 3130.37 2773.82 23631.4 754.767 22876.6 3637.75 1559.61 1286.57 1024.07
internal_count=177689 96090 85549 29878 10541 11320 8779 81599 2978 78621 11991 6226 4998 3739
is_linear=0
shrinkage=0.03


Tree=126
num_leaves=15
num_cat=0
split_feature=84 7 84 48 39 77 48 86 10 10 42 89 84 77
split_gain=108.899 152.141 144.424 144.481 144.55 169.562 137.387 140.512 126.75 123.13 157.591 119.52 118.276 113.44
threshold=42.090000000000011 1.0200450000000003 49.390000000000008 -754179.14999999991 1.1432450000000003 -4037255.7699999996 2637866.1550000007 8.2250000000000032 1.0883950000000002 1.1292150000000001 0.00072850000000000009 0.071450000000000014 45.055000000000007 -4693568.1549999993
decision_type=2 2 2 2 2 2 2 2 2 2 2 2 2 2
left_child=6 -2 3 4 11 -6 -1 -8 -5 10 -9 12 -3 -4
right_child=1 2 13 8 5 -7 7 9 -10 -11 -12 -13 -14 -15
leaf_value=0.0027661785657176474 -0.012548445805385328 -0.029924285844427037 0.0048862726444171287 0.015864139306300019 -0.013127387152140697 0.0077400307216781332 0.017331508587347916 0.014186171836005458 -0.0029069344676754204 0.011234153663807525 -0.018467967922299863 0.00096881974398148015 -0.011383694625610164 -0.00012452932632515273
leaf_weight=25167.364135619253 896.43339386582375 523.31956269592047 5075.3548620827496 453.31997451558709 635.14870186150074 778.27232885360718 191.93989472463727 152.48086304217577 1120.6011543832719 204.60964865237474 963.50679790228605 342.42500348389149 781.70684242248535 20382.026282753795
leaf_count=70867 5176 1865 16418 1939 1680 1627 1067 656 4408 1010 7358 771 2449 60309
internal_value=0.000832397 -0.000376413 -1.24115e-05 -0.00488367 -0.00868313 -0.0016186 0.00223751 -0.00653528 0.00248709 -0.0100373 -0.0139708 -0.0147213 -0.0188587 0.000873432
internal_weight=57668.5 30988.6 30092.2 4634.79 3060.87 1413.42 26679.9 1512.54 1573.92 1320.6 1115.99 1647.45 1305.03 25457.4
internal_count=177600 96642 91466 14739 8392 3307 80958 10091 6347 9024 8014 5085 4314 76727
is_linear=0
shrinkage=0.03


Tree=127
num_leaves=15
num_cat=0
split_feature=86 48 64 45 48 88 48 48 63 38 42 48 19 19
split_gain=98.7992 122.81 205.997 196.36 135.056 135.791 134.88 280.442 177.405 232.293 241.745 170.597 121.837 196.96
threshold=23.665000000000003 2274973.1600000006 1.0586450000000003 -0.027252499999999995 2469433.0550000002 0.019858630000000006 439605.27000000008 529630.43000000005 1.0716700000000003 1.1432350000000002 0.00071350000000000005 1114190.5450000002 349495.61500000005 -397054.64999999997
decision_type=2 2 2 2 2 2 2 2 2 2 2 2 2 2
left_child=12 6 -3 -4 -5 -6 -2 -8 11 10 -10 -9 13 -1
right_child=1 2 3 4 5 -7 7 8 9 -11 -12 -13 -14 -15
leaf_value=-0.00012832364108429149 0.0019096330805714239 -0.024907574177131915 0.022699594222267971 -0.029130594599617206 -0.0048294532800276947 0.02361700090148602 0.035238672899730185 -0.0026836277176106112 0.0175621652504565 0.012337909040383725 -0.016681721990735227 0.025314282906788905 0.014649205393285892 -0.013240517655880859
leaf_weight=27967.206943187863 22729.374148957431 372.8286165073514 278.09039954096079 177.91564843803644 1288.9169843196869 169.9179854169488 318.24667816609144 284.03678987175226 237.70353738963604 810.11054114252329 824.21481472626328 615.86047478020191 477.41803546994925 1069.7208523601294
leaf_count=85119 60973 2679 1204 1218 7920 683 682 1324 592 1874 3948 2054 1767 5313
internal_value=0.000846929 0.00212001 -0.00453577 -0.000542688 -0.00452141 -0.00148169 0.00271104 0.00859345 0.00551187 0.000231473 -0.00897891 0.0164508 -0.000364469 -0.00061285
internal_weight=57621.6 28107.2 2287.67 1914.84 1636.75 1458.83 25819.5 3090.17 2771.93 1872.03 1061.92 899.897 29514.3 29036.9
internal_count=177350 85151 13704 11025 9821 8603 71447 10474 9792 6414 4540 3378 92199 90432
is_linear=0
shrinkage=0.03


Tree=128
num_leaves=15
num_cat=0
split_feature=0 83 84 90 63 48 61 71 71 89 75 41 9 89
split_gain=107.288 107.909 107.892 105.971 175.885 213.672 245.587 167.274 165.828 165.007 178.273 145.648 141.97 136.215
threshold=1.2132250000000002 5.0041125000000006 28.085000000000004 1.8429180000000003 1.0612450000000002 1755733.1100000001 0.30932000000000009 0.016894000000000003 0.020104500000000004 0.038097500000000006 -2.7769999999999997 67.045000000000016 1.1728350000000003 0.0048035000000000013
decision_type=2 2 2 2 2 2 2 2 2 2 2 2 2 2
left_child=3 -2 -3 -1 -5 6 -6 -7 9 10 -8 -10 -11 -12
right_child=1 2 -4 4 5 7 8 -9 11 12 13 -13 -14 -15
leaf_value=0.0015249789378895867 0.006789811457816047 0.0090606123549234075 -0.0092187210195479805 0.0035657250448173725 0.0145941038654295 -0.024918882958121842 -0.016451344086141233 0.0099949021185616136 -0.015594275895357548 0.020755244744944203 0.01584961431646318 -1.6037575765778796e-05 0.0020444221723213657 -0.002754701757422289
leaf_weight=30823.610830441117 4658.9244233369827 438.16652135550976 853.64955385029316 5153.2920445762575 758.88338997215033 629.95426734164357 837.57239580899477 151.60026685893536 1543.112653747201 448.87381674349308 368.80857595801353 836.68424514681101 1962.2028057128191 8206.6694791540504
leaf_count=99905 9847 899 2140 14544 1807 4566 4731 709 5258 1095 1227 1943 4488 24316
internal_value=0.00084602 0.00466088 -0.0029932 0.000406443 -0.00124193 -0.00281756 -0.00201594 -0.0181041 -0.00290645 -0.00144888 -0.00324451 -0.0101322 0.00554744 -0.00194933
internal_weight=57672 5950.74 1291.82 51721.3 20897.7 15744.4 14962.8 781.555 14203.9 11824.1 9413.05 2379.8 2411.08 8575.48
internal_count=177475 12886 3039 164589 64684 50140 44865 5275 43058 35857 30274 7201 5583 25543
is_linear=0
shrinkage=0.03


Tree=129
num_leaves=15
num_cat=0
split_feature=39 39 19 39 34 83 74 79 77 68 19 63 19 63
split_gain=112.71 216.304 94.7497 205.616 134.642 93.6787 168.409 160.562 156.471 330.441 142.056 256.791 132.669 146.866
threshold=1.0117850000000002 0.99248000000000014 -7153089.584999999 1.0668150000000003 1.0020700000000002 4.7543585000000013 -0.045408499999999997 4824560.5012965007 -34981458.119999997 1.0762050000000003 84525.860000000015 1.0917600000000001 -1343497.2399999998 1.0737750000000001
decision_type=2 2 2 2 2 2 2 2 2 2 2 2 2 2
left_child=1 -1 3 -2 -4 8 -7 -8 9 -6 12 -12 13 -10
right_child=2 -3 4 -5 5 6 7 -9 10 -11 11 -13 -14 -15
leaf_value=0.0094085260263238341 -0.022912358876509383 -0.020552898877075898 0.019876545025950668 0.016745912274345933 -0.027050982168315429 -0.018297425275889023 -0.0014745010709827926 0.015054401352258807 0.0046633763410101883 0.010491275604886593 0.0077425370941293014 -0.02569129437957849 0.0088249947580579559 0.00066458947846375412
leaf_weight=342.70740838348866 395.15223228186369 582.7302330583334 346.00796288996935 165.67121378332376 490.87958142161369 505.03767352551222 9576.8778764046729 558.71001470088959 11499.047811280936 367.35791788995266 380.29917661845684 448.46668872237206 2563.6280296072364 29482.711291152984
leaf_count=1395 3105 3515 1272 522 3010 3006 27577 1550 35161 1437 1761 2726 8806 82632
internal_value=0.000949158 -0.00942704 0.00111897 -0.0111347 0.00124194 0.00112565 -0.00140539 -0.000559014 0.00172174 -0.0109531 0.0019678 -0.0103224 0.00220263 0.00178743
internal_weight=57705.3 925.438 56779.8 560.823 56219 55873 10640.6 10135.6 45232.4 858.237 44374.2 828.766 43545.4 40981.8
internal_count=177475 4910 172565 3627 168938 167666 32133 29127 135533 4447 131086 4487 126599 117793
is_linear=0
shrinkage=0.03


Tree=130
num_leaves=15
num_cat=0
split_feature=43 48 13 48 31 12 77 48 77 90 38 19 77 41
split_gain=102.649 117.106 285.782 221.046 187.848 115.138 114.414 182.422 146.126 186.388 168.07 177.315 207.446 132.791
threshold=0.0047570000000000008 -4924591.919999999 0.00031550000000000008 -5413419.6049999995 0.00011950000000000002 51.065000000000005 -34981458.119999997 -945707.12999999989 -4693568.1549999993 1.7753420000000002 1.0895650000000001 -1387618.1249999998 -314353.15499999997 47.955000000000005
decision_type=2 2 2 2 2 2 2 2 2 2 2 2 2 2
left_child=-1 2 -2 -4 -3 -5 7 -6 -8 10 -10 13 -13 -12
right_child=1 4 3 5 6 -7 8 -9 9 -11 11 12 -14 -15
leaf_value=-0.00083179735849194599 -0.0085945595256244154 0.0076093298927425064 0.010273195364159163 -0.017984348590167766 0.0032267169055508805 0.0022466540619335089 0.0058049454585812057 -0.032070185376129011 -0.0045928066511192371 -0.0031254103259453795 0.013000419696986808 0.02632257787240307 -0.0019404638017339619 0.0012596376547521187
leaf_weight=23404.105515517294 3007.3915241658688 5363.8800434395671 1996.9409988820553 460.26490840315819 295.21405174583197 555.83834800124168 5777.2809553556144 234.85534023493528 1917.0509133785963 7759.1764390654862 1060.5282306969166 693.74385964125395 349.16104083508253 4776.9486305937171
leaf_count=80967 7492 11491 4041 1254 1316 1234 18202 1360 7610 23313 3272 1706 1388 13196
internal_value=0.000698624 0.00174533 -0.00205019 0.00447263 0.00255595 -0.00689657 0.00136883 -0.0123866 0.00169718 0.000261741 0.00325257 0.0054432 0.0168387 0.00339965
internal_weight=57652.4 34248.3 6020.44 3013.04 28227.8 1016.1 22864 530.069 22333.9 16556.6 8797.43 6880.38 1042.9 5837.48
internal_count=177842 96875 14021 6529 82854 2488 71363 2676 68687 50485 27172 19562 3094 16468
is_linear=0
shrinkage=0.03


Tree=131
num_leaves=15
num_cat=0
split_feature=86 19 50 39 40 48 36 86 88 87 42 16 42 41
split_gain=106.683 135.148 183.29 152.088 169.896 132.534 206.982 134.131 129.93 126.969 125.627 125.287 123.573 95.9505
threshold=23.665000000000003 -6273833.044999999 3603319.3475740007 1.0180550000000002 1.0362150000000001 2637866.1550000007 1.0997550000000003 24.395000000000003 -0.0014004299999999998 173.47950000000003 0.00071350000000000005 0.0023265000000000004 0.00043850000000000003 38.625000000000007
decision_type=2 2 2 2 2 2 2 2 2 2 2 2 2 2
left_child=1 2 -1 -3 8 7 10 -2 9 -5 -7 -9 -6 -14
right_child=5 3 -4 4 12 6 -8 11 -10 -11 -12 -13 13 -15
leaf_value=-0.025080590274290594 0.015079763981186588 -0.015716581953238093 0.011311105501726537 0.03346136378006774 -0.015182005262969166 0.012478739834925799 0.014214935814286324 0.0025461471202913931 -0.0026885034053616393 0.0074320269594077282 -0.016222392176644958 -0.0083065899486472472 -0.0056413169869456384 0.00042783289939241445
leaf_weight=431.4644607976079 740.20237270742655 563.02894733846188 172.96087850630283 316.81271532922983 501.29723843187094 156.18634661659598 334.12579327449203 24884.055362507701 357.78739352524281 368.93019630014896 1038.3186683021486 993.52046186476946 2595.533399052918 24115.666279889643
leaf_count=3029 1823 2907 798 988 1564 681 1796 69138 1188 1565 7867 3983 9866 70307
internal_value=0.00067503 -0.000587268 -0.0146158 -0.000291508 1.53354e-05 0.00199564 -0.00658653 0.00248986 0.0118897 0.0195325 -0.0124372 0.00212801 -0.000439335 -0.000160974
internal_weight=57569.9 29423.5 604.425 28819.1 28256 28146.4 1528.63 26617.8 1043.53 685.743 1194.51 25877.6 27212.5 26711.2
internal_count=177500 92212 3827 88385 85478 85288 10344 74944 3741 2553 8548 73121 81737 80173
is_linear=0
shrinkage=0.03


Tree=132
num_leaves=15
num_cat=0
split_feature=83 79 19 74 77 67 89 19 90 19 42 5 87 0
split_gain=94.7197 183.345 179.651 206.215 150.09 271.308 134.434 134.401 263.01 198.821 253.263 243.94 125.554 120.086
threshold=4.7543585000000013 4532166.4474680005 349495.61500000005 -0.046521999999999987 -34981458.119999997 1.0785450000000003 0.0096935000000000025 38254.975000000013 0.91679700000000008 -522218.74499999994 0.0018705000000000002 1.0894650000000003 -1.9674999999999998 1.2132250000000002
decision_type=2 2 2 2 2 2 2 2 2 2 2 2 2 2
left_child=4 2 3 -2 5 -1 12 9 -9 13 -11 -12 -5 -6
right_child=1 -3 -4 6 7 -7 -8 8 -10 10 11 -13 -14 -15
leaf_value=-0.018459006258779026 -0.023257969115667101 0.013642016718640959 0.013460127611844197 0.0039378602115082081 0.0010004586351425129 0.016191826053219203 -0.0013555026325102444 0.022198867022973429 -0.015869282589807659 0.032070724312875207 0.02007971876388619 -0.01000425410395744 -0.018812354622730662 0.0061188608097264936
leaf_weight=802.45487858355045 460.74930806457996 655.78877261281013 581.59876766055822 297.86535581201315 38697.700090110302 270.55701837688684 8065.8573351427913 199.07812367379665 879.38646484166384 433.4043482914567 466.14311198890209 502.43943616002798 793.47742196917534 4621.2092551440001
leaf_count=4529 2972 1823 2090 1237 119672 867 21278 764 4664 1210 1126 2082 3625 9849
internal_value=0.000809466 -0.00171433 -0.00270586 -0.00368784 0.00139462 -0.00968702 -0.00269745 0.00165511 -0.00880028 0.00190811 0.0130259 0.00444889 -0.0125776 0.0015473
internal_weight=57727.7 10855.3 10199.5 9617.95 46872.4 1073.01 9157.2 45799.4 1078.46 44720.9 1401.99 968.583 1091.34 43318.9
internal_count=177788 33025 31202 29112 144763 5396 26140 139367 5428 133939 4418 3208 4862 129521
is_linear=0
shrinkage=0.03


Tree=133
num_leaves=15
num_cat=0
split_feature=43 91 70 89 87 75 70 83 68 68 88 68 60 89
split_gain=105.139 133.744 132.255 128.953 135.211 123.048 112.246 149.598 109.098 207.006 150.886 134.152 115.106 111.201
threshold=0.0070030000000000014 3.1845000000000011e-05 85.25500000000001 0.012042000000000002 27.518000000000004 17.330950000000005 58.295000000000009 2.5945875000000007 1.0913750000000002 1.1476350000000002 -0.00047778499999999994 1.1369250000000002 0.014479000000000001 0.005134500000000001
decision_type=2 2 2 2 2 2 2 2 2 2 2 2 2 2
left_child=-1 2 3 8 6 -3 7 -5 13 10 -10 12 -12 -2
right_child=1 5 -4 4 -6 -7 -8 -9 9 -11 11 -13 -14 -15
leaf_value=-0.00082645305544080516 0.0043606413793123638 0.0029096163245810958 -0.01586750737109769 -0.013141179651591388 -0.0036833426808170256 0.011008562396679524 0.004258024511511564 0.0088389828967345638 0.0058675269223796601 0.011044284672417541 -0.014720838192732243 -0.027420663508477668 0.0024660937004829437 0.017970029423424995
leaf_weight=23556.297847021371 1505.6778646036983 11450.732737723738 446.47714295983315 831.55560086667538 7609.5582846477628 1984.8153041899204 5039.7315503358841 416.42998823523521 960.61876948177814 1279.6956412345171 625.76465169340372 293.53527754545212 790.36004493385553 849.96330088376999
leaf_count=81596 5761 32632 1237 2908 22482 3990 11270 1337 2933 2675 2915 922 2163 2941
internal_value=0.000713874 0.00177928 0.000261842 0.000620548 -0.000992198 0.00410903 0.00225999 -0.00578158 0.00417931 0.00112261 -0.00362334 -0.0089739 -0.00511242 0.00928946
internal_weight=57641.2 34084.9 20649.4 20202.9 13897.3 13435.5 6287.72 1247.99 6305.62 3949.97 2670.28 1709.66 1416.12 2355.64
internal_count=177762 96166 59544 58307 37997 36622 15515 4245 20310 11608 8933 6000 5078 8702
is_linear=0
shrinkage=0.03


Tree=134
num_leaves=15
num_cat=0
split_feature=19 39 39 39 38 67 37 60 39 77 74 77 90 74
split_gain=106.073 128.796 93.3022 272.609 133.991 315.448 162.107 99.8375 144.506 136.62 214.135 167.725 162.026 144.253
threshold=-7153089.584999999 1.0668150000000003 1.0097050000000003 0.99248000000000014 1.0189150000000002 1.0529550000000001 1.0218350000000003 0.016893500000000002 1.1458050000000002 -34981458.119999997 -0.012013499999999998 -8581117.0599999968 1.7586385000000002 -0.045408499999999997
decision_type=2 2 2 2 2 2 2 2 2 2 2 2 2 2
left_child=1 -1 3 -2 5 -4 -6 9 -9 10 -8 -11 -13 -14
right_child=2 -3 4 -5 6 -7 7 8 -10 11 -12 12 13 -15
leaf_value=-0.019919609891557506 0.0098524748319099836 0.011267572638996529 -0.0098152045839723107 -0.026351921002961905 -0.018363599808910121 0.02905763516267787 -0.039036843088975738 0.0011509349002901432 0.0064272565171276178 0.014199806054100719 0.0047099881830643866 0.0018525423272473813 -0.022474035041909396 -0.0024213190930416862
leaf_weight=448.9768383577466 346.21039068698883 160.0405009239912 312.54973397403955 403.38240298628807 390.43133480846882 465.19107756763697 205.16306118667126 23044.74411650002 5866.1698512360454 720.16715827584267 194.36799855530262 12966.902338288724 331.48497702181339 11743.542203579098
leaf_count=3681 1401 528 1430 2372 2005 1639 1199 69173 12665 1816 1009 40959 2013 35724
internal_value=0.000770086 -0.0116699 0.000903753 -0.00959957 0.00104445 0.0134048 0.000870341 0.00100757 0.00222275 -0.000334191 -0.0177209 -6.27076e-05 -0.000474624 -0.00297611
internal_weight=57599.3 609.017 56990.3 749.593 56240.7 777.741 55463 55072.5 28910.9 26161.6 399.531 25762.1 25041.9 12075
internal_count=177614 4209 173405 3773 169632 3069 166563 164558 81838 82720 2208 80512 78696 37737
is_linear=0
shrinkage=0.03


Tree=135
num_leaves=15
num_cat=0
split_feature=19 48 10 14 39 39 38 48 68 37 31 19 10 48
split_gain=106.96 129.402 84.5941 111.883 78.5442 285.949 173.204 443.579 295.1 167.173 101.131 114.904 95.0451 86.5151
threshold=-7153089.584999999 -945707.12999999989 1.2194350000000003 0.12949100000000002 1.0097050000000003 0.99248000000000014 1.0189150000000002 1114190.5450000002 1.0661550000000002 1.0218350000000003 0.053171500000000003 -4145950.1449999996 1.0575950000000003 2630672.3900000001
decision_type=2 2 2 2 2 2 2 2 2 2 2 2 2 2
left_child=1 -1 4 -4 5 -2 7 8 -6 -8 13 12 -12 -11
right_child=2 -3 3 -5 6 -7 9 -9 -10 10 11 -13 -14 -15
leaf_value=0.012762565346429292 0.010556403554606769 -0.019633101383372122 0.0019948150098219692 0.015760601067513268 -0.020427256901834744 -0.026536864022021163 -0.019076357554079697 0.04595250527293613 0.025483677176628829 0.00081578540314882928 0.012612025714413026 0.018665498080953833 -0.017093367731313393 -0.0044196691419239893
leaf_weight=144.33951511234045 352.06900037825108 458.71913508325815 1723.7800624519587 771.56120498478413 304.73705612868071 395.25193794071674 386.83759042620659 268.34720855206251 213.21733891963959 48532.110765747726 190.0605604685843 584.35790032148361 195.13821246474981 3015.0603898763657
leaf_count=451 1407 3798 3848 1459 1627 2353 2012 606 812 134728 903 1783 1294 20364
internal_value=0.000732675 -0.0118214 0.000866386 0.00626783 0.000618128 -0.00903108 0.000753162 0.0147223 -0.0014574 0.000544699 0.00069016 0.0102858 -0.00236407 0.000508895
internal_weight=57535.6 603.059 56932.5 2495.34 54437.2 747.321 53689.9 786.302 517.954 52903.6 52516.7 969.557 385.199 51547.2
internal_count=177445 4249 173196 5307 167889 3760 164129 3045 2439 161084 159072 3980 2197 155092
is_linear=0
shrinkage=0.03


Tree=136
num_leaves=15
num_cat=0
split_feature=73 77 68 60 77 70 75 83 19 74 86 19 63 19
split_gain=97.7179 99.6667 387.115 168.877 122.341 132.976 92.4459 105.518 165.483 166.964 116.213 110.095 250.505 143.464
threshold=-0.0041698399999999984 -34981458.119999997 1.0764950000000002 0.027012500000000005 -31165196.879999999 40.635000000000012 21.901150000000005 4.7543585000000013 349495.61500000005 -0.045408499999999997 17.315000000000001 84525.860000000015 1.0917600000000001 -1343497.2399999998
decision_type=2 2 2 2 2 2 2 2 2 2 2 2 2 2
left_child=-1 2 -2 -4 5 -3 7 11 9 -9 -10 13 -13 -6
right_child=1 4 3 -5 6 -7 -8 8 10 -11 -12 12 -14 -15
leaf_value=-0.011994572575472867 -0.025535665286443181 0.026130106616923564 -0.0044547564938852728 0.025477068922971927 0.00095755246093811989 0.0008525020971366532 0.0089459257143867637 -0.020482627119499601 0.026024647038483485 -0.0023627543986680251 0.00020581362828427533 0.0079428308729967301 -0.025422378148683238 0.0082608997187933932
leaf_weight=547.29992352798581 585.10527431964874 358.36418136954308 423.63438040018082 280.30519118905067 40719.607766970992 396.66188248991966 1212.0309423655272 483.7868748344481 299.7250887081027 8394.3247497044504 333.0512810125947 379.26886066049337 430.25495235621929 2574.5190909728408
leaf_count=2085 3672 744 1746 889 121644 1393 2502 3092 870 24352 1346 1748 2674 8753
internal_value=0.000606546 0.00072855 -0.00751245 0.00744062 0.000920346 0.0129086 0.000754475 0.000568573 -0.00229616 -0.00335572 0.0125044 0.00118707 -0.00976296 0.00139273
internal_weight=57417.9 56870.6 1289.04 703.94 55581.6 755.026 54826.6 53614.5 9510.89 8878.11 632.776 44103.7 809.524 43294.1
internal_count=177510 175425 6307 2635 169118 2137 166981 164479 29660 27444 2216 134819 4422 130397
is_linear=0
shrinkage=0.03


Tree=137
num_leaves=15
num_cat=0
split_feature=35 39 35 35 9 71 65 34 2 48 48 10 10 67
split_gain=78.0124 125.82 89.8308 86.3759 136.828 146.804 154.505 134.713 126.161 125.266 166.938 196.474 207.644 172.56
threshold=0.99638000000000015 0.99248000000000014 0.99939500000000014 1.0323600000000004 0.9894750000000001 0.015555000000000001 1.0113350000000001 1.0341250000000002 1.0205450000000003 2630672.3900000001 2856161.4350000005 1.1303850000000002 1.1001750000000003 1.0950300000000002
decision_type=2 2 2 2 2 2 2 2 2 2 2 2 2 2
left_child=1 -1 -2 4 -4 6 -6 8 -5 -9 -11 12 -12 -14
right_child=2 -3 3 7 5 -7 -8 9 -10 10 11 -13 13 -15
leaf_value=0.0034155961065527709 0.016124376038302593 -0.026956972682073387 0.01709554449066919 0.0010085768691807332 -0.017738572003064168 -0.013073660873216469 0.009122106399982375 0.0010983030483370929 0.026582515569168547 -0.025613368927407076 -0.00062165433355684265 0.020482263310185569 -0.031714865657743181 0.0085649199383747345
leaf_weight=250.80268203467131 339.666390016675 236.25369329378009 235.31275163590908 345.38327372074127 260.61850758641958 1396.4592657797039 728.60639441758394 50558.549172922969 353.46758047491312 324.5860078856349 1677.5804608687758 288.21285356581211 403.33615405112505 123.52383321523666
leaf_count=1157 1435 1652 876 1682 1602 6773 2660 139251 743 2295 11956 1259 3663 621
internal_value=0.000658652 -0.0112806 0.000761331 0.000668478 -0.0046473 -0.00681075 0.0020044 0.00092677 0.0140058 0.000754704 -0.00539913 -0.00274565 -0.00580402 -0.022216
internal_weight=57522.4 487.056 57035.3 56695.6 2621 2385.68 989.225 54074.6 698.851 53375.8 2817.24 2492.65 2204.44 526.86
internal_count=177625 2809 174816 173381 11911 11035 4262 161470 2425 159045 19794 17499 16240 4284
is_linear=0
shrinkage=0.03


Tree=138
num_leaves=15
num_cat=0
split_feature=83 79 75 19 48 39 77 78 35 50 77 67 19 63
split_gain=88.1868 164.435 159.993 178.643 140.439 224.439 163.744 153.899 146.286 131.896 126.826 244.885 127.472 235.365
threshold=4.7543585000000013 4532166.4474680005 -3.7479999999999998 278429.99000000005 -2811267.1599999997 1.1777450000000003 -4148391.4599999995 2.8734000000000006 1.1747450000000002 19119.847396500005 -34981458.119999997 1.0742750000000003 84525.860000000015 1.0917600000000001
decision_type=2 2 2 2 2 2 2 2 2 2 2 2 2 2
left_child=10 2 -2 4 6 8 7 -4 9 -6 11 -1 -12 -14
right_child=1 -3 3 -5 5 -7 -8 -9 -10 -11 12 -13 13 -15
leaf_value=-0.023642607663343956 -0.018090854458301844 0.012737014318642674 0.021470391414807794 0.015119390997355759 0.012440806063394668 -0.030880712440409391 -0.0033005375018193344 0.0017633076067856998 0.012472681460026155 -0.0081435252270688069 0.0015654156728999004 0.005212744432347192 0.0065547829632180612 -0.025737292956844279
leaf_weight=526.11966948211193 581.81980479136109 648.78526347130537 550.81422893702984 523.6545063406229 301.95514003932476 317.418163433671 2924.817619279027 1019.7335173636675 400.36604858934879 3581.4144600853324 44872.47064756602 528.44014845043421 383.84045486152172 427.02312505990267
leaf_count=3321 3747 1804 996 1721 645 992 6909 2360 828 13175 134929 2067 1801 2696
internal_value=0.000547561 -0.00188776 -0.0028219 -0.00189354 -0.00287777 -0.00656244 0.000887553 0.00870323 -0.0047467 -0.00653246 0.00111362 -0.00916352 0.00135171 -0.0104249
internal_weight=57588.7 10850.8 10202 9620.17 9096.52 4601.15 4495.37 1570.55 4283.74 3883.37 46737.9 1054.56 45683.3 810.864
internal_count=177991 33177 31373 27626 25905 15640 10265 3356 14648 13820 144814 5388 139426 4497
is_linear=0
shrinkage=0.03


Tree=139
num_leaves=15
num_cat=0
split_feature=86 42 16 0 48 39 64 45 69 79 77 19 89 48
split_gain=92.0616 135.069 110.873 105.826 100.321 233.594 249.693 176.26 141.672 128.417 170.725 142.587 196.285 153.631
threshold=23.665000000000003 0.00041150000000000003 0.0021535000000000005 0.99338500000000007 2087331.0000000002 1.1287950000000002 1.0586450000000003 -0.020004499999999998 1.0746000000000002 1528184.494164 -35999421.06499999 -2515759.8999999999 0.040921500000000006 -1056580.2449999999
decision_type=2 2 2 2 2 2 2 2 2 2 2 2 2 2
left_child=1 -1 4 -3 9 6 -6 8 -8 11 -11 -2 13 -13
right_child=2 3 -4 -5 5 -7 7 -9 -10 10 -12 12 -14 -15
leaf_value=-0.019082772294620316 0.002519446619150786 -0.012393142256621118 -0.0073770916046641466 2.5310296445968613e-05 -0.022524805088217401 -0.03092019408009147 0.034963232926290271 -0.0020326729816852237 0.0049024979995591026 -0.010568466926753844 0.0081438359505087987 -0.025179318004329206 0.014148502387030392 -0.0043591824945357228
leaf_weight=345.59763165563345 16598.709233064204 630.13265755027533 1103.1065597385168 28574.87244515866 378.21813134849072 249.08719755709171 248.86927828192711 1274.2938357144594 331.3706296980381 473.85289952158928 5609.6751417815685 473.94262706488371 338.60939704626799 987.43291265517473
leaf_count=1125 40381 3900 4387 87556 2733 1947 874 7570 1615 2403 15334 2749 873 4465
internal_value=0.000703847 -0.000464019 0.00193448 -0.000242021 0.00231679 -0.00342396 -0.000330559 0.00418932 0.0178854 0.00290009 0.00667989 0.00164837 -0.00636459 -0.0111445
internal_weight=57617.8 29550.6 28067.2 29205 26964.1 2481.84 2232.75 1854.53 580.24 24482.2 6083.53 18398.7 1799.98 1461.38
internal_count=177912 92581 85331 91456 80944 14739 12792 10059 2489 66205 17737 48468 8087 7214
is_linear=0
shrinkage=0.03


Tree=140
num_leaves=15
num_cat=0
split_feature=19 12 89 87 77 77 37 37 19 41 91 38 16 47
split_gain=90.3501 118.092 77.4705 100.297 87.404 356.29 170.292 209.154 226.438 182.763 177.654 172.051 161.491 152.151
threshold=-7153089.584999999 48.025000000000013 0.097517500000000021 21.181000000000001 -4693568.1549999993 -4081058.5599999991 1.1125450000000001 1.1816150000000001 -2762962.8749999995 58.355000000000011 0.00039097500000000006 1.1642950000000003 -0.00042349999999999994 66.50500000000001
decision_type=2 2 2 2 2 2 2 2 2 2 2 2 2 2
left_child=1 -1 4 -4 13 6 -6 8 9 12 11 -11 -8 -2
right_child=2 -3 3 -5 5 -7 7 -9 -10 10 -12 -13 -14 -15
leaf_value=-0.022598433956434065 0.0003274001351949242 0.004264254778300676 0.014441151834898722 -0.0027301291145968177 -0.028930795518456936 0.00074203781217394948 0.022714666216421375 -0.02846220937947315 -0.022122814082119979 -0.029992322025540429 0.0091667214574778361 -0.00078696961324692437 -0.001669513890239288 0.0073055607410120044
leaf_weight=338.49749474972486 7850.66217655316 256.83211925625801 813.93244008719921 485.73853343725204 362.11466759443283 40039.572686225176 457.44272825866938 361.19929766654968 502.55156939476728 395.27112140506506 357.06621628254652 339.10899750888348 518.88914301991463 4389.2228008694947
leaf_count=2847 30593 1388 1562 1143 2453 117110 1405 1119 2642 1456 818 788 1258 11108
internal_value=0.000641791 -0.0109715 0.000764074 0.00800333 0.000594091 -3.7559e-05 -0.00952127 -0.00710445 -0.00408155 0.000297257 -0.00811981 -0.0165666 0.00973611 0.00283261
internal_weight=57468.1 595.33 56872.8 1299.67 55573.1 43333.2 3293.64 2931.53 2570.33 2067.78 1091.45 734.38 976.332 12239.9
internal_count=177690 4235 173455 2705 170750 129049 11939 9486 8367 5725 3062 2244 2663 41701
is_linear=0
shrinkage=0.03


Tree=141
num_leaves=15
num_cat=0
split_feature=73 72 55 43 76 90 48 13 48 1 31 46 76 78
split_gain=100.551 139.769 92.7331 82.0453 146.661 160.928 100.914 199.613 194.149 146.861 145.434 114.09 99.0052 124.339
threshold=-0.0036808599999999998 0.17069350000000003 96.645000000000024 0.0070030000000000014 3.1500000000000008 2.1925430000000006 -4924591.919999999 0.00033150000000000003 -5413419.6049999995 1.1937350000000002 0.00010150000000000001 19.053600000000007 34.195000000000007 2.3949000000000003
decision_type=2 2 2 2 2 2 2 2 2 2 2 2 2 2
left_child=1 -1 3 4 5 -2 7 9 -9 11 -8 -5 -12 -14
right_child=2 -3 -4 6 -6 -7 10 8 -10 -11 12 -13 13 -15
leaf_value=-0.022198160935994599 0.025860967852857328 0.0036882359930987341 -0.010754648677605732 -0.00099487811153529818 -0.00097689198588142069 -0.0034365612896767924 0.0082422245453948953 0.010042271087942291 -0.0068676627497022838 -0.021878493219057677 -0.0010048316143792847 -0.016785583081837311 0.0049588359843353979 -0.00070110609166338831
leaf_weight=408.12985066324472 386.51459708064795 343.26620338112116 628.25879170000553 2094.9158657342196 22238.98686048016 295.63678839802742 3512.7975768372416 1756.9913922101259 933.74277433753014 500.3325818926096 8045.0678015500307 513.13295447826385 10534.484886556864 5212.7482960373163
leaf_count=2085 1190 763 2102 4824 76907 1237 7429 3566 2286 1411 24059 1386 31788 16624
internal_value=0.000549288 -0.0103432 0.000694464 0.000823578 -0.000555095 0.0131334 0.00177906 -0.00181184 0.00416264 -0.0069929 0.00254284 -0.00411844 0.00169978 0.00308342
internal_weight=57405 751.396 56653.6 56025.4 22921.1 682.151 33104.2 5799.12 2690.73 3108.38 27305.1 2608.05 23792.3 15747.2
internal_count=177657 2848 174809 172707 79334 2427 93373 13473 5852 7621 79900 6210 72471 48412
is_linear=0
shrinkage=0.03


Tree=142
num_leaves=15
num_cat=0
split_feature=35 37 35 43 62 90 41 10 42 9 75 90 75 74
split_gain=99.0653 105.369 111.373 89.091 83.9946 117.253 105.99 103.035 124.315 91.1718 105.081 86.1436 190.125 132.412
threshold=0.99638000000000015 1.0008750000000002 1.0098350000000003 0.062694000000000014 -0.00067831499999999997 2.2708320000000004 46.585000000000008 1.0599250000000002 0.034215000000000009 1.1090650000000002 -0.44219999999999998 1.8429180000000003 17.094100000000005 -0.022702499999999997
decision_type=2 2 2 2 2 2 2 2 2 2 2 2 2 2
left_child=-1 -2 3 -3 5 6 -4 8 -8 10 -9 -6 13 -13
right_child=1 2 4 -5 11 -7 7 9 -10 -11 -12 12 -14 -15
leaf_value=-0.013001342181692899 0.016458235179705107 -0.030663187595488844 -0.014378379863306725 -0.00036469810807265656 0.0014317569582691743 0.014216795272634848 0.030238908010989662 0.0027220143509659868 0.0019133955187081008 0.0036005839431547072 -0.027758182502341106 -0.011181201035801877 0.0049299677839803402 -0.0016118955532582544
leaf_weight=474.66729314997792 380.60029235482216 182.25482724234462 314.92786173522472 170.81607914343476 29949.903648685664 914.03938550129533 268.45572066307068 211.94864869862795 294.34072542190552 2553.2578938528895 191.79900205880404 1415.7572375647724 3906.8245343118906 16229.818894974887
leaf_count=2783 1568 1326 1657 752 92730 2376 831 1208 1514 6278 1424 8142 8445 46696
internal_value=0.000629355 0.000743648 0.000637166 -0.0161319 0.000743238 0.00456112 0.00224868 0.00374854 0.0155076 0.00149585 -0.0117162 0.000390546 -0.00105496 -0.00238196
internal_weight=57459.4 56984.7 56604.1 353.071 56251.1 4748.77 3834.73 3519.8 562.796 2957.01 403.748 51502.3 21552.4 17645.6
internal_count=177730 174947 173379 2078 171301 15288 12912 11255 2345 8910 2632 156013 63283 54838
is_linear=0
shrinkage=0.03


Tree=143
num_leaves=15
num_cat=0
split_feature=35 45 48 66 73 67 12 70 48 10 90 39 48 8
split_gain=86.6157 125.264 73.7794 225.914 226.34 199.88 289.407 233.503 172.505 167.399 140.282 161.98 134.398 141.031
threshold=0.99439000000000011 0.00023450000000000004 1755733.1100000001 1.0993300000000004 0.00088817000000000008 1.0943950000000002 42.255000000000003 35.735000000000007 1633819.9650000001 1.0286950000000001 0.77196300000000007 1.1355950000000001 3131303.0050000004 1.0286850000000003
decision_type=2 2 2 2 2 2 2 2 2 2 2 2 2 2
left_child=1 -1 8 4 5 7 -7 -4 -2 -9 -11 12 13 -12
right_child=2 -3 3 -5 -6 6 -8 9 -10 10 11 -13 -14 -15
leaf_value=-0.03088970409546352 0.0008828287593841711 0.0041731396761790981 -0.025286059751362212 -0.020272964934765127 -0.027660725170570867 0.035932261985943133 -0.0052588536438311021 0.024443086025590758 0.014511936366553617 -0.021495277539023444 -0.015987315847449328 -0.016918536965353934 -0.020806648114176374 0.0060166071813813849
leaf_weight=188.12378896400332 50036.17316506803 175.05604859441519 337.5907060354948 573.08371289074421 262.9293618015945 330.63058920204639 283.33395831286907 248.22447082400322 849.39168090373278 276.02666415274143 285.0955258384347 423.88358584791422 205.21026915684342 3065.024939853698
leaf_count=1405 138254 721 3081 4145 1731 1012 1646 1065 2083 2434 1577 1910 1724 15205
internal_value=0.000638496 -0.0139417 0.000731875 -0.00233124 -0.000524549 0.000782733 0.0168969 -0.0012578 0.0011112 0.000541966 -0.000850645 0.000578917 0.00267765 0.00413091
internal_weight=57539.8 363.18 57176.6 6291.03 5717.95 5455.02 613.965 4841.06 50885.6 4503.47 4255.24 3979.21 3555.33 3350.12
internal_count=177993 2126 175867 35530 31385 29654 2658 26996 140337 23915 22850 20416 18506 16782
is_linear=0
shrinkage=0.03


Tree=144
num_leaves=15
num_cat=0
split_feature=78 38 61 66 10 91 83 40 63 75 70 91 42 77
split_gain=80.7411 129.539 182.474 167.919 122.099 236.328 119.318 109.441 121.687 111.97 105.057 113.339 103.799 103.341
threshold=2.8969500000000004 1.0959150000000002 0.57876450000000013 1.0760450000000004 1.0206850000000003 -0.0018648299999999998 7.2197695000000008 1.2032750000000003 1.1918900000000001 -1.0957999999999999 33.545000000000009 -0.00038267999999999999 0.00038350000000000005 -34981458.119999997
decision_type=2 2 2 2 2 2 2 2 2 2 2 2 2 2
left_child=4 2 -2 -3 5 -1 10 8 9 -5 -4 -12 -6 -14
right_child=1 3 6 7 12 -7 -8 -9 -10 -11 11 -13 13 -15
leaf_value=0.020824748299210605 0.024327576299743546 0.002698383263126007 -0.015766956953302762 -0.024804122600285725 -0.013104302584992246 -0.018831221878171413 0.017636253202818312 0.0099794178907854861 0.0075101643988795437 -0.0073870220422269876 -0.014602802779402364 0.0059567200272168377 -0.0076381991488635682 0.0017198198475968764
leaf_weight=170.13858619332314 350.32316968217492 2738.9231078028679 388.71627812460065 358.22181402146816 441.4159334525466 636.56688499823213 329.93437276780605 348.67000073194504 456.27254977077246 4784.4891750365496 302.12003930658102 1176.9512437172234 1086.4316529259086 43757.922598555684
leaf_count=589 1349 6272 2016 1690 1356 4212 1096 708 1151 15893 1331 4437 5454 129779
internal_value=0.000586047 -0.00169325 0.00424824 -0.00343981 0.00114228 -0.010415 0.00102429 -0.0062715 -0.00729047 -0.00861065 -0.00190194 0.00172987 0.00134905 0.00149227
internal_weight=57327.1 11234.6 2548.05 8686.58 46092.5 806.705 2197.72 5947.65 5598.98 5142.71 1867.79 1479.07 45285.8 44844.4
internal_count=177333 35943 10229 25714 141390 4801 8880 19442 18734 17583 7784 5768 136589 135233
is_linear=0
shrinkage=0.03


Tree=145
num_leaves=15
num_cat=0
split_feature=35 34 50 9 60 3 41 86 39 64 12 71 70 82
split_gain=94.6633 153.718 111.556 155.542 115.021 99.6807 87.7804 176.276 156.045 147.926 138.677 138.422 130.611 98.8071
threshold=1.0323600000000004 1.0341250000000002 5730645.064100001 0.9894750000000001 0.094612500000000016 1.0199950000000002 37.215000000000011 1.9350000000000003 1.1217550000000003 1.0900450000000002 44.985000000000007 0.0024575000000000005 75.175000000000026 0.04500500000000001
decision_type=2 2 2 2 2 2 2 2 2 2 2 2 2 2
left_child=2 5 3 -1 -5 -2 7 -3 9 -9 -11 -10 13 -13
right_child=1 6 -4 4 -6 -7 -8 8 11 10 -12 12 -14 -15
leaf_value=0.013516577568869453 0.0030841663135613533 -0.02530202151480827 0.010773573919959794 -0.0064239530484489467 -0.02673112954230206 0.025757221456196536 0.0011292128829726287 -0.02020490899107057 0.018754889892736392 0.01098024900779567 -0.0099115140454920526 -0.010273016655699116 0.015280882664519709 0.0027710333188505363
leaf_weight=319.51890952885151 342.07293820381165 299.50008046627045 391.66824316233397 2409.4399557560682 280.98192688450217 363.22928798943758 48223.116721019149 631.08759348466992 413.59442896395922 446.81516334787011 787.78504840284586 934.72021995484829 421.59568524360657 1177.7799394354224
leaf_count=1251 1646 1385 1753 11078 2088 747 140522 3922 854 1876 4345 2718 841 2709
internal_value=0.000611154 0.00091718 -0.00424071 -0.00620734 -0.00856508 0.0148232 0.000732454 -0.00300328 -0.0016046 -0.00839573 -0.00232351 0.00268495 4.39448e-05 -0.00298852
internal_weight=57442.9 54041.3 3401.61 3009.94 2690.42 705.302 53336 5112.88 4813.38 1865.69 1234.6 2947.69 2534.1 2112.5
internal_count=177735 161565 16170 14417 13166 2393 159172 18650 17265 10143 6221 7122 6268 5427
is_linear=0
shrinkage=0.03


Tree=146
num_leaves=15
num_cat=0
split_feature=43 90 48 13 48 48 31 2 46 49 12 44 79 78
split_gain=96.8412 100.414 120.929 272.513 169.217 145.06 133.848 126.094 125.099 114.031 100.656 94.1986 86.0301 82.1641
threshold=0.0070030000000000014 0.10702950000000001 -4924591.919999999 0.00033150000000000003 -5413419.6049999995 -4577271.1499999994 0.00012350000000000005 1.1939450000000003 19.278150000000004 -0.96174999999999988 51.065000000000005 0.0041145800000000005 22306.222868000004 4.3544500000000008
decision_type=2 2 2 2 2 2 2 2 2 2 2 2 2 2
left_child=12 -2 3 7 -5 -4 9 8 11 -7 -6 -3 -1 -8
right_child=1 2 5 4 10 6 13 -9 -10 -11 -12 -13 -14 -15
leaf_value=0.0096271164932941623 0.013712595362741893 -0.0069389488714874936 0.0098804697515949454 0.0095950459439413834 -0.017132149377558858 -0.0029744692891270474 0.00067020320294862424 -0.023305839923843743 -0.021212106810862951 0.0082833733780671315 0.0025679061886812234 0.0078109618339090546 -0.0013330986115695181 -0.013936955641658519
leaf_weight=661.74514004588127 593.24988467991352 1566.302152723074 1994.2590696960688 1776.5402298420668 416.06955082714558 1018.2234333530068 20327.391400132328 467.5978973954916 420.99398948252201 3879.8351349011064 524.75579854846001 516.11628919839859 22824.34268566221 351.46141786873341
leaf_count=1376 1188 3838 4060 3626 1125 2457 65648 1335 1186 8295 1161 1075 80500 1090
internal_value=0.000456803 0.00148406 0.00126463 -0.00271529 0.00414233 0.00208691 0.00147771 -0.00899684 -0.00630393 0.00593681 -0.00612131 -0.00326687 -0.00102261 0.000419825
internal_weight=57338.9 33852.8 33259.5 5688.38 2717.37 27571.2 25576.9 2971.01 2503.41 4898.06 940.825 2082.42 23486.1 20678.9
internal_count=177960 96084 94896 13346 5912 81550 77490 7434 6099 10752 2286 4913 81876 66738
is_linear=0
shrinkage=0.03


Tree=147
num_leaves=15
num_cat=0
split_feature=89 78 63 61 78 35 48 76 43 38 37 37 10 9
split_gain=81.0253 111.265 103.231 100.517 89.3189 123.995 101.978 148.278 110.419 95.0212 106.407 91.7054 88.2184 197
threshold=0.0922795 -1.3936499999999998 1.0342250000000004 0.08118400000000002 -0.90604999999999991 1.1410150000000001 -5528097.3449999997 36.100000000000009 0.52024750000000008 1.0502250000000002 1.0864150000000004 1.1305450000000004 1.0206850000000003 0.9894750000000001
decision_type=2 2 2 2 2 2 2 2 2 2 2 2 2 2
left_child=3 -2 -3 -1 5 6 -5 9 -9 -8 -11 -12 13 -6
right_child=1 2 -4 4 12 -7 7 8 -10 10 11 -13 -14 -15
leaf_value=0.01152443788422064 0.016101629590530998 -0.0058132562280763644 0.012062383003745411 -0.017928253414524167 0.010262975112965221 0.0024101357463364986 0.015059295288850881 -0.016874538162416439 0.00021692333198292582 -0.016143129383357959 0.0093478386707095164 -0.0077733046511446373 0.0006741243559278896 -0.019511027432920682
leaf_weight=696.7415030002594 691.16202940046787 755.68835774064064 470.69237278401852 594.12425500154495 307.66768074780703 2193.304181355983 358.89423578977585 1045.6425340361893 498.88527393341064 366.70327284932137 689.89639197289944 472.90505812317133 47519.528634477407 562.96692560613155
leaf_count=1955 1298 1830 934 1620 1323 5256 825 4139 1186 1285 1825 1341 148848 4001
internal_value=0.000420444 0.00648192 0.00102732 0.000209633 6.45163e-05 -0.00331852 -0.00644586 -0.00444527 -0.011338 0.00117945 -0.00206553 0.00235829 0.000500071 -0.00895527
internal_weight=57224.8 1917.54 1226.38 55307.3 54610.5 6220.36 4027.05 3432.93 1544.53 1888.4 1529.5 1162.8 48390.2 870.635
internal_count=177666 4062 2764 173604 171649 17477 12221 10601 5325 5276 4451 3166 154172 5324
is_linear=0
shrinkage=0.03


Tree=148
num_leaves=15
num_cat=0
split_feature=35 39 37 35 47 48 70 39 70 45 72 68 78 48
split_gain=85.5683 89.8421 83.4441 96.2325 77.8534 76.5823 261.823 299.439 242.574 192.816 171.82 166.757 155.421 147.646
threshold=0.99638000000000015 0.99248000000000014 1.0008750000000002 1.0098350000000003 33.585000000000008 1755733.1100000001 42.595000000000006 1.1151850000000001 35.735000000000007 -0.0030344999999999994 0.17069350000000003 1.0754250000000003 1.1548500000000004 1633819.9650000001
decision_type=2 2 2 2 2 2 2 2 2 2 2 2 2 2
left_child=1 -1 -2 4 -4 13 7 8 10 11 -7 -8 -11 -5
right_child=2 -3 3 5 -6 6 9 -9 -10 12 -12 -13 -14 -15
leaf_value=0.00027611544303968091 0.014766015350308161 -0.025767608419595384 -0.029235110772598071 0.00070081141058910684 -0.00050832002905625213 -0.034034347938529969 0.00078263279805859069 0.034046206233453322 0.0037775733157389157 -0.0085615788553605153 0.0092028640382171688 -0.022006421507314303 0.012884664904687693 0.013352630267854357
leaf_weight=243.51952324062586 366.8329148888588 228.34819069877267 176.23258274421096 49001.897198520601 167.22210607677698 280.57688933983445 379.95479948818684 258.84484580159187 2636.9213601499796 838.90545419976115 115.24215707927942 1172.7144715450704 475.50438868254423 843.82151586562395
leaf_count=1180 1535 1636 1337 134306 717 2701 2059 745 14006 4183 780 8019 2130 2041
internal_value=0.000414782 -0.0122915 0.000521242 0.000427714 -0.0153777 0.000525451 -0.00262908 0.00313679 0.000478425 -0.00925791 -0.0213788 -0.0164135 -0.000776425 0.000915855
internal_weight=57186.5 471.868 56714.7 56347.8 343.455 56004.4 6158.66 3291.59 3032.74 2867.08 395.819 1552.67 1314.41 49845.7
internal_count=177375 2816 174559 173024 2054 170970 34623 18232 17487 16391 3481 10078 6313 136347
is_linear=0
shrinkage=0.03


Tree=149
num_leaves=15
num_cat=0
split_feature=83 73 73 60 6 39 82 90 48 13 34 84 83 85
split_gain=81.8236 104.921 146.05 139.205 144.543 101.085 99.0988 94.2709 118.838 107.584 122.927 129.888 118.186 99.0246
threshold=4.7543585000000013 0.0018199500000000001 -1.9219999999999996e-05 0.022872500000000004 1.1828450000000001 1.1808150000000002 0.028095000000000005 1.7193750000000001 -457508.84499999991 0.0029915000000000007 1.1170950000000002 56.845000000000006 5.5060610000000008 24.510000000000002
decision_type=2 2 2 2 2 2 2 2 2 2 2 2 2 2
left_child=-1 2 3 4 6 7 -2 8 -4 10 13 -12 -11 -9
right_child=1 -3 5 -5 -6 -7 -8 9 -10 12 11 -13 -14 -15
leaf_value=0.0010426562629508723 -0.017980452231589672 -0.01356413491429854 -0.0016771623501613611 0.001532529992092931 -0.020731279741900883 0.016283706847911937 -0.0023127506806267352 -0.00098248162774012973 0.020432932399565999 0.0045053054846046128 -0.0086088404033540476 0.0072193916618346283 -0.024033001046448246 0.017681209992531727
leaf_weight=46606.029928296804 443.99826911091805 647.34478091448545 407.94337493181229 2002.4265112504363 688.1184689104557 440.37136389315128 2019.9562128409743 443.50178385525942 464.76391618698835 208.7531178817153 1315.9375481754541 719.99950075894594 339.84245201945305 594.13669116050005
leaf_count=144865 2079 2684 1420 5136 1958 831 6322 1536 1340 1023 3455 1584 2010 1629
internal_value=0.000498312 -0.00186158 -0.00110652 -0.00463995 -0.00856991 0.002578 -0.00515435 0.00122523 0.0100732 -0.000900474 0.00127624 -0.00299574 -0.0131305 0.00968193
internal_weight=57343.1 10737.1 10089.7 5154.5 3152.07 4935.25 2463.95 4494.88 872.707 3622.17 3073.58 2035.94 548.596 1037.64
internal_count=177872 33007 30323 15495 10359 14828 8401 13997 2760 11237 8204 5039 3033 3165
is_linear=0
shrinkage=0.03


Tree=150
num_leaves=15
num_cat=0
split_feature=35 37 35 39 83 74 79 77 68 62 67 67 64 19
split_gain=82.1932 90.895 102.485 85.8773 76.5805 186.186 132.362 119.589 252.452 153.485 143.11 205.077 153.628 162.041
threshold=0.99638000000000015 1.0008750000000002 1.0098350000000003 0.99248000000000014 4.7543585000000013 -0.045408499999999997 4532166.4474680005 -34981458.119999997 1.0762050000000003 6.8750000000000011e-06 1.0735100000000002 1.0706250000000002 1.0950450000000003 38254.975000000013
decision_type=2 2 2 2 2 2 2 2 2 2 2 2 2 2
left_child=3 -2 -3 -1 7 -6 -7 8 -4 -10 11 -9 -12 -14
right_child=1 2 4 -5 5 6 -8 10 9 -11 12 -13 13 -15
leaf_value=0.00021551719412255075 0.015122262074599312 -0.015961803173306664 -0.025121553880459318 -0.025385101898267821 -0.019848101883803624 -0.0017798374382993099 0.012510205205722146 0.0027392161363320377 -0.009765472048025756 0.02167216748426725 -0.0029974304557797695 0.015972248660735322 0.0019847532808012582 -0.014642174962661793
leaf_weight=241.09903953224421 379.33340344578028 341.16207976266742 474.36014755815268 225.58326204493642 488.84408663585782 9584.7366413213313 619.8672297373414 11943.232096623629 304.17453806102276 255.99775503575802 9539.232208751142 1156.727931227535 21178.134268641472 539.65032608807087
leaf_count=1177 1560 2065 3111 1652 3180 27828 1737 35102 1330 908 35295 2915 57004 2978
internal_value=0.000399732 0.000503351 0.000404275 -0.0121229 0.000504647 -0.00177815 -0.000907724 0.00104312 -0.00903135 0.00456103 0.00127896 0.00391111 0.000174767 0.00156957
internal_weight=57272.1 56805.5 56426.1 466.682 56085 10693.4 10204.6 45391.5 1034.53 560.172 44357 13100 31257 21717.8
internal_count=177842 175013 173453 2829 171388 32745 29565 138643 5349 2238 133294 38017 95277 59982
is_linear=0
shrinkage=0.03


Tree=151
num_leaves=15
num_cat=0
split_feature=46 86 82 67 65 46 35 83 16 32 48 73 42 78
split_gain=80.968 143.405 122.993 112.974 189.404 163.79 160.171 98.3352 171.95 155.742 93.5826 90.7129 86.0449 83.4542
threshold=-0.37214999999999993 1.9350000000000003 0.16419500000000004 1.0934050000000002 1.0967400000000003 -1.2488499999999998 1.1616450000000003 2.9295375000000008 -0.00040949999999999998 1.3991375000000004 -3007746.2249999992 -0.0041698399999999984 0.008743500000000003 4.3544500000000008
decision_type=2 2 2 2 2 2 2 2 2 2 2 2 2 2
left_child=1 -1 3 5 -5 6 12 8 -6 -9 -7 -2 -3 -13
right_child=11 2 -4 4 7 10 -8 9 -10 -11 -12 13 -14 -15
leaf_value=-0.02202591040640571 -0.011623170391950894 -0.019065215843344977 0.018342087584142384 0.018171013407425638 0.018918020202022792 -0.00077017526385734754 0.012714134473694844 0.00099789109428661225 -0.0061694860673290573 -0.022991151128040774 -0.022454631304777033 0.0010695419061512825 -0.0021377075003031752 -0.011051567718975541
leaf_weight=332.10257433354855 520.76043773069978 384.98835503309965 260.05850985646248 509.47636801749468 421.05126394331455 243.1560505181551 504.5974867939949 581.69668887555599 585.88619178533554 415.16073268651962 712.25810149684548 50357.183522738516 919.32041807472706 515.07236112654209
leaf_count=1629 1977 1965 475 1848 1314 561 1064 1679 2214 2793 3451 150871 4362 1509
internal_value=0.000436132 -0.00290043 -0.00174425 -0.002743 0.0018506 -0.00692943 -0.00160124 -0.00229099 0.00429946 -0.00897578 -0.0169738 0.000817844 -0.0071679 0.000946013
internal_weight=57262.8 5869.75 5537.65 5277.59 2513.27 2764.32 1808.91 2003.79 1006.94 996.857 955.414 51393 1304.31 50872.3
internal_count=177712 23355 21726 21251 9848 11403 7391 8000 3528 4472 4012 154357 6327 152380
is_linear=0
shrinkage=0.03


Tree=152
num_leaves=15
num_cat=0
split_feature=83 79 72 19 19 90 19 77 68 62 73 0 83 79
split_gain=80.684 138.856 128.884 137.455 123.644 205.298 168.981 111.946 262.811 130.573 97.7501 95.7256 104.288 159.528
threshold=4.7543585000000013 4532166.4474680005 -0.31589799999999996 349495.61500000005 38254.975000000013 0.98287550000000012 -47746.604999999989 -34981458.119999997 1.0762050000000003 6.8750000000000011e-06 0.0018199500000000001 1.2132250000000002 4.1094470000000003 2028190.2318200001
decision_type=2 2 2 2 2 2 2 2 2 2 2 2 2 2
left_child=4 2 -2 10 6 -6 7 8 -1 -10 -4 12 -9 -14
right_child=1 -3 3 -5 5 -7 -8 11 9 -11 -12 -13 13 -15
leaf_value=-0.025058518684492131 -0.01409161095609978 0.011665514356848272 -0.0016726042781376024 0.015246381606656267 0.016838347007629942 -0.015873717860206582 0.022272074751129398 0.00038003928583087523 -0.0080393270769198288 0.020791051196708574 -0.014037465041937399 0.005416124785118724 0.0032189786852879192 0.022685132788530842
leaf_weight=476.60776538401842 830.91854899004102 635.47966548800468 8216.2356568090618 407.62021665275097 215.51173660159111 841.14795999228954 339.3874546289444 36679.016000717878 307.06661893427372 259.14789225161076 618.94555302709341 4521.3086520433426 2333.3055495545268 452.91099989414215
leaf_count=3172 4273 1791 23093 1225 880 4594 928 114524 1332 904 2606 9736 7260 1143
internal_value=0.000430769 -0.00191545 -0.00277623 -0.00175433 0.00097266 -0.00916393 0.0012096 0.0010497 -0.00865669 0.00511641 -0.00254371 0.00128069 0.00080603 0.00640105
internal_weight=57134.6 10709.2 10073.7 9242.8 46425.4 1056.66 45368.8 45029.4 1042.82 566.215 8835.18 43986.5 39465.2 2786.22
internal_count=177461 32988 31197 26924 144473 5474 138999 138071 5408 2236 25699 132663 122927 8403
is_linear=0
shrinkage=0.03


Tree=153
num_leaves=15
num_cat=0
split_feature=73 9 10 83 48 66 73 67 12 70 67 64 10 41
split_gain=83.914 96.5618 205.689 94.9892 90.5341 207.63 192.556 169.124 255.634 191.37 149.338 288.21 358.326 254.686
threshold=-0.0048325099999999991 0.9894750000000001 1.0174550000000002 2.8313155000000005 1755733.1100000001 1.0993300000000004 0.00088817000000000008 1.0943950000000002 42.205000000000005 35.735000000000007 1.0735100000000002 1.0594600000000003 1.0350550000000003 47.135000000000012
decision_type=2 2 2 2 2 2 2 2 2 2 2 2 2 2
left_child=-1 -2 3 -3 -4 6 7 9 -9 -6 11 12 -11 -13
right_child=1 2 4 -5 5 -7 -8 8 -10 10 -12 13 -14 -15
leaf_value=-0.014289289032387523 0.016277998074839869 -0.0068032893121732748 0.00069977268868458569 -0.03398550148791344 -0.024653497470575953 -0.020359864885092626 -0.026759927391110789 0.033107852832341966 -0.0061514699240341397 0.020237964062911701 -0.0052849828407256693 -0.011990854618749425 -0.024063947854818576 0.021823116500193092
leaf_weight=360.89927219226956 333.31507051736116 251.14663983508945 49718.510955698788 220.12423514202237 314.07663420215249 571.59787499159575 255.90790561214089 319.90029015392065 276.57728532329202 246.92592955380678 2513.4368205852807 251.42366913706064 484.16591230407357 959.41922809183598
leaf_count=1397 1246 1589 136618 1855 2978 4194 1699 975 1636 964 13993 1728 3625 3294
internal_value=0.000109589 0.000201991 0.000106137 -0.0196083 0.000273191 -0.00314596 -0.0013871 -0.00016669 0.0148739 -0.00205671 -0.000451866 0.00578767 -0.00905281 0.014773
internal_weight=57077.4 56716.5 56383.2 471.271 55911.9 6193.43 5621.83 5365.93 596.478 4769.45 4455.37 1941.93 731.092 1210.84
internal_count=177791 176394 175148 3444 171704 35086 30892 29193 2611 26582 23604 9611 4589 5022
is_linear=0
shrinkage=0.03


Tree=154
num_leaves=15
num_cat=0
split_feature=84 19 12 42 83 79 19 74 86 75 83 70 78 70
split_gain=82.6874 77.4749 98.1597 75.3259 84.2181 138.69 150.531 183.031 94.7489 90.5878 95.2733 114.4 104.373 111.661
threshold=96.600000000000009 -7153089.584999999 48.025000000000013 0.00038350000000000005 4.7543585000000013 4532166.4474680005 349495.61500000005 -0.031736499999999994 17.315000000000001 20.808750000000003 4.256834500000001 64.935000000000016 2.3949000000000003 41.595000000000006
decision_type=2 2 2 2 2 2 2 2 2 2 2 2 2 2
left_child=1 2 -1 -3 9 6 7 -6 -8 10 12 -12 13 -5
right_child=-2 3 -4 4 5 -7 8 -9 -10 -11 11 -13 -14 -15
leaf_value=-0.021464196676831727 -0.014683600665605472 -0.011480504965885324 0.003525397573185918 0.0052959055115467998 -0.018671892087445345 0.011953370887732793 0.024719591262932036 -0.0024357303911374095 0.00040994851273943271 0.011309894052926841 0.0018902044003497713 0.01632955702849697 -0.0023164775676687991 0.00064061710210308446
leaf_weight=323.79539693146944 329.04339412972331 468.199368968606 247.00829101726413 5551.2242534458637 673.4043940640986 617.17943163961172 277.97423812001944 8674.0698775798082 304.27945925295353 775.97791959345341 1367.8827260509133 777.14620371162891 8475.2130515351892 28282.067391499877
leaf_count=2809 1180 1422 1377 24171 4283 1722 824 24149 1273 1564 4555 1836 27927 78667
internal_value=0.000286769 0.000374254 -0.0106105 0.000486454 0.000587649 -0.00182519 -0.00268573 -0.00361049 0.0120896 0.00115098 0.000972723 0.00714075 0.000659136 0.00140546
internal_weight=57144.5 56815.4 570.804 56244.6 55776.4 10546.9 9929.73 9347.47 582.254 45229.5 44453.5 2145.03 42308.5 33833.3
internal_count=177759 176579 4186 172393 170971 32251 30529 28432 2097 138720 137156 6391 130765 102838
is_linear=0
shrinkage=0.03


Tree=155
num_leaves=15
num_cat=0
split_feature=43 77 19 77 41 88 75 2 64 34 74 86 41 76
split_gain=89.3247 105.125 155.042 154.754 168.738 253.337 257.404 198.873 154.372 154.081 144.284 108.4 100.044 264.558
threshold=0.0047570000000000008 -4693568.1549999993 -1387618.1249999998 -3963823.6899999995 52.555000000000007 0.0011302800000000002 11.383800000000003 1.1851950000000002 1.1785500000000002 1.0600450000000003 -0.041958499999999996 19.515000000000004 70.975000000000009 95.145000000000024
decision_type=2 2 2 2 2 2 2 2 2 2 2 2 2 2
left_child=-1 2 -2 4 -3 7 -7 11 10 -4 -5 -6 -12 -14
right_child=1 3 9 8 5 6 -8 -9 -10 -11 12 -13 13 -15
leaf_value=-0.00095508749967505413 0.0056872960920678816 0.0088214701953017605 -0.032973516266405462 -0.016744998460217646 -0.024997339660592054 -0.036551880066852366 -0.0052219139422396785 0.017182425744758468 0.011658805199386911 0.0040568864524668929 0.0018966074282042336 -0.00049014468508949466 -0.0095535943972765713 0.0096068468003999014
leaf_weight=23140.081175271422 6952.0678727068007 514.74339965730906 190.23489217460155 414.58445995301008 263.4198854714632 496.63243886083364 454.47267125546932 376.0681287497282 1233.8890909701586 211.58082611113787 19326.667221754789 427.96045632660389 2196.1785395815969 917.98534493148327
leaf_count=80853 21015 1803 1161 2352 1199 2482 1130 706 2606 1084 51705 1584 5873 1916
internal_value=0.000481687 0.0014611 0.0046365 0.000582703 -0.00646701 -0.010383 -0.021634 -0.000319249 0.00132555 -0.0134386 0.000765896 -0.00989347 0.00109147 -0.00389463
internal_weight=57116.6 33976.5 7353.88 26622.6 2533.3 2018.55 951.105 1067.45 24089.3 401.816 22855.4 691.38 22440.8 3114.16
internal_count=177469 96616 23260 73356 8904 7101 3612 3489 64452 2245 61846 2783 59494 7789
is_linear=0
shrinkage=0.03


Tree=156
num_leaves=15
num_cat=0
split_feature=86 42 48 64 39 45 63 88 48 91 19 48 45 78
split_gain=82.284 118.549 106.585 197.549 255.847 157.988 146.026 123.168 116.827 216.097 115.878 112.641 112.438 113.573
threshold=23.665000000000003 0.00043850000000000003 2087331.0000000002 1.0586450000000003 1.1287950000000002 -0.020004499999999998 1.0746000000000002 0.018586545000000003 171096.96000000005 -0.0016898449999999997 -435345.64999999997 275342.7950000001 -0.0015344999999999996 0.64330000000000009
decision_type=2 2 2 2 2 2 2 2 2 2 2 2 2 2
left_child=1 -1 8 -4 5 6 -5 -7 -2 -10 11 -11 13 -13
right_child=2 -3 3 4 -6 7 -8 -9 9 10 -12 12 -14 -15
leaf_value=-0.015374306867650478 0.0012855538005090987 -0.00042552954286586073 -0.024723056515945606 0.032839156938117897 -0.02989749650930015 -0.0066650510776623774 0.0025324247462480487 0.020669013114889865 0.030754896468910022 0.021811663063234524 -0.012347211096990352 0.0069955708985419938 0.011884093305080187 -0.0076013696438576367
leaf_weight=484.66226732730865 21280.951080277562 28890.048853423446 364.1492430344224 255.65954735502601 239.73434840142727 1097.5536120347679 329.09742273017764 170.22889908403158 312.99983414262533 381.34481681138277 321.45383085310459 1008.3775894530118 1159.726508859545 913.18835242837667
leaf_count=1531 57226 91052 2773 875 1952 6928 1611 683 950 984 1357 2750 3297 3899
internal_value=0.000433079 -0.00067371 0.00160217 -0.00435957 -0.000790966 0.00297358 0.0158674 -0.00295778 0.00218056 0.00682061 0.00482536 0.00643135 0.00451167 4.26976e-05
internal_weight=57209.2 29374.7 27834.5 2456.42 2092.27 1852.54 584.757 1267.78 25378 4097.09 3784.09 3462.64 3081.29 1921.57
internal_count=177868 92583 85285 14822 12049 10097 2486 7611 70463 13237 12287 10930 9946 6649
is_linear=0
shrinkage=0.03


Tree=157
num_leaves=15
num_cat=0
split_feature=89 87 55 39 39 38 82 88 90 88 62 19 60 79
split_gain=73.7761 99.6185 79.717 74.3858 194.916 98.9224 83.8185 78.2905 205.206 154.085 124.578 115.111 118.347 165.486
threshold=0.097517500000000021 21.181000000000001 96.645000000000024 1.0117850000000002 0.99248000000000014 1.0134450000000002 0.061825000000000012 -0.074298914999999979 1.5197805000000002 -0.065829034999999994 9.3500000000000005e-07 -6561010.9649999989 0.021056500000000002 662248.34552450012
decision_type=2 2 2 2 2 2 2 2 2 2 2 2 2 2
left_child=2 -2 3 4 -1 -5 -6 8 -7 10 -9 -10 -13 -14
right_child=1 -3 -4 5 6 7 -8 9 11 -11 -12 12 13 -15
leaf_value=0.0093242760910844501 0.0139737770421246 -0.0031529502547372693 -0.010404129073208241 0.016337003374918731 -0.037540268629108434 0.015975279965857014 -0.011524470917492568 0.029144877401816944 -0.034771857888836154 0.00046379887627501888 0.0016846869880912669 -0.017084697778229459 0.023003477597858178 -0.015045294062795655
leaf_weight=342.1473485827446 810.24902530014515 485.97873058915138 618.7479584030807 354.18473233282566 163.41526517644525 290.22519883513451 368.24152607470751 305.37384702265263 172.51234139874578 52027.968713417649 293.9106655344367 560.15726729482412 206.20536956936121 202.70130525529385
leaf_count=1369 1565 1149 2109 1547 1213 910 2220 941 1665 156588 1164 3235 875 1158
internal_value=0.000458336 0.00753206 0.000293657 0.00041411 -0.00826231 0.000554143 -0.0196327 0.000449881 -0.00646736 0.000638764 0.0157526 -0.0122082 -0.00812885 0.00407824
internal_weight=57202 1296.23 55905.8 55287 873.804 54413.2 531.657 54059.1 1431.8 52627.3 599.285 1141.58 969.064 408.907
internal_count=177708 2714 174994 172885 4802 168083 3433 166536 7843 158693 2105 6933 5268 2033
is_linear=0
shrinkage=0.03


Tree=158
num_leaves=15
num_cat=0
split_feature=48 71 89 68 35 62 2 31 14 48 47 9 70 88
split_gain=74.7545 145.025 227.196 182.223 105.085 84.8985 86.7452 119.447 130.748 113.651 103.276 189.535 76.7991 88.1322
threshold=2984197.6250000005 0.0048865000000000011 0.010156000000000002 1.1036250000000003 1.0688350000000002 -0.0015555749999999998 0.9955250000000001 0.053928500000000004 -0.29445099999999996 1357862.9500000004 43.735000000000007 0.9894750000000001 40.135000000000012 -0.00010517499999999998
decision_type=2 2 2 2 2 2 2 2 2 2 2 2 2 2
left_child=5 3 -3 -2 -4 12 10 -8 -9 -10 11 -7 -1 -14
right_child=1 2 4 -5 -6 6 7 8 9 -11 -12 -13 13 -15
leaf_value=0.017816608993197196 -0.026488705251510307 0.017209916799985656 -0.024741255230486512 0.017020472204144939 0.00052823212292974115 0.0068479089480919719 0.00021616389042852281 0.029140978007618876 0.016117051153194173 -0.0078977567550421717 0.010027146615407616 -0.022204458370518213 -0.0091109096554722237 0.0067908890429179509
leaf_weight=413.02339953556657 459.15713829919696 429.28932026028633 279.82471879199147 105.11461117863655 308.53102825582027 300.75373256951571 51062.419278547168 257.66066725924611 354.65017233043909 351.19927814975381 226.68574780970812 604.55231231451035 392.06916583329439 1532.8595246076584
leaf_count=1546 5289 1974 2645 523 2069 1246 147824 907 1082 1767 1067 4704 1379 3574
internal_value=0.000297818 -0.00612923 0.000609429 -0.0183148 -0.0114607 0.000481669 0.000234948 0.000414327 0.010874 0.00413164 -0.00797582 -0.0125229 0.00607603 0.00353339
internal_weight=57077.8 1581.92 1017.65 564.272 588.356 55495.9 53157.9 52025.9 963.51 705.849 1131.99 905.306 2337.95 1924.93
internal_count=177596 12500 6688 5812 4714 165096 158597 151580 3756 2849 7017 5950 6499 4953
is_linear=0
shrinkage=0.03


Tree=159
num_leaves=15
num_cat=0
split_feature=63 71 75 68 78 72 79 87 67 77 87 62 37 84
split_gain=68.7944 78.7659 70.4311 90.2826 74.4117 119.894 283.106 167.66 123.611 111.918 161.477 153.719 119.428 107.047
threshold=1.2083400000000002 0.0053035000000000009 21.901150000000005 1.0461950000000002 2.3949000000000003 -0.25517549999999994 1120863.462732 307.45350000000002 1.0317050000000003 -3680539.9949999996 155.02300000000002 9.3500000000000005e-07 1.1746550000000002 9.5400000000000009
decision_type=2 2 2 2 2 2 2 2 2 2 2 2 2 2
left_child=2 -2 4 -4 -1 6 -6 -8 -7 10 11 12 -10 -12
right_child=1 -3 3 -5 5 8 7 -9 9 -11 13 -13 -14 -15
leaf_value=0.00071446233658936187 0.015100819597363676 -0.00015360810162396978 0.00080647955313535959 0.017298779799463433 -0.0225772213233663 0.0082860919318779609 0.0017282492054522449 0.020224984100077295 0.017667044282110744 -0.00097302554705772971 0.0050285234717164706 -0.0071812374582244818 -0.0044751140846974588 -0.012832050220826809
leaf_weight=39731.220890115947 602.70812283456326 607.15484435856342 779.19422540068626 487.75963321328163 291.61529609188437 833.31713737547398 1102.7456277795136 738.72301605716348 552.36616599932313 6480.2113753296435 333.29975732788444 1287.1583395823836 359.54015456140041 2953.8598630391061
leaf_count=123243 1155 1513 1768 910 1671 1767 4249 2216 1664 19941 1055 4443 878 11248
internal_value=0.00035175 0.00742699 0.000198037 0.00718808 3.53508e-05 -0.00176945 0.00480862 0.00917163 -0.00286832 -0.00364823 -0.0068019 -0.000494388 0.00890879 -0.011011
internal_weight=57140.9 1209.86 55931 1266.95 54664.1 14932.8 2133.08 1841.47 12799.8 11966.4 5486.22 2199.06 911.906 3287.16
internal_count=177721 2668 175053 2678 172375 49132 8136 6465 40996 39229 19288 6985 2542 12303
is_linear=0
shrinkage=0.03


Tree=160
num_leaves=15
num_cat=0
split_feature=84 9 90 10 90 48 0 61 89 3 72 64 60 19
split_gain=84.9629 97.9439 75.5926 72.51 97.5056 137.966 210.579 162.266 154.246 150.751 146.045 130.022 232.225 129.378
threshold=94.010000000000005 1.1724050000000001 5.5593255000000008 1.2194350000000003 1.8429180000000003 1755733.1100000001 1.0516450000000002 0.30932000000000009 0.0048035000000000013 1.0199950000000002 0.35656150000000003 1.0746050000000003 0.038311500000000005 -461583.74999999994
decision_type=2 2 2 2 2 2 2 2 2 2 2 2 2 2
left_child=2 -2 3 4 -1 7 9 -6 -9 -7 13 -12 -13 -10
right_child=1 -3 -4 -5 5 6 -8 8 10 -11 11 12 -14 -15
leaf_value=0.0011582730974706045 -0.02147571457575409 0.0012664201845148959 0.01460627557857294 0.0053595313874950394 0.010790100480153757 -0.015537134298776326 -0.026746685426006032 0.01762042847437427 -0.0033914792216260541 0.012048043535047371 0.0043414652205947604 -0.0062054495477935744 0.0095195860583351735 -0.016017663100642884
leaf_weight=31646.030703298748 344.09865083545446 331.9014565050602 334.6675168722868 2460.2735400348902 1019.251940511167 337.80073050782084 478.4339122325182 372.11355279386044 8991.0286562591791 375.02496740967035 4707.3779854550958 3750.2404861748219 1089.0213243067265 796.08981542289257
leaf_count=101990 1604 747 669 5300 2523 1990 3763 1208 27830 1803 10401 11026 2228 4603
internal_value=0.000282679 -0.0102801 0.000410091 0.000324491 9.25619e-05 -0.00144488 -0.0113708 -0.000872381 -0.00147764 -0.000985713 -0.00184766 0.00078969 -0.00265927 -0.0044231
internal_weight=57033.4 676 56357.4 56022.7 53562.4 21916.4 1191.26 20725.1 19705.9 712.826 19333.8 9546.64 4839.26 9787.12
internal_count=177685 2351 175334 174665 169365 67375 7556 59819 57296 3793 56088 23655 13254 32433
is_linear=0
shrinkage=0.03


Tree=161
num_leaves=15
num_cat=0
split_feature=35 37 79 35 62 19 34 43 19 13 42 75 13 31
split_gain=65.7222 99.1408 88.2772 86.8776 68.0765 104.359 86.0061 120.392 90.9682 79.2796 64.01 67.4243 108.978 110.713
threshold=0.99638000000000015 1.0008750000000002 929806.88195600011 1.0098350000000003 -0.0015555749999999998 -4021109.6699999995 1.1933850000000004 -0.0022654999999999997 -5430358.7999999998 0.00035950000000000006 0.00038350000000000005 17.094100000000005 0.00015650000000000004 0.00036250000000000003
decision_type=2 2 2 2 2 2 2 2 2 2 2 2 2 2
left_child=2 -2 -1 -3 5 6 7 9 -9 -5 -6 -12 -13 -14
right_child=1 3 -4 4 10 -7 -8 8 -10 -11 11 12 13 -15
leaf_value=-0.027988001436417945 0.015630652045135335 -0.014937069267322748 -0.00082831887165192488 -0.0015352330858135186 -0.01068576250543693 0.02025465459232479 0.01657490219415109 0.014019968669240827 -0.0033410033726003923 -0.023190812470634495 7.3837031735311266e-06 0.016819713195199183 0.00058372349284735784 0.015248553836332727
leaf_weight=169.61514740437269 386.38053798675537 329.36485934630036 298.79840914532542 382.52778025716543 474.79509192705154 361.87255822867155 338.84637708961964 595.42565151304007 494.12552998960018 255.43774740025401 47728.269879132509 504.95247229933739 4309.9785312861204 518.90385457873344
leaf_count=1199 1554 2012 1638 909 1435 1141 634 1381 1671 1587 150865 940 9783 991
internal_value=0.000410738 0.000503817 -0.0107656 0.000399185 0.000490243 0.00540278 0.00277879 4.73519e-05 0.00612319 -0.0102757 0.000266771 0.000365538 0.00356415 0.00216862
internal_weight=57149.3 56680.9 468.414 56294.5 55965.1 2428.24 2066.36 1727.52 1089.55 637.966 53536.9 53062.1 5333.83 4828.88
internal_count=177740 174903 2837 173349 171337 7323 6182 5548 3052 2496 164014 162579 11714 10774
is_linear=0
shrinkage=0.03


Tree=162
num_leaves=15
num_cat=0
split_feature=86 17 16 48 4 86 79 77 34 48 64 64 44 19
split_gain=79.8213 97.4183 96.714 96.9906 109.912 100.678 94.651 132.809 102.836 171.895 156.147 116.276 139.843 100.935
threshold=23.665000000000003 0.68325000000000014 0.0021535000000000005 2984197.6250000005 530.65500000000009 24.395000000000003 1756815.1941955003 -35999421.06499999 1.1065050000000003 -3007746.2249999992 1.1039000000000001 1.1234650000000002 -0.00047102499999999997 -2515759.8999999999
decision_type=2 2 2 2 2 2 2 2 2 2 2 2 2 2
left_child=1 -1 3 5 -5 -2 13 -8 11 -10 -11 12 -9 -7
right_child=2 -3 -4 4 -6 6 7 8 9 10 -12 -13 -14 -15
leaf_value=-0.00099784116452637924 0.01324755383430239 0.010654311732142778 -0.0072347280586090223 -0.024349973658722449 0.00011858948523698889 0.0015407324910025892 -0.010656043221291649 0.023180247526001719 0.0096224044043909628 -0.01356132494992424 0.0053643350131431762 0.025751271281813707 0.0035010155115542791 -0.0057893216904792086
leaf_weight=28671.102190293372 717.51988337934017 659.3026115745306 1090.9828124195337 264.60550630837679 430.75660294294357 17397.598394159228 440.17344253510237 424.26690991595387 1701.7447057962418 787.35883726924658 777.51161967217922 414.17729726433754 1403.1479415595531 1870.5818706825376
leaf_count=90325 1825 2310 4373 2532 3236 45601 2277 1491 3483 2914 2035 979 5776 8507
internal_value=0.000355674 -0.000734541 0.00151027 0.00186993 -0.00917093 0.00216747 0.00185049 0.0051591 0.00643007 0.0030204 -0.00414146 0.011382 0.00809649 0.0008273
internal_weight=57050.8 29330.4 27720.4 26629.4 695.362 25934.1 25216.6 5948.38 5508.21 3266.62 1564.87 2241.59 1827.41 19268.2
internal_count=177664 92635 85029 80656 5768 74888 73063 18955 16678 8432 4949 8246 7267 54108
is_linear=0
shrinkage=0.03


Tree=163
num_leaves=15
num_cat=0
split_feature=55 90 19 63 40 19 6 89 84 84 83 5 60 65
split_gain=69.4688 71.565 59.7081 313.242 153.671 105.841 235.81 100.376 76.6925 182.289 162.743 102.733 98.9816 115.421
threshold=96.645000000000024 5.5593255000000008 349495.61500000005 1.0926200000000004 1.0919550000000002 84525.860000000015 1.0819050000000001 0.0099130000000000017 42.090000000000011 49.390000000000008 5.6912235000000004 1.0198650000000002 0.00037650000000000004 1.0450150000000002
decision_type=2 2 2 2 2 2 2 2 2 2 2 2 2 2
left_child=1 2 5 -4 -5 8 -7 -8 -1 10 12 -11 -10 -14
right_child=-2 -3 3 4 -6 6 7 -9 9 11 -12 -13 13 -15
leaf_value=0.001746368740740594 -0.0093810356467906031 0.014216292438063593 0.030144696143949448 0.0092461945548661696 -0.023553375607636141 0.019848916322640329 -0.028240624171936853 -0.0038997576273097439 0.0086997663875279102 -0.010696256078729337 -0.020374214318007202 0.00082884870239213217 0.010576702645599706 -0.0075670952329543149
leaf_weight=25260.535230703652 635.88139285519719 343.44958707690239 350.56254517287016 263.6939795166254 247.72026042640209 181.05794819816947 393.06570195406675 254.38809132575989 494.98649886623025 715.62987836450338 618.88823880255222 24011.868559941649 350.69824013113976 2983.2280878424644
leaf_count=76381 2159 692 791 1171 1398 654 2689 1407 1292 4281 2003 71587 1077 10153
internal_value=0.00046886 0.000580471 0.000496244 0.0083281 -0.00659777 0.000373396 -0.0102602 -0.018744 0.000535976 -0.000511001 -0.00610207 0.000493672 -0.00378264 -0.00564694
internal_weight=57105.7 56469.8 56126.3 861.977 511.414 55264.3 828.512 647.454 54435.8 29175.3 4447.8 24727.5 3828.91 3333.93
internal_count=177735 175576 174884 3360 2569 171524 4750 4096 166774 90393 14525 75868 12522 11230
is_linear=0
shrinkage=0.03


Tree=164
num_leaves=15
num_cat=0
split_feature=89 84 84 48 39 77 48 70 90 48 64 68 12 10
split_gain=66.9857 68.4525 143.579 129.621 152.77 138.74 120.078 117.056 159.138 110.75 101.105 147.075 135.498 121.727
threshold=0.097517500000000021 42.090000000000011 49.390000000000008 -711570.97499999986 1.1432450000000003 -4037255.7699999996 2274973.1600000006 41.475000000000001 1.7432070000000002 2469433.0550000002 1.0579050000000001 1.0754250000000003 47.545000000000009 1.1342850000000002
decision_type=2 2 2 2 2 2 2 2 2 2 2 2 2 2
left_child=1 6 3 4 -3 -6 -1 8 -5 -8 12 -12 -11 -13
right_child=-2 2 -4 7 5 -7 9 -9 -10 10 11 13 -14 -15
leaf_value=0.0019388298931526391 0.0071244447784349109 -0.015759206552226374 9.4310597842184812e-05 0.024283363088655079 -0.012394959509184516 0.0068151087994551673 -0.027808758968532014 -0.0053678948938433741 -0.005453895512420209 -0.03338324763292521 0.015200041628262191 -0.0097598879074808926 0.0050832676645523574 0.015570920995627199
leaf_weight=23619.8697071895 1280.3143542408943 1587.2155496701598 25355.246681973338 359.79772974923253 626.50517609715462 731.83835558593273 181.93453294783831 1002.8879099041224 290.89520603045821 206.91683042049408 412.73618160188198 1015.5956812910736 134.13189727067947 203.52792566269636
leaf_count=66787 2694 5010 79785 1475 1654 1550 1259 4004 1592 1822 1934 6674 727 779
internal_value=0.000341962 0.000185479 -0.000789191 -0.00566546 -0.00943899 -0.00202563 0.00131935 0.00103993 0.0109552 -0.00545475 -0.0033651 -0.000237843 -0.0181963 -0.00549712
internal_weight=57009.4 55729.1 29954.4 4599.14 2945.56 1358.34 25774.7 1653.58 650.693 2154.84 1972.91 1631.86 341.049 1219.12
internal_count=177746 175052 95070 15285 8214 3204 79982 7071 3067 13195 11936 9387 2549 7453
is_linear=0
shrinkage=0.03


Tree=165
num_leaves=15
num_cat=0
split_feature=19 78 42 75 68 83 74 8 35 35 41 35 43 19
split_gain=76.3287 109.677 128.807 72.6697 76.9142 70.625 141.85 125.024 261.831 189.778 167.352 120.358 113.928 146.665
threshold=-7153089.584999999 -0.29329999999999995 0.00085250000000000007 21.901150000000005 1.0461950000000002 4.7543585000000013 -0.045408499999999997 1.1825450000000002 1.1498550000000003 1.1854550000000001 71.195000000000007 1.1790150000000001 -0.44805249999999991 -2228716.0949999993
decision_type=2 2 2 2 2 2 2 2 2 2 2 2 2 2
left_child=1 -1 -3 5 -5 -2 -7 11 10 -10 -9 12 -8 -14
right_child=3 2 -4 4 -6 6 7 8 9 -11 -12 -13 13 -15
leaf_value=0.011646637429465864 0.00066798094269228349 0.0051274287475638813 -0.030017519820669147 0.0015810299516943321 0.016842658813933601 -0.018069133456661821 -0.012620419203744538 0.0073001793433763408 -0.026823690956894398 -0.0027817683939444999 -0.013207894529147076 0.010079226127924614 -0.0036577348552500459 0.0070113231643023754
leaf_weight=144.368552852422 45260.323132883757 137.61791878938675 283.76148981228471 783.97820997238159 482.86229594051838 477.36839890107512 648.45681780949235 1193.717390820384 725.50964322686195 503.54319018125534 510.08169692754745 1092.2586877271533 2789.006897367537 1982.246023312211
leaf_count=679 139821 606 2925 1765 909 3169 2898 2527 2173 1192 1332 2267 8147 7380
internal_value=0.000218177 -0.010735 -0.0184836 0.000328671 0.00743043 0.000164959 -0.0021264 -0.00131561 -0.00645904 -0.0170084 0.00113875 0.000996912 -0.000829475 0.000769044
internal_weight=57015.1 565.748 421.379 56449.4 1266.84 55182.5 9922.19 9444.82 2932.85 1229.05 1703.8 6511.97 5419.71 4771.25
internal_count=177790 4210 3531 173580 2674 170906 31085 27916 7224 3365 3859 20692 18425 15527
is_linear=0
shrinkage=0.03


Tree=166
num_leaves=15
num_cat=0
split_feature=90 67 10 61 63 38 61 75 78 77 50 60 60 48
split_gain=65.846 63.5402 117.656 118.59 104.521 126.873 230.265 112.053 97.4991 126.182 238.796 164.375 223.872 202.489
threshold=5.5593255000000008 1.0377550000000002 1.0174550000000002 0.065476500000000007 1.0181250000000002 1.0189150000000002 1.6354625000000003 21.901150000000005 2.9418000000000002 -3680539.9949999996 2818113.3935415004 0.018075500000000005 0.047577500000000009 -2744029.1899999999
decision_type=2 2 2 2 2 2 2 2 2 2 2 2 2 2
left_child=1 -1 -3 -4 -5 6 -6 8 -7 11 -11 -10 13 -13
right_child=-2 2 3 4 5 7 -8 -9 9 10 -12 12 -14 -15
leaf_value=0.0030441703192011227 0.013153880518515924 -0.012960723859161938 0.01535409162979429 -0.016397758972115831 0.022365111570831146 0.00022052803082027081 -0.012357132426603553 0.012478010937731092 -0.01088569822398772 -0.0024992442137402467 0.01720367195739567 -0.0052167754141703767 -0.019559268034909549 0.021985616142208172
leaf_weight=5998.7960002496839 350.34657022356987 643.13870248571038 444.38989520817995 354.7713419161737 559.49159011617303 38540.781330358237 245.94976668432355 611.05274046957493 2970.0586333721876 4220.8642585575581 636.15010659769177 467.38458451628685 327.70557590201497 515.6050032004714
leaf_count=14140 711 4324 1175 1687 2059 120440 1533 1218 9788 14002 1803 1204 1872 1584
internal_value=0.000205946 0.000124948 -0.000221024 -5.59513e-05 -0.000195351 -7.73261e-05 0.0117229 -0.000275007 -0.000439339 -0.00322549 7.81907e-05 -0.00698005 0.00184889 0.00902898
internal_weight=56886.5 56536.1 50537.3 49894.2 49449.8 49095 805.441 48289.6 47678.5 9137.77 4857.01 4280.75 1310.7 982.99
internal_count=177540 176829 162689 158365 157190 155503 3592 151911 150693 30253 15805 14448 4660 2788
is_linear=0
shrinkage=0.03


Tree=167
num_leaves=15
num_cat=0
split_feature=48 82 90 38 39 68 40 86 42 10 86 16 43 82
split_gain=74.1961 173.655 222.792 260.722 227.054 150.974 96.0566 82.7311 107.055 106.256 94.4162 88.0576 82.4792 126.586
threshold=2984197.6250000005 0.011540000000000002 1.3610990000000003 1.0765050000000003 1.0862150000000002 1.1025700000000003 1.0542150000000003 23.665000000000003 0.00043850000000000003 1.0174550000000002 24.395000000000003 0.0021535000000000005 -0.27710949999999995 0.16726000000000005
decision_type=2 2 2 2 2 2 2 2 2 2 2 2 2 2
left_child=7 5 -3 -4 -5 6 -2 8 -1 -10 -9 -12 13 -11
right_child=1 2 3 4 -6 -7 -8 10 9 12 11 -13 -14 -15
leaf_value=-0.014392236037454448 0.0025189086260307609 0.032422634383560307 -0.024970285440217808 0.029594883885499395 -0.013999029476513691 0.014072760333508856 -0.031135031236470823 0.012150001819863844 -0.015783376891207446 -0.0062160683965933345 0.0017611640281230286 -0.0070442447090284946 0.0004997274031426634 0.012447466544288533
leaf_weight=497.4683403968811 90.91088405251503 175.21915805339813 331.92945126444101 241.91222191601992 191.06321284919977 104.93845771625638 423.62855554372072 757.0282217040658 395.49621998891234 3274.5685972757638 25276.363777231425 1063.0610762313008 23890.220858499408 361.49190634489059
leaf_count=1561 749 541 3268 996 1405 550 4996 1966 2649 11035 73300 4268 69806 712
internal_value=0.000338003 -0.00611178 0.00198742 -0.00497853 0.0103007 -0.0184349 -0.0251374 0.000519844 -0.000610202 -0.000363073 0.00170614 0.00140438 -0.00013986 -0.00434941
internal_weight=57075.3 1559.6 940.124 764.905 432.975 619.478 514.539 55515.7 28419.2 27921.8 27096.5 26339.4 27526.3 3636.06
internal_count=177802 12505 6210 5669 2401 6295 5745 165297 85763 84202 79534 77568 81553 11747
is_linear=0
shrinkage=0.03


Tree=168
num_leaves=15
num_cat=0
split_feature=35 45 37 35 47 19 12 75 62 85 76 34 60 75
split_gain=70.8693 92.6575 70.6232 71.175 75.6133 60.5476 177.498 103.579 183.155 189.277 88.765 74.6638 84.626 183.475
threshold=0.99638000000000015 0.00053650000000000019 1.0008750000000002 1.0098350000000003 33.585000000000008 -6820030.3549999995 44.375000000000007 -6.3695499999999994 -0.00072338999999999986 17.400000000000002 66.365000000000023 1.0175050000000001 0.065810500000000008 -4.6016999999999992
decision_type=2 2 2 2 2 2 2 2 2 2 2 2 2 2
left_child=1 -1 -2 4 -4 6 -5 8 -7 -10 -11 -9 13 -13
right_child=2 -3 3 5 -6 7 -8 11 9 10 -12 12 -14 -15
leaf_value=-0.022295200373922922 0.013504760808606809 0.00547635346840289 -0.027736849658649469 -0.026534106873167582 0.00052525129405622828 0.032412985343789606 0.0042332380662815274 -0.012663494466635766 -0.017144076879230065 0.0014666704241437095 0.025496837544122339 -0.019218209509905784 0.0050077460940178261 0.00026293904973483269
leaf_weight=277.38930960744619 365.74818626791239 173.85390181094408 166.62113135680556 285.48779194802046 169.04975296184421 245.51984395831823 406.92708862572908 395.49718347191811 279.25445682555437 291.58934285491705 267.41677946597338 437.91690841689706 3363.2146197259426 49840.288403626531
leaf_count=2044 1496 737 1335 2351 726 809 1896 1916 1486 1289 929 2852 12264 145656
internal_value=0.000285844 -0.0115407 0.000381007 0.000294747 -0.0134552 0.000378218 -0.00842907 0.000489549 0.00966892 0.00294093 0.0130408 0.000304714 0.000401122 9.22851e-05
internal_weight=56965.8 451.243 56514.5 56148.8 335.671 55813.1 692.415 55120.7 1083.78 838.261 559.006 54036.9 53641.4 50278.2
internal_count=177786 2781 175005 173509 2061 171448 4247 167201 4513 3704 2218 162688 160772 148508
is_linear=0
shrinkage=0.03


Tree=169
num_leaves=15
num_cat=0
split_feature=55 86 42 63 66 86 70 43 71 87 87 75 78 48
split_gain=75.7886 65.622 99.3275 96.3308 87.6458 87.5002 82.6588 81.3378 131.077 140.891 107.18 97.9401 126.454 126.032
threshold=96.645000000000024 23.665000000000003 0.00041150000000000003 0.99941000000000002 1.0146050000000002 24.395000000000003 61.415000000000006 -0.24544349999999995 0.025405500000000004 906.69650000000013 -30.828499999999995 -0.30324999999999996 2.0571000000000006 1998760.9600000002
decision_type=2 2 2 2 2 2 2 2 2 2 2 2 2 2
left_child=1 2 -1 -4 -3 6 -6 8 9 10 -5 12 -9 -13
right_child=-2 4 3 7 5 -7 -8 11 -10 -11 -12 13 -14 -15
leaf_value=-0.016865199489518357 -0.010195244602665202 0.010891474966875321 -0.016705463923788532 -0.025975416372413327 0.0010216227125186474 0.00073427563899613503 0.021149030800733014 0.0089585127129552782 0.0049447439823267214 0.01271887132389282 -0.0074151198791613457 0.00012615529285726543 -0.0014475705194395719 -0.0087424322023924011
leaf_weight=338.06256049871445 627.64871032908559 836.00285345315933 326.51665049046278 319.45942507684231 368.33732899278402 25853.740194026381 372.06602401286364 2416.3007712326944 1016.2314084395766 277.8065681643784 2346.6417623721063 18352.868282593787 1851.3183019682765 1563.6425359994173
leaf_count=1104 2151 2021 1513 1617 1242 80322 782 10088 2270 815 8466 47381 8108 9687
internal_value=0.000162197 0.000278503 -0.000720761 -0.000527423 0.00132907 0.00102695 0.0111914 -0.00033808 -0.00432352 -0.00753368 -0.00965922 0.000313445 0.00443798 -0.000569014
internal_weight=56866.6 56239 28808.8 28470.8 27430.1 26594.1 740.403 28144.3 3960.14 2943.91 2666.1 24184.1 4267.62 19916.5
internal_count=177567 175416 91049 89945 84367 82346 2024 88432 13168 10898 10083 75264 18196 57068
is_linear=0
shrinkage=0.03


Tree=170
num_leaves=15
num_cat=0
split_feature=35 1 0 76 77 38 5 65 38 6 41 74 10 0
split_gain=71.1489 117.407 293.522 166.633 130.363 150.6 162.086 121.73 110.261 102.118 141.885 295.737 124.747 184.017
threshold=1.0323600000000004 1.0345850000000001 1.0494650000000003 5.5450000000000008 -8581117.0599999968 1.0491150000000002 1.0618650000000003 1.0588450000000003 1.0467450000000003 0.9860150000000002 52.035000000000004 -0.037186999999999991 1.0522450000000003 0.98310500000000012
decision_type=2 2 2 2 2 2 2 2 2 2 2 2 2 2
left_child=9 3 8 -2 5 7 -7 -5 -3 -1 12 -12 13 -11
right_child=1 2 -4 4 -6 6 -8 -9 -10 10 11 -13 -14 -15
leaf_value=0.011813710674743018 0.025717670309996516 -0.0039870926524046653 0.00053646504595418064 -0.00086821352614049939 -0.014909223688325667 -0.023372419403490847 0.011205256786591769 0.022044161236714554 -0.029617569853762887 -0.027328240275453382 0.024579022285077204 -0.0073098423278017584 -0.024107791266248645 -0.0001463325212940774
leaf_weight=332.17936308681965 372.59773054718971 248.88988585025072 50897.746539216489 310.65007538348436 284.49204161763191 244.92415983974934 240.04434833675623 619.36763272434473 396.68118864297867 287.95609536767006 369.27447620034218 890.59776917845011 484.30031215399504 1009.5930835418403
leaf_count=1370 1116 1359 148584 1143 1990 1346 700 1886 3539 2298 1221 2468 3170 5683
internal_value=0.00029647 0.000562894 0.000280743 0.00756346 0.00355286 0.00729388 -0.00620797 0.0143659 -0.019804 -0.00392735 -0.00565958 0.00202522 -0.0111081 -0.00621813
internal_weight=56989.3 53615.4 51543.3 2072.08 1699.48 1414.99 484.969 930.018 645.571 3373.9 3041.72 1259.87 1781.85 1297.55
internal_count=177873 161663 153482 8181 7065 5075 2046 3029 4898 16210 14840 3689 11151 7981
is_linear=0
shrinkage=0.03


Tree=171
num_leaves=15
num_cat=0
split_feature=84 90 90 74 79 78 47 60 76 48 90 79 12 77
split_gain=66.2081 61.2007 62.5489 109.2 141.994 165.252 148.199 141.367 139.763 160.586 131.832 97.8349 165.536 95.9546
threshold=96.600000000000009 5.5593255000000008 1.7753420000000002 -0.022702499999999997 1034191.9793830001 2.1884000000000001 36.165000000000006 0.00042450000000000002 6.2800000000000002 1755733.1100000001 1.8631255000000002 973026.98830300011 46.585000000000008 -95201.019999999975
decision_type=2 2 2 2 2 2 2 2 2 2 2 2 2 2
left_child=1 2 -1 4 5 7 -6 -4 11 13 -11 -5 -13 -10
right_child=-2 -3 3 8 6 -7 -8 -9 9 10 -12 12 -14 -15
leaf_value=0.0013812754462394267 -0.013085790637164649 0.01347937815184617 0.018425147579382128 0.025416901818929707 -0.0077135193022835015 -0.029255756232367185 0.012813934902751335 -0.011975584481367011 0.0015013946656837185 0.00097653009852105414 -0.024011112569007231 0.015367337413343923 -0.013588251704569704 -0.002592135431498594
leaf_weight=29821.704245690256 322.92088731378317 324.88594238460064 168.60319016128778 292.38392690941691 789.60196521133184 409.02046287804842 526.68219775334001 720.02789890393615 13996.21054347232 317.41857670247555 464.02669423818588 494.72827587276697 275.17982206121087 8155.84842056036
leaf_count=95150 1158 660 654 843 4526 2846 2089 4758 36262 1532 3511 1742 1068 21192
internal_value=0.000435255 0.000512942 0.000437522 -0.000619033 -0.00644064 -0.0134795 0.000480809 -0.00615959 1.41249e-05 -0.000477585 -0.0138347 0.0106482 0.00497494 -4.43815e-06
internal_weight=57079.2 56756.3 56431.4 26609.7 2613.94 1297.65 1316.28 888.631 23995.8 22933.5 781.445 1062.29 769.908 22152.1
internal_count=177991 176833 176173 81023 14873 8258 6615 5412 66150 62497 5043 3653 2810 57454
is_linear=0
shrinkage=0.03


Tree=172
num_leaves=15
num_cat=0
split_feature=39 39 82 38 78 37 39 49 8 13 45 5 31 60
split_gain=58.2791 156.187 105.298 94.6011 201.596 161.068 148.275 70.6465 67.9374 229.066 145.975 130.576 117.725 84.4799
threshold=1.0117850000000002 0.99248000000000014 0.08622500000000001 1.0189150000000002 2.1475000000000004 1.0218350000000003 1.0180550000000002 -0.52734999999999987 1.0411750000000002 0.00069350000000000011 -0.014967499999999998 1.0494150000000002 0.051812500000000004 0.065810500000000008
decision_type=2 2 2 2 2 2 2 2 2 2 2 2 2 2
left_child=1 -1 -3 4 6 7 -2 -5 9 -7 -11 12 -10 -13
right_child=3 2 -4 5 -6 8 -8 -9 11 10 -12 13 -14 -15
leaf_value=0.0085921853693194973 -0.017027185017862011 -0.03460194706866563 -0.0071785979435935983 -0.0038104873485333189 0.032749269401642973 -0.014756161823759993 0.015391409219437012 -0.029202068527135444 -0.025992718120906911 0.0061632005086199445 0.030067249203526158 0.0001575192748710802 0.0025308984527127997 0.0057610158850303385
leaf_weight=342.44857965409756 240.38807584345341 198.48755813762546 354.36500033736229 175.81534381955862 253.41424550116062 331.84156557172537 266.89498557895422 233.72360952571034 319.48947445675731 738.02131446823478 336.48678920045495 50371.486158125103 216.07633696496487 2543.6489282660186
leaf_count=1400 1591 1441 2099 837 1013 1815 996 1511 2281 3461 952 148521 1062 8723
internal_value=0.000332342 -0.00725505 -0.0171231 0.000454249 0.0109558 0.000308966 0 -0.0184104 0.000449596 0.00695674 0.0136977 0.000277698 -0.0144456 0.000427552
internal_weight=56922.6 895.301 552.853 56027.3 760.697 55266.6 507.283 409.539 54857.1 1406.35 1074.51 53450.7 535.566 52915.1
internal_count=177703 4940 3540 172763 3600 169163 2587 2348 166815 6228 4413 160587 3343 157244
is_linear=0
shrinkage=0.03


Tree=173
num_leaves=15
num_cat=0
split_feature=48 1 71 10 71 67 91 64 48 19 48 70 43 48
split_gain=67.6427 211.847 199.775 186.352 227.456 230.903 180.862 159.342 152.084 196.738 226.613 175.171 199.498 152.158
threshold=1755733.1100000001 1.1092950000000001 0.014740500000000002 1.1334450000000003 0.0048865000000000011 1.0856350000000001 2.8675000000000002e-05 1.0847450000000003 185617.38500000004 -397054.64999999997 308108.46500000003 40.015000000000008 0.18875500000000003 50592.290000000008
decision_type=2 2 2 2 2 2 2 2 2 2 2 2 2 2
left_child=8 3 -3 4 5 -2 -7 -4 13 10 -10 12 -12 -1
right_child=1 2 7 -5 -6 6 -8 -9 9 -11 11 -13 -14 -15
leaf_value=0.00025126084386996225 -0.026496358629285212 -0.02454468423496094 -0.015245046403080545 0.017780522382194686 0.0029803267258519807 0.0051686178977710957 -0.028804776670583745 0.015283350068259816 0.018804079257373537 -0.011732028593336608 -0.016541975265002742 0.0060972270970258624 0.013998497967635895 -0.010419877185139811
leaf_weight=42201.737158227712 565.35515487939119 687.72799291461706 329.18652121722698 485.91078635305166 2935.5564893148839 684.16991518065333 176.4379619024694 286.94138461351395 1064.8059735894203 604.45736883580685 687.57187598571181 4671.0252893865108 265.33922345936298 1236.8267387934029
leaf_count=113597 6037 4890 1309 1969 15343 3802 1299 863 2713 2578 4504 12672 1186 4917
internal_value=0.000259552 -0.00271025 -0.0134403 0.00017189 -0.00178661 -0.0116163 -0.00178698 -0.000977107 0.000620281 0.0046287 0.00611323 0.00370216 -0.00800073 -5.21209e-05
internal_weight=56883 6151.29 1303.86 4847.43 4361.52 1425.96 860.608 616.128 50731.8 7293.2 6688.74 5623.94 952.911 43438.6
internal_count=177679 35512 7062 28450 26481 11138 5101 2172 142167 23653 21075 18362 5690 118514
is_linear=0
shrinkage=0.03


Tree=174
num_leaves=15
num_cat=0
split_feature=46 86 71 19 36 88 84 88 67 48 71 71 63 48
split_gain=65.0554 127.079 100.894 94.9514 83.6553 82.4266 119.345 101.857 108.901 97.2052 83.395 76.9515 72.6981 63.161
threshold=-0.44139999999999996 1.9350000000000003 0.024744500000000003 -47746.604999999989 1.0935950000000003 0.00025638500000000009 73.245000000000019 -0.011004164999999998 1.0957450000000002 320390.78500000003 0.0072225000000000006 0.012081000000000003 1.0818850000000002 -4924591.919999999
decision_type=2 2 2 2 2 2 2 2 2 2 2 2 2 2
left_child=1 -1 3 5 -5 7 12 10 9 -9 -3 -12 -7 -2
right_child=13 2 -4 4 -6 6 -8 8 -10 -11 11 -13 -14 -15
leaf_value=-0.021702496794315494 -0.0017530819373793667 -0.01440292182435339 0.0092071401454799501 -0.00047018794149153328 -0.025463624928845751 -0.0044931569850127787 0.01069663130017399 -0.0086717735837343896 0.017115600929102623 0.013655199249173116 0.013992318886344923 -0.0054712870927821483 -0.020028925502163095 0.0010660681272613472
leaf_weight=303.29304131865501 8578.0564205050468 488.43030767142773 658.68618691712618 202.96445866301656 305.09483084827662 564.04746486991644 252.8356412537396 467.58689824491739 567.2361506074667 279.49469807371497 279.39601221680641 522.66041756793857 533.535181440413 42850.646736867726
leaf_count=1540 19928 1996 1779 1290 2324 1835 906 1598 1575 1348 978 1959 2745 135804
internal_value=0.000265137 -0.00285806 -0.00173233 -0.00335519 -0.0155585 -0.00177652 -0.00779169 0.00133222 0.00721684 -0.00027172 -0.00463879 0.00128048 -0.0120838 0.000595239
internal_weight=56854 5425.26 5121.97 4463.28 508.059 3955.22 1350.42 2604.8 1314.32 747.082 1290.49 802.056 1097.58 51428.7
internal_count=177605 21873 20333 18554 3614 14940 5486 9454 4521 2946 4933 2937 4580 155732
is_linear=0
shrinkage=0.03


Tree=175
num_leaves=15
num_cat=0
split_feature=90 61 64 78 38 38 38 47 12 34 60 78 46 37
split_gain=58.6502 55.4183 56.5165 101.651 122.827 127.303 94.3706 134.096 93.2823 140.95 112.404 91.7638 144.735 114.507
threshold=5.5593255000000008 0.065476500000000007 1.0378400000000003 -1.3565499999999997 1.1760750000000002 1.1705050000000001 1.0012350000000001 63.985000000000007 47.785000000000004 1.1677250000000001 0.033949500000000007 -0.90604999999999991 19.053600000000007 1.1771550000000002
decision_type=2 2 2 2 2 2 2 2 2 2 2 2 2 2
left_child=1 -1 3 -3 5 8 7 -4 10 -10 -5 12 -8 -13
right_child=-2 2 6 4 -6 -7 11 -9 9 -11 -12 13 -14 -15
leaf_value=0.010015500589947341 0.012823830162422757 0.010156373333575558 -0.029901676827757271 0.0028245836361373618 0.010178222848695967 -0.01756800145084849 -0.0024042324428612261 0.0053722718612399254 0.0084921621018395049 -0.010526652930398865 -0.013033696370812682 0.0010423992473888902 -0.021236022590492863 -0.0030634788153766248
leaf_weight=514.71235069260001 333.64385238289833 1332.5734573379159 225.49824944883585 793.07349879294634 1016.5243947356939 397.88422064483166 4860.3512028045952 167.00054120272398 1648.4372551217675 443.30641508102417 809.64853860065341 36642.972723115236 397.13969141244888 7334.2935593128204
leaf_count=1397 681 2832 1818 1998 2069 1086 14013 746 3787 1128 3105 124618 1118 17391
internal_value=0.000299913 0.000225311 0.000134724 0.00277855 0.000846675 -0.00146584 -0.00020788 -0.0148416 0.000264489 0.00444404 -0.00517098 -9.03122e-05 -0.00383622 0.000356907
internal_weight=56917.1 56583.4 56068.7 6441.45 5108.87 4092.35 49627.3 392.499 3694.47 2091.74 1602.72 49234.8 5257.49 43977.3
internal_count=177787 177106 175709 16005 13173 11104 159704 2564 10018 4915 5103 157140 15131 142009
is_linear=0
shrinkage=0.03


Tree=176
num_leaves=15
num_cat=0
split_feature=35 73 9 8 42 38 34 3 71 41 66 65 49 35
split_gain=59.2364 103.835 170.545 138.137 121.149 216.252 103.301 111.601 91.3577 109.434 103.968 109.58 81.3106 77.8197
threshold=1.0323600000000004 -0.0026472649999999998 0.9894750000000001 1.0008450000000002 0.0026065000000000003 1.0189150000000002 1.0341250000000002 1.0199950000000002 0.023538000000000003 70.615000000000023 1.0336800000000002 1.0461900000000004 0.048550000000000003 1.0403400000000003
decision_type=2 2 2 2 2 2 2 2 2 2 2 2 2 2
left_child=1 -1 -3 -4 5 12 7 -2 10 -10 -6 -12 -5 -8
right_child=6 2 3 4 8 -7 13 -9 9 -11 11 -13 -14 -15
leaf_value=-0.02388094732019724 -0.00030723845913263701 0.019171921482466145 -0.02571005546369752 0.0066865684143586389 -0.017471643735700319 -0.015514661378702681 -0.0084195290369753657 0.023604828857694223 -0.023913001130374222 -0.0022013319106713022 0.018924757147331005 -0.0050442221948955356 0.030022639448535705 0.00042865514790664104
leaf_weight=213.76001634821296 340.56626461446285 299.72715352475643 252.79290717095137 288.3015454672277 236.88183045759797 255.68552891537547 909.05485282465816 356.43501848727465 458.04816405102611 389.90821151435375 305.64816985279322 386.27446999773383 258.94157376140356 51920.950440406799
leaf_count=1596 1691 1037 1967 1282 1475 1296 3064 744 2929 917 1165 1685 849 156146
internal_value=0.000185154 -0.00368578 -0.00229079 -0.00457848 -0.00248693 0.00716006 0.00042775 0.0118943 -0.00686492 -0.0139792 -0.000329578 0.00551251 0.0178179 0.000275679
internal_weight=56873 3345.97 3132.21 2832.48 2579.69 802.929 53527 697.001 1776.76 847.956 928.804 691.923 547.243 52830
internal_count=177843 16198 14602 13565 11598 3427 161645 2435 8171 3846 4325 2850 2131 159210
is_linear=0
shrinkage=0.03


Tree=177
num_leaves=15
num_cat=0
split_feature=65 84 91 35 60 37 35 83 19 44 39 83 39 89
split_gain=68.1521 63.876 88.5898 58.7068 85.1408 77.4442 61.6683 117.065 175.387 127.132 121.784 115.848 104.879 147.881
threshold=1.2070350000000001 94.010000000000005 -6.6579999999999989e-05 0.99638000000000015 0.00088850000000000008 1.0008750000000002 1.0323600000000004 3.0982495000000005 -4289022.3299999991 -0.00035397499999999992 1.0258800000000001 0.058216000000000011 1.0568650000000002 0.012761500000000002
decision_type=2 2 2 2 2 2 2 2 2 2 2 2 2 2
left_child=1 3 -3 4 -1 -5 7 10 9 -9 -7 -12 13 -8
right_child=-2 2 -4 5 -6 6 12 8 -10 -11 11 -13 -14 -15
leaf_value=-0.025127451387152971 0.0083842141168322913 0.0027331035927408345 -0.019150620796739418 0.013832291754206926 0.0010147746100531991 -0.01967260252978854 0.016902287004408059 0.009731880991026164 0.018154163772294733 -0.016235538005617115 0.0093588164764521337 -0.015515964121470216 -2.8355579965256859e-05 0.002322063502938931
leaf_weight=200.30811916664243 898.69597558677197 302.49527648091316 363.05310263857245 374.90396404266357 248.20057907700539 657.37597231194377 750.85748486220837 271.89329608902335 414.30501581728458 444.1374138481915 382.24759191274643 299.26264673098922 47548.938777670264 3793.5389462336898
leaf_count=1482 1998 921 1414 1529 1318 3879 2489 1061 1593 2331 1423 1423 142911 12273
internal_value=0.000192623 6.06019e-05 -0.00917017 0.000172229 -0.0106238 0.000261105 0.000167055 -0.00446351 0.00262366 -0.00633345 -0.0104666 -0.00152689 0.000387201 0.0047409
internal_weight=56950.2 56051.5 665.548 55386 448.509 54937.5 54562.6 2469.22 1130.34 716.031 1338.89 681.51 52093.3 4544.4
internal_count=178045 176047 2335 173712 2800 170912 169383 11710 4985 3392 6725 2846 157673 14762
is_linear=0
shrinkage=0.03


Tree=178
num_leaves=15
num_cat=0
split_feature=49 85 13 46 86 84 71 73 13 48 85 60 77 74
split_gain=60.5147 82.2994 114.056 72.2545 109.778 94.148 95.6262 72.7194 68.8396 137.475 180.626 160.846 82.1059 146.327
threshold=-1.1592499999999999 43.410000000000004 0.00018550000000000004 -0.20194999999999999 1.9350000000000003 91.730000000000018 0.0094450000000000003 -0.0041698399999999984 0.00080850000000000008 -25478.369999999999 17.865000000000006 0.0042105000000000016 -2543318.8749999995 -0.0040884999999999993
decision_type=2 2 2 2 2 2 2 2 2 2 2 2 2 2
left_child=1 2 -1 4 -2 7 -7 -5 -6 10 11 -10 -11 -14
right_child=3 -3 -4 5 8 6 -8 -9 9 12 -12 -13 13 -15
leaf_value=-0.016042652187942163 -0.017000629431025299 0.0036011886593920036 -0.0026784718318333587 -0.011107004677234234 0.0015855701640504715 0.0035125193720452891 -0.015866030187798228 0.0012286644660602435 0.013351338403036643 -0.0085692955805858773 -0.022244049021817081 -0.016849230876680183 0.012082885405573408 -0.0065670135189950258
leaf_weight=719.37004671245813 429.26465866342187 1236.2882892005146 2890.7356655336916 432.98673084750772 3518.7225916013122 369.86044783517718 591.05998351052403 43199.228988934308 350.70664388686419 657.67100125923753 711.78574834018946 288.19195095077157 881.86647391319275 659.92890227586031
leaf_count=1955 2068 3754 9860 1583 9258 1195 1917 128104 1645 4524 4471 1767 2885 3040
internal_value=0.000142569 -0.00306275 -0.00535351 0.00044141 -0.00228203 0.000900058 -0.0083801 0.00110531 -0.00138171 -0.00433078 -0.0118609 -0.000229579 0.000283076 0.00408171
internal_weight=56937.7 4846.39 3610.11 52091.3 7498.14 44593.1 960.92 43632.2 7068.87 3550.15 1350.68 638.899 2199.47 1541.8
internal_count=178026 15569 11815 162457 29658 132799 3112 129687 27590 18332 7883 3412 10449 5925
is_linear=0
shrinkage=0.03


Tree=179
num_leaves=15
num_cat=0
split_feature=35 47 84 91 55 37 35 43 91 61 42 41 76 63
split_gain=73.8991 132.621 66.9429 117.715 62.7975 58.6017 89.2265 77.5217 71.3272 57.1958 65.9065 120.555 200.193 112.755
threshold=0.99439000000000011 63.985000000000007 94.010000000000005 -1.0284999999999999e-05 96.645000000000024 1.0008750000000002 1.0098350000000003 0.085520000000000013 -0.000164375 0.08118400000000002 0.0085605000000000004 70.925000000000026 95.145000000000024 1.2113000000000003
decision_type=2 2 2 2 2 2 2 2 2 2 2 2 2 2
left_child=1 -1 4 -4 5 8 7 -7 -2 -8 -11 13 -13 -12
right_child=2 -3 3 -5 -6 6 9 -9 -10 10 11 12 -14 -15
leaf_value=-0.031203140471040773 -0.0011364452692007915 0.0058793171227749024 0.0017505303696927349 -0.02331576427192382 -0.0090893047243331433 -0.029184822587409946 0.0088764122267505959 0 0.022124606297334305 -0.00070986594151066658 0.0017870730114626619 -0.0096491896730671808 0.0077559006004436493 0.016876763107581093
leaf_weight=181.95140318199992 223.26311998069286 162.49698095023632 386.650654964149 295.11247488111258 622.51021914556623 169.93173047155142 720.9470791965723 158.65457478538156 246.44788568094373 26008.342115007341 24344.755275629461 1993.9057530462742 844.73902535438538 453.56972444802523
leaf_count=1473 1100 662 1177 1205 2095 1393 1964 678 1036 83109 74122 5027 1771 853
internal_value=0.000175754 -0.0136559 0.000260896 -0.00907415 0.000375676 0.000483192 0.000391907 -0.0151675 0.0110255 0.000486777 0.000373304 0.00139372 -0.00445822 0.00206495
internal_weight=56813.3 344.448 56468.8 681.763 55787.1 55164.6 54694.8 328.586 469.711 54366.3 53645.3 27637 2838.64 24798.3
internal_count=177665 2135 175530 2382 173148 171053 168917 2071 2136 166846 164882 81773 6798 74975
is_linear=0
shrinkage=0.03


Tree=180
num_leaves=15
num_cat=0
split_feature=61 83 89 77 77 50 48 48 39 70 39 79 71 77
split_gain=63.091 75.396 64.443 60.2046 267.031 178.097 170.157 333.571 354.055 207.107 148.252 145.503 139.968 253.845
threshold=0.08118400000000002 3.3621210000000006 0.10648750000000003 -4693568.1549999993 -3680539.9949999996 2818113.3935415004 -1195724.5849999997 -1613332.7799999998 1.1545450000000002 42.955000000000005 1.1808150000000002 1004411.2816200001 0.0020825000000000006 -159347.55999999997
decision_type=2 2 2 2 2 2 2 2 2 2 2 2 2 2
left_child=1 -1 3 -2 6 12 7 8 -5 -8 -10 -7 13 -6
right_child=2 -3 -4 4 5 11 9 -9 10 -11 -12 -13 -14 -15
leaf_value=-0.00075208979039005869 0.0017589191373095833 0.018130296624717449 0.013003877875630588 -0.025907744434849292 0.016384162345265203 -0.0047534656543329005 -0.0038130805619900313 0.021079020467188455 0.0011229095978947943 -0.035644342880067334 -0.014833694116045447 0.014461924282800333 -0.00070346961363161392 -0.0041350137586218961
leaf_weight=374.25308379530907 12483.946751516312 380.02836860716343 340.11328223347664 762.48468631505966 1200.5174397267401 479.00254962593317 353.56642861664295 399.19524426013231 2101.2905853837729 388.43625039607286 695.90385845303535 1338.5493779927492 34504.963117834181 985.49446120113134
leaf_count=1289 45373 820 668 3528 4595 1519 1936 1413 4797 2631 1899 3903 99505 3888
internal_value=0.000120283 0.00873308 3.65448e-06 -7.54299e-05 -0.000606128 0.000217182 -0.00735549 -0.00487172 -0.00779546 -0.0205426 -0.00284004 0.00938152 -0.000236215 0.00712236
internal_weight=56787.7 754.281 56033.5 55693.4 43209.4 38508.5 4700.88 3958.87 3559.68 742.003 2797.19 1817.55 36691 2186.01
internal_count=177764 2109 175655 174987 129614 113410 16204 11637 10224 4567 6696 5422 107988 8483
is_linear=0
shrinkage=0.03


Tree=181
num_leaves=15
num_cat=0
split_feature=39 78 64 60 43 73 73 38 43 40 73 43 84 90
split_gain=55.3581 132.401 150.997 164.484 144.387 125.733 116.891 115.935 103.447 97.3062 93.0216 95.4228 86.0943 84.926
threshold=1.1428750000000003 2.9418000000000002 1.0785150000000001 0.0054060000000000011 0.077104500000000006 -3.285499999999999e-05 0.00028699500000000007 1.1765850000000002 -0.10299749999999998 1.1664750000000002 -8.7489999999999977e-05 -0.032396999999999988 93.110000000000014 1.5939840000000001
decision_type=2 2 2 2 2 2 2 2 2 2 2 2 2 2
left_child=12 4 5 -4 6 -3 7 8 -2 -5 11 -9 -1 -8
right_child=1 2 3 9 -6 -7 13 10 -10 -11 -12 -13 -14 -15
leaf_value=-0.00033531485183361197 0.01786277493742797 -0.0084412648221894333 -0.019002781767009501 -0.0092456171378382888 0.006813062466556317 0.0063046330702618298 -0.0098053728217950224 -0.013014669860671528 0.0037721123529467593 0.008490034899333072 0.0073092575016848885 0.0038692837001757041 -0.011780865808174416 -0.0002802961027894977
leaf_weight=38292.070933133364 764.35836208611727 735.80615096539259 859.15400278568268 643.29358020424843 5362.8829305693507 1764.9429618865252 1211.3075488358736 732.25422222912312 1231.2331312224269 488.35921116173267 746.23073770105839 507.04775017499924 600.00837069377303 2784.2813702374697
leaf_count=133927 1517 1856 2450 1718 11638 3808 3131 1915 2971 1030 1572 1108 2361 6530
internal_value=0.00012105 0.00150555 -0.00294565 -0.00911109 0.00300666 0.00195225 0.000443252 0.00408424 0.00919044 -0.00156466 -0.00103476 -0.00608503 -0.000512961 -0.00317717
internal_weight=56723.2 17831.2 4491.56 1990.81 13339.6 2500.75 7976.71 3981.12 1995.59 1131.65 1985.53 1239.3 38892.1 3995.59
internal_count=177532 41244 10862 5198 30382 5664 18744 9083 4488 2748 4595 3023 136288 9661
is_linear=0
shrinkage=0.03


Tree=182
num_leaves=15
num_cat=0
split_feature=10 6 39 77 77 64 39 19 48 31 19 48 71 77
split_gain=65.7015 157.19 137.312 82.9515 306.069 165.408 160.558 338.909 326.517 251.158 189.619 169.391 144.758 270.399
threshold=1.0206850000000003 0.9860150000000002 1.024545 -4693568.1549999993 -3680539.9949999996 1.1785500000000002 1.1211150000000003 -2762962.8749999995 -2268891.8999999999 0.0015815000000000002 -2431207.5449999995 -2714898.48 0.0020825000000000006 -159347.55999999997
decision_type=2 2 2 2 2 2 2 2 2 2 2 2 2 2
left_child=1 -1 -3 -2 6 12 10 8 11 -10 -5 -8 13 -6
right_child=3 2 -4 4 5 -7 7 -9 9 -11 -12 -13 -14 -15
leaf_value=0.0091295546488494202 0.002530902634473889 -0.025194610851490811 0.0084654704433883982 -0.028925872060054616 0.016258249494409221 0.010193163367720137 -0.0016618781805650539 -0.029002699343676375 -0.0019289612423595728 0.029441964150113468 0.001131592992516167 -0.018545721370463498 -0.00026577004229923559 -0.0074951949977407313
leaf_weight=316.25885926932096 11779.084259022027 446.6796764396131 142.0820345506072 585.94958932325244 1268.1460551358759 1538.5369775444269 1590.2708688527346 460.50301044434309 458.58825139701366 455.58766344189644 275.64780861139297 808.47612184286118 36027.770451553166 650.63118627667427
leaf_count=1320 40367 3408 884 4167 4908 3261 3716 2746 1145 929 1048 2334 104086 3260
internal_value=0.000163715 -0.00784908 -0.0170202 0.000294119 -0.000302416 0.00055304 -0.00759494 -0.00491342 -0.00154817 0.0136873 -0.0192848 -0.00737028 0.000161134 0.00818845
internal_weight=56804.2 905.021 588.762 55899.2 44120.1 39485.1 4635.02 3773.43 3312.92 914.176 861.597 2398.75 37946.5 1918.78
internal_count=177579 5612 4292 171967 131600 115515 16085 10870 8124 2074 5215 6050 112254 8168
is_linear=0
shrinkage=0.03


Tree=183
num_leaves=15
num_cat=0
split_feature=10 9 38 10 48 78 70 82 39 90 13 66 10 6
split_gain=64.5779 142.909 121.711 72.5347 94.4742 107.523 164.997 142.487 158.952 175.887 148.364 116.538 135.677 120.8
threshold=1.0206850000000003 0.9894750000000001 1.0247950000000003 1.0262350000000002 2630672.3900000001 0.055850000000000004 41.995000000000012 0.0071750000000000008 1.0280150000000001 1.3610990000000003 0.0042945000000000006 1.0819850000000002 1.0843150000000004 1.1134650000000001
decision_type=2 2 2 2 2 2 2 2 2 2 2 2 2 2
left_child=1 -1 -3 -2 -5 6 -6 -7 -9 -10 -11 -12 -13 -14
right_child=3 2 -4 4 5 7 -8 8 9 10 11 12 13 -15
leaf_value=0.0073895206723064493 0.014174289228436807 -0.025776386008360179 0.0058261242014171219 0.00043095623851417046 0.014677777463229093 -0.019951997277372339 -0.011539574727680435 0.023662087761245815 0.017122576009077097 -0.03093466623908072 -0.015820292610304276 0.025092017630370275 -0.019132768073805366 0.014739454491691102
leaf_weight=337.26033867150545 331.37848369404674 406.58182924240828 147.68088975176215 52137.497707221657 535.59011691063643 658.36956398561597 359.71424858272076 172.3259157910943 239.18954929709435 262.66135155782104 544.36579496413469 179.48292121291161 247.85671298950911 151.26814353466034
leaf_count=1403 1410 3307 887 148059 2870 6293 2622 557 998 2002 3861 766 2024 632
internal_value=7.22895e-05 -0.00793276 -0.0173067 0.000200819 0.000116574 -0.0047648 0.00410961 -0.00801306 -0.00361399 -0.00653807 -0.0106534 -0.00585969 0.00347082 -0.00621548
internal_weight=56711.2 891.523 554.263 55819.7 55488.3 3350.82 895.304 2455.52 1797.15 1624.82 1385.63 1122.97 578.608 399.125
internal_count=177691 5597 4194 172094 170684 22625 5492 17133 10840 10283 9285 7283 3422 2656
is_linear=0
shrinkage=0.03


Tree=184
num_leaves=15
num_cat=0
split_feature=19 75 63 46 86 82 88 84 19 36 74 84 76 88
split_gain=62.283 96.9035 84.0678 62.643 109.254 107.288 83.3883 129.223 107.383 101.495 89.5779 88.7881 82.7797 144.29
threshold=-7153089.584999999 -2.3013999999999997 1.0733250000000003 -0.48924999999999996 1.9350000000000003 0.16160000000000005 0.00029433500000000006 72.685000000000016 38254.975000000013 1.0935950000000003 0.043272000000000005 47.695000000000007 67.115000000000023 -0.011004164999999998
decision_type=2 2 2 2 2 2 2 2 2 2 2 2 2 2
left_child=1 -1 -3 4 -2 6 8 10 12 -10 11 -8 13 -6
right_child=3 2 -4 -5 5 -7 7 -9 9 -11 -12 -13 -14 -15
leaf_value=-0.029054944471625099 -0.020620028343809816 -0.015935704817780678 0.011869873321710704 0.00051612108581120431 -0.002175666456920976 0.016843244401839676 -0.031556797304849941 0.0094182809875376899 0.0018218201442452685 -0.028221558702918651 -0.004267711099379983 -0.0088714529375144777 -0.0054221144056739532 0.014614871725853533
leaf_weight=165.57405265048146 296.01921496540308 189.72549016401172 199.46130437403917 51011.795885633677 989.81728531420231 259.77199272811413 332.97141385450959 279.91923887655139 182.23424685746431 221.41822883859277 553.85031724721193 300.84359304979444 915.36804703250527 856.04440283030272
leaf_count=1872 1499 1440 894 152907 3888 487 2181 1035 1045 1729 1413 1479 3201 2837
internal_value=9.68332e-05 -0.00989579 -0.00161434 0.00019618 -0.00294324 -0.00186353 -0.00292242 -0.00883097 -0.000171174 -0.014613 -0.0131617 -0.0208673 0.00193367 0.00559864
internal_weight=56754.8 554.761 389.187 56200.1 5188.26 4892.24 4632.47 1467.58 3164.88 403.652 1187.67 633.815 2761.23 1845.86
internal_count=177907 4206 2334 173701 20794 19295 18808 6108 12700 2774 5073 3660 9926 6725
is_linear=0
shrinkage=0.03


Tree=185
num_leaves=15
num_cat=0
split_feature=19 39 77 77 66 71 77 42 64 39 19 48 31 68
split_gain=61.1524 91.6093 83.8252 279.241 155.456 182.611 200.366 221.888 192.953 142.683 335.534 285.919 218.437 211.799
threshold=-7153089.584999999 1.0668150000000003 -4693568.1549999993 -3680539.9949999996 1.1813350000000002 0.0020825000000000006 -159347.55999999997 0.0052055000000000009 1.1033050000000002 1.1211150000000003 -2762962.8749999995 -2268891.8999999999 0.0015815000000000002 1.1351150000000001
decision_type=2 2 2 2 2 2 2 2 2 2 2 2 2 2
left_child=1 -1 -2 9 5 6 7 8 -5 13 11 -11 -13 -4
right_child=2 -3 3 4 -6 -7 -8 -9 -10 10 -12 12 -14 -15
leaf_value=-0.017331140244574893 0.0025369741889613743 0.0098706518195136612 -0.032838250888413092 -0.012149378741556711 0.010882049987853977 -0.00029047117226706302 -0.0037926203279517812 0.027901768248809078 0.02245605916609961 -0.0068291535752933782 -0.029268980935443403 -0.0013060659907272521 0.028028962302387366 -0.0029298923647888314
leaf_weight=396.9809590280056 12081.680731017143 152.48038128018379 438.81944517046213 336.17495035380125 1264.349047601223 36167.701018765569 695.94065243750811 677.85371615737677 253.04780875891447 2440.8996551781893 441.87007708102465 469.94198778271675 440.03048089146614 418.45076946914196
leaf_count=3702 41591 513 3265 2281 2676 104647 3358 2010 603 6126 2700 1164 912 1976
internal_value=0.000225086 -0.00972368 0.000323187 -0.000283424 0.000536603 0.000192503 0.00910197 0.0162054 0.00267432 -0.00723579 -0.00472407 -0.00147069 0.0128616 -0.0182948
internal_weight=56676.2 549.461 56126.8 44045.1 39395.1 38130.7 1963.02 1267.08 589.223 4650.01 3792.74 3350.87 909.972 857.27
internal_count=177524 4215 173309 131718 115575 112899 8252 4894 2884 16143 10902 8202 2076 5241
is_linear=0
shrinkage=0.03


Tree=186
num_leaves=15
num_cat=0
split_feature=33 48 77 48 77 3 45 61 48 44 74 16 78 43
split_gain=55.4524 117.325 92.3945 83.7518 101.929 74.5024 88.1637 83.0657 96.0562 87.1471 93.3705 82.0998 81.4918 77.6367
threshold=-9.5094999999999983e-05 -440868.54999999993 -26425777.549999993 -515723.9499999999 -937895.56499999983 0.99493500000000012 -0.025164999999999996 1.4497605000000002 1978281.03 -2.2049999999999996e-06 -0.0044664999999999991 -0.0065994999999999986 0.93515000000000015 0.12529500000000002
decision_type=2 2 2 2 2 2 2 2 2 2 2 2 2 2
left_child=1 3 -3 4 -1 -4 -7 8 -8 10 12 -12 -9 -10
right_child=-2 2 5 -5 -6 6 7 9 13 -11 11 -13 -14 -15
leaf_value=-0.0024597207851003739 0.00055330029874525494 0.016723511979004461 -0.015231762130544032 -0.024604381372286467 -0.021827814446023011 0.011520548147228398 0.011997158554734069 0.02162061183692866 0.0038224662425467124 -0.012854622111146003 -0.025198498704224252 0.0014583985575830202 -0.00080026156175556191 -0.01408606459117571
leaf_weight=1289.781828597188 50315.238482557237 283.41664297878742 303.6649265140295 259.02270050346851 302.36711163073778 532.06377808749676 680.03419951349497 227.82792418822646 582.57043923810124 863.93492703512311 193.623081471771 218.7989515401423 395.75099710375071 345.3740156814456
leaf_count=5760 144903 899 2352 1553 2150 2527 2112 1054 3080 4936 1360 1031 1999 2191
internal_value=0.000216438 -0.00239496 0.00015276 -0.00877592 -0.00616816 -0.000925153 0.000146282 -0.00157315 0.00343206 -0.00582459 1.56607e-05 -0.0110145 0.00736479 -0.00281865
internal_weight=56793.5 6478.23 4627.06 1851.17 1592.15 4343.64 4039.98 3507.91 1607.98 1899.94 1036 412.422 623.579 927.944
internal_count=177907 33004 23541 9463 7910 22642 20290 17763 7383 10380 5444 2391 3053 5271
is_linear=0
shrinkage=0.03


Tree=187
num_leaves=15
num_cat=0
split_feature=75 12 90 8 89 48 10 61 70 76 91 19 71 85
split_gain=62.2911 68.6066 67.4904 142.527 125.395 119.75 211.476 177.225 148.954 134.058 113.998 104.115 150.483 131.284
threshold=21.901150000000005 48.585000000000008 1.8429180000000003 1.2230150000000002 0.0048035000000000013 1755733.1100000001 1.0327450000000002 0.30932000000000009 62.945000000000007 1.9150000000000003 -8.1324999999999998e-05 -2461547.6449999996 0.020104500000000004 4.7650000000000006
decision_type=2 2 2 2 2 2 2 2 2 2 2 2 2 2
left_child=2 -2 -1 4 -4 7 -7 8 -6 -9 -8 12 -11 -14
right_child=1 -3 3 -5 5 6 10 9 -10 11 -12 -13 13 -15
leaf_value=0.00087638641635063902 -0.0021644052436952939 0.012219415991004189 0.014007356992251311 0.015538356605368762 0.021192961243101681 0.020515211357593287 -0.0091319456250692314 -0.020279933489944224 -0.00079792117032351792 0.0012661128371299732 -0.030911825426867968 -0.0068622243315851136 0.0066667508498941012 -0.0069353043933396237
leaf_weight=33023.247155249119 476.24870134890079 783.27675175666809 452.16802403330803 444.26027928292751 556.46781706809998 157.91292030736804 626.23658118396997 356.67353579774499 546.23718351125717 10707.420855626464 335.48117148131132 2993.5153909809887 743.52089058607817 4416.9535307586193
leaf_count=105995 1122 1564 1837 845 1411 578 3617 1980 1268 26406 2922 13934 1734 12199
internal_value=0.000165074 0.00675944 1.43812e-05 -0.00125866 -0.00160159 -0.00193281 -0.0114837 -0.00140456 0.0102815 -0.00207715 -0.0167849 -0.00173028 -0.000759867 -0.0049688
internal_weight=56619.6 1259.53 55360.1 22336.8 21892.6 21440.4 1119.63 20320.8 1102.71 19218.1 961.718 18861.4 15867.9 5160.47
internal_count=177412 2686 174726 68731 67886 66049 7117 58932 2679 56253 6539 54273 40339 13933
is_linear=0
shrinkage=0.03


Tree=188
num_leaves=15
num_cat=0
split_feature=73 48 75 68 84 48 48 48 66 64 19 75 48 43
split_gain=63.0051 115.297 62.0284 77.2397 58.8072 58.1618 164.628 163.586 187.501 181.101 180.95 162.809 137.116 180.464
threshold=-0.0036808599999999998 -2744029.1899999999 21.901150000000005 1.0439250000000002 96.600000000000009 171096.96000000005 50592.290000000008 1755733.1100000001 1.0993300000000004 1.0957850000000002 -397054.64999999997 6.0700000000000012 308108.46500000003 -0.31692199999999993
decision_type=2 2 2 2 2 2 2 2 2 2 2 2 2 2
left_child=1 -1 4 -4 5 6 -2 10 9 11 12 -9 -7 -14
right_child=2 -3 3 -5 -6 7 -8 8 -10 -11 -12 -13 13 -15
leaf_value=0.00017813646619845505 -0.00010404876979990278 -0.024441415081056225 0.00034875329589938251 0.015948085110504134 -0.012648547733657416 0.015069041167352739 -0.01262133098952202 -0.00061309450396051374 -0.018534566509574073 0.01717224818563922 -0.010737509949596193 -0.026344963881478823 -0.012664998870596723 0.0059863872226299502
leaf_weight=477.30873700976372 40059.008692789823 263.87265849485993 671.26232962310314 501.66954824328423 323.48617796227336 1301.1526016965508 967.66486639156938 4841.1979079246521 544.37616092711687 496.39486851915717 608.59747308492661 231.08037188649178 514.16784190014005 4904.9487464390695
leaf_count=1095 109063 1748 1535 961 1156 3291 4130 27876 4127 1926 2615 1032 1820 15459
internal_value=0.000114893 -0.00856753 0.000230567 0.00705413 8.38214e-05 0.00016022 -0.000400316 0.00187319 -0.00174676 -9.72204e-05 0.00489653 -0.00179625 0.00631823 0.00420919
internal_weight=56706.2 741.181 55965 1172.93 54792.1 54468.6 41026.7 13441.9 6113.05 5568.67 7328.87 5072.28 6720.27 5419.12
internal_count=177834 2843 174991 2496 172495 171339 113193 58146 34961 30834 23185 28908 20570 17279
is_linear=0
shrinkage=0.03


Tree=189
num_leaves=15
num_cat=0
split_feature=35 42 37 44 31 90 72 76 76 45 49 91 48 19
split_gain=64.7666 78.8882 76.8947 60.2943 102.94 116.494 96.4748 132.15 159.652 101.47 119.927 94.5006 93.3331 133.243
threshold=0.99638000000000015 0.0016585000000000003 1.0008750000000002 2.3750000000000006e-06 0.010951000000000001 2.0538180000000001 -0.070314499999999988 66.415000000000006 63.605000000000011 -0.022224499999999998 -0.22404999999999997 -0.00026727999999999995 -871472.23999999987 -2385336.4849999999
decision_type=2 2 2 2 2 2 2 2 2 2 2 2 2 2
left_child=1 -1 -2 12 -5 6 7 8 9 -6 -11 -7 13 -4
right_child=2 -3 3 4 5 11 -8 -9 -10 10 -12 -13 -14 -15
leaf_value=-0.024442802609454261 0.013457010346722349 0.00083778208179429185 0.00053264969780713223 -0.00021581478452225273 0.021678235195014918 -0.0027011436827447627 -0.009302859995020547 0.010668312460569568 -0.02114954348553473 -0.02369327221610279 0.0091817430654670493 -0.029511527110815179 0.0032068880017181566 -0.0087971047781212897
leaf_weight=213.64798003435135 386.1397106051445 225.56214461103082 12826.924379527569 26807.847324296832 190.59040443971753 198.0603992678225 1396.3489994853735 759.34043825790286 381.11409940570593 172.69712762162089 232.60716941580176 303.73420367389917 10960.919061034918 1542.0265649147332
leaf_count=1598 1547 1201 30033 69979 841 1101 8071 3390 2435 1197 1211 2159 44601 8321
internal_value=4.24409e-05 -0.0114191 0.000132816 3.97886e-05 -0.000859404 -0.00559687 -0.00343253 0.00127368 -0.00600069 0.00365694 -0.00477606 -0.0190154 0.00112165 -0.000467042
internal_weight=56597.6 439.21 56158.3 55772.2 30442.3 3634.49 3132.7 1736.35 977.009 595.895 405.304 501.795 25329.9 14369
internal_count=177685 2799 174886 173339 90384 20405 17145 9074 5684 3249 2408 3260 82955 38354
is_linear=0
shrinkage=0.03


Tree=190
num_leaves=15
num_cat=0
split_feature=0 91 82 14 43 41 6 61 73 77 77 11 77 65
split_gain=58.5022 123.188 85.931 102.401 118.296 77.393 87.9606 85.7259 109.549 64.5232 175.367 190.978 155.574 103.043
threshold=1.2132250000000002 -0.0022583549999999997 0.097045000000000006 0.017715500000000006 0.092478500000000005 71.545000000000016 1.2174150000000001 1.6939960000000003 0.0014316600000000002 -95201.019999999975 -243749.29499999995 1.1018050000000001 253609.40000000002 1.1908150000000002
decision_type=2 2 2 2 2 2 2 2 2 2 2 2 2 2
left_child=9 -2 5 4 -4 6 7 -3 -9 10 -1 -12 -11 -14
right_child=1 2 3 -5 -6 -7 -8 8 -10 12 11 -13 13 -15
leaf_value=0.0002244878687895107 -0.0098939093715222168 0.020572815769829243 0.0022276991870028807 0.0063118626595240548 -0.019578093979565166 0.017819599635735036 -0.00033478064690511782 0.014910295659736759 -0.0036323353947309662 -0.007719052275867712 0.026218203147728998 0.0032251094391412679 0.00015389048322402604 -0.014410591042646692
leaf_weight=31242.97386065498 591.11170081794262 487.49609380960464 473.08447289466858 902.0710071772337 420.16615362465382 531.59426042437553 1334.2745788693428 562.97199428081512 578.76846109330654 3039.1057286337018 484.85971882194281 994.93935097754002 14656.268425449729 449.54995113611221
leaf_count=111640 1498 870 1053 1918 1163 986 3075 1085 1384 11020 1486 3242 36301 1188
internal_value=0.000235578 0.00306817 0.00452372 -0.000795767 -0.00800616 0.0072642 0.00535528 0.0100309 0.0054895 -9.14027e-05 0.000703595 0.0107917 -0.00152672 -0.000278489
internal_weight=56749.2 5881.54 5290.43 1795.32 893.251 3495.11 2963.51 1629.24 1141.74 50867.7 32722.8 1479.8 18144.9 15105.8
internal_count=177909 13032 11534 4134 2216 7400 6414 3339 2469 164877 116368 4728 48509 37489
is_linear=0
shrinkage=0.03


Tree=191
num_leaves=15
num_cat=0
split_feature=62 19 71 47 10 78 38 42 65 19 36 44 60 70
split_gain=51.1397 84.5767 104.169 111.818 91.2645 64.5687 63.5688 129.817 309.601 182.95 223.538 152.201 143.513 167.181
threshold=-0.00056909999999999979 -2863209.3349999995 0.0059325000000000011 20.895000000000003 1.0900950000000003 0.49065000000000009 1.0842050000000001 0.0016585000000000003 1.0725350000000002 -6820030.3549999995 1.0509850000000003 9.3385000000000015e-05 0.043988500000000007 38.275000000000013
decision_type=2 2 2 2 2 2 2 2 2 2 2 2 2 2
left_child=1 2 3 -1 -3 -5 7 8 9 -2 11 -11 -9 -14
right_child=6 4 -4 5 -6 -7 -8 12 -10 10 -12 -13 13 -15
leaf_value=-0.023121004904968653 0.020628971946958462 0.0017153229687943833 0.0035858627724404471 0.010205282294803436 0.023555198633284879 -0.010682539629812679 0.00046516119516541249 0.0053593064648870068 -0.028605732914956286 -0.024514768667128931 0.013247679209738699 0.0054367682618173966 -0.016692339022484824 -0.0013050392949142274
leaf_weight=289.70862310007215 265.73384787142277 345.57162460684776 3888.0472649559379 272.23438504710793 349.01973995566368 258.86631918698549 40168.343277033418 2583.6635258942842 533.4473446495831 544.30228327959776 334.59239580482244 209.55905701220036 713.15320135653019 5834.1388785466552
leaf_count=2120 1126 1369 11627 843 892 1235 115633 9060 3853 3396 1812 894 4795 18834
internal_value=0.000204516 0.0029801 0.00153009 -0.00816378 0.0127507 0 -8.79492e-05 -0.0021069 -0.00926764 -0.00161227 -0.00708371 -0.0161529 -0.000622426 -0.00298795
internal_weight=56590.4 5403.45 4708.86 820.809 694.591 531.101 51186.9 11018.6 1887.63 1354.19 1088.45 753.861 9130.96 6547.29
internal_count=177489 18086 15825 4198 2261 2078 159403 43770 11081 7228 6102 4290 32689 23629
is_linear=0
shrinkage=0.03


Tree=192
num_leaves=15
num_cat=0
split_feature=39 39 38 78 37 48 82 49 88 90 3 2 13 39
split_gain=56.0235 175.198 98.3532 224.824 128.205 102.038 88.7481 75.821 64.0449 215.605 71.1815 275.836 131.109 126.977
threshold=1.0117850000000002 0.99248000000000014 1.0189150000000002 2.1475000000000004 1.0218350000000003 745534.49000000011 0.08622500000000001 -0.57314999999999994 -0.082706089999999982 1.5474060000000003 1.0343550000000004 1.0497850000000002 0.00069350000000000011 1.0493950000000003
decision_type=2 2 2 2 2 2 2 2 2 2 2 2 2 2
left_child=1 -1 3 5 7 -2 -3 -4 9 -6 12 13 -10 -12
right_child=2 6 4 -5 8 -7 -8 -9 10 -11 11 -13 -14 -15
leaf_value=0.0090433110920042688 -0.014154677091102963 -0.034799253542963877 -0.0016704503423566983 0.033419009380642371 0.014207580718006005 0.013192113900118227 -0.0089339862062904653 -0.028488709365977458 -0.013341594350980333 -0.023696891230310657 -0.0016411035657349399 0.00028564421931988728 0.0073948911336981366 -0.029957770378890122
leaf_weight=345.7182435542345 254.3588253185153 189.65493411570787 169.35593923553824 261.0362481996417 211.91662765294313 235.26602949947119 334.26939069479704 222.61595460027456 307.91490515321493 365.79718256741762 225.58513478934765 50631.939273841679 2405.3884763121605 397.76096952706575
leaf_count=1440 1321 1438 803 1001 655 1256 2072 1503 1677 2725 1106 147298 9459 3805
internal_value=9.09053e-05 -0.00745939 0.000209482 0.0109881 6.14625e-05 -0.00095322 -0.0184025 -0.0170117 0.00018501 -0.00974043 0.000291993 4.06812e-05 0.00502654 -0.0197772
internal_weight=56558.6 869.643 55688.9 750.661 54938.3 489.625 523.924 391.972 54546.3 577.714 53968.6 51255.3 2713.3 623.346
internal_count=177559 4950 172609 3578 169031 2577 3510 2306 166725 3380 163345 152209 11136 4911
is_linear=0
shrinkage=0.03


Tree=193
num_leaves=15
num_cat=0
split_feature=48 48 78 82 45 75 62 91 19 0 34 9 21 75
split_gain=56.1558 107.875 99.1143 147.946 138.899 124.274 145.612 120.198 119.882 111.998 182.332 119.002 102.748 79.0385
threshold=2630672.3900000001 2582414.4250000003 0.026250000000000006 0.0071750000000000008 -0.0035744999999999996 -0.32434999999999997 0.00051595000000000015 2.7550000000000003e-06 -4983867.7849999992 1.0694550000000003 1.0718650000000003 1.0548850000000003 354221.11276700004 0.050450000000000009
decision_type=2 2 2 2 2 2 2 2 2 2 2 2 2 2
left_child=1 -1 5 12 8 -2 13 -6 -5 10 11 -10 -4 -7
right_child=2 -3 3 4 7 6 -8 -9 9 -11 -12 -13 -14 -15
leaf_value=0.00022666978840129765 0.017881122718970452 0.012541574321188704 -0.025936521792274504 -0.030922092409593181 0.016866068386876876 -0.030074300643533919 0.020288064594451531 -0.0079028373028521715 0.0039973127737561818 -0.023899948625448034 0.025957250464313329 -0.025077845702316935 0.00084178009988439685 -0.0018708106818602912
leaf_weight=52458.185398321599 382.7008703276515 647.24448345601559 485.05861726030707 187.09824007377028 471.88024596124887 166.48077185451984 147.63556952401996 278.52216050028801 299.56889052316546 207.28746316581964 192.60243945196271 216.51152581349015 172.52872638776898 197.43707525730133
leaf_count=152508 1896 2040 5292 1769 1999 1505 800 1792 1494 1597 921 1584 1071 1241
internal_value=0.000137547 0.000377561 -0.00359564 -0.00665442 -0.00229483 0.00495773 -0.00466796 0.00763454 -0.00907762 -0.00455405 0.001088 -0.0081675 -0.0188746 -0.0149023
internal_weight=56510.7 53105.4 3405.31 2511.06 1853.47 894.254 511.553 750.402 1103.07 915.97 708.683 516.08 657.587 363.918
internal_count=177509 154548 22961 17519 11156 5442 3546 3791 7365 5596 3999 3078 6363 2746
is_linear=0
shrinkage=0.03


Tree=194
num_leaves=15
num_cat=0
split_feature=39 39 41 60 39 50 60 1 60 19 64 86 71 79
split_gain=69.918 63.3636 119.996 190.061 119.237 120.131 110.156 131.938 166.615 119.675 145.165 143.937 117.965 110.96
threshold=1.1943050000000002 1.1428750000000003 35.395000000000003 0.00048650000000000006 1.1217550000000003 2042750.8970970002 0.016893500000000002 1.1424150000000002 0.012755000000000001 -5564326.8549999995 1.0378400000000003 9.9150000000000009 0.015066000000000001 2108566.6389310001
decision_type=2 2 2 2 2 2 2 2 2 2 2 2 2 2
left_child=1 2 3 -1 5 -5 7 -3 9 -9 -11 -12 -10 -8
right_child=-2 6 -4 4 -6 -7 13 8 12 10 11 -13 -14 -15
leaf_value=-0.0298573350288453 -0.010713557234102921 0.01041093994995777 -2.6564747774269722e-05 -0.010752611520338519 0.01501774241755484 0.010444653395114412 0.0036603591284177263 -0.010046312033950452 -0.0028542633765282236 0.011323010352522582 -0.0085070424065893362 0.0018674397685263303 -0.02703137626164712 0.018028895015721809
leaf_weight=290.54845489189029 528.33033807575703 972.20983041077852 36523.131837300956 1304.8071359284222 259.59098775684834 292.76347613707185 5988.8929279670119 961.67396739125252 368.46363667398691 1089.5302718430758 1549.1791773736477 5377.4978897795081 363.71688474714756 526.99379652738571
leaf_count=1649 1348 2299 124809 7662 724 1393 13532 2486 970 2181 3945 12218 1123 990
internal_value=0.000137081 0.000240417 -0.000432723 -0.00732251 -0.00376667 -0.00684523 0.00175569 -0.000116816 -0.00117495 -4.86315e-05 0.00114811 -0.000449417 -0.0149259 0.00482965
internal_weight=56397.3 55869 38670.8 2147.71 1857.16 1597.57 17198.2 10682.3 9710.06 8977.88 8016.21 6926.68 732.181 6515.89
internal_count=177329 175981 136237 11428 9779 9055 39744 25222 22923 20830 18344 16163 2093 14522
is_linear=0
shrinkage=0.03


Tree=195
num_leaves=15
num_cat=0
split_feature=90 19 63 35 19 10 88 70 74 72 75 78 19 70
split_gain=70.0045 57.9803 268.968 208.192 100.894 229.74 82.2436 66.3266 180.953 139.691 67.4744 126.914 103.92 98.4291
threshold=5.5593255000000008 349495.61500000005 1.0926200000000004 1.0907850000000001 84525.860000000015 1.0826750000000003 0.018586545000000003 87.455000000000013 0.039086000000000003 1.2802845000000003 -0.13249999999999998 4.3544500000000008 -7153089.584999999 71.990000000000023
decision_type=2 2 2 2 2 2 2 2 2 2 2 2 2 2
left_child=1 4 -3 -4 7 -6 -7 9 -9 10 12 13 -1 -12
right_child=-2 2 3 -5 5 6 -8 8 -10 -11 11 -13 -14 -15
leaf_value=-0.01436179644820843 0.013761998171308394 0.027800457261676952 0.013434989965176595 -0.024681867340916631 0.018419250209370824 -0.025630088301178876 -0.00091873343250457255 -0.022827334108772111 -0.00092950208848802379 0.016734524738657001 -0.00084855282135779539 -0.015238529871350543 0.00255083006005142 0.0037231873756719148
leaf_weight=334.89989434927702 333.91083511710167 353.81731756031513 249.2797973677516 264.09492374956608 188.2710637897253 467.67316246777773 167.04751230031252 416.46777158230543 1840.1388904005289 458.13498769700527 34519.645707311109 516.77911109477282 11739.031639620662 4829.5664087310433
leaf_count=2691 675 804 1056 1562 729 3405 772 1354 4335 876 101260 1539 45510 11576
internal_value=8.67983e-05 4.98111e-06 0.00769824 -0.00612497 -0.000114871 -0.0105344 -0.0191854 4.16683e-05 -0.00499246 0.000259135 0.000112917 -0.000481543 0.00207808 -0.000286593
internal_weight=56678.8 56344.8 867.192 513.375 55477.7 822.992 634.721 54654.7 2256.61 52398.1 51939.9 39866 12073.9 39349.2
internal_count=178144 177469 3422 2618 174047 4906 4177 169141 5689 163452 162576 114375 48201 112836
is_linear=0
shrinkage=0.03


Tree=196
num_leaves=15
num_cat=0
split_feature=90 77 77 66 39 10 39 67 42 39 77 19 67 90
split_gain=56.3411 53.2249 249.514 150.421 127.116 270.397 248.133 190.449 139.608 128.793 105.586 98.6992 432.801 182.096
threshold=5.5593255000000008 -4693568.1549999993 -3680539.9949999996 1.1979850000000003 1.1204450000000004 1.1447050000000003 1.1545450000000002 1.1332700000000002 0.0059785000000000003 1.1815350000000002 -3331259.2099999995 -1286027.9999999998 1.0727650000000002 2.0894630000000007
decision_type=2 2 2 2 2 2 2 2 2 2 2 2 2 2
left_child=1 11 4 10 7 -6 -7 -3 -9 -8 -4 -1 -13 -14
right_child=-2 2 3 -5 5 6 9 8 -10 -11 -12 12 13 -15
leaf_value=0.0026337627787421203 0.012506693066137255 -0.032849218712521791 0.010590287589808681 0.019116656227413674 0.020307524299784059 -0.023589743439569984 0.00011330969566654216 -0.021873864487928971 0.011737384178467935 -0.015545237509259889 1.3213000398342819e-05 -0.033937868791773435 0.021396092167105904 -0.011530835087509484
leaf_weight=11655.097149191424 333.17248094081879 388.68242505937815 868.0651396214962 383.24370589852333 354.84352922439575 666.15649057924747 2211.8466707766056 208.5387205556035 235.12767400592566 598.98167903721333 37830.191076636314 350.22703218460083 362.92836251854897 256.46436816453934
leaf_count=40811 682 3044 2589 734 1317 2995 5115 1232 908 1660 111650 2645 1268 1265
internal_value=0.000223707 0.000150356 -0.000344291 0.000437765 -0.00690232 -0.00458092 -0.00713464 -0.0175349 -0.00400727 -0.00321717 0.000251517 0.00186662 -0.00731701 0.00771748
internal_weight=56703.6 56370.4 43745.7 39081.5 4664.18 3831.83 3476.98 832.349 443.666 2810.83 38698.3 12624.7 969.62 619.393
internal_count=177915 177233 131244 114973 16271 11087 9770 5184 2140 6775 114239 45989 5178 2533
is_linear=0
shrinkage=0.03


Tree=197
num_leaves=15
num_cat=0
split_feature=73 48 73 70 70 79 84 43 19 34 10 10 77 77
split_gain=53.3439 143.356 65.2877 127.02 136.493 123.706 165.2 132.837 122.896 120.496 119.42 96.4771 121.108 144.749
threshold=-0.0036808599999999998 -2768447.7599999993 -0.00030112999999999993 28.615000000000006 22.185000000000006 3148743.7520380006 42.090000000000011 -0.061802499999999989 -3767577.3799999994 1.0175050000000001 1.0522450000000003 1.0206850000000003 -4923771.9549999991 -3680539.9949999996
decision_type=2 2 2 2 2 2 2 2 2 2 2 2 2 2
left_child=1 -1 3 4 8 9 -7 -8 -2 -5 -11 -4 -13 -14
right_child=2 -3 11 5 -6 6 7 -9 -10 10 -12 12 13 -15
leaf_value=0.0021551903152568171 -0.015992632821531391 -0.025399022662090022 -0.015605738565295117 -0.012208015120688632 -0.022284348678174602 0.020436218839787211 0.015415679798140207 -0.010448722287717338 0.0088332951576633213 0.01673475044990741 0.001829853835434137 0.0032733709458773724 -0.0060460637233827677 -0.00017946455095731233
leaf_weight=462.59474214911461 281.61314604058862 265.92326424270868 366.37503850832582 520.25707323476672 374.40729962289333 795.09825514256954 312.0086463354528 415.23076500743628 490.52639143168926 508.63643153011799 9829.2025781534612 7559.4280066918582 4332.5246635004878 30014.755374468863
leaf_count=1039 1940 1768 2711 2940 2056 2519 1137 1882 1881 2062 28035 24454 14944 88248
internal_value=0.000175867 -0.00788254 0.000281753 0.00209601 -0.00744513 0.00298256 0.0109926 0.000612658 -0.000191337 0.00185586 0.00256765 -0.000298117 -0.000163203 -0.000920498
internal_weight=56528.6 728.518 55800.1 13527 1146.55 12380.4 1522.34 727.239 772.14 10858.1 10337.8 42273.1 41906.7 34347.3
internal_count=177616 2807 174809 44452 5877 38575 5538 3019 3821 33037 30097 130357 127646 103192
is_linear=0
shrinkage=0.03


Tree=198
num_leaves=15
num_cat=0
split_feature=42 60 77 77 47 77 43 90 82 41 73 48 13 48
split_gain=57.2538 57.5361 60.3428 137.881 110.054 109.671 210.148 154.749 190.136 101.327 96.3854 105.782 195.132 195.432
threshold=0.00038350000000000005 0.10051100000000002 -95201.019999999975 253609.40000000002 2.2250000000000005 -258446.63999999998 -0.11561949999999999 1.337833 0.018565000000000002 73.185000000000016 0.0076163650000000008 -4924591.919999999 0.00029150000000000004 -5413419.6049999995
decision_type=2 2 2 2 2 2 2 2 2 2 2 2 2 2
left_child=-1 2 5 -4 -5 9 -7 -8 -9 -2 11 12 -6 -14
right_child=1 -3 3 4 10 6 7 8 -10 -11 -12 -13 13 -15
leaf_value=-0.010486378355050669 0.00013569195895510254 -0.012449492883459149 -0.0072179707611884558 -0.013317599740449564 -0.0070975121021162454 0.026904027505628085 0.021372114477302667 -0.019199774140374749 0.0072392148848784256 0.0097628237048928684 -0.012301159988312032 0.0027721412016153395 0.0078417973123782701 -0.0059527002983905562
leaf_weight=473.39889693260193 32218.041412064806 332.18585813418031 2963.5212206654251 558.74974963441491 3580.6097232699394 410.51400883868337 296.19286647811532 404.09702568501234 615.99874929338694 1014.2456166110933 536.58065710961819 9140.6274612136185 2426.9147135466337 1489.523040547967
leaf_count=1439 112274 2066 10680 2007 8796 1106 815 1907 1690 2431 1389 22627 5063 3614
internal_value=-0.000108119 -1.9645e-05 5.4227e-05 -0.001229 -0.000226088 0.000814797 0.00818487 0.00230812 -0.0032134 0.000430699 0.000198837 0.000604492 -0.00203439 0.00258755
internal_weight=56461.2 55987.8 55655.6 20696.5 17733 34959.1 1726.8 1316.29 1020.1 33232.3 17174.3 16637.7 7497.05 3916.44
internal_count=177904 176465 174399 54176 43496 120223 5518 4412 3597 114705 41489 40100 17473 8677
is_linear=0
shrinkage=0.03


Tree=199
num_leaves=15
num_cat=0
split_feature=48 82 68 90 35 39 79 48 91 50 82 77 77 39
split_gain=70.131 140.781 151.737 146.165 121.032 190.726 72.6703 54.0879 128.214 137.855 171.525 160.939 348.348 212.414
threshold=2984197.6250000005 0.0075150000000000008 1.1021450000000002 1.3610990000000003 1.0749650000000002 1.0862150000000002 944701.94784100016 185617.38500000004 -0.0019462249999999998 1163403.9786670001 0.077610000000000012 -134047.40999999997 -243749.29499999995 1.0952750000000002
decision_type=2 2 2 2 2 2 2 2 2 2 2 2 2 2
left_child=7 2 -2 -3 6 -6 -5 -1 -9 10 11 12 -10 -13
right_child=1 3 -4 4 5 -7 -8 8 9 -11 -12 13 -14 -15
leaf_value=-0.00010873683617537522 -0.031580172887349579 0.018766819807457678 0.0090528144035858776 -0.032397522443069551 0.019389602892452926 -0.018718824128172214 -0.0051646956866374704 0.017960134043677467 0.0013582813141394077 0.0079704582931487619 -0.013032644039552451 0.0094295799646871934 0.032900027224851504 -0.018895175451093076
leaf_weight=43119.042706009001 311.12696496769786 267.50925638899207 110.62180169671774 191.69882722571492 276.99755620211363 204.2490923628211 168.95388658717275 445.18387389183044 6801.931568261236 2386.6492860093713 840.50707163661718 352.30927556008101 329.62876795232296 725.23031287267804
leaf_count=118258 4448 1081 596 2064 1299 1612 1458 1532 24904 8725 5601 1053 912 4017
internal_value=0.000207592 -0.00612205 -0.0208553 -0.000480381 -0.00664668 0.00314827 -0.0197724 0.000384457 0.00217669 0.00155814 -0.000130352 0.00118845 0.00282479 -0.00960622
internal_weight=56531.6 1531.16 421.749 1109.41 841.899 481.247 360.653 55000.5 11881.4 11436.3 9049.61 8209.1 7131.56 1077.54
internal_count=177560 12558 5044 7514 6433 2911 3522 165002 46744 45212 36487 30886 25816 5070
is_linear=0
shrinkage=0.03


Tree=200
num_leaves=15
num_cat=0
split_feature=84 89 87 42 55 90 78 65 86 32 71 61 79 39
split_gain=56.3377 56.5984 79.5223 61.4124 65.1479 53.3275 51.2081 71.8231 78.9307 82.4909 76.3399 71.7918 67.0455 59.9125
threshold=96.600000000000009 0.097517500000000021 21.181000000000001 0.00038350000000000005 96.645000000000024 0.084330500000000017 -1.8231999999999997 1.0113350000000001 38.340000000000011 0.62578750000000005 0.05503700000000001 0.065476500000000007 60997.482552500012 1.0825750000000003
decision_type=2 2 2 2 2 2 2 2 2 2 2 2 2 2
left_child=1 3 -3 -1 5 -5 12 8 9 -8 11 -9 -7 -12
right_child=-2 2 -4 4 -6 6 7 10 -10 -11 13 -13 -14 -15
leaf_value=-0.0114695291913103 -0.012412037953290251 0.012166767170243155 -0.0032407314433433028 0.0086246766859248061 -0.0097521270058673996 0 -0.0037640670601637445 0.012606443943904344 0.0048405902787024124 -0.025710512957139171 -0.0007510736827008145 0.00011104622879069159 0.015528454163749785 -0.017139726807634394
leaf_weight=418.98280376940966 324.57437798008323 795.86399638652802 480.26400710642338 660.12101358175278 602.85820927843451 585.17559900134802 324.40224909037352 416.35643354430795 274.19427191466093 299.97392636537552 401.86634720861912 50096.481695000082 439.58339644595981 408.5120335072279
leaf_count=1317 1164 1576 1136 1382 2091 1398 983 1144 999 1849 927 159621 1127 1105
internal_value=3.06779e-05 0.000103286 0.00634675 -4.13319e-05 4.61684e-05 0.000156482 5.07743e-05 -7.90444e-05 -0.00848286 -0.0143802 6.76681e-05 0.000214882 0.00668922 -0.00906052
internal_weight=56529.2 56204.6 1276.13 54928.5 54509.5 53906.7 53246.5 52221.8 898.57 624.376 51323.2 50512.8 1024.76 810.378
internal_count=177819 176655 2712 173943 172626 170535 169153 166628 3831 2832 162797 160765 2525 2032
is_linear=0
shrinkage=0.03


Tree=201
num_leaves=15
num_cat=0
split_feature=38 91 83 83 38 73 66 9 10 83 46 71 86 46
split_gain=52.6978 110.135 121.805 72.526 58.1868 64.9035 71.155 65.7148 171.286 78.841 66.7247 108.389 82.871 85.8848
threshold=1.1926250000000003 -0.00074324499999999991 2.9162050000000002 3.7827065000000006 1.1864650000000003 -0.0041698399999999984 1.0966450000000003 0.9894750000000001 1.0174550000000002 2.8313155000000005 -0.37214999999999993 0.026411000000000004 1.9350000000000003 -1.34385
decision_type=2 2 2 2 2 2 2 2 2 2 2 2 2 2
left_child=4 -2 -3 -4 5 6 -1 -7 9 -9 11 12 -10 -14
right_child=1 2 3 -5 -6 7 -8 8 10 -11 -12 -13 13 -15
leaf_value=-0.021253070339599649 0.0054514553633371009 -0.022446600698107746 0.0055085334478044163 -0.011658387745283964 0.0077236406086700774 0.013945385481467332 0.00090274499885127971 -0.0067356053106427741 -0.019400284362779949 -0.033048304174436445 0.00078593602309286919 0.01064653436074758 0.00087584217764560617 -0.0073360990180531341
leaf_weight=262.38429579511285 651.85052634775639 441.18681448698044 438.05555503070354 443.52871505916119 953.46754039824009 317.27589414268732 253.41796137392521 229.66562064737082 298.88908407092094 190.44066850095987 47046.103411201388 491.97144083306193 2361.7797230817378 2215.3242148384452
leaf_count=1408 1400 1262 941 1149 1999 1164 656 1527 1555 1850 142324 1281 9712 9602
internal_value=0.000205811 -0.00460642 -0.00958589 -0.00309765 0.000380411 0.000249249 -0.010329 0.000352661 0.000270205 -0.018785 0.000423862 -0.00274341 -0.00410246 -0.00309293
internal_weight=56595.3 1974.62 1322.77 881.584 54620.7 53667.3 515.802 53151.5 52834.2 420.106 52414.1 5367.96 4875.99 4577.1
internal_count=177830 4752 3352 2090 173078 171079 2064 169015 167851 3377 164474 22150 20869 19314
is_linear=0
shrinkage=0.03


Tree=202
num_leaves=15
num_cat=0
split_feature=55 35 41 44 42 13 33 76 72 77 50 77 44 77
split_gain=60.842 55.9268 103.03 53.5476 90.7624 194.68 89.6861 115.254 110.591 87.0568 138.544 121.639 88.8427 81.9862
threshold=96.645000000000024 0.99439000000000011 52.215000000000011 1.0000000180025095e-35 0.0005195000000000001 0.00019150000000000002 -9.5094999999999983e-05 66.365000000000023 -0.070314499999999988 -34981458.119999997 1195341.4364225001 -30008293.159999993 -0.00038031499999999994 -4693568.1549999993
decision_type=2 2 2 2 2 2 2 2 2 2 2 2 2 2
left_child=1 2 -1 9 5 -5 7 -6 -9 10 12 -11 -3 -8
right_child=-2 3 -4 4 6 -7 13 8 -10 11 -12 -13 -14 -15
leaf_value=-0.028302393835957933 -0.0090481265392863119 -0.013514045416818119 0.0050911860653904467 0.0071128273321655498 -0.010622035446439871 -0.022221799175626791 0.0037607446211095114 0.011946243838960908 -0.0067550091718781126 0.015390193644710467 -0.028809736474680176 0.0013145161687943812 0.013389945601769142 -0.00050586895421593189
leaf_weight=169.48152290284634 639.20711462572217 213.6201133094728 159.36451134085655 341.61853237450123 1595.8845984302461 497.26789079979062 4973.0621129721403 526.23097743093967 615.93156577274203 565.15308630466461 219.36635795980692 23926.875445749611 226.52462033927441 21870.410474732518
leaf_count=1431 2174 1201 647 720 8786 1812 15333 2264 3170 1540 1441 77783 908 58563
internal_value=0.000146417 0.00025225 -0.012062 0.000325875 -0.000520174 -0.0102459 -0.000243015 -0.0054147 0.00183793 0.00135033 -0.00939052 0.00164115 0.000263307 0.000283563
internal_weight=56540 55900.8 328.846 55571.9 30420.4 838.886 29581.5 2738.05 1142.16 25151.5 659.511 24492 440.145 26843.5
internal_count=177773 175599 2078 173521 90648 2532 88116 14220 5434 82873 3550 79323 2109 73896
is_linear=0
shrinkage=0.03


Tree=203
num_leaves=15
num_cat=0
split_feature=48 72 60 70 50 9 39 19 89 48 39 3 72 76
split_gain=50.7074 114.782 128.993 163.809 139.462 142.552 102.557 101.497 118.137 96.1744 95.8254 91.7321 91.2662 90.5302
threshold=2630672.3900000001 -0.24071849999999997 0.00034050000000000004 42.305000000000007 75069.025738000011 1.0917050000000001 1.0376550000000002 -4715520.2849999992 0.011841500000000003 2582414.4250000003 1.0475950000000003 1.1043350000000003 -0.13900749999999998 3.7100000000000004
decision_type=2 2 2 2 2 2 2 2 2 2 2 2 2 2
left_child=9 13 -3 4 5 12 -6 8 -8 -1 -9 -5 -4 -2
right_child=1 2 3 11 6 -7 7 10 -10 -11 -12 -13 -14 -15
leaf_value=0.00025364116945149535 0.0025087459982936103 0.013245604039223997 -0.010502366442563615 -0.019614411089593078 0.015531164399067434 0.030164511045613941 0.022128316058754212 0.00084689795126212093 -0.01504863002762602 0.011761927908447269 -0.028806768472457542 0.0056788956177758042 0.015241403585662762 -0.027419002224818825
leaf_weight=52566.17745866254 129.7966109700501 461.09893290325999 254.33716842904687 678.56769655644894 158.41317269206047 239.51661164313555 144.51482158526778 138.40903599560261 161.74913646653295 660.96614713966846 319.72220522351563 156.70563438534737 239.19914327003062 288.79485757276416
leaf_count=152901 788 2076 1401 6188 643 1083 828 688 1348 2081 2850 909 1380 2664
internal_value=0.000170828 -0.00339593 -0.00129781 -0.00400601 0.00144261 0.0112177 -0.00629371 -0.0108703 0.00241111 0.000397331 -0.0198002 -0.0148321 0.00191963 -0.0180837
internal_weight=56598 3370.83 2952.23 2491.13 1655.86 733.053 922.808 764.395 306.264 53227.1 458.131 835.273 493.536 418.591
internal_count=177828 22846 19394 17318 10221 3864 6357 5714 2176 154982 3538 7097 2781 3452
is_linear=0
shrinkage=0.03


Tree=204
num_leaves=15
num_cat=0
split_feature=89 47 47 60 60 75 44 10 0 1 50 35 41 44
split_gain=59.8458 49.6997 137.479 88.8071 142.65 98.6788 73.5483 70.7336 91.8247 195.61 141.464 121.763 180.891 97.4727
threshold=0.10648750000000003 2.7950000000000004 1.135 0.025209500000000003 0.032690500000000004 6.9044500000000015 2.3750000000000006e-06 1.0206850000000003 1.0345450000000003 1.0495050000000001 6063695.7382855015 1.0323600000000004 52.035000000000004 -0.00014284999999999998
decision_type=2 2 2 2 2 2 2 2 2 2 2 2 2 2
left_child=1 2 3 5 -5 -1 -4 -3 10 -10 11 12 13 -9
right_child=-2 7 6 4 -6 -7 -8 8 9 -11 -12 -13 -14 -15
leaf_value=-0.011307692164896958 0.012633211097185801 -0.010954646999019655 -0.0039764229681883553 0.015977064116374895 0.00034591817158614543 0.0091820887556958025 -0.01412999101937518 0.0018391361250064743 -0.019938125574167711 0.0003476081194004264 0.027517905137252888 0.010580877770372409 0.018188496037026325 -0.020259419815070241
leaf_weight=838.6926069073379 338.22438618540764 493.1710106767714 1951.3452130444348 668.32536554336548 2464.4612935036421 280.36993117630482 966.38013117387891 297.04363537579775 430.82362665235996 45783.336221214384 250.78067754581571 1091.5681334249675 247.33399330824614 444.06060045212507
leaf_count=3492 668 3376 8169 1480 13081 588 4289 1505 3298 129849 738 3860 722 2807
internal_value=7.03352e-05 -4.95042e-06 -0.00233833 0.00109698 0.00369416 -0.00614378 -0.00735335 0.000335628 0.000451168 0.000157421 0.00626005 0.00367064 -0.00393325 -0.0113711
internal_weight=56545.9 56207.7 7169.57 4251.85 3132.79 1119.06 2917.73 49038.1 48544.9 46214.2 2330.79 2080.01 988.438 741.104
internal_count=177922 177254 31099 18641 14561 4080 12458 146155 142779 133147 9632 8894 5034 4312
is_linear=0
shrinkage=0.03


Tree=205
num_leaves=15
num_cat=0
split_feature=77 77 19 9 87 77 70 43 14 73 37 34 90 36
split_gain=58.5575 143.975 230.889 107.77 77.703 69.0729 106.9 60.7565 91.5327 101.427 140.477 134.327 143.664 111.509
threshold=-37458211.944999993 -34981458.119999997 -550439.11499999987 1.0652650000000004 173.47950000000003 -31165196.879999999 40.635000000000012 0.0070030000000000014 -0.12370899999999999 8.5160000000000018e-05 1.1599550000000003 1.0942850000000002 1.7586385000000002 1.0418750000000003
decision_type=2 2 2 2 2 2 2 2 2 2 2 2 2 2
left_child=3 2 4 -1 -2 6 -3 8 9 13 11 12 -11 -7
right_child=1 5 -4 -5 -6 7 -8 -9 -10 10 -12 -13 -14 -15
leaf_value=0.023751333622457776 -0.032243025664934206 0.021261021797749656 0.010994445778209506 -0.0032192216479248743 -0.0066617956064259371 -0.0090742338005035655 -0.0013431102892269265 0.00090148799975130482 -0.0025643933061417056 0.01580412573584199 0.0046934740191523164 -0.012096194293084202 -0.013844193207948724 0.0066457713414245197
leaf_weight=260.80392895638943 353.43763632699847 352.1218209117651 242.89215305447578 267.88895068317652 158.51220971345901 456.7837868668139 398.21384140849113 32552.400700930506 14240.714523293078 385.29507553204894 1567.2273339778185 1476.5470724515617 235.8009121529758 3514.1836840268224
leaf_count=652 2392 746 1018 1459 849 3072 1403 92519 48058 1549 3423 5785 1632 13184
internal_value=0.000120457 2.59034e-05 -0.012978 0.0100484 -0.0244094 0.00020457 0.00923894 7.93072e-05 -0.00114272 0.00150475 -0.00208832 -0.00716937 0.00449567 0.0048281
internal_weight=56462.8 55934.1 754.842 528.693 511.95 55179.3 750.336 54429 21876.6 7635.84 3664.87 2097.64 621.096 3970.97
internal_count=177741 175630 4259 2111 3241 171371 2149 169222 76703 28645 12389 8966 3181 16256
is_linear=0
shrinkage=0.03


Tree=206
num_leaves=15
num_cat=0
split_feature=62 77 40 43 32 79 89 70 6 66 13 40 40 40
split_gain=57.7717 102.091 98.9251 93.4035 79.1829 60.1631 59.55 62.0323 183.481 190.81 204.342 153.254 135.875 91.8395
threshold=-0.0015555749999999998 -18780185.814999998 1.1932400000000001 -0.38804599999999995 0.56108700000000011 775894.13873750006 0.10648750000000003 72.27500000000002 1.1226050000000003 1.0834050000000002 0.00033950000000000007 1.1241750000000001 1.1653550000000001 1.1075550000000003
decision_type=2 2 2 2 2 2 2 2 2 2 2 2 2 2
left_child=1 -1 3 -3 -5 -6 7 -2 13 -10 -11 -12 -13 -9
right_child=6 2 -4 4 5 -7 -8 8 9 10 11 12 -14 -15
leaf_value=0.019668613490120727 -0.00044630160116159221 -0.01449485238047738 0.016903845879371007 0.010806547047296852 0.0023696035365436013 -0.015116624317781015 0.012740863105852809 0.0060118806607189221 0.005026881297611383 0.0025037001404570815 -0.00063721234428208088 -0.03025425751158474 -0.0055852660045752813 0.027516595923995701
leaf_weight=353.41621215641499 45766.825542015955 349.92864872515202 344.94621425867081 621.49139715731144 522.55168240889907 265.11822545528412 330.214350476861 362.7694141343236 4318.2672964036465 1604.3781933933496 546.62477581948042 537.88215180486441 326.58258834481239 361.30485812574625
leaf_count=1171 149708 998 646 1453 1644 1763 652 1235 9463 3597 1474 2068 807 1091
internal_value=0.000263836 0.00476187 0.00223557 -0.000631715 0.0027974 -0.00348967 5.9085e-05 -1.83957e-05 0.00240806 0.000980235 -0.00480452 -0.0131309 -0.0209865 0.016807
internal_weight=56612.3 2457.45 2104.04 1759.09 1409.16 787.67 54154.8 53824.6 8057.81 7333.74 3015.47 1411.09 864.465 724.074
internal_count=177770 7675 6504 5858 4860 3407 170095 169443 19735 17409 7946 4349 2875 2326
is_linear=0
shrinkage=0.03


Tree=207
num_leaves=15
num_cat=0
split_feature=86 42 19 50 39 34 19 77 48 77 62 48 16 16
split_gain=66.4026 87.8523 89.2916 144.293 98.1321 141.484 106.81 87.7722 94.5519 172.637 137.06 115.447 103.892 103.029
threshold=23.665000000000003 0.00041150000000000003 -6273833.044999999 2191811.3855815004 1.0180550000000002 1.0362150000000001 -4289022.3299999991 3017697.5000000005 2274973.1600000006 -258446.63999999998 -1.8949999999999999e-06 2469433.0550000002 0.0023265000000000004 -0.0022044999999999994
decision_type=2 2 2 2 2 2 2 2 2 2 2 2 2 2
left_child=1 -1 3 -3 -4 6 -6 8 12 11 -11 -10 -2 -13
right_child=7 2 4 -5 5 -7 -8 -9 9 10 -12 13 -14 -15
leaf_value=-0.015824906706988617 0.0025565816094567147 -0.025700876060769529 -0.01337294410348757 0.005789328624753739 -0.0012860162402058037 -0.00064220762019649919 0.018339965113057088 -0.0058582875772644058 -0.03064688716453539 -0.0091569125402374742 0.021062165134434707 -0.0024456368461142574 -0.0073482210680896097 -0.023131988388462203
leaf_weight=348.78207542002201 22808.923729784787 317.90055050700903 518.91984332352877 219.46264688298106 407.03278384357691 26495.540546998382 632.65902861952782 1504.2948819845915 199.71759683638811 213.12710407748818 360.97956953942776 1177.6947110053152 992.26933608949184 265.95573923364282
leaf_count=1136 63820 2703 2926 1102 1599 80772 2174 3652 1460 1344 1544 7443 4061 1976
internal_value=0.000125473 -0.000877209 -0.000693268 -0.0127975 -0.000459901 -0.00021498 0.0106338 0.00118087 0.00158921 -0.00432996 0.00979528 -0.00928578 0.0021421 -0.00629071
internal_weight=56463.3 28940.3 28591.5 537.363 28054.2 27535.2 1039.69 27523 26018.7 2217.47 574.107 1643.37 23801.2 1443.65
internal_count=177712 92412 91276 3805 87471 84545 3773 85300 81648 13767 2888 10879 67881 9419
is_linear=0
shrinkage=0.03


Tree=208
num_leaves=15
num_cat=0
split_feature=78 78 76 76 7 66 73 9 73 50 85 90 46 83
split_gain=63.3702 112.149 133.03 109.757 134.518 125.191 106.085 156.26 122.727 105.819 91.4156 89.1299 77.1372 85.0444
threshold=-1.3936499999999998 -0.90604999999999991 98.655000000000015 35.865000000000002 1.1698050000000002 1.0411400000000002 0.0019013300000000001 1.1797150000000003 -5.1704999999999994e-05 67159.636435500011 14.915000000000001 0.084330500000000017 2.6846500000000004 2.9717825000000002
decision_type=2 2 2 2 2 2 2 2 2 2 2 2 2 2
left_child=3 2 6 4 -1 -6 7 8 10 -10 -2 -3 13 -5
right_child=1 11 -4 12 5 -7 -8 -9 9 -11 -12 -13 -14 -15
leaf_value=0.013899295362236714 0.0093584237893837279 0.012339141114974366 0.011609488200735331 -0.020168277262025826 0.0085205696855646974 -0.011935585747236627 -0.019535024185680781 0.0049451809917242604 -0.025599510100494317 -0.0063050901639409868 -0.0093372066665565693 0.00023857947920062153 0.0073644887674061375 0.0010099473150243475
leaf_weight=1361.4533864073455 392.82780161499977 553.25253370404243 393.35016161203384 352.28128748387098 629.80199566483498 468.69682191312313 500.96813867986202 1018.129522562027 553.66268069297075 485.7345528639853 582.25354173779488 48547.625252448022 347.31890787184238 324.96573586016893
leaf_count=3078 1167 1110 793 1355 1306 1216 1448 2202 2005 1591 2165 156541 743 918
internal_value=0.000243138 -1.38532e-05 -0.00489223 0.00416155 0.00760105 -0.000183096 -0.00674042 -0.0046112 -0.00945599 -0.0166263 -0.00177275 0.000375784 -0.00406671 -0.00997552
internal_weight=56512.3 53027.8 3926.93 3484.52 2459.95 1098.5 3533.58 3032.61 2014.48 1039.4 975.081 49100.9 1024.57 677.247
internal_count=177638 169022 11371 8616 5600 2522 10578 9130 6928 3596 3332 157651 3016 2273
is_linear=0
shrinkage=0.03


Tree=209
num_leaves=15
num_cat=0
split_feature=48 42 70 79 74 62 41 76 19 65 48 71 71 48
split_gain=53.556 112.464 152.029 132.31 148.301 195.697 183.265 142.738 132.261 99.11 91.834 139.804 160.955 164.023
threshold=2630672.3900000001 0.00067950000000000009 42.305000000000007 1962444.9160540004 -0.019382499999999997 3.9500000000000008e-07 47.445000000000007 66.50500000000001 -4754414.5099999988 1.0814750000000002 185617.38500000004 0.0024575000000000005 0.0030075000000000002 308108.46500000003
decision_type=2 2 2 2 2 2 2 2 2 2 2 2 2 2
left_child=10 -2 3 4 6 -6 -3 9 -5 -8 -1 -12 -13 -14
right_child=1 2 -4 8 5 -7 7 -9 -10 -11 11 12 13 -15
leaf_value=-0.00032899198158823468 0.012018208929707569 -0.029487431575788457 -0.016028064804116695 0.0050825793431648059 -0.0055417384002408856 0.031946575659516578 -0.020683077095669113 0.016583596718518574 -0.024115584501309358 0.0087532512669617184 0.014613370548382793 -0.020166902572714127 0.0139049088257454 0.0010409815563943475
leaf_weight=43098.074058193713 365.31674646958709 191.7797469496727 881.40356455370784 220.6863832436502 210.03427110239863 304.47902492061257 253.48387552797794 374.45299762487411 370.94860207289457 170.40755255520344 835.1258305311203 289.68338265269995 1007.0796558856964 7823.2255885340273
leaf_count=118518 1487 1662 7698 1522 1451 1287 1524 1620 3534 1068 2424 1269 3019 29583
internal_value=3.76562e-05 -0.00364403 -0.00557902 -0.00116573 0.00354545 0.0166039 -0.00321993 0.00308156 -0.0131835 -0.00878609 0.000270277 0.00286744 0.00178708 0.00251289
internal_weight=56396.2 3342.99 2977.68 2096.27 1504.64 514.513 990.124 798.344 591.635 423.891 53053.2 9955.11 9119.99 8830.31
internal_count=177666 22853 21366 13668 8612 2738 5874 4212 5056 2592 154813 36295 33871 32602
is_linear=0
shrinkage=0.03


Tree=210
num_leaves=15
num_cat=0
split_feature=39 39 19 39 19 10 73 91 3 67 63 75 3 1
split_gain=68.2185 162.944 60.404 114.2 106.565 243.337 74.6957 59.003 52.5179 192.987 171.43 206.804 131.86 231.092
threshold=1.0097050000000003 0.99248000000000014 -7153089.584999999 1.0668150000000003 -6133902.754999999 1.0522450000000003 -0.00090915999999999989 3.1845000000000011e-05 1.0186250000000003 1.0609650000000002 1.0478100000000004 -3.8816999999999995 1.0343550000000004 1.0495050000000001
decision_type=2 2 2 2 2 2 2 2 2 2 2 2 2 2
left_child=1 -1 3 6 5 -4 -2 -3 9 10 11 -6 -10 -14
right_child=2 7 4 -5 8 -7 -8 -9 12 -11 -12 -13 13 -15
leaf_value=0.0067424314850178723 -0.00078450414965422596 -0.030920952273253897 0.023787429712801358 0.010830080993978629 0.020943150755642022 -0.01086356582606118 -0.030354507603006033 -0.0067309640779910406 0.0094774982125389578 0.0061305559830848472 -0.032175165785577713 -0.018364546645471019 -0.018424611077555147 0.00031653471260957014
leaf_weight=321.59152822196484 121.53349832445383 247.04603217169642 504.46862921491265 157.27547291666269 186.1965257525444 283.25430365651846 218.97244022041559 149.85167856514454 1384.469585634768 721.24315132945776 321.75481289252639 335.681710511446 598.10587800294161 50905.484884209931
leaf_count=1380 971 1992 1733 526 742 1423 2290 852 4710 3212 2124 2284 4919 148699
internal_value=0.000129179 -0.00904829 0.000248179 -0.010143 0.00034254 0.0112914 -0.0199214 -0.0219031 0.000183397 -0.00522995 -0.0149736 -0.00426968 0.000344233 9.79597e-05
internal_weight=56456.9 718.489 55738.4 497.781 55240.7 787.723 340.506 396.898 54452.9 1564.88 843.633 521.878 52888.1 51503.6
internal_count=177857 4224 173633 3787 169846 3156 3261 2844 166690 8362 5150 3026 158328 153618
is_linear=0
shrinkage=0.03


Tree=211
num_leaves=15
num_cat=0
split_feature=77 77 68 76 82 63 63 10 60 68 2 77 12 79
split_gain=56.153 148.133 210.651 113.068 73.4686 57.3953 110.067 127.462 295.656 193.157 169.742 321.527 148.97 116.211
threshold=-37458211.944999993 -34981458.119999997 1.0762050000000003 12.255000000000001 0.025550000000000003 1.0728550000000003 1.0793850000000003 1.0814950000000001 0.045038000000000002 1.0898350000000001 1.0838250000000003 -1676563.6199999999 41.395000000000003 124165.75537650002
decision_type=2 2 2 2 2 2 2 2 2 2 2 2 2 2
left_child=3 2 4 -1 -2 -3 13 8 9 -8 11 -9 -13 -7
right_child=1 5 -4 -5 -6 6 7 10 -10 -11 -12 12 -14 -15
leaf_value=0.023066902161262538 -0.035155620649402738 0.0017718130788498315 0.0060995644929805401 -0.0044399614643685819 -0.0093553386697741523 -0.017680636222227153 0.0373901664017771 -0.029038735926799827 -0.016404428270915435 0.0056175107508958239 0.00021881212692174908 0.019259604497948467 -0.0083683359067856233 -0.0027884610889190183
leaf_weight=279.05788410454988 289.95335241779685 16679.575400590897 303.62041114270687 255.34036552906036 157.75357171148062 610.95685839653015 337.26043290272355 520.89679727330804 257.62968394160271 356.89180370420218 33548.055124133825 272.56383365765214 488.83976058661938 2090.5835702084005
leaf_count=822 2246 51841 1168 1339 876 1854 908 4428 1902 1208 96963 1164 2781 8090
internal_value=0.000213988 0.000120855 -0.0131004 0.00988409 -0.0261726 0.000301708 -0.000334714 0.000105377 0.0109316 0.0211293 -0.000189906 -0.0108982 0.00149473 -0.00617274
internal_weight=56449 55914.6 751.327 534.398 447.707 55163.3 38483.7 35782.1 951.782 694.152 34830.4 1282.3 761.404 2701.54
internal_count=177590 175429 4290 2161 3122 171139 119298 109354 4018 2116 105336 8373 3945 9944
is_linear=0
shrinkage=0.03


Tree=212
num_leaves=15
num_cat=0
split_feature=83 19 19 79 5 86 48 48 78 48 79 48 46 68
split_gain=46.7431 111.203 137.592 158.205 130.9 106.264 99.8602 166.788 167.669 132.128 129.618 124.745 140.659 105.894
threshold=4.7543585000000013 349495.61500000005 -397054.64999999997 4305565.6838580007 1.0922750000000001 17.315000000000001 -4924591.919999999 -5455002.3699999992 0.14810000000000004 -4577271.1499999994 9756839.8095625024 -5963108.6449999986 0.090650000000000022 1.1415150000000003
decision_type=2 2 2 2 2 2 2 2 2 2 2 2 2 2
left_child=6 2 3 -2 -4 -3 7 8 11 -8 -11 12 -1 -12
right_child=1 5 4 -5 -6 -7 9 -9 -10 10 13 -13 -14 -15
leaf_value=0.00071197116446881329 -0.0026292085237176843 0.023418351515471451 -0.0333805355413117 0.013042688587270049 -0.004465792068959148 -0.0013371356364616771 0.0079789491599381347 -0.0081515795886741692 0.0058081104569440061 0.00098948378888959383 -0.016215042152062212 0.0070440565651202691 -0.01700157101697964 0.0058324620065137427
leaf_weight=697.14211675524712 8775.8338817991316 299.66579731926322 243.21899959445 619.28823533654213 340.70654533058405 319.79144019633532 2385.3615357130766 2987.6374752819538 2721.6946455836296 34563.112409768626 704.91508015990257 545.93478146195412 946.32427372038364 268.47279788553715
leaf_count=1575 25515 880 1710 1718 1845 1346 4982 7412 5817 116785 3790 1148 2563 616
internal_value=8.87969e-05 -0.00170592 -0.00247434 -0.00159171 -0.0165972 0.0106086 0.000504605 -0.00256271 0.000832111 0.00114434 0.000684513 -0.0053398 -0.00947356 -0.0101035
internal_weight=56419.1 10598.5 9979.05 9395.12 583.926 619.457 45820.6 7898.73 4911.1 37921.9 35536.5 2189.4 1643.47 973.388
internal_count=177702 33014 30788 27233 3555 2226 144688 18515 11103 126173 121191 5286 4138 4406
is_linear=0
shrinkage=0.03


Tree=213
num_leaves=15
num_cat=0
split_feature=90 44 36 77 47 44 64 77 77 66 91 44 34 39
split_gain=53.1745 48.7639 86.8728 83.328 79.3563 71.8992 110.401 96.3518 157.678 101.531 100.31 116.344 96.4614 86.571
threshold=5.5593255000000008 0.0017371500000000002 1.1794050000000003 3092548.8900000001 59.365000000000002 4.7150000000000006e-06 1.0280500000000001 -4693568.1549999993 -4353227.4399999985 1.1813350000000002 -0.00081526499999999991 0.00043175500000000008 1.0220150000000003 1.0901150000000002
decision_type=2 2 2 2 2 2 2 2 2 2 2 2 2 2
left_child=1 3 4 5 -3 -1 -7 10 -9 13 11 -8 -12 -10
right_child=-2 2 -4 -5 -6 6 7 8 9 -11 12 -13 -14 -15
leaf_value=0.00076123018034658359 0.011923203958013634 -0.010233296953324159 0.012406230622845052 -0.011009513797768437 0.0019046578425422557 0.0058597652044377535 -0.018440129551680222 -0.018857172834397602 -0.0089853655500183888 0.007621711358167204 0.015350702715378195 0.00351249507107005 0.0015794602578746324 -0.002378772374237479
leaf_weight=25311.591784834862 332.27022072672844 517.25989361107349 663.78430426865816 665.1000799536705 7395.380445998162 1646.5077517665923 449.96896893531084 572.82791307941079 2123.0216615237296 791.04280110448599 525.17844084277749 415.12494043260813 3587.3879416137934 11383.744881052524
leaf_count=84976 689 1904 1320 1698 16869 4023 1894 2511 9266 1869 2499 1445 11950 34964
internal_value=-2.38693e-05 -9.54421e-05 0.00198562 -0.000472083 0.0011062 -0.000321478 -0.00159781 -0.00221823 -0.00342806 -0.00280653 0.00139006 -0.00787939 0.00334866 -0.00342002
internal_weight=56380.2 56047.9 8576.42 47471.5 7912.64 46806.4 21494.8 19848.3 14870.6 14297.8 4977.66 865.094 4112.57 13506.8
internal_count=177877 177188 20093 157095 18773 155397 70421 66398 48610 46099 17788 3339 14449 44230
is_linear=0
shrinkage=0.03


Tree=214
num_leaves=15
num_cat=0
split_feature=77 68 19 77 11 62 35 18 44 44 77 77 48 40
split_gain=60.9618 320.573 190.82 68.3078 74.4604 66.3479 81.1439 97.0792 64.8713 73.0565 135.618 137.452 119.99 138.958
threshold=-34981458.119999997 1.0762050000000003 -791122.96499999985 -31165196.879999999 1.0570050000000002 0.0019602300000000007 1.1418150000000002 34.905000000000008 0.0015762300000000003 1.0000000180025095e-35 -4693568.1549999993 -4353227.4399999985 2087331.0000000002 1.1149150000000001
decision_type=2 2 2 2 2 2 2 2 2 2 2 2 2 2
left_child=1 -1 -3 4 -2 8 7 -7 9 -5 -11 -12 -13 -14
right_child=3 2 -4 5 -6 6 -8 -9 -10 10 11 12 13 -15
leaf_value=-0.025095146608042719 0.018669001024896773 -0.0093552027194239717 0.021020391551433124 0.00080180028865076114 -0.00023134523326363761 -0.020113735768983735 0.008572179671349019 -0.0018154020204709396 0.0025469327294862262 0.0029400565058386825 -0.01701796859756179 -0.0016639024580738626 -0.0054167341481911055 -0.029974628635377559
leaf_weight=503.0473200827837 368.62238059937954 368.42554259300232 372.73498441278934 23925.084481818601 374.6181643307209 490.93561004474759 249.73451727256179 564.6708917543292 8401.8441213853657 4548.1120465397835 599.16559386625886 14497.086940113455 762.50010427460074 286.43892928212881
leaf_count=3633 945 1605 1204 78544 1179 2865 706 1695 19400 14855 2548 41076 5405 2288
internal_value=-6.03097e-05 -0.00662471 0.00588822 8.75771e-05 0.00911477 -3.55393e-05 -0.00671512 -0.0103649 0.000128468 -0.000326315 -0.00163204 -0.00292196 -0.00237569 -0.0121736
internal_weight=56313 1244.21 741.161 55068.8 743.241 54325.6 1305.34 1055.61 53020.2 44618.4 20693.3 16145.2 15546 1048.94
internal_count=177948 6442 2809 171506 2124 169382 5266 4560 164116 144716 66172 51317 48769 7693
is_linear=0
shrinkage=0.03


Tree=215
num_leaves=15
num_cat=0
split_feature=48 10 10 68 70 39 71 39 63 64 48 85 66 48
split_gain=48.1654 136.647 254.443 134.449 130.453 95.4755 194.819 271.129 250.539 144.272 151.393 142.083 58.1514 56.2368
threshold=2630672.3900000001 1.1303850000000002 1.1006250000000002 1.0948950000000002 35.735000000000007 1.0280150000000001 0.0081705000000000024 1.0612950000000001 1.0670400000000002 1.0957850000000002 2921300.4550000005 12.605000000000002 1.0858050000000004 2469433.0550000002
decision_type=2 2 2 2 2 2 2 2 2 2 2 2 2 2
left_child=13 2 4 -4 -2 -6 7 -7 -9 10 -8 -10 -3 -1
right_child=1 12 3 -5 5 6 9 8 11 -11 -12 -13 -14 -15
leaf_value=6.7967587150573178e-05 -0.026280809008739987 0.0011025422019576745 -0.029673349591454061 0.0051225697849576323 0.019379787539720715 0.032650319622369341 0.00030222180970210564 -0.033245631074832749 0.029952294585358766 0.012947377085150953 -0.026687473354808783 -0.0042246820672647888 0.023724730518560059 0.0070928937430372622
leaf_weight=51958.367964599282 171.12340199574828 206.26311906054616 501.25662002712488 122.67749562487006 223.41012370586395 287.91445372253656 300.77118594944477 171.68951119855046 178.75332850590348 185.82670099288225 484.29656478762627 276.41003712639213 207.89853239059448 1045.5173157304525
leaf_count=151373 2019 1285 4771 588 719 924 1261 2228 901 1035 4295 2000 827 3519
internal_value=-1.17684e-05 -0.00351799 -0.0058248 -0.0227865 -0.00116242 0.000872876 -0.001313 0.00859829 -0.00243547 -0.0106814 -0.0163219 0.00916789 0.0125604 0.000207234
internal_weight=56322.2 3318.29 2904.13 623.934 2280.2 2109.07 1885.66 914.767 626.853 970.894 785.068 455.163 414.162 53003.9
internal_count=177745 22853 20741 5359 15382 13363 12644 6053 5129 6591 5556 2901 2112 154892
is_linear=0
shrinkage=0.03


Tree=216
num_leaves=15
num_cat=0
split_feature=43 48 32 15 64 70 70 84 87 63 90 6 61 48
split_gain=63.8908 151.8 122.515 119.988 98.314 147.916 140.636 99.0906 79.6561 93.6598 78.3216 68.0616 59.3685 67.42
threshold=-0.42877649999999995 -3007746.2249999992 0.51925200000000016 -6.4149999999999996e-06 1.1057050000000002 36.175000000000004 42.205000000000005 73.245000000000019 252.70500000000001 1.0869250000000001 1.7107460000000001 1.1795050000000002 0.08118400000000002 3094726.1500000008
decision_type=2 2 2 2 2 2 2 2 2 2 2 2 2 2
left_child=1 3 -3 11 5 -4 -6 8 9 -7 -5 -1 -2 -14
right_child=12 2 4 10 6 7 -8 -9 -10 -11 -12 -13 13 -15
leaf_value=-9.8781788169397425e-05 0.011643103270554067 -0.024255954356648811 0.0073402079194759768 -0.012560663207445271 -0.010280047964778766 -0.0059204550093814867 0.019306914894579825 0.0023254525905852287 -0.034868458419623098 -0.027380565145913579 0.0014055937540106678 0.013605072256777076 0.00034498174606349029 -0.013309795532750876
leaf_weight=535.26870432496071 414.61311477050185 373.43456569314003 363.74109953641891 598.32302957773209 278.214266307652 491.05683713406324 297.53858780860901 253.34229493886232 213.94182400777936 296.20498425513506 901.71685092151165 817.07348319888115 50146.749817222357 326.47589421644807
leaf_count=1225 1372 1416 1460 1553 1830 1931 858 1006 1037 1725 2028 1591 155442 3229
internal_value=1.90529e-05 -0.00307656 -0.00836899 0.00167799 -0.00564148 -0.00943427 0.0049649 -0.0143237 -0.0185646 -0.0140573 -0.00414982 0.00816274 0.000349398 0.000255802
internal_weight=56307.7 5419.86 2567.47 2852.38 2194.04 1618.29 575.753 1254.55 1001.2 787.262 1500.04 1352.34 50887.8 50473.2
internal_count=177703 17660 11263 6397 9847 7159 2688 5699 4693 3656 3581 2816 160043 158671
is_linear=0
shrinkage=0.03


Tree=217
num_leaves=15
num_cat=0
split_feature=19 63 37 19 68 84 19 19 83 19 74 43 91 70
split_gain=59.1068 254.724 134.574 92.8573 178.514 84.0707 63.5714 127.686 170.544 152.534 156.623 62.4078 101.963 101.962
threshold=349495.61500000005 1.0926200000000004 1.0907750000000003 38254.975000000013 1.0878350000000003 35.910000000000004 -47746.604999999989 -397054.64999999997 2.6501880000000004 -522218.74499999994 -0.010551 0.0047570000000000008 2.6450000000000003e-05 85.25500000000001
decision_type=2 2 2 2 2 2 2 2 2 2 2 2 2 2
left_child=3 -2 -3 6 -5 -6 7 9 -9 11 -11 -1 13 -13
right_child=1 2 -4 4 5 -7 -8 8 -10 10 -12 12 -14 -15
leaf_value=-0.0012584469502834317 0.027320414253287646 0.010344800811198233 -0.020370168893582858 0.0097646227350611219 -0.029741269456863794 -0.0090955277192289637 0.011792565806809414 0.0032777944286305444 -0.029761054740654533 0.00068086317758224207 0.021603725355636656 -0.0001704642871750801 0.0029635033339851136 -0.014671949723933533
leaf_weight=20449.260711938143 357.85568208992481 244.76847252249718 266.3682044968009 339.94481819868088 270.62494007498026 535.94291616976261 423.56737864762545 264.72438646107912 294.98995692282915 695.37100134789944 603.78027750551701 18721.804636692628 12594.307533983141 445.93829849362373
leaf_count=70254 813 1067 1579 1612 1706 2954 1413 1067 1733 2686 1552 54193 34253 1228
internal_value=0.000171954 0.00793131 -0.00561161 5.00885e-05 -0.00839472 -0.0160881 0.000228463 0.000137103 -0.0141034 0.000286878 0.010437 3.35484e-05 0.000866328 -0.000510155
internal_weight=56509.2 868.992 511.137 55640.3 1146.51 806.568 54493.7 54070.2 559.714 53510.5 1299.15 52211.3 31762.1 19167.7
internal_count=178110 3459 2646 174651 6272 4660 168379 166966 2800 164166 4238 159928 89674 55421
is_linear=0
shrinkage=0.03


Tree=218
num_leaves=15
num_cat=0
split_feature=42 35 39 6 7 70 47 16 44 45 67 39 78 38
split_gain=63.9424 53.7938 187.89 278.962 184.478 122.549 123.65 124.491 113.979 104.809 85.8383 83.1788 238.36 149.902
threshold=0.00038350000000000005 1.0415950000000003 1.0469450000000002 1.0747450000000003 1.0595950000000003 36.375000000000007 0.33500000000000008 -0.020737499999999996 -0.00038031499999999994 -0.011710499999999999 1.0577450000000004 1.0623350000000003 2.2492000000000005 1.0652850000000003
decision_type=2 2 2 2 2 2 2 2 2 2 2 2 2 2
left_child=-1 5 3 -3 -4 8 -7 9 -2 -8 -11 12 -6 -13
right_child=1 2 4 -5 11 6 7 -9 -10 10 -12 13 -14 -15
leaf_value=-0.010972609964689557 0.028163459333042155 0.026683779478466403 -0.014018609289369351 0.00018937537262699993 0.0012508184323039521 0.01618628462059335 -0.026388587287114167 -0.0027294333108623379 0.00010654197147868676 0.0053741874101228384 -0.016703726954142298 -0.015850050971241758 0.026943678041742154 0.00026005039026434244
leaf_weight=469.18067530542612 201.23074756190181 600.96134094148874 817.58153690770268 887.04401269927621 1704.6979224234819 237.66264499723911 422.86877365410328 2828.4613353610039 372.54908462241292 278.5725452080369 360.89105830341578 524.72470183670521 401.40770560503006 46154.841433953494
leaf_count=1433 820 1868 5159 2253 5283 1168 3353 10565 2036 1120 2011 2684 1171 136882
internal_value=4.35456e-05 0.000136916 0.000420051 0.0109206 0.000104236 -0.00293249 -0.00474336 -0.00603336 0.0100305 -0.014791 -0.00704561 0.000341814 0.00617238 7.79785e-05
internal_weight=56262.7 55793.5 51091.3 1488.01 49603.3 4702.24 4128.46 3890.79 573.78 1062.33 639.464 48785.7 2106.11 46679.6
internal_count=177806 176373 155300 4121 151179 21073 18217 17049 2856 6484 3131 146020 6454 139566
is_linear=0
shrinkage=0.03


Tree=219
num_leaves=15
num_cat=0
split_feature=75 68 90 31 48 48 37 68 91 48 36 89 70 13
split_gain=51.8814 65.2795 59.3671 105.029 205.687 144.804 122.966 252.269 206.106 125.403 117.163 116.137 109.495 102.642
threshold=21.901150000000005 1.0413700000000004 1.7753420000000002 0.00012950000000000003 -5192643.3149999985 -5413419.6049999995 1.1811450000000001 1.1384650000000003 1.0700000000000001e-06 -5055407.709999999 1.1789250000000002 0.015313000000000002 70.925000000000026 0.00033150000000000003
decision_type=2 2 2 2 2 2 2 2 2 2 2 2 2 2
left_child=2 -2 -1 4 -4 13 9 8 -8 -7 -11 -6 -10 -5
right_child=1 -3 3 5 11 6 7 -9 12 10 -12 -13 -14 -15
leaf_value=0.00088411244658492762 -0.00042183022073823384 0.013232769035586659 -0.010079170505899127 -0.0050126712870184166 0.01753024303900259 -0.02143071505760796 -0.031154057932406824 0.01092665833405506 -0.017074073197614524 -0.0024254458801598795 0.0085356280941569079 0.0032934509150005921 0.0040645719388865374 0.0099829480324306417
leaf_weight=29612.59422375448 648.9550858438015 603.98678758740425 969.0491635799408 578.14582473039627 590.17289712280035 296.99158012866974 527.61472754180431 388.34772810339928 480.0786956101656 14799.232876952738 931.0169739574194 4140.110845964402 403.25003941357136 1396.4550865888596
leaf_count=95701 1500 1201 2455 1393 1265 836 1646 781 1344 54755 1953 9343 885 2844
internal_value=0.000107731 0.00614182 -2.90129e-05 -0.00109056 0.00249541 -0.00212429 -0.00297927 -0.0104178 -0.0163175 -0.00214172 -0.00177429 0.00507937 -0.00739642 0.00557686
internal_weight=56366 1252.94 55113.1 25500.5 5699.33 19801.1 17826.5 1799.29 1410.94 16027.2 15730.2 4730.28 883.329 1974.6
internal_count=177902 2701 175201 79500 13063 66437 62200 4656 3875 57544 56708 10608 2229 4237
is_linear=0
shrinkage=0.03


Tree=220
num_leaves=15
num_cat=0
split_feature=44 42 13 33 76 77 77 66 60 39 37 44 74 89
split_gain=51.3639 90.6553 156.891 77.6912 95.7714 74.9841 91.996 99.3569 77.6686 99.6652 145.825 91.0357 81.7738 73.8621
threshold=4.7150000000000006e-06 0.0005195000000000001 0.00019150000000000002 -9.5094999999999983e-05 66.365000000000023 -4693568.1549999993 -4353227.4399999985 1.1813350000000002 0.048819500000000009 1.0493950000000003 1.0425850000000001 0.00066002500000000017 -0.023392499999999997 0.0922795
decision_type=2 2 2 2 2 2 2 2 2 2 2 2 2 2
left_child=-1 2 -2 4 -3 8 -7 13 12 10 11 -10 -5 -8
right_child=1 3 -4 5 -6 6 7 -9 9 -11 -12 -13 -14 -15
leaf_value=0.00099655457025563262 0.0048511473740662581 -0.010209748221986099 -0.022159473418340483 0.017884269385353452 0.0010624150413558091 -0.013401954125312629 -0.0014412755244567563 0.0082303278776795635 0.0035497505601273537 -0.019587570945776029 0.022697150077889871 -0.020107715894881438 0.0037142710002890963 0.0063863801172098977
leaf_weight=25752.577889611945 330.28762753307819 1570.575450450182 460.26640263199806 410.11049314588308 1185.4519425667822 510.12271279841661 19183.013972729445 1105.8993670344353 352.81995626911521 270.77927099168301 212.48783463984728 246.98434607684612 3528.7757599689066 1147.8820173740387
leaf_count=85879 715 8891 1688 1468 5689 1905 52182 2459 1865 1403 664 1621 8914 2437
internal_value=9.38548e-06 -0.000822728 -0.0108449 -0.000554817 -0.00535174 -6.33133e-05 -0.000821133 -0.000519741 0.00324203 -0.00385432 0.00137114 -0.00615912 0.00520141 -0.000997558
internal_weight=56268 30515.5 790.554 29724.9 2756.03 26968.9 21946.9 21436.8 5021.96 1083.07 812.292 599.804 3938.89 20330.9
internal_count=177780 91901 2403 89498 14580 74918 58983 57078 15935 5553 4150 3486 10382 54619
is_linear=0
shrinkage=0.03


Tree=221
num_leaves=15
num_cat=0
split_feature=78 89 78 76 73 5 75 75 5 73 50 77 86 31
split_gain=47.1714 108.775 95.1333 100.533 95.8858 142.087 84.4733 125.643 84.4638 79.5979 129.3 99.5178 68.6667 63.4119
threshold=-1.3936499999999998 0.0922795 -0.90604999999999991 98.655000000000015 0.0019013300000000001 1.1801350000000002 -0.033649999999999992 3.5291500000000005 1.1601650000000003 -5.1704999999999994e-05 67159.636435500011 -842226.70999999985 20.495000000000001 6.8500000000000012e-05
decision_type=2 2 2 2 2 2 2 2 2 2 2 2 2 2
left_child=1 6 3 4 5 9 -1 12 -9 11 -11 -2 -8 -4
right_child=2 -3 13 -5 -6 -7 7 8 -10 10 -12 -13 -14 -15
leaf_value=0.013285395794450325 -0.013816460208059638 0.014523095560569703 0.0082067265779590861 0.0099821443789514901 -0.018529706473804298 0.004978623148422524 -0.0024582850368610873 0.010288737754467972 -0.0030501585788729971 -0.024769940055920047 -0.003603208371728903 0.0056511408079026751 -0.022315032203603331 6.8026211626294629e-05
leaf_weight=419.2657583206892 408.41996399313211 650.48000997304916 876.51138763129711 378.29878188669682 492.5696128308773 1001.630341053009 308.94868514686823 768.25025369971991 955.27814117074013 540.1639163903892 507.47813640162349 555.81919670850039 325.79877180606127 48098.487576982006
leaf_count=1246 1879 1253 1928 780 1413 2167 960 1700 2276 1955 1602 1458 1097 155993
internal_value=7.72306e-05 0.00348737 -0.000143417 -0.00466224 -0.00625329 -0.00423123 0.000887784 -0.00130831 0.00288068 -0.00883153 -0.0145586 -0.00256938 -0.0127165 0.000214463
internal_weight=56287.4 3428.02 52859.4 3884.38 3506.08 3013.51 2777.54 2358.28 1723.53 2011.88 1047.64 964.239 634.747 48975
internal_count=177707 8532 169175 11254 10474 9061 7279 6033 3976 6894 3557 3337 2057 157921
is_linear=0
shrinkage=0.03


Tree=222
num_leaves=15
num_cat=0
split_feature=77 77 19 9 77 31 62 67 19 63 78 38 60 64
split_gain=52.3803 151.792 222.872 100.206 58.8943 116.594 62.528 73.5228 94.7392 60.5541 55.4577 100.948 199.574 127.095
threshold=-37458211.944999993 -34981458.119999997 -550439.11499999987 1.0652650000000004 -31165196.879999999 0.048637500000000007 0.0019602300000000007 1.0767600000000004 -4996071.2299999995 1.0555850000000002 2.8969500000000004 1.0959150000000002 0.0005545000000000002 1.0872150000000003
decision_type=2 2 2 2 2 2 2 2 2 2 2 2 2 2
left_child=3 2 -2 -1 5 -3 10 9 -9 -8 -6 12 -12 -13
right_child=1 4 -4 -5 6 -7 7 8 -10 -11 11 13 -14 -15
leaf_value=0.02305905368999733 -0.025768001361141057 -0.0031172284087161882 0.0094228849286793429 -0.003126988523537697 0.00059539761295238514 0.020436779098074863 -0.0053319543371760118 -0.009008112693903057 0.014216449806792259 -0.023909558833538271 0.028476449103709313 0.00068339944307454852 0.00053882031525603045 -0.0066816483141176322
leaf_weight=250.98324190080166 474.88290555775166 383.28277665376663 243.36217442154884 271.08819372951984 42354.039091138169 368.44732661545277 359.4251909814775 381.57994689419866 268.21155413240194 289.40078917145729 261.94814666733146 3890.0011367537081 1863.9569057486951 4586.3112530186772
leaf_count=620 3190 1366 1017 1501 129920 788 1418 1452 995 1373 1014 9824 7631 15589
internal_value=-2.40537e-05 -0.00011328 -0.0138061 0.00942448 6.52147e-05 0.00839931 -4.98584e-05 -0.00655132 0.000539204 -0.0136885 0.000109128 -0.00183048 0.00400709 -0.00329841
internal_weight=56246.9 55724.8 718.245 522.071 55006.6 751.73 54254.9 1298.62 649.792 648.826 52956.3 10602.2 2125.91 8476.31
internal_count=177698 175577 4207 2121 171370 2154 169216 5238 2447 2791 163978 34058 8645 25413
is_linear=0
shrinkage=0.03


Tree=223
num_leaves=15
num_cat=0
split_feature=42 78 91 78 87 77 38 90 72 73 1 14 48 10
split_gain=57.2071 59.8856 101.762 87.737 101.911 96.0317 91.7243 86.7057 82.8727 101.661 108.955 79.6333 71.3683 114.706
threshold=0.00038350000000000005 -1.3936499999999998 0.0012585250000000001 -0.90604999999999991 32.841500000000003 -991316.8949999999 1.0825750000000003 0.084330500000000017 0.16590350000000004 0.00017687000000000003 1.1835050000000003 0.012475500000000002 2908938.1050000004 1.0350550000000003
decision_type=2 2 2 2 2 2 2 2 2 2 2 2 2 2
left_child=-1 2 -2 4 5 -3 -7 -5 9 -8 -11 -6 -9 -14
right_child=1 3 -4 7 11 6 8 12 -10 10 -12 -13 13 -15
leaf_value=-0.010402007966992467 0.0060781538334303969 -0.015348878352569326 -0.0096736336127822287 0.012153496140340654 -0.0064183078765256479 -0.0096878433204894403 0.0094479092158795529 0.00041144103958747047 0.011530431158429881 -0.018631531662898909 0.0037415000301854284 -0.025916468487149655 0.012995373674477371 -0.0074446393080168146
leaf_weight=461.78198897093534 2918.571197938174 411.18602652847767 420.33538165688515 546.89370395243168 502.6854241527617 635.34366112947464 492.33598182350397 45725.792309314013 719.13741591572762 408.33477903157473 371.68170967698097 307.20585400983691 279.15444746613503 2046.8073740042746
leaf_count=1408 7202 1906 1069 1101 1609 1627 1196 138215 1580 1318 814 1076 1148 16281
internal_value=0.000101064 0.000188729 0.00408387 -5.87489e-05 -0.00441929 -0.00188516 0.000215975 0.000285974 0.00339392 -0.00118675 -0.00794112 -0.0138741 0.000150031 -0.00497407
internal_weight=56247.2 55785.5 3338.91 52446.6 3847.91 3038.02 2626.83 48598.6 1991.49 1272.35 780.016 809.891 48051.8 2325.96
internal_count=177550 176142 8271 167871 11126 8441 6535 156745 4908 3328 2132 2685 155644 17429
is_linear=0
shrinkage=0.03


Tree=224
num_leaves=15
num_cat=0
split_feature=84 50 83 10 74 60 83 70 73 79 67 44 8 87
split_gain=55.8229 45.53 46.8455 105.434 137.9 94.3796 65.3307 142.94 90.2198 67.0454 196.456 126.098 114.032 100.52
threshold=96.600000000000009 20854765.356050503 4.7543585000000013 1.0807550000000001 -0.045408499999999997 0.00030750000000000005 4.3358705000000013 64.685000000000016 0.00034807500000000004 5520227.2964130016 1.1182350000000001 0.00013107500000000003 1.1818550000000003 105.92600000000002
decision_type=2 2 2 2 2 2 2 2 2 2 2 2 2 2
left_child=1 2 6 -4 -5 -6 9 8 -8 -1 11 13 -12 -11
right_child=-2 -3 3 4 5 -7 7 -9 -10 10 12 -13 -14 -15
leaf_value=0.00054965644143189498 -0.012475447163651602 0.0079663700156838851 0.011655744809116755 -0.020155008415068867 -0.014609355702671368 -0.001057586442042225 0.0042846637005435418 0.015381606064237047 -0.016866775729843426 -0.011986449959104065 -0.0034164244004064909 -0.025823242681612086 0.0141263345298034 0.0053572338098145413
leaf_weight=40238.262668509036 317.4139162749052 656.96203023940325 497.10930437222123 381.32749386504292 487.45560958236456 8924.2657531015575 579.37518559023738 801.33854083716869 262.44889579713345 922.11116194166243 725.29082703590393 384.9977628942579 612.76758721470833 442.61107064411044
leaf_count=125197 1154 1385 2002 2813 1535 25988 1844 1844 1499 4988 1993 2382 1200 1848
internal_value=4.92424e-05 0.000121098 2.71428e-05 -0.00179817 -0.00248529 -0.00176413 0.000445521 0.00631594 -0.00228615 0.000222049 -0.00403624 -0.0106562 0.00459948 -0.00633972
internal_weight=56233.7 55916.3 55259.4 10290.2 9793.05 9411.72 44969.2 1643.16 841.824 43326 3087.78 1749.72 1338.06 1364.72
internal_count=177672 176518 175133 32338 30336 27523 142795 5187 3343 137608 12411 9218 3193 6836
is_linear=0
shrinkage=0.03


Tree=225
num_leaves=15
num_cat=0
split_feature=90 75 68 78 38 83 90 74 65 88 84 42 84 78
split_gain=50.4464 46.116 82.8503 56.7905 132.626 133.343 134.121 82.8977 78.2791 77.4787 147.545 96.8122 91.3647 77.3638
threshold=5.5593255000000008 21.901150000000005 1.0413700000000004 2.8969500000000004 1.0959150000000002 7.2197695000000008 2.0392770000000007 -0.015749999999999997 1.1934150000000001 -0.0021740499999999999 53.750000000000007 0.0047075000000000007 23.090000000000003 4.356650000000001
decision_type=2 2 2 2 2 2 2 2 2 2 2 2 2 2
left_child=1 3 -3 -1 5 6 9 8 -6 10 12 -12 -5 -9
right_child=-2 2 -4 4 7 -7 -8 13 -10 -11 11 -13 -14 -15
leaf_value=0.00039153684298015324 0.011973065895081141 -0.0016369037896897855 0.013904996391961109 -0.0057719911719435833 -0.023103604834888138 0.02054381580572617 -0.015495218121658983 -0.0023312415209130262 -0.0019139207706882664 0.013497653323895355 0.00073530405621599669 -0.026169496146968695 0.01711662038460024 -0.016801563701742028
leaf_weight=44210.551989879459 320.22092622518539 640.3259729295969 589.35201625525951 240.24306592345238 375.24314696341753 372.03751648962498 362.47986063361168 7047.1842987574637 275.11160635203123 578.17252575606108 237.02306545525789 239.13004691898823 441.12817187234759 348.99013858288527
leaf_count=139727 666 1499 1165 1207 2118 1181 1795 20670 832 1608 1161 1480 1737 1060
internal_value=0.000117953 4.93618e-05 0.00579279 -7.92437e-05 -0.00206102 0.00401224 0.00105827 -0.00392946 -0.0142028 0.00453948 3.12676e-05 -0.0127403 0.00900578 -0.00302026
internal_weight=56277.2 55957 1229.68 54727.3 10516.7 2470.21 2098.18 8046.53 650.355 1735.7 1157.52 476.153 681.371 7396.17
internal_count=177906 177240 2664 174576 34849 10169 8988 24680 2950 7193 5585 2641 2944 21730
is_linear=0
shrinkage=0.03


Tree=226
num_leaves=15
num_cat=0
split_feature=14 35 77 46 19 34 68 19 64 37 42 45 79 78
split_gain=46.7907 110.06 178.395 147.838 133.202 258.929 138.408 95.7281 122.99 132.371 106.932 95.7109 112.263 89.1647
threshold=-0.088334999999999983 1.0760050000000001 -4997185.6249999991 11.453000000000001 -5228471.3899999997 1.0469250000000001 1.0684450000000003 -4166712.8799999994 1.0772150000000003 1.0581050000000003 0.0020745000000000004 -0.011165 1821440.9192480003 0.75325000000000009
decision_type=2 2 2 2 2 2 2 2 2 2 2 2 2 2
left_child=1 2 4 -4 5 6 -1 13 9 10 -9 12 -12 -6
right_child=-2 -3 3 -5 7 -7 -8 8 -10 -11 11 -13 -14 -15
leaf_value=0.0081068746385186529 -0.00065353513616417923 0.0022708500970132508 -0.024439696828848331 -0.0051604396850005868 0.0014602398739220327 0.027493608969729431 -0.020306454962524433 -0.016317058805877117 0.019582012872914001 -0.022446252405350781 0.010251721770797119 0.022611754525121402 -0.01672541142570717 -0.026876581923573093
leaf_weight=439.81399761885405 34081.53092719987 17073.769261650741 474.48207861185074 1478.2756635397673 161.45500982925296 451.48841408267617 236.08327918127179 235.89607901498675 251.7159688770771 259.06726543605328 366.05362197756767 236.50623935461044 222.28081355243921 252.90736618638039
leaf_count=2006 101773 52545 4396 3568 1012 1141 2217 1146 821 1711 1496 693 1317 1928
internal_value=4.34573e-05 0.00111773 -0.00276234 -0.00987039 0.0016882 0.00992554 -0.0017886 -0.00297568 0.000390841 -0.00325868 0.00141603 0.00653746 0 -0.0157861
internal_weight=56221.3 22139.8 5066.03 1952.76 3113.27 1127.39 675.897 1985.88 1571.52 1319.8 1060.74 824.841 588.334 414.362
internal_count=177770 75997 23452 7964 15488 5364 4223 10124 7184 6363 4652 3506 2813 2940
is_linear=0
shrinkage=0.03


Tree=227
num_leaves=15
num_cat=0
split_feature=90 90 31 19 75 12 90 41 43 78 91 73 79 87
split_gain=42.0795 45.6203 231.755 55.2699 72.6573 69.6898 58.3986 124.165 113.331 70.4394 68.9777 119.342 178.554 100.105
threshold=5.5593255000000008 3.696482 0.00018550000000000004 -7153089.584999999 -2.3013999999999997 48.025000000000013 2.8569290000000005 47.445000000000007 0.074034500000000017 1.4252500000000003 0.001387435 0.0011012400000000001 415533.54291600006 8.7440000000000015
decision_type=2 2 2 2 2 2 2 2 2 2 2 2 2 2
left_child=1 3 -3 4 -1 -6 10 -8 -9 -10 -5 -12 13 -13
right_child=-2 2 -4 6 5 -7 7 8 9 -11 11 12 -14 -15
leaf_value=-0.027250738666003055 0.01074753590076127 0.0056636824943225193 -0.024025481241733891 0.0001337567429219002 -0.015581983853017954 0.011158920491023216 0.017767933135303941 -0.0093505369089380199 0.014122670708712154 -0.0012696497624130575 0.0011990635830056943 -0.031259328618280867 0.0020921639804029053 -0.0099590378660628937
leaf_weight=151.21448464691639 320.78341107070446 571.22281900048256 401.33168888837099 49339.72323188372 176.03469057381153 172.10852700844407 513.42974858731031 612.85814156383276 561.8712048754096 503.4957533031702 1478.5642879791558 380.86120875179768 546.55545874685049 428.34447456151247
leaf_count=1874 678 1230 1519 156679 1384 833 1364 2056 1150 1354 3711 1191 1535 1147
internal_value=-6.88371e-05 -0.000131705 -0.00656905 -1.69304e-05 -0.0099425 -0.00228229 7.38669e-05 0.00487043 0.000898515 0.00682571 -0.000127135 -0.00467774 -0.0111051 -0.0200475
internal_weight=56158.4 55837.6 972.555 54865.1 499.358 348.143 54365.7 2191.65 1678.23 1065.37 52174 2834.33 1355.76 809.206
internal_count=177705 177027 2749 174278 4091 2217 170187 5924 4560 2504 164263 7584 3873 2338
is_linear=0
shrinkage=0.03


Tree=228
num_leaves=15
num_cat=0
split_feature=84 89 87 42 78 71 86 91 86 79 79 65 86 48
split_gain=45.0632 47.234 59.1047 48.502 45.9105 64.3271 54.4844 78.9312 101.884 67.3878 54.3066 54.0527 72.6941 52.021
threshold=96.600000000000009 0.097517500000000021 23.103000000000005 0.00038350000000000005 -1.8231999999999997 0.058375000000000003 71.52500000000002 0.00037598500000000007 76.635000000000005 576495.75625000009 60997.482552500012 1.0113350000000001 15.195000000000002 2630672.3900000001
decision_type=2 2 2 2 2 2 2 2 2 2 2 2 2 2
left_child=1 3 -3 -1 10 6 11 8 -8 -10 -5 12 -6 -13
right_child=-2 2 -4 4 5 -7 7 -9 9 -11 -12 13 -14 -15
leaf_value=-0.0100508289199026 -0.011013713822648669 0.011014337123504352 -0.0024352899850396113 0.00037227107494403955 -0.019662083306505995 -0.011395364248528893 0.010219914817235406 0.014927706957877674 0.0014160850821324832 -0.016699131052299795 0.014289619301579157 0.00025575427040514285 -0.0012570513431115486 -0.0037420541112373287
leaf_weight=426.87700952589512 326.79451243951917 774.1357646137476 468.23320834338665 596.81243168562651 293.70375997200608 443.64744816720486 623.50063309632242 525.808872487396 436.66774415969849 315.87687680497766 442.16135555133224 46884.436257433146 572.23683853819966 3123.5895519610494
leaf_count=1325 1176 1559 1099 1419 1383 1139 1794 1241 1140 1421 1145 137571 2384 21972
internal_value=7.59154e-05 0.000141446 0.00592333 9.43571e-06 8.93213e-05 -3.21048e-05 6.30634e-05 0.00504747 0.00124219 -0.00615995 0.00633204 -0.000122778 -0.00754963 5.37438e-06
internal_weight=56254.5 55927.7 1242.37 54685.3 54258.4 53219.5 52775.8 1901.85 1376.05 752.545 1038.97 50874 865.941 50008
internal_count=177768 176592 2658 173934 172609 170045 168906 5596 4355 2561 2564 163310 3767 159543
is_linear=0
shrinkage=0.03


Tree=229
num_leaves=15
num_cat=0
split_feature=48 64 73 64 48 43 76 19 90 63 37 70 39 38
split_gain=48.0841 174.669 208.694 195.659 154.708 145.916 128.27 118.883 142.952 109.215 122.365 205.671 102.761 134.246
threshold=1755733.1100000001 1.0996850000000002 0.00088817000000000008 1.0957850000000002 1633819.9650000001 0.29287300000000011 49.195000000000007 -2902821.7349999999 0.77196300000000007 1.0921850000000002 1.1374550000000003 35.735000000000007 1.1182050000000003 1.1074750000000002
decision_type=2 2 2 2 2 2 2 2 2 2 2 2 2 2
left_child=4 2 3 5 -1 7 -3 8 -2 10 11 -10 13 -13
right_child=1 6 -4 -5 -6 -7 -8 -9 9 -11 -12 12 -14 -15
leaf_value=-1.7498230807762687e-05 -0.017551509066105947 -0.033140076776417171 -0.026574049374114041 0.017746317222412784 0.01293031508464817 -0.027329053908884859 -0.0020189247496328303 -0.015879240514247144 -0.028161884853230575 -0.015384144442490482 0.026801391904292007 0.0034065064246177027 -0.016543785868018704 0.022379557199157064
leaf_weight=49345.394004493952 342.75155491940677 278.46751505509019 274.07738339155912 516.41431855782866 843.68970198184252 190.6822869554162 211.83022985979915 414.86427707225084 182.16040307655931 277.86067856103182 200.84358166530728 2506.3095528688282 193.22311979904771 387.96521867439151
leaf_count=140398 3323 2315 1972 2033 2121 1582 1547 1781 1867 1863 614 13819 1224 1547
internal_value=-0.000102576 -0.00264618 -0.0011058 0.000232275 0.000199813 -0.00169044 -0.0197869 -0.000592992 0.000953298 0.00265762 0.00411476 0.00270426 0.00454358 0.00596698
internal_weight=56166.5 5977.45 5487.15 5213.07 50189.1 4696.66 490.298 4505.98 4091.11 3748.36 3470.5 3269.66 3087.5 2894.27
internal_count=178006 35487 31625 29653 142519 27620 3862 26038 24257 20934 19071 18457 16590 15366
is_linear=0
shrinkage=0.03


Tree=230
num_leaves=15
num_cat=0
split_feature=76 76 87 44 86 60 84 45 5 39 68 68 21 64
split_gain=46.4058 160.482 97.6156 100.511 58.6599 57.4417 134.501 78.4574 95.9929 188.378 110.175 99.7655 70.1372 134.986
threshold=1.9150000000000003 3.1500000000000008 3.1815000000000002 -3.9804999999999996e-05 28.600000000000005 0.094612500000000016 31.945000000000004 -0.024530499999999997 1.0881150000000002 1.0469450000000002 1.0969850000000003 1.0668750000000002 107905.11714050001 1.0640750000000001
decision_type=2 2 2 2 2 2 2 2 2 2 2 2 2 2
left_child=2 4 -1 -4 -2 7 -7 8 9 11 -11 -3 13 -9
right_child=1 5 3 -5 -6 6 -8 12 -10 10 -12 -13 -14 -15
leaf_value=-0.023458943413606475 0.0063187336925505811 0.021223314045955555 0.012634831991689841 -0.014736614337978161 0.024900048603217255 0.010153444764398863 -0.022778892062613017 0.0049894349873371392 0.015895103542830035 -0.017494311342521343 0.0069207358067076416 -0.0033961818353437957 0.00012181651754615274 -0.0054808844870761955
leaf_weight=235.28300525993109 331.67525218427181 443.38087874650955 261.86932931467891 222.31063477694988 293.40820842608809 175.497449118644 299.08625069633126 1412.091785043478 592.14634586125612 478.04102224111557 252.02692785859108 218.94590236991644 45750.49365064688 5099.3816210068762
leaf_count=1367 1239 1666 1099 1096 901 1021 2108 6310 2002 3197 842 1378 125106 28341
internal_value=-8.65213e-05 1.14103e-05 -0.00765131 9.62755e-07 0.0151144 -0.000160837 -0.0105419 -6.92707e-05 0.00578332 0.00145321 -0.00902701 0.0130467 -0.000292191 -0.00320525
internal_weight=56065.6 55346.2 719.463 484.18 625.083 54721.1 474.584 54246.5 1984.54 1392.39 730.068 662.327 52262 6511.47
internal_count=177673 174111 3562 2195 2140 171971 3129 168842 9085 7083 4039 3044 159757 34651
is_linear=0
shrinkage=0.03


Tree=231
num_leaves=15
num_cat=0
split_feature=61 65 9 90 60 5 90 89 62 70 77 63 90 67
split_gain=47.6155 52.5834 45.8382 109.418 160.48 67.4309 60.4464 107.516 99.0168 125.546 92.0207 120.113 106.926 85.3038
threshold=0.08118400000000002 1.0804150000000001 1.2199750000000003 1.9825195000000002 0.034336500000000006 1.2193350000000003 1.8429180000000003 0.0048035000000000013 -0.0015555749999999998 29.685000000000006 -4693568.1549999993 1.1149900000000004 2.6817680000000004 1.1339500000000002
decision_type=2 2 2 2 2 2 2 2 2 2 2 2 2 2
left_child=1 -1 5 4 -4 6 -2 -8 -9 -10 11 -11 13 -12
right_child=2 -3 3 -5 -6 -7 7 8 9 10 12 -13 -14 -15
leaf_value=-0.00040841205545450555 0.00067764623452056037 0.015557993053918352 0.0069555314571660603 0.011928927078921597 -0.016010705929064752 -0.01405784882557698 0.013186331031782416 0.0088431352685065679 -0.012763244725106293 0.00034530815673865256 -0.005383321933299069 0.016007709909164069 0.0020679494848018522 0.0016701757067448828
leaf_weight=364.5403970181942 31152.022811366245 369.80630730837584 708.71454904973507 930.95893447101116 444.30683535337448 315.64976771175861 445.39162063598633 773.25343817844987 944.24925902858377 5014.7812460064888 9291.4420510195196 482.64160672575235 3115.5876041688025 1842.621399499476
leaf_count=1117 102207 968 1504 1867 1194 834 1850 2203 5440 16168 28477 1083 7748 5143
internal_value=1.71825e-05 0.00760146 -8.28325e-05 0.00428015 -0.00187452 -0.000253812 -0.000170867 -0.00137865 -0.00168287 -0.00207809 -0.00156502 0.00172849 -0.00283777 -0.00421327
internal_weight=56196 734.347 55461.6 2083.98 1153.02 53377.6 53062 21910 21464.6 20691.3 19747.1 5497.42 14249.7 11134.1
internal_count=177803 2085 175718 4565 2698 171153 170319 68112 66262 64059 58619 17251 41368 33620
is_linear=0
shrinkage=0.03


Tree=232
num_leaves=15
num_cat=0
split_feature=77 77 43 41 60 77 39 77 70 39 43 39 47 16
split_gain=43.6943 122.878 180.743 121.717 118.072 116.121 96.941 154.966 149.98 205.57 181.148 139.135 87.9211 94.376
threshold=-95201.019999999975 -258446.63999999998 -0.11561949999999999 73.575000000000003 0.047050500000000009 253609.40000000002 1.1445350000000001 193038.68500000003 66.545000000000016 1.1063450000000004 -0.046135499999999996 1.1108750000000003 2.6350000000000002 -0.0015424999999999998
decision_type=2 2 2 2 2 2 2 2 2 2 2 2 2 2
left_child=1 3 -3 -1 -4 6 7 8 9 10 -2 -10 -7 -14
right_child=5 2 4 -5 -6 12 -8 -9 11 -11 -12 -13 13 -15
leaf_value=-1.8642954974591296e-05 0.017485918984651721 0.02558724131966578 -0.0019777249575077564 0.010719905962078209 0.019115056166006741 -0.010866711415873816 0.0069043307400795577 -0.024840626074748122 -0.0070683561190833574 -0.02388055915975015 -0.010742833634855019 0.020581574263927233 0.013452997295286505 -6.9051406616131553e-05
leaf_weight=32622.891769276932 303.34030033648014 420.24653723090887 1009.3108528964221 977.28307349234819 311.13790648430586 657.11566685140133 419.03151023387909 439.51940114051104 325.36611127108335 612.71384899318218 622.24628992006183 325.91991485655308 476.78771988302469 16617.380577865988
leaf_count=115132 1031 1104 3393 2316 1037 2298 887 1925 1020 2931 2291 997 1422 39836
internal_value=5.42163e-05 0.00069679 0.00846701 0.000293112 0.00298038 -0.00103614 -0.00644467 -0.00858548 -0.00529901 -0.0104136 -0.00145023 0.00673271 -0.000105417 0.000307113
internal_weight=56140.3 35340.9 1740.7 33600.2 1320.45 20799.4 3048.14 2629.11 2189.59 1538.3 925.587 651.286 17751.3 17094.2
internal_count=177620 122982 5534 117448 4430 54638 11082 10195 8270 6253 3322 2017 43556 41258
is_linear=0
shrinkage=0.03


Tree=233
num_leaves=15
num_cat=0
split_feature=35 46 79 73 72 73 87 70 77 85 19 72 4 87
split_gain=45.171 80.9742 51.7281 46.6562 96.5721 95.1869 222.089 120.133 110.022 138.08 130.214 184.65 134.09 103.881
threshold=0.99638000000000015 0.13725000000000001 1438157.1374195002 -0.00025623999999999997 0.5710265000000001 -3.7029999999999996e-05 85.302500000000023 35.405000000000008 -4997185.6249999991 53.765000000000008 -4823543.9299999988 -0.094361499999999987 813.6350000000001 -43.452499999999993
decision_type=2 2 2 2 2 2 2 2 2 2 2 2 2 2
left_child=1 2 -1 4 -2 6 -5 -8 9 10 -7 -12 -13 -10
right_child=3 -3 -4 5 -6 8 7 -9 13 -11 11 12 -14 -15
leaf_value=-0.031739464427707857 0.0010231254270611201 0.0075725161736660013 -0.0052131199752006308 0.0019711805480044984 0.016068359066866659 0.0096916516114752081 0.0058689697198101029 -0.012496424016333147 -0.0057394177260769565 -0.0088616212565926396 0.0079181807254470309 0.0030519519759752796 -0.02001635374303869 -7.4928138424363048e-05
leaf_weight=146.2602562084794 14296.213834531605 151.60661318153143 126.61573362350464 2669.4284508265555 393.9751603230834 2905.8704664371908 365.83260857313871 2449.1123656891286 3274.5302610136569 672.23862405866385 1135.9614732824266 393.02709009498358 528.03907024487853 26491.174153067172
leaf_count=1347 47209 621 834 9910 1423 7900 1422 10063 9705 2551 4227 1258 2160 76901
internal_value=-9.48639e-05 -0.00983265 -0.0196046 -1.97717e-05 0.00142973 -0.000541339 -0.00421864 -0.0100978 2.76124e-05 0.00387183 0.0056041 -0.000157537 -0.0101477 -0.000699259
internal_weight=55999.9 424.483 272.876 55575.4 14690.2 40885.2 5484.37 2814.94 35400.8 5635.14 4962.9 2057.03 921.066 29765.7
internal_count=177531 2802 2181 174729 48632 126097 21395 11485 104702 18096 15545 7645 3418 86606
is_linear=0
shrinkage=0.03


Tree=234
num_leaves=15
num_cat=0
split_feature=73 74 90 89 62 88 79 87 44 78 76 6 78 42
split_gain=49.255 101.697 156.018 138.181 203.637 119.24 151.665 144.513 115.169 114.136 160.845 164.332 106.454 94.906
threshold=-0.00025623999999999997 -0.013020499999999999 1.6939515000000001 0.027314000000000001 -0.00013536999999999997 0.012522445000000002 6995705.3634935012 691.98750000000007 -2.0534999999999996e-05 2.8027500000000005 66.75500000000001 1.0910450000000003 1.2638000000000003 0.05299750000000001
decision_type=2 2 2 2 2 2 2 2 2 2 2 2 2 2
left_child=1 2 9 4 -4 6 8 -7 -3 10 11 -1 -6 -5
right_child=-2 5 3 13 12 7 -8 -9 -10 -11 -12 -13 -14 -15
leaf_value=-0.021536473286039456 -0.00051212420530453464 0.018487299600611226 0.015875893240097534 -0.029128728571820681 -0.026178123934459337 0.0018895285558027232 -0.0045822006641426374 -0.016239657866405164 0.0047751379603293929 0.020522267774361926 0.021062109780313799 0.0079748655569791913 -0.0039139745725293145 -0.0017333375845932334
leaf_weight=365.0236647836864 41108.929669059813 1137.5912683587521 352.61238976195455 401.05189339444041 283.38907986134291 8583.8516703024507 654.51522861421108 413.63847402483225 1084.778294082731 311.5821195691824 231.26881609112024 314.16619043424726 617.86365896835923 162.26248440891504
leaf_count=2170 127336 4671 1400 2979 1952 21297 2942 1357 4391 1106 907 1055 2890 976
internal_value=2.31162e-05 0.00150044 -0.00339114 -0.00896904 -0.00338927 0.00275513 0.00807208 0.00105104 0.0118128 0.00487924 -0.000457925 -0.00784994 -0.0109692 -0.0213077
internal_weight=56022.5 14913.6 3039.22 1817.18 1253.87 11874.4 2876.88 8997.49 2222.37 1222.04 910.459 679.19 901.253 563.314
internal_count=177429 50093 15435 10197 6242 34658 12004 22654 9062 5238 4132 3225 4842 3955
is_linear=0
shrinkage=0.03


Tree=235
num_leaves=15
num_cat=0
split_feature=41 86 5 77 77 77 77 79 48 90 64 77 77 68
split_gain=44.8982 160.451 110.377 107.908 143.789 122.319 111.847 97.5241 92.603 55.4162 71.5211 49.6435 134.027 167.283
threshold=35.395000000000003 2.7850000000000006 1.0842050000000001 105010.66000000002 -258446.63999999998 -832235.96499999985 -3680539.9949999996 2320964.0406415006 -3007746.2249999992 1.5939840000000001 1.0727950000000002 -37458211.944999993 -34981458.119999997 1.0762050000000003
decision_type=2 2 2 2 2 2 2 2 2 2 2 2 2 2
left_child=1 -1 -3 4 5 6 8 -5 -4 -8 -11 -2 13 -13
right_child=11 2 3 7 -6 -7 9 -9 -10 10 -12 12 -14 -15
leaf_value=-0.023441654899066276 0.0096621092336579839 -0.015116136243515507 0.0021521545907805992 -0.022417279675426373 0.020443745429131049 -0.016045305203838813 0.019425053109409937 0.0030796640280787956 -0.015154911185057011 0.015100720494367146 -0.0035147114702250657 -0.026225214043654105 0.00037108425193142964 0.0042561906138015079
leaf_weight=315.62306758016348 502.64712280780077 459.22910125926137 888.95413300395012 321.00922148674726 359.94394344836473 357.23242249339819 360.74972061440349 228.91699569672346 402.50264199450612 341.41080565750599 401.20197937265038 378.61300405114889 50616.735199902207 279.70039775967598
leaf_count=1576 2001 2776 1984 2105 1162 1945 875 1081 1255 674 1548 2763 155177 1060
internal_value=3.93996e-05 -0.00285597 -0.00126681 0.000465448 0.00263907 0.000292896 0.00274825 -0.0117629 -0.0032262 0.00976494 0.00501205 0.00028813 0.000195466 -0.0132421
internal_weight=56214.5 4436.77 4121.15 3661.92 3112 2752.05 2394.82 549.926 1291.46 1103.36 742.613 51777.7 51275 658.313
internal_count=177982 16981 15405 12629 9443 8281 6336 3186 3239 3097 2222 161001 159000 3823
is_linear=0
shrinkage=0.03


Tree=236
num_leaves=15
num_cat=0
split_feature=35 83 37 55 60 47 68 38 68 41 76 68 6 35
split_gain=51.5113 73.3001 61.3888 48.7975 46.8237 108.714 103.728 95.72 100.35 92.2837 177.34 100.482 95.3554 165.185
threshold=0.99638000000000015 3.6694485000000001 1.0008750000000002 96.645000000000024 0.016893500000000002 98.095000000000013 1.1642250000000003 1.1926250000000003 1.1784750000000004 70.975000000000009 95.585000000000022 1.1560300000000001 1.1877850000000001 1.0899950000000003
decision_type=2 2 2 2 2 2 2 2 2 2 2 2 2 2
left_child=1 -1 -2 4 5 7 9 8 -4 11 12 -6 -11 -14
right_child=2 -3 3 -5 6 -7 -8 -9 -10 10 -12 -13 13 -15
leaf_value=-0.020030454732794693 0.012053616547326659 0.0060937987408996178 0.00025231630451851001 -0.0083981884000524747 0.001496879115839527 -0.0089252360523690826 0.013116100141610253 -0.0095566115115330308 -0.014534406095705506 -0.00013666228291083624 0.0067269963973195859 -0.011833591791329581 -0.028780641622172917 -0.0065980827111274598
leaf_weight=264.96158683300018 379.53016589581966 148.97021372616291 23024.258722946048 620.20559749379754 24661.892574861646 1423.8267114013433 610.44635020196438 984.60676169395447 419.60596933215857 722.46987122297287 914.37884572148323 518.2107802182436 441.90303274989128 969.90288169682026
leaf_count=1981 1554 814 76144 2116 76626 4658 1317 2492 1459 1669 1952 1406 1323 2374
internal_value=-3.28749e-05 -0.0105642 4.50504e-05 -3.70224e-05 5.73972e-05 -0.000869119 0.000888994 -0.000397989 -1.16703e-05 0.000623066 -0.00430352 0.00122089 -0.00904427 -0.013578
internal_weight=56105.2 413.932 55691.2 55311.7 54691.5 25852.3 28839.2 24428.5 23443.9 28228.8 3048.65 25180.1 2134.28 1411.81
internal_count=177885 2795 175090 173536 171420 84753 86667 80095 77603 85350 7318 78032 5366 3697
is_linear=0
shrinkage=0.03


Tree=237
num_leaves=15
num_cat=0
split_feature=35 46 37 72 87 91 75 77 72 78 72 31 83 41
split_gain=41.7549 90.0447 52.365 40.755 119.291 168.214 161.593 129.097 101.204 95.1984 100.417 130.319 104.567 102.583
threshold=0.99638000000000015 0.14885000000000001 1.0008750000000002 -0.16612449999999998 130.61150000000004 0.00019200000000000003 0.27465000000000006 -31165196.879999999 -0.98097299999999987 4.356650000000001 0.16908050000000002 9.5500000000000017e-05 5.7490990000000011 70.395000000000024
decision_type=2 2 2 2 2 2 2 2 2 2 2 2 2 2
left_child=1 -1 -2 4 5 6 -4 -6 -7 10 12 -12 -5 -13
right_child=2 -3 3 9 7 8 -8 -9 -10 -11 11 13 -14 -15
leaf_value=-0.019674334637833461 0.01140494351725606 0.0090310544230241766 0.0021682855866523741 -0.0015733693718750024 0.025101555646994619 0.00023364024665275681 -0.018974048120711431 0.0044770271061956319 -0.019202125815039463 -0.016177359865589762 0.0067375024118529435 -0.0010199629431586407 -0.014698935283829736 0.0036382820330874335
leaf_weight=271.11613012850285 368.0442254319787 151.61179205775261 7285.064555324614 16759.727173997089 298.28859997540712 386.1182097569108 339.38728050887585 3257.5292057991028 627.87743490934372 339.06934299319983 3083.2392716705799 16779.092383714393 564.43354648724198 5698.2386185377836
leaf_count=2232 1524 592 23479 56462 880 1722 1175 12134 3432 1022 6663 50460 2815 13111
internal_value=6.94885e-05 -0.0093113 0.000141276 6.57258e-05 0.0015978 -0.00030275 0.00122088 0.00622217 -0.0117787 -0.000365833 -0.000239745 0.000954575 -0.00200357 0.000159726
internal_weight=56208.8 422.728 55786.1 55418.1 12194.3 8638.45 7624.45 3555.82 1014 43223.8 42884.7 25560.6 17324.2 22477.3
internal_count=177703 2824 174879 173355 42822 29808 24654 13014 5154 130533 129511 70234 59277 63571
is_linear=0
shrinkage=0.03


Tree=238
num_leaves=15
num_cat=0
split_feature=90 77 68 91 79 90 31 79 41 79 16 60 77 44
split_gain=51.0435 49.5983 242.872 131.665 76.1818 60.2339 194.881 69.3083 117.362 111.054 110.548 96.7814 107.622 131.051
threshold=5.5593255000000008 -34981458.119999997 1.0764950000000002 2.1650000000000004e-06 3662603.4965260006 3.696482 0.00018550000000000004 1756815.1941955003 35.395000000000003 430087.76335850003 -0.0014455 0.085880000000000012 -23913306.664999995 -0.00038031499999999994
decision_type=2 2 2 2 2 2 2 2 2 2 2 2 2 2
left_child=1 2 4 -4 -1 7 -7 8 9 10 -3 12 13 -9
right_child=-2 5 3 -5 -6 6 -8 11 -10 -11 -12 -13 -14 -15
leaf_value=-0.0076649141563155656 0.011829853357450352 0.012774726188354539 0.020716490952489751 -0.005488254184510555 -0.031931076870664828 0.0039115037818357717 -0.023608459241965422 0.026885201549909386 -4.3237948914069059e-05 -0.013142272463177285 -0.0081876088885247007 -0.01366744431781838 0.0018842951154085642 0.0015196984589974382
leaf_weight=199.25092532485723 323.28062711656094 388.9740189909935 287.67128302156925 425.54149351269007 295.56895696371794 557.29619024693966 393.24047216400504 353.66552828252316 39463.690871980041 1228.7994456738234 538.40784574300051 335.35173214226961 10801.079866543412 385.20452708750963
leaf_count=1266 676 1364 927 1751 2413 1221 1494 843 116553 6018 1846 2061 37820 1330
internal_value=-3.71003e-05 -0.000106783 -0.00611678 0.00505352 -0.0222554 2.61245e-05 -0.00745492 0.00015975 -0.000416459 -0.00723027 0.000576649 0.00218161 0.00264592 0.0137216
internal_weight=55977 55653.7 1208.03 713.213 494.82 54445.7 950.537 53495.2 41619.9 2156.18 927.382 11875.3 11539.9 738.87
internal_count=177583 176907 6357 2678 3679 170550 2715 167835 125781 9228 3210 42054 39993 2173
is_linear=0
shrinkage=0.03


Tree=239
num_leaves=15
num_cat=0
split_feature=73 78 9 10 35 76 41 0 76 46 42 71 32 71
split_gain=55.7785 87.2333 65.3359 141.668 95.3337 56.7673 157.263 129.261 122.661 77.0154 88.3032 88.4467 83.6158 85.982
threshold=-0.0036808599999999998 1.2638000000000003 0.9894750000000001 1.0174550000000002 1.0239250000000002 3.1500000000000008 48.465000000000011 1.0892050000000002 1.9150000000000003 -0.37214999999999993 0.0012855000000000002 0.024505000000000002 0.47765550000000007 0.0019965000000000004
decision_type=2 2 2 2 2 2 2 2 2 2 2 2 2 2
left_child=1 -1 -2 4 -4 6 7 8 -5 10 -7 12 -12 -14
right_child=2 -3 3 5 -6 9 -8 -9 -10 -11 11 -13 13 -15
leaf_value=-0.019472546642724291 0.013638231090842383 0.0013004196735559358 -0.027374858398675851 -0.0081513798821883088 0.0034014659811364683 -0.016285392634519596 -0.010046688311823516 0.030605539772089692 0.018818231668631183 0.00042541128552213002 -0.01581694391498047 0.0079044672852410947 0.0084320346818208079 -0.0042823502426946125
leaf_weight=333.89223042502999 319.99761129543185 392.65622316673398 279.09276346862316 294.60095247626305 131.17658875510097 438.44417401403189 360.968167103827 271.57027637958527 309.16248298063874 48053.438077121973 466.44047224521637 666.35222145542502 563.43613338470459 3114.6365910246968
leaf_count=1519 1167 1325 2583 1455 807 2010 1377 645 1121 143942 1672 1760 2519 13609
internal_value=3.33669e-05 -0.0082184 0.000142531 6.31459e-05 -0.0174774 0.000195962 0.00654871 0.0134302 0.00561733 4.7934e-05 -0.00340129 -0.00221771 -0.0038539 -0.00232474
internal_weight=55995.9 726.548 55269.3 54949.3 410.269 54539 1236.3 875.334 603.763 53302.7 5249.31 4810.87 4144.51 3678.07
internal_count=177511 2844 174667 173500 3390 170110 4598 3221 2576 165512 21570 19560 17800 16128
is_linear=0
shrinkage=0.03


Tree=240
num_leaves=15
num_cat=0
split_feature=73 86 86 91 48 43 14 76 61 64 77 71 90 91
split_gain=54.3166 43.7457 69.1757 120.468 75.7432 46.6547 99.4691 113.074 109.62 111.341 115.597 92.5007 81.2962 98.976
threshold=-0.0048325099999999991 72.610000000000014 76.635000000000005 0.00037598500000000007 -394423.65999999997 0.0047570000000000008 -0.14005749999999997 2.7350000000000008 2.1099270000000003 1.0612550000000003 179563.07500000004 0.030684500000000003 0.10702950000000001 3.1845000000000011e-05
decision_type=2 2 2 2 2 2 2 2 2 2 2 2 2 2
left_child=-1 5 -3 4 -4 6 7 -2 -8 -10 -11 -9 -7 -14
right_child=1 2 3 -5 -6 12 8 11 9 10 -12 -13 13 -15
leaf_value=-0.011694210067248918 0.020431994683661695 0.012324227382510954 -0.013541727956327857 0.01493394976069836 0.0055401261583601508 0.011838146728115107 -0.003748809104476392 -0.00040868555793679691 0.01554451226022739 0.0037867761318503951 -0.014049239906936205 0.0096129668867013483 -0.00091219310147860465 0.0025236290736106687
leaf_weight=353.77727596089244 278.64854220300913 668.57409530878067 491.39016104489565 344.79848521947861 298.65600617229939 573.74485416710377 12084.905166016892 6015.797073777765 518.50705531612039 1491.9771639183164 417.72853330895305 959.58999713882804 19015.738168578595 12502.595144342631
leaf_count=1407 988 1780 1538 805 1156 1178 40796 24361 1368 5819 1980 2371 56682 35250
internal_value=6.3983e-06 8.1512e-05 0.00467654 0.000137744 -0.00629253 -7.18746e-05 -0.00114445 0.00172141 -0.00257897 0.00322995 -0.000104279 0.000966853 0.000654702 0.000449803
internal_weight=56016.4 55662.7 1803.42 1134.84 790.046 53859.2 21767.2 7254.04 14513.1 2428.21 1909.71 6975.39 32092.1 31518.3
internal_count=177479 176072 5279 3499 2694 170793 77683 27720 49963 9167 7799 26732 93110 91932
is_linear=0
shrinkage=0.03


Tree=241
num_leaves=15
num_cat=0
split_feature=42 41 76 89 83 89 35 63 68 75 12 85 48 75
split_gain=48.7022 103.281 241.08 104.379 352.527 184.074 108.634 117.638 188.388 148.179 153.012 112.733 129.704 119.056
threshold=0.0085605000000000004 71.02500000000002 97.575000000000003 0.0073050000000000016 3.1094275000000002 0.0089885000000000017 1.0249450000000002 1.0716700000000003 1.0892750000000002 -5.2331999999999992 39.945000000000007 21.335000000000004 -4548700.9899999993 4.6639500000000007
decision_type=2 2 2 2 2 2 2 2 2 2 2 2 2 2
left_child=-1 3 -3 4 -2 -5 -7 9 -9 -8 -11 12 -10 -14
right_child=1 2 -4 5 -6 6 7 8 11 10 -12 -13 13 -15
leaf_value=-0.00081639040689258046 0.0027964110653049242 -0.010191710538025445 0.010647557731435515 -0.019456424862137361 0.030541025879061275 -0.009260440669520198 0.022156723957919441 -0.0051689276688983744 -0.009200421677425517 -0.0064711053112197119 0.0053284137600233469 0.0055597623419684329 -0.0030036428646851494 0.010695863382939099
leaf_weight=27420.122505741194 3810.7795660477132 1916.2513941675425 673.59138219058514 399.9692456163466 461.76753516867757 878.91528315469623 401.34804689139128 4546.7578102760017 1278.1463145464659 1174.514047767967 6180.9873671755195 4597.7399330995977 1373.0434514544904 973.4143538698554
leaf_count=90369 14942 4868 1373 2535 1311 5515 1503 14176 3209 3407 15937 11793 4581 2074
internal_value=8.69072e-05 0.000951954 -0.00475803 0.00152035 0.00580845 0.000678509 0.00105704 0.00150072 -0.000267245 0.00441463 0.00343958 0.00243992 -0.00150971 0.00266887
internal_weight=56087.3 28667.2 2589.84 26077.4 4272.55 21804.8 21404.9 20526 12769.1 7756.85 7355.5 8222.34 3624.6 2346.46
internal_count=177593 87224 6241 80983 16253 64730 62195 56680 35833 20847 19344 21657 9864 6655
is_linear=0
shrinkage=0.03


Tree=242
num_leaves=15
num_cat=0
split_feature=65 79 67 82 66 73 68 71 61 79 71 82 61 44
split_gain=45.907 39.926 104.813 276.793 165.455 146.597 67.2085 59.2365 57.9226 56.5705 109.593 189.156 124.931 104.605
threshold=1.2070350000000001 6446046.6962175006 1.1182350000000001 0.0083050000000000016 1.1772700000000003 -0.00056991999999999991 1.0668750000000002 0.0015415000000000001 1.2222940000000002 3148743.7520380006 0.0037745000000000005 0.013250000000000001 1.6104065000000003 1.3975000000000003e-05
decision_type=2 2 2 2 2 2 2 2 2 2 2 2 2 2
left_child=1 9 3 5 -4 6 -3 -7 -9 -1 -11 13 -13 -12
right_child=-2 2 4 -5 -6 7 -8 8 -10 10 11 12 -14 -15
leaf_value=-0.00022811833555303547 0.0068101045656193855 0.0072278729314549711 0.014685878808679886 0.017354740113965757 -0.006708266825385713 -0.0095895295036972777 -0.01342595359662801 -0.013894720628196649 -0.035668255089919679 -0.0019375118143004073 0.024983005586859612 -0.0099715103401300884 0.0084749157009055484 0.006084548668505072
leaf_weight=47794.711700048298 872.83398991823196 280.29869674891233 580.60467499494553 296.57140044122934 735.60857857763767 206.34172312542796 283.23422289639711 168.25191598013043 361.21224698424339 1951.2815491575748 619.01771403476596 609.41989433392882 719.41632141172886 468.63840504363179
leaf_count=147885 1989 941 1395 818 1815 1333 1660 932 2447 9069 1669 1991 1923 1525
internal_value=-1.15603e-05 -0.000120338 -0.00353852 -0.00870941 0.00271027 -0.0146903 -0.00310509 -0.0235062 -0.0288449 6.99811e-05 0.00333813 0.00760958 0 0.0168809
internal_weight=55947.4 55074.6 2912.12 1595.91 1316.21 1299.34 563.533 735.806 529.464 52162.5 4367.77 2416.49 1328.84 1087.66
internal_count=177392 175403 11341 8131 3210 7313 2601 4712 3379 164062 16177 7108 3914 3194
is_linear=0
shrinkage=0.03


Tree=243
num_leaves=15
num_cat=0
split_feature=9 9 32 39 47 6 63 3 85 47 45 71 72 72
split_gain=48.1876 131.744 64.5041 49.6964 104.501 52.3112 88.8871 60.5705 83.2599 48.1011 116.569 169.916 128.307 101.522
threshold=0.9894750000000001 1.0073250000000002 0.71301500000000007 1.0069950000000001 66.625000000000014 1.0148250000000003 1.0645250000000002 0.99493500000000012 24.510000000000002 2.9650000000000003 -0.0055509999999999995 0.037560000000000003 0.5710265000000001 0.29512400000000005
decision_type=2 2 2 2 2 2 2 2 2 2 2 2 2 2
left_child=-1 2 -2 4 -3 6 -5 8 -7 10 12 -12 13 -9
right_child=1 3 -4 5 -6 7 -8 9 -10 -11 11 -13 -14 -15
leaf_value=0.011308001772591265 -0.029430223904062188 -0.027220254034199802 -0.0021905463512211002 -0.0014168043869459393 0.005076087619079064 -0.029455859036503145 0.024447288484186036 -0.00026289638832989654 0.00081086489526271119 0.00053975647967122544 -0.016654115985901927 0.0081355797823346489 0.01275155207435201 -0.013749506434629896
leaf_weight=341.96419639140368 200.95416969433427 178.14068613573909 132.08482058346272 265.47393293306231 178.46302927285433 146.44089762493968 213.4843351021409 4193.2498969621956 179.44242962822318 47608.801288370043 962.21387286856771 333.02457958459854 606.52889600768685 570.51955763064325
leaf_count=1371 1705 1499 1111 1502 572 1289 876 19323 1364 138898 3708 691 1482 2379
internal_value=9.70756e-05 2.75928e-05 -0.0187555 0.000141313 -0.0110046 0.000214219 0.0100759 0.000126979 -0.0127467 0.000205063 -0.00218072 -0.0102558 -0.000225984 -0.00188693
internal_weight=56110.8 55768.8 333.039 55435.8 356.604 55079.2 478.958 54600.2 325.883 54274.3 6665.54 1295.24 5370.3 4763.77
internal_count=177770 176399 2816 173583 2071 171512 2378 169134 2653 166481 27583 4399 23184 21702
is_linear=0
shrinkage=0.03


Tree=244
num_leaves=15
num_cat=0
split_feature=55 42 78 77 78 76 90 60 89 82 82 90 76 41
split_gain=49.2913 51.608 44.1266 92.6191 77.227 100.194 87.5308 84.8194 75.8428 148.024 118.38 77.3819 75.7863 83.8
threshold=96.645000000000024 0.00038350000000000005 -1.3936499999999998 1866678.8900000004 -0.90604999999999991 98.655000000000015 0.084330500000000017 0.0024980000000000007 0.030047500000000001 0.13899500000000004 0.034835000000000012 0.19389500000000001 35.865000000000002 48.655000000000008
decision_type=2 2 2 2 2 2 2 2 2 2 2 2 2 2
left_child=1 -1 3 12 5 7 -6 -4 10 -10 11 -9 13 -3
right_child=-2 2 4 -5 6 -7 -8 8 9 -11 -12 -13 -14 -15
leaf_value=-0.010035199944154255 -0.0083500789587447333 0.016559311775175504 0.002276506823923977 -0.0060459662864873363 0.012005927877639827 0.010669942591107472 8.7855228229421112e-05 0.0029873364080756607 -0.026306805155730948 -0.0053439284032205043 0.012971419167317793 -0.014699027266500407 -0.0015617214768310235 0.0033538792242751607
leaf_weight=453.48946695029736 637.68307032436132 833.64960033819079 859.6515289247036 707.63611927628517 560.28677694499493 364.37172384560108 47349.893787479028 338.96417123824358 509.19503864645958 760.27411639690399 301.4051909558475 632.5143323354423 774.62763226404786 913.41613463312387
leaf_count=1389 2185 1965 2518 1725 1129 744 153990 783 1605 1842 846 2599 2354 2028
internal_value=-6.33709e-05 3.16906e-05 0.000115565 0.0035174 -9.65034e-05 -0.00423262 0.000228105 -0.00584024 -0.00859638 -0.01379 -0.00338636 -0.0085004 0.00621429 0.00967816
internal_weight=55997.1 55359.4 54905.9 3229.33 51676.6 3766.38 47910.2 3402 2542.35 1269.47 1272.88 971.479 2521.69 1747.07
internal_count=177702 175517 174128 8072 166056 10937 155119 10193 7675 3447 4228 3382 6347 3993
is_linear=0
shrinkage=0.03


Tree=245
num_leaves=15
num_cat=0
split_feature=55 62 48 6 79 77 77 68 76 68 39 84 38 60
split_gain=40.1503 41.4925 61.9228 85.3418 80.9209 63.2191 45.1761 67.9606 57.4192 82.8026 54.8196 56.4706 86.2175 77.1033
threshold=96.645000000000024 -0.0015555749999999998 2339304.0300000003 1.1318550000000003 765046.33689700009 2676761.7950000004 3017697.5000000005 1.1069450000000003 93.740000000000023 1.0944450000000001 1.1943050000000002 3.2400000000000007 1.0842050000000001 0.023725500000000004
decision_type=2 2 2 2 2 2 2 2 2 2 2 2 2 2
left_child=1 2 3 -1 -4 -5 10 8 9 -8 11 12 -3 -14
right_child=-2 6 4 5 -6 -7 7 -9 -10 -11 -12 -13 13 -15
leaf_value=0.015920264249524238 -0.0074912191509220192 -0.0082023618761918292 0.008757871062541096 -0.0038476111390382084 -0.020575864853648231 0.0082410660761725284 0.00079800375950746553 0.0047657688408949328 -0.014775422664508275 -0.014553734901754659 -0.012220646479041289 3.5738289143510922e-05 0.0037809233139336528 0.018587464176235892
leaf_weight=558.20666497573256 629.49894544109702 334.05463954433799 146.91861500963569 770.91248255968094 194.25081581063569 781.00691995024681 1135.9301023334265 636.82004873454571 545.84266102313995 435.44679279625416 319.24187409877777 48254.072785321623 974.9158226698637 473.41395075619221
leaf_count=1911 2157 1534 690 1868 1636 1629 2567 1377 1447 1152 827 155394 2834 1083
internal_value=3.59137e-05 0.000121868 0.00393724 0.00586288 -0.00786745 0.00221811 -5.37371e-05 -0.00379479 -0.00638484 -0.00344361 0.000150343 0.000230114 0.00547261 0.00865091
internal_weight=56190.5 55561 2451.3 2110.13 341.169 1551.92 53109.7 2754.04 2117.22 1571.38 50355.7 50036.5 1782.38 1448.33
internal_count=178106 175949 7734 5408 2326 3497 168215 6543 5166 3719 161672 160845 5451 3917
is_linear=0
shrinkage=0.03


Tree=246
num_leaves=15
num_cat=0
split_feature=73 39 0 35 31 77 19 84 21 17 17 34 73 73
split_gain=46.1591 57.6517 141.503 87.9606 71.2239 72.8458 95.1275 71.076 63.4903 50.5492 91.1082 64.8699 50.918 82.203
threshold=-0.0048325099999999991 0.99248000000000014 0.98310500000000012 1.0098350000000003 0.053928500000000004 -16738056.034999998 -4145950.1449999996 31.155000000000005 31940.231780000006 -13.900349999999998 -11.222599999999998 1.0557350000000001 -0.00030112999999999993 -3.7029999999999996e-05
decision_type=2 2 2 2 2 2 2 2 2 2 2 2 2 2
left_child=-1 -2 3 -3 9 7 8 -6 -7 -4 11 -11 -12 -14
right_child=1 2 4 -5 5 6 -8 -9 -10 10 12 -13 13 -15
leaf_value=-0.01064618039890854 0.012633978861146524 -0.033807457572501566 -0.011466666521652432 -0.002782116297664092 0.024956537244513573 0.0032472958815460487 0.013156137133428053 0.0057004971300155692 -0.023755304697049021 0.00097096808535008887 0.0016214756026730333 0.021875651824652301 -0.0038356532942315905 -8.6824887613629092e-06
leaf_weight=359.57197633013129 328.4908339753747 177.39983729273081 342.84736331924796 157.15004932135344 288.20888365805149 136.53850469738245 238.5660558976233 443.12314256280661 176.96166828460991 251.38777940347791 12486.718156006187 292.14259342476726 5920.4762018155307 34491.135975772515
leaf_count=1424 1301 1730 1907 999 912 900 787 1777 1703 1378 39339 1377 22263 99984
internal_value=5.21351e-05 0.000121888 4.69334e-05 -0.0193749 0.000165819 0.0071475 -0.00102907 0.0133537 -0.0119266 -3.4794e-07 7.28642e-05 0.0122817 -5.22441e-05 -0.000570174
internal_weight=56090.7 55731.1 55402.7 334.55 55068.1 1283.4 552.066 731.332 313.5 53784.7 53441.9 543.53 52898.3 40411.6
internal_count=177781 176357 175056 2729 172327 6079 3390 2689 2603 166248 164341 2755 161586 122247
is_linear=0
shrinkage=0.03


Tree=247
num_leaves=15
num_cat=0
split_feature=35 76 9 60 34 72 72 79 48 76 34 66 35 78
split_gain=48.561 86.9817 100.585 105.368 84.0586 94.3627 79.0248 85.6551 122.075 79.6614 108.087 72.087 63.9209 216.275
threshold=1.0323600000000004 9.1150000000000002 0.9894750000000001 0.094612500000000016 1.0341250000000002 -0.16612449999999998 -0.15736699999999998 1140733.5376545002 2133578.3000000003 67.055000000000021 1.0191250000000003 1.0444650000000002 1.0403400000000003 -0.76609999999999989
decision_type=2 2 2 2 2 2 2 2 2 2 2 2 2 2
left_child=1 -1 -3 6 5 -2 7 8 -4 10 -8 -12 13 -6
right_child=4 2 3 -5 12 -7 9 -9 -10 -11 11 -13 -14 -15
leaf_value=-0.019136813766278613 0.022297212485183477 0.014623397184277652 -0.016457141236260797 -0.024118895900063313 0.011776405957677339 0.00019102405781800441 -0.022883852218875289 0.017065515613525609 0.015048769179578758 0.0044822179042485122 0.0066741889789577024 -0.01204631964927942 0.00035972310614885002 -0.018829485560835007
leaf_weight=288.69419230893254 330.63219597563148 296.81693303957582 255.02299288287759 209.7564503364265 324.12800347432494 370.97754761576653 390.85328923165798 342.23850556090474 193.47158293426037 473.46872752532363 343.07588926702738 397.2026526555419 51330.272115133703 571.50676404684782
leaf_count=2070 1089 1059 1850 1882 684 1342 2652 1470 620 2070 948 1527 156042 2368
internal_value=0.000142505 -0.00345035 -0.0018734 -0.0037694 0.000359719 0.0106681 -0.00196558 0.00577302 -0.00279614 -0.00579901 -0.0101292 -0.00333269 0.000220459 -0.00771905
internal_weight=56118.1 3190.6 2901.91 2605.09 52927.5 701.61 2395.33 790.733 448.495 1604.6 1131.13 740.279 52225.9 895.635
internal_count=177673 16148 14078 13019 161525 2431 11137 3940 2470 7197 5127 2475 159094 3052
is_linear=0
shrinkage=0.03


Tree=248
num_leaves=15
num_cat=0
split_feature=38 88 91 91 38 46 9 90 90 48 77 3 34 48
split_gain=46.9055 91.8377 74.3873 104.352 72.015 57.0267 54.4115 147.654 58.3279 112.039 181.479 122.721 101.774 210.848
threshold=1.1926250000000003 0.00034572000000000004 -0.00056771499999999989 0.00021107500000000002 1.1864650000000003 -0.018749999999999999 1.2199750000000003 1.8429180000000003 1.8429180000000003 1755733.1100000001 -3097230.8649999998 1.0199950000000002 1.1825150000000002 -3290639.9849999999
decision_type=2 2 2 2 2 2 2 2 2 2 2 2 2 2
left_child=4 -2 -3 -4 6 -6 8 -8 -1 12 11 -11 -10 -14
right_child=1 2 3 -5 5 -7 7 -9 9 10 -12 -13 13 -15
leaf_value=0.00069946985340576368 -0.015967788416807821 0.0084580973646790833 -0.016856221909517518 0.0028223252125429052 0.00094283966098798744 0.015458225145099905 -0.0054519369904420341 0.013712058167651494 -0.00010490932181864364 -0.013694864384990815 -0.02461574966160196 0.012329529594557779 -0.0017139797179462853 -0.023939021477647645
leaf_weight=30244.848784908652 478.75996907055378 506.31663712859154 425.57254192233086 556.83855211734772 493.70885989069939 489.27929599583149 619.45568622648716 862.27243648469448 18093.942259062082 314.68948214873672 475.80612275749445 336.26012042537332 1602.3007277697325 505.89432741701603
leaf_count=100539 1291 1052 1151 1239 1120 933 1508 1696 54176 1987 4297 1384 3732 1531
internal_value=-2.28371e-07 -0.00454957 -0.000849193 -0.00568023 0.000164935 0.00820668 1.52235e-05 0.00568179 -0.000147104 -0.00134895 -0.0105537 -0.000207172 -0.000833579 -0.00707027
internal_weight=56005.9 1967.49 1488.73 982.411 54038.5 982.988 53055.5 1481.73 51573.7 21328.9 1126.76 650.95 20202.1 2108.2
internal_count=177636 4733 3442 2390 172903 2053 170850 3204 167646 67107 7668 3371 59439 5263
is_linear=0
shrinkage=0.03


Tree=249
num_leaves=15
num_cat=0
split_feature=49 67 64 90 66 50 85 68 73 73 46 86 12 87
split_gain=49.091 100.6 95.5258 65.0604 79.35 76.7616 84.8634 80.6992 75.3254 71.2613 52.9824 118.052 81.8608 120.659
threshold=-1.1592499999999999 1.1365700000000001 1.1046150000000001 1.5551000000000001 1.0464650000000002 89747.645812000017 29.180000000000003 1.0792850000000003 0.00062434500000000011 0.00016682500000000003 -0.22144999999999998 1.9350000000000003 46.355000000000011 334.31850000000003
decision_type=2 2 2 2 2 2 2 2 2 2 2 2 2 2
left_child=1 2 3 4 -1 6 8 -7 -5 -6 11 -2 -13 -14
right_child=10 -3 -4 5 9 7 -8 -9 -10 -11 -12 12 13 -15
leaf_value=0.0039703486840885717 -0.018336635452598036 -0.015079275109547534 0.008991537141862448 -0.0045238020915745938 -0.023918904860489656 0.0096719812501921843 0.0021591925906513901 -0.007517209790171178 -0.023432502586184421 -0.0039359739303516366 0.00059868238025916141 0.0021004662843242161 -0.0080181521652290914 0.005136531923509699
leaf_weight=254.21376545354724 385.7086064144969 545.15740892291069 669.78316715359688 477.02979742363095 389.33928656391799 849.77433956414461 689.94136790931225 342.94780080392957 320.05164211243391 280.5261920131743 44313.025749227032 3248.915137629956 2427.2710995003581 842.54669781774282
leaf_count=781 1973 1561 1780 1594 2288 2503 1976 1319 1003 846 133978 12918 10372 2915
internal_value=-5.45711e-05 -0.00294954 -0.00139204 -0.00333215 -0.0101951 -0.000951428 -0.00550642 0.00470222 -0.0121736 -0.0156135 0.000217267 -0.00222606 -0.00126554 -0.00461883
internal_weight=56036.2 4818.76 4273.61 3603.82 924.079 2679.74 1487.02 1192.72 797.081 669.865 51217.5 6904.44 6518.73 3269.82
internal_count=177807 15651 14090 12310 3915 8395 4573 3822 2597 3134 162156 28178 26205 13287
is_linear=0
shrinkage=0.03


Tree=250
num_leaves=15
num_cat=0
split_feature=83 83 85 88 64 0 74 70 73 85 79 4 36 77
split_gain=43.911 103.951 152.49 121.449 154.304 113.668 137.056 88.0512 93.6056 88.0465 78.5267 70.6618 66.93 81.9283
threshold=5.7490990000000011 7.2197695000000008 6.3200000000000012 -0.0007717449999999999 1.0957850000000002 1.1824650000000003 0.15504100000000001 81.785000000000011 -7.7054999999999986e-05 40.040000000000006 944701.94784100016 606.34500000000014 1.1144650000000003 -1002165.2699999999
decision_type=2 2 2 2 2 2 2 2 2 2 2 2 2 2
left_child=-1 2 -2 10 5 9 -7 8 11 -5 -4 -3 -9 -14
right_child=1 7 3 4 -6 6 -8 12 -10 -11 -12 -13 13 -15
leaf_value=0.00033832337742590018 0.0063501274095512632 -0.0067813367460672095 -0.033893185103554609 0.0013716413228083825 0.0083486707855938026 -0.028837729122876871 -0.0067855555717505692 0.0078346972210454439 0.016015077574845157 -0.014364106846313139 -0.0095712452538435841 0.0079120793249493424 -0.0016483201288546071 -0.017848041755420253
leaf_weight=47877.709247605875 838.56657615303993 518.50316574424505 242.32571520656347 1029.176403272897 575.70748851448298 453.19760137796402 586.8784577101469 409.52690018713474 605.92514887824655 461.55919172614813 245.57178097590804 677.10895863547921 1096.817574121058 379.26177842915058
leaf_count=153429 2383 1703 1787 2745 1625 1399 1444 964 1583 1471 1174 2001 2765 1167
internal_value=-7.11937e-06 -0.0020474 -0.0051442 -0.00783516 -0.00563266 -0.00882701 -0.0164417 0.00166809 0.00641445 -0.00348669 -0.0217573 0.00151455 -0.00285175 -0.00584023
internal_weight=55997.8 8120.13 4432.98 3594.42 3106.52 2530.81 1040.08 3687.14 1801.54 1490.74 487.897 1195.61 1885.61 1476.08
internal_count=177640 24211 14028 11645 8684 7059 2843 10183 5287 4216 2961 3704 4896 3932
is_linear=0
shrinkage=0.03


Tree=251
num_leaves=15
num_cat=0
split_feature=86 86 68 36 83 31 65 37 79 91 13 68 48 69
split_gain=44.3287 87.8955 83.8268 141.498 173.459 122.267 73.4158 86.3418 105.521 122.777 114.875 147.307 135.461 141.75
threshold=23.665000000000003 24.395000000000003 1.1490850000000001 1.1046850000000001 2.2105850000000005 0.00030050000000000004 1.0273700000000001 1.1702650000000003 146652.12699450002 -0.0002880549999999999 0.00037550000000000002 1.0807350000000002 -4577271.1499999994 1.1889650000000003
decision_type=2 2 2 2 2 2 2 2 2 2 2 2 2 2
left_child=6 -2 -3 -4 -5 -6 -1 -8 9 -9 11 -10 -12 -14
right_child=1 2 3 4 5 -7 7 8 10 -11 12 -13 13 -15
leaf_value=-0.0071894651663582552 0.011150486986091959 0.00021104852267370613 0.018737391309415999 0.010742568617343268 0.0017653198010689308 -0.020232434372846324 0.00055384536937156 0.013159353853177971 -0.00082505034146407156 -0.0047334303155362276 0.0074315015088211311 -0.019628579032351299 -0.012436720436826303 0.0077313750039980306
leaf_weight=1461.1350432857871 753.174615688622 23957.766710544005 595.44047107547522 990.16038509458303 549.50561255216599 384.15523631870747 21889.994274165481 637.4803224503994 614.27529448270798 747.3428867906332 875.71636874973774 975.79401840269566 1204.3389933258295 421.25631114840508
leaf_count=5010 2069 76589 1714 2031 1283 1423 74329 1247 1425 1800 1840 2713 3202 887
internal_value=0.000180333 0.00104874 0.000759838 0.00596467 0.00198813 -0.00726553 -0.000638928 -0.000287835 -0.00365724 0.00348512 -0.00608234 -0.0123883 -0.00205831 -0.00719038
internal_weight=56057.5 27230.2 26477 2519.26 1923.82 933.661 28827.3 27366.2 5476.2 1384.82 4091.38 1590.07 2501.31 1625.6
internal_count=177562 85109 83040 6451 4737 2706 92453 87443 13114 3047 10067 4138 5929 4089
is_linear=0
shrinkage=0.03


Tree=252
num_leaves=15
num_cat=0
split_feature=56 12 64 43 48 48 48 67 10 79 70 76 19 89
split_gain=49.6624 49.0082 62.3835 57.4181 46.8149 159.225 138.329 186.419 129.277 162.333 147.65 138.633 116.382 120.691
threshold=54.82500000000001 44.375000000000007 1.0445150000000003 -0.086185499999999984 171096.96000000005 50592.290000000008 529630.43000000005 1.1015250000000003 1.1334450000000003 5151076.9289815007 60.615000000000002 33.435000000000009 -397054.64999999997 0.0048035000000000013
decision_type=2 2 2 2 2 2 2 2 2 2 2 2 2 2
left_child=4 -2 -3 -4 5 -1 12 8 9 -8 -10 -12 13 -6
right_child=1 2 3 -5 6 -7 7 -9 10 -11 11 -13 -14 -15
leaf_value=0.00015357199176041514 0.0012214874296498565 0.0038631509237245986 -0.012894342483944742 -0.0037977999264639495 0.02227791115952326 -0.013167292153229558 0.00039403971734941658 -0.014776926656598782 0.016943717744735833 -0.022006443875186819 0.018900911000658011 -0.0055549622596968535 -0.0065169067257392996 0.0065515696285139303
leaf_weight=36730.285822000355 2262.3599244970828 721.49104215949774 798.12189036607742 2955.1211929135025 576.14919164031744 824.6916114538908 5913.6655998378992 691.2241961248219 913.82631273567677 305.14484184980392 278.20368818938732 823.17152440175414 436.06520834565163 1888.5297483690083
leaf_count=100018 8104 1706 2993 9036 1370 3636 29983 4321 2766 2895 766 3263 1837 5294
internal_value=4.89389e-05 -0.00236642 -0.00418698 -0.00574308 0.000379117 -0.000138493 0.00202527 0.000171856 0.00143205 -0.000703646 0.00803467 0.000606837 0.00771562 0.0102475
internal_weight=56118.1 6737.09 4474.73 3753.24 49381 37555 11826 8925.24 8234.01 6218.81 2015.2 1101.38 2900.74 2464.68
internal_count=177988 21839 13735 12029 156149 103654 52495 43994 39673 32878 6795 4029 8501 6664
is_linear=0
shrinkage=0.03


Tree=253
num_leaves=15
num_cat=0
split_feature=65 84 46 79 34 82 71 73 78 33 56 79 48 74
split_gain=39.3832 45.2573 90.4207 55.7521 104.512 108.454 124.914 174.079 117.78 69.919 58.2865 82.9521 116.471 111.264
threshold=1.2070350000000001 91.730000000000018 -0.0067499999999999991 6446046.6962175006 1.1820350000000002 0.0078650000000000022 0.0011975000000000002 -0.00053627999999999998 1.7321000000000002 -6.8749999999999994e-06 53.985000000000007 1756815.1941955003 2637866.1550000007 -0.027225499999999996
decision_type=2 2 2 2 2 2 2 2 2 2 2 2 2 2
left_child=1 3 -3 10 5 6 -5 8 -8 -9 11 -1 13 -13
right_child=-2 2 -4 4 -6 -7 7 9 -10 -11 -12 12 -14 -15
leaf_value=-8.6618068642896004e-05 0.0062573793030058075 0.0036072053060532817 -0.012808576051904145 0.0063217430680806482 0.0090855105111821467 0.0056217284689720464 0.0070367110966605972 -0.034251347369718653 -0.019322892041297057 -0.016132341958819633 -0.0025157050414223595 0.015131298760398025 -0.0078869398681444096 0.0031196547911559896
leaf_weight=36140.158702533692 860.68809053301811 517.99392732605338 714.49347836896777 341.03811822645366 447.01616482436657 503.45965012162924 434.87363718450069 304.05144584923983 233.28348088636994 557.9694047793746 6437.3455527089536 773.22087356448174 769.62267592735589 6886.764776032418
leaf_count=108653 1974 1840 2408 1271 932 1347 1719 2018 1168 2678 20717 2936 6300 21667
internal_value=-0.000105511 -0.000205629 -0.00588764 -7.48666e-05 -0.0041794 -0.00669183 -0.0100221 -0.0136861 -0.00213689 -0.0225903 0.000151684 0.000537664 0.00321739 0.00433788
internal_weight=55922 55061.3 1232.49 53828.8 2821.69 2374.68 1871.22 1530.18 668.157 862.021 51007.1 44569.8 8429.61 7659.99
internal_count=177628 175654 4248 171406 11133 10201 8854 7583 2887 4696 160273 139556 30903 24603
is_linear=0
shrinkage=0.03


Tree=254
num_leaves=15
num_cat=0
split_feature=19 48 66 48 48 19 48 90 68 68 45 89 10 10
split_gain=39.0421 84.8526 61.2381 46.5515 152.607 113.906 180.134 150.789 145.798 147.656 224.825 130.652 122.781 197.296
threshold=-7153089.584999999 -945707.12999999989 1.0771450000000002 171096.96000000005 50592.290000000008 -397054.64999999997 529630.43000000005 0.77196300000000007 1.0998050000000001 1.0933350000000002 -0.012284999999999999 0.0048035000000000013 1.1328250000000002 1.1006250000000002
decision_type=2 2 2 2 2 2 2 2 2 2 2 2 2 2
left_child=1 -1 -3 4 -2 6 11 -8 9 12 -11 -5 13 -9
right_child=3 2 -4 5 -6 -7 7 8 -10 10 -12 -13 -14 -15
leaf_value=0.010925972790337768 -0.00014395049412532963 -0.0063412912106172769 -0.031697770518579665 0.020778813183904368 -0.01237363978689488 -0.010960344572934511 -0.013054379344801659 0.0036507740472637605 -0.01176690859127664 0.036496891340866491 0.0020883859135239036 0.0053769208431788378 0.0075097328966022576 -0.0078107042651937653
leaf_weight=147.70019992440939 41387.336700785905 237.54438807442784 137.36545374616981 646.50328390300274 938.31766387447715 615.08748821914196 703.12564915418625 3272.9651006702334 700.90933200344443 278.6220668964088 445.10610616579652 2161.2262338139117 2048.7993287555873 2299.7731845453382
leaf_count=457 112484 2262 1545 1556 4156 2700 5249 17570 4993 776 1868 6153 6403 9613
internal_value=-8.30984e-06 -0.0081623 -0.0157712 6.80796e-05 -0.000416065 0.00162596 0.0022457 0.000313944 0.00135766 0.00246485 0.0154085 0.00894015 0.00122994 -0.00107435
internal_weight=56020.4 522.61 374.91 55497.8 42325.7 13172.1 12557 9749.3 9046.18 8345.27 723.728 2807.73 7621.54 5572.74
internal_count=177785 4264 3807 173521 116640 56881 54181 46472 41223 36230 2644 7709 33586 27183
is_linear=0
shrinkage=0.03


Tree=255
num_leaves=15
num_cat=0
split_feature=48 39 12 45 73 10 71 91 67 48 71 10 41 89
split_gain=44.7842 176.309 204.99 255.579 159.14 138.401 167.436 146.693 159.214 132.982 129.89 223.19 206.096 222.551
threshold=1755733.1100000001 1.1346750000000003 44.025000000000013 -0.0044079999999999996 0.00088817000000000008 1.1334450000000003 0.0052120000000000005 2.8675000000000002e-05 1.0856350000000001 1633819.9650000001 0.0081705000000000024 1.1006250000000002 47.315000000000005 0.022500500000000003
decision_type=2 2 2 2 2 2 2 2 2 2 2 2 2 2
left_child=9 4 3 -3 5 6 7 8 -2 -1 11 -8 -12 -14
right_child=1 2 -4 -5 -6 -7 10 -9 -10 -11 12 -13 13 -15
leaf_value=0.00011325282972655236 -0.019469090150152642 -0.030209724109894961 -0.033076373426727049 0.012670395934565296 -0.027880291531687341 0.01343198197082752 0.024258672221066459 -0.028615798361013096 0.0040596803224776431 0.012230983096799689 -0.022670287472729009 -0.0074930171945156668 -0.018272327621386416 0.0087752699246799494
leaf_weight=49155.630264077336 411.67495382390916 197.85973456129432 339.59602096676826 335.54965886473656 180.48115783557296 665.95869432389736 544.26817851886153 293.32816531509161 689.95327983424067 827.9407811164856 336.33540642820299 311.49359700456262 345.48032220825553 1298.5724234953523
leaf_count=140013 4472 1429 2250 1308 1507 2713 2236 2882 3971 2101 2670 1770 2678 5581
internal_value=2.13736e-05 -0.00243808 -0.0148843 -0.00320593 -0.000289727 0.000726481 -0.00126892 -0.00977953 -0.00471542 0.000314815 0.0029084 0.0126709 -0.00129929 0.00306561
internal_weight=55934.1 5950.55 873.005 533.409 5077.55 4897.07 4231.11 1394.96 1101.63 49983.6 2836.15 855.762 1980.39 1644.05
internal_count=177581 35467 4987 2737 30480 28973 26260 11325 8443 142114 14935 4006 10929 8259
is_linear=0
shrinkage=0.03


Tree=256
num_leaves=15
num_cat=0
split_feature=89 77 77 5 74 90 48 35 61 61 87 38 13 21
split_gain=42.5394 45.084 137.518 142.137 98.1848 118.287 97.5529 115.767 115.138 102.238 98.7048 96.497 93.5682 93.4153
threshold=0.10648750000000003 -95201.019999999975 -243749.29499999995 1.1017650000000001 0.061015000000000007 1.4760510000000002 -3547289.4449999998 1.0671650000000004 0.30932000000000009 1.7286565000000003 4.2645000000000008 1.1186050000000003 0.00026750000000000005 282194.06755000009
decision_type=2 2 2 2 2 2 2 2 2 2 2 2 2 2
left_child=1 2 -1 -4 5 -5 -3 -8 -9 12 13 -12 -10 -11
right_child=-2 6 3 4 -6 -7 7 8 9 10 11 -13 -14 -15
leaf_value=3.5278993333031379e-05 0.010671953273158105 -0.00010432497933789957 0.022608516937679415 0.012638641169078275 0.015930532362030677 -0.012793047839842763 -0.019415667983725869 -0.019868398989615121 0.013451269203119835 -0.015089049391091916 -0.0079210577754532142 -0.02852332603186648 -0.0010180828720387277 0.0053570846667698908
leaf_weight=33556.554942281917 323.91801247000694 15196.809167802334 486.20677283778787 258.27527660131454 351.21188497543335 447.50371562689543 448.08695402741432 356.74195629358292 532.02473203837872 267.0557495765388 1033.06521333009 257.27099698036909 1626.6304778717458 803.75659361481667
leaf_count=118121 659 34764 1484 726 662 2014 1240 1241 1143 1893 4073 1126 6618 2118
internal_value=-0.000149689 -0.00021344 0.000438993 0.00919254 0.00297742 -0.00343932 -0.00133079 -0.00482487 -0.00347432 -0.00216961 -0.00648613 -0.0120709 0.00253874 0.000220601
internal_weight=55945.1 55621.2 35099.8 1543.2 1056.99 705.779 20521.4 5324.63 4876.55 4519.8 2361.15 1290.34 2158.66 1070.81
internal_count=177882 177223 123007 4886 3402 2740 54216 19452 18212 16971 9210 5199 7761 4011
is_linear=0
shrinkage=0.03


Tree=257
num_leaves=15
num_cat=0
split_feature=84 9 10 63 68 35 10 73 43 70 70 19 85 90
split_gain=44.9051 71.94 52.9667 182.521 110.522 94.071 58.532 50.4605 75.5882 72.0677 131.768 88.2332 102.551 75.5566
threshold=94.010000000000005 1.1724050000000001 1.0206850000000003 0.98369000000000006 1.0630550000000001 1.0098350000000003 1.0262350000000002 -0.00025623999999999997 1.0781515000000004 28.615000000000006 22.185000000000006 -3767577.3799999994 31.435000000000006 1.4962195000000003
decision_type=2 2 2 2 2 2 2 2 2 2 2 2 2 2
left_child=2 -2 3 -1 -5 -6 -4 8 9 10 11 12 -8 -11
right_child=1 -3 6 4 5 -7 7 -9 -10 13 -12 -13 -14 -15
leaf_value=0.021616466782478822 -0.017778344701662473 0.001716288664741624 0.012623260567497142 -0.028079344172803635 -0.023271996899793663 0.0074080076867067204 -0.029006113346311865 -0.00054374988068973625 -0.012839606779172929 0.0089760124557712213 -0.02004225537948667 0.0092193280610047591 0.004952793565411593 0.0017066356411110455
leaf_weight=155.67173001915216 331.36847223713994 344.03162115812302 331.57895430922508 294.44352069497108 139.41120352782309 247.5923575013876 148.57972432300448 40059.544485663995 319.79506020620465 1458.4370867088437 368.58260791003704 510.54080307483673 169.00310568511486 11099.21087198332
leaf_count=518 1614 773 1415 1995 1482 1565 1235 122718 970 5174 2073 1943 978 33522
internal_value=-0.0001329 -0.00781607 -3.83849e-05 -0.00752309 -0.0142457 -0.0035981 7.62386e-05 -2.91873e-07 0.00154436 0.00188189 -0.00514145 0.00147062 -0.0108817 0.00255393
internal_weight=55977.8 675.4 55302.4 837.119 681.447 387.004 54465.3 54133.7 14074.1 13754.4 1196.71 828.124 317.583 12557.6
internal_count=177975 2387 175588 5560 5042 3047 170028 168613 45895 44925 6229 4156 2213 38696
is_linear=0
shrinkage=0.03


Tree=258
num_leaves=15
num_cat=0
split_feature=73 48 90 39 73 91 73 71 63 41 64 48 10 41
split_gain=48.6583 46.3264 113.558 100.5 134.469 125.394 149.482 120.529 81.7924 75.5267 78.0807 75.1216 82.1824 71.9772
threshold=-0.0048325099999999991 2630672.3900000001 0.77196300000000007 1.0280150000000001 1.5820000000000004e-05 -1.7564999999999995e-05 -0.00033818499999999996 0.0062050000000000013 1.0763450000000001 47.975000000000001 1.0869350000000002 2582414.4250000003 1.1006250000000002 48.155000000000008
decision_type=2 2 2 2 2 2 2 2 2 2 2 2 2 2
left_child=-1 11 -3 -4 5 7 -7 8 -5 10 -6 -2 -13 -9
right_child=1 2 3 4 9 6 -8 13 -10 -11 -12 12 -14 -15
leaf_value=-0.010743007010058411 0.00028477454019220554 -0.022815698117914431 0.016826356354678419 0.035060131396193385 -0.011819025489728173 -0.025040596457474942 0.0017097083289956956 0.0087337656290651898 0.0085856098831798133 -0.020297199876527384 0.013409946529853646 0.021325525066732919 0.00011901728745397329 -0.01647900108225743
leaf_weight=367.21258780360222 51679.352486426011 246.51768073998392 241.93457928672433 201.92386609688401 346.55146173387766 263.16421121358871 645.69455597922206 251.74731560051441 227.45914286375046 500.39581095799804 160.08376326411963 320.82319551706314 342.26194059103727 169.39180096238852
leaf_count=1470 151154 3064 828 765 2532 2611 4486 1462 1370 3622 848 795 1278 1345
internal_value=0.000125215 0.000197729 -0.0032734 -0.00165499 -0.0032876 0.00170212 -0.006022 0.00998864 0.0211579 -0.0120279 -0.00377751 0.00041421 0.0104413 -0.00135133
internal_weight=55964.5 55597.3 3254.86 3008.35 2766.41 1759.38 908.859 850.522 429.383 1007.03 506.635 52342.4 663.085 421.139
internal_count=177630 176160 22933 19869 19041 12039 7097 4942 2135 7002 3380 153227 2073 2807
is_linear=0
shrinkage=0.03


Tree=259
num_leaves=15
num_cat=0
split_feature=49 1 32 46 79 16 1 87 47 9 65 42 60 77
split_gain=51.2424 66.1673 65.6777 92.4658 97.9585 63.8308 123.745 92.2802 71.9627 73.3442 54.7836 49.1322 45.3333 67.5248
threshold=-1.1401499999999998 1.2080050000000002 0.55736250000000009 -0.10404999999999999 834883.63824200013 -0.00072649999999999982 1.1790750000000003 17.097000000000005 73.645000000000024 1.0898650000000003 1.2070350000000001 0.00038350000000000005 0.065219000000000013 193038.68500000003
decision_type=2 2 2 2 2 2 2 2 2 2 2 2 2 2
left_child=1 2 12 4 -4 8 7 -7 9 -5 11 -2 13 -1
right_child=10 -3 3 5 -6 6 -8 -9 -10 -11 -12 -13 -14 -15
leaf_value=0.0049304898476766855 -0.0099458397323221211 -0.014272921712416026 0.019199769673841648 -0.016986999640814859 -0.0073052898165448443 -0.0096658345521062148 0.00010391757786175746 -0.030089301691487821 0.014880880679648387 0.0048907879515398536 0.0080800469737776961 0.00037227134109213834 0.011418963755250774 -0.0075924403607439579
leaf_weight=1001.1973665617406 417.6735732331872 412.69246037304401 262.93776351213455 280.9904892873019 236.43088125810027 450.77856107801199 490.83515490591526 366.57370756193995 194.82117741182446 266.21875019744039 824.3312668427825 49808.054180383682 393.74342408776283 630.74791961163282
leaf_count=2598 1269 1090 839 1827 1324 1353 1127 1411 740 1369 1860 158375 989 1570
internal_value=0.000128178 -0.00277296 -0.00172621 -0.00493297 0.00660122 -0.00775881 -0.0117445 -0.0188878 -0.000685397 -0.00629917 0.000412276 0.000285673 0.00229556 7.03119e-05
internal_weight=56038 4987.97 4575.28 2549.59 499.369 2050.22 1308.19 817.352 742.03 547.209 51050.1 50225.7 2025.69 1631.95
internal_count=177741 16237 15147 9990 2163 7827 3891 2764 3936 3196 161504 159644 5157 4168
is_linear=0
shrinkage=0.03


Tree=260
num_leaves=15
num_cat=0
split_feature=70 6 66 19 41 31 39 11 39 41 60 35 68 41
split_gain=43.9368 174.333 149.109 169.44 269.807 164.914 133.911 112.696 109.561 87.084 83.413 146.427 64.4423 62.2484
threshold=71.990000000000023 1.1226050000000003 1.0834050000000002 -5084374.0899999989 53.285000000000004 0.0001395 1.1302950000000003 1.1107450000000003 1.1821750000000002 70.795000000000016 0.033949500000000007 1.0931550000000001 1.0185250000000001 37.705000000000005
decision_type=2 2 2 2 2 2 2 2 2 2 2 2 2 2
left_child=13 7 8 10 -5 -6 -7 -2 9 12 -4 -12 -3 -1
right_child=1 2 3 4 5 6 -8 -9 -10 -11 11 -13 -14 -15
leaf_value=-0.0035772372363652785 0.0054086141616815631 -0.01028719520892568 -0.0071108991655663128 0.011559506468840986 -0.00065087376234928304 -0.039794692369592391 -0.014676813454705576 0.028951826726538215 0.017864774607351995 0.011316070987606381 -0.0041307052183595355 0.017059563919237217 0.0020614811594485112 6.5855636290359241e-05
leaf_weight=4678.9444000534713 418.41579203307629 438.05832037329674 602.24761913716793 334.0757212266326 312.29227636754513 366.12099917978048 413.38119062781334 330.48977486789227 472.47885309159756 823.61960128694773 575.28386360406876 593.81766480207443 2834.2382210940123 42919.77468072623
leaf_count=18631 1578 1118 1484 853 737 1618 1218 882 877 1680 1373 1108 6452 138513
internal_value=6.28098e-05 0.00204793 0.000709901 -0.00425381 -0.0119505 -0.0191758 -0.0265486 0.0158629 0.00419052 0.00260185 0.00192808 0.00661214 0.000396576 -0.000291697
internal_weight=56113.2 8514.52 7765.61 3197.22 1425.87 1091.79 779.502 748.906 4568.39 4095.92 1771.35 1169.1 3272.3 47598.7
internal_count=178122 20978 18518 8391 4426 3573 2836 2460 10127 9250 3965 2481 7570 157144
is_linear=0
shrinkage=0.03


Tree=261
num_leaves=15
num_cat=0
split_feature=77 77 68 76 82 77 31 76 76 73 43 39 86 78
split_gain=45.5603 106.981 190.2 91.3939 60.3776 44.8867 82.8401 51.1634 116.142 108.443 61.2638 79.0736 75.021 91.0355
threshold=-37458211.944999993 -34981458.119999997 1.0762050000000003 12.255000000000001 0.025550000000000003 -31165196.879999999 0.048637500000000007 1.9150000000000003 3.1500000000000008 -0.0016579649999999997 0.0070030000000000014 1.1900300000000004 54.385000000000012 2.9891500000000004
decision_type=2 2 2 2 2 2 2 2 2 2 2 2 2 2
left_child=3 2 4 -1 -2 6 -3 9 -9 -7 11 12 -10 -14
right_child=1 5 -4 -5 -6 7 -8 8 10 -11 -12 -13 13 -15
leaf_value=0.020849658132894956 -0.03420098139978623 -0.0023582568460637481 0.0059720934852700606 -0.0042071790054837585 -0.0094334819063792309 -0.024163786021501706 0.017498569582045407 0.014476351374819962 -0.0017846733698579432 0.0012502967226419705 0.00074703426676882637 -0.01663255505269735 0.0061403958485228699 -0.0099008240753346508
leaf_weight=271.19314303994179 254.10233853757381 383.248948559165 306.06111358851194 248.9201421327889 143.1551810875535 243.95174292847514 367.50700789690018 496.67982828244567 18277.243168842047 388.83950516954064 31793.385631203651 299.19840680062771 2135.3899206668139 372.03801952302456
leaf_count=803 2213 1365 1138 1320 858 1697 804 1745 64928 1552 90167 808 6931 1472
internal_value=-1.33847e-05 -9.68771e-05 -0.0117146 0.00881512 -0.0253972 5.20077e-05 0.00733242 -4.87769e-05 5.12829e-05 -0.0085226 -8.39167e-05 -0.00133835 -0.00111595 0.00374533
internal_weight=55980.9 55460.8 703.319 520.113 397.258 54757.5 750.756 54006.7 53373.9 632.791 52877.3 21083.9 20784.7 2507.43
internal_count=177801 175678 4209 2123 3071 171469 2169 169300 166051 3249 164306 74139 73331 8403
is_linear=0
shrinkage=0.03


Tree=262
num_leaves=15
num_cat=0
split_feature=19 63 83 19 10 89 83 83 70 48 48 76 77 31
split_gain=51.6127 225.495 114.547 87.4759 183.676 149.943 70.4507 89.1613 115.113 100.218 199.49 193.041 143.478 131.168
threshold=349495.61500000005 1.0926200000000004 5.5709510000000009 84525.860000000015 1.0826750000000003 0.0099130000000000017 4.7543585000000013 4.256834500000001 65.175000000000026 -4924591.919999999 -5455002.3699999992 65.795000000000016 1753417.0500000003 0.00018550000000000004
decision_type=2 2 2 2 2 2 2 2 2 2 2 2 2 2
left_child=3 -2 -3 6 -5 -6 7 9 -9 10 13 12 -12 -1
right_child=1 2 -4 4 5 -7 -8 8 -10 -11 11 -13 -14 -15
leaf_value=-0.0031912600124522849 0.025310474273648985 -0.023573169961312142 0.0055826483140624132 0.016636160745594465 -0.029864518024462747 0.00090797426635903821 -0.0023282573365613827 0.0015530859967807257 0.016579894378718252 0.00088363967905495081 -0.0055945109423016807 0.00053184567640530088 -0.023145926346751475 0.0071047397726188063
leaf_weight=2819.1232469677925 361.66572342067957 195.80477977916598 312.57569156959653 176.04683866351843 369.95110606774688 228.30741254612803 9585.1956980079412 1379.7300991043448 690.5023156106472 35018.202962830663 748.84770102798939 1103.1115597039461 969.35533338785172 1837.9820756018162
leaf_count=6662 827 1240 1393 687 2765 1343 29041 4789 1566 116201 1813 2500 2766 3875
internal_value=-2.29647e-05 0.00722179 -0.00561217 -0.000138399 -0.010144 -0.0180891 4.29911e-06 0.000506687 0.00658518 0.000209718 -0.00294165 -0.00923624 -0.0155216 0.000866391
internal_weight=55796.4 870.046 508.38 54926.4 774.305 598.259 54152.1 44566.9 2070.23 42496.6 7478.42 2821.31 1718.2 4657.11
internal_count=177468 3460 2633 174008 4795 4108 169213 140172 6355 133817 17616 7079 4579 10537
is_linear=0
shrinkage=0.03


Tree=263
num_leaves=15
num_cat=0
split_feature=43 34 14 66 75 70 70 46 67 91 65 18 63 71
split_gain=49.2966 91.8329 48.4006 74.2971 120.26 125.921 115.856 96.8393 146.874 108.777 100.251 93.7894 71.9054 119.584
threshold=1.2200050000000002 1.1050250000000001 -0.068533999999999984 1.1059550000000002 -3.7479999999999998 35.025000000000013 39.355000000000011 0.48920000000000002 1.0785450000000003 1.9355000000000004e-05 1.1032350000000002 38.82500000000001 1.0965050000000003 0.014085500000000003
decision_type=2 2 2 2 2 2 2 2 2 2 2 2 2 2
left_child=2 -2 3 7 6 -6 -5 11 9 -9 -10 12 -1 -14
right_child=1 -3 -4 4 5 -7 -8 8 10 -11 -12 -13 13 -15
leaf_value=0.0011680417951872911 -0.013626327178015324 0.0055316355073771013 -0.00053928655917278613 -0.018816587781222683 0.018527698984855626 0.0034190085739044794 0.010373233693774509 -0.0076162892865526731 -0.025077090163194617 0.0055828541331184494 -0.0034214946796498184 0.0080115145221638338 -0.01284522651980491 0.0049887193192560417
leaf_weight=8814.6626478191465 613.010080114007 352.20806103944778 31470.00988227129 395.26154960691929 532.04199631512165 7508.2192519716918 174.84784647077322 1098.3389304615557 455.05549611151218 1147.2955222986639 339.52726526558399 1577.3534118775278 890.14721170440316 541.8763030692935
leaf_count=37515 1948 812 94473 2777 1822 19934 606 2924 1756 2540 871 4019 4101 1452
internal_value=0.000110403 -0.00660605 0.000229056 0.00126035 0.00347772 0.00442469 -0.00980929 -2.2229e-05 -0.00479866 -0.000860005 -0.0158772 0.00120366 0.000152067 -0.00607717
internal_weight=55909.9 965.218 54944.6 23474.6 8610.37 8040.26 570.109 14864.3 3040.22 2245.63 794.583 11824 10246.7 1432.02
internal_count=177550 2760 174790 80317 25139 21756 3383 55178 8091 5464 2627 47087 43068 5553
is_linear=0
shrinkage=0.03


Tree=264
num_leaves=15
num_cat=0
split_feature=10 63 68 76 10 76 41 90 74 48 72 42 68 89
split_gain=36.4404 126.976 110.047 119.389 83.1835 49.969 135.442 237.602 178.609 59.3293 141.882 114.15 123.543 149.851
threshold=1.0206850000000003 0.98369000000000006 1.0650250000000001 66.215000000000018 1.0262350000000002 3.1500000000000008 48.425000000000004 1.9676270000000002 -0.020041499999999997 2630672.3900000001 -0.24071849999999997 0.00067950000000000009 1.0981300000000001 0.0037050000000000004
decision_type=2 2 2 2 2 2 2 2 2 2 2 2 2 2
left_child=1 -1 -3 -4 -2 6 7 -6 -9 -7 -11 -12 13 -13
right_child=4 2 3 -5 5 9 -8 8 -10 10 11 12 -14 -15
leaf_value=0.018478904896722784 0.015068589368421132 -0.023975429496001243 -0.02206036227140858 0.013403781668154662 0.031591666990876781 0.00024961802630090731 -0.0096211629843047843 -0.020319845751726667 0.013792942019903517 -0.024495710000041717 0.014536044336944415 -0.024956626214944929 0.015939369161706251 -0.0031532393456467035
leaf_weight=153.73076782003045 337.28841879963875 331.80803759023547 136.69078653305769 224.09651663899422 348.37879234179854 50442.543647956103 357.15753648802638 228.43830239586532 346.0743378251791 277.28254315070808 329.09708165377378 335.48331040330231 243.34727760404348 1845.1741325818002
leaf_count=533 1406 2286 1301 1482 958 143704 1389 1636 1077 2762 1325 4246 1254 12196
internal_value=0.000141637 -0.00603112 -0.0115335 0 0.000237118 0.000144932 0.00600023 0.012082 0.000165114 4.09582e-06 -0.0040716 -0.00199552 -0.00425738 -0.00653123
internal_weight=55936.6 846.326 692.595 360.787 55090.3 54753 1280.05 922.891 574.513 53472.9 3030.38 2753.1 2424 2180.66
internal_count=177555 5602 5069 2783 171953 170547 5060 3671 2713 165487 21783 19021 17696 16442
is_linear=0
shrinkage=0.03


Tree=265
num_leaves=15
num_cat=0
split_feature=42 90 74 79 78 76 60 42 90 76 72 85 85 45
split_gain=55.0368 44.5709 99.1103 138.077 118.172 116.411 112.381 102.94 96.2037 119.803 110.742 124.881 88.5174 90.3904
threshold=0.00038350000000000005 1.7753420000000002 -0.022702499999999997 1034191.9793830001 2.1884000000000001 2.7350000000000008 0.047050500000000009 0.0020205000000000002 1.7390275000000002 95.955000000000013 0.47167900000000001 35.410000000000004 37.920000000000009 -0.0026634999999999996
decision_type=2 2 2 2 2 2 2 2 2 2 2 2 2 2
left_child=-1 8 3 4 12 -5 7 -7 9 10 -2 -12 13 -3
right_child=1 2 -4 5 -6 6 -8 -9 -10 -11 11 -13 -14 -15
leaf_value=-0.010200899289617798 0.00034281226071705012 -0.011388231206613551 -0.00026487536912366574 -0.020152611802253962 -0.027857067867846166 -0.0022217940787764112 -0.0098591717717211053 0.02079720881664263 0.0071036509976193322 -0.01090452625098141 0.017261653799428157 -0.0068349831982527556 -0.022186596660490401 0.012967215892380828
leaf_weight=475.38721068948507 25233.504580589011 312.03909903764725 23815.365448925644 207.64616520516574 376.4302409440279 297.82977969199419 335.82398646324873 414.49223936721683 2056.2050038315356 820.8533109202981 705.63739999756217 263.87152387946844 250.52057748287916 242.84896802902222
leaf_count=1465 82479 2312 66412 1456 2884 1425 2199 1578 6333 2308 2463 1241 1833 1207
internal_value=-4.73755e-05 3.94979e-05 -0.00085603 -0.00661676 -0.0139727 0.000287693 0.00438103 0.011141 0.000848998 0.000371736 0.000726531 0.0106721 -0.00741969 -0.000670853
internal_weight=55808.5 55333.1 26253 2437.63 1181.84 1255.79 1048.15 712.322 29080.1 27023.9 26203 969.509 805.409 554.888
internal_count=177595 176130 81306 14894 8236 6658 5202 3003 94824 88491 86183 3704 5352 3519
is_linear=0
shrinkage=0.03


Tree=266
num_leaves=15
num_cat=0
split_feature=84 10 14 49 8 66 43 72 19 63 35 19 10 89
split_gain=53.8137 43.5408 96.7886 63.9047 53.6478 53.1023 41.8217 70.5273 44.4525 173.866 155.39 57.6762 210.572 135.095
threshold=96.600000000000009 1.2194350000000003 0.11099050000000001 -0.34734999999999994 1.2181350000000002 1.1134650000000001 1.2200050000000002 0.16753000000000004 349495.61500000005 1.0926200000000004 1.0911850000000003 84525.860000000015 1.0826750000000003 0.0099130000000000017
decision_type=2 2 2 2 2 2 2 2 2 2 2 2 2 2
left_child=1 4 3 -3 6 -5 8 -8 11 -10 -11 -1 -13 -14
right_child=-2 2 -4 5 -6 -7 7 -9 9 10 -12 12 13 -15
leaf_value=0.00014172846346451073 -0.012189489737643253 -0.0097208381402630658 0.0124626229405955 -0.0030254362347670351 -0.009202163880393641 0.0098400974413323013 -0.015762801441154325 0.0017473315367832374 0.023592541634876934 0.012139295608568435 -0.021174223600901605 0.019529041714625155 -0.027840266903478971 0.0014772170295522663
leaf_weight=50022.238627044484 321.50473516061902 456.36540095508099 813.1608479321003 560.83964782953262 572.77549926936626 587.89963841438293 397.39228198677301 424.96689937263727 337.69701290875673 254.90865780413151 246.45000978186727 187.62518452480435 372.61796535924077 224.47158499062061
leaf_count=158815 1180 1157 1620 1334 1442 1208 1403 1020 774 1089 1509 685 2816 1311
internal_value=2.88902e-05 0.000100481 0.00403661 -0.000218513 -7.8483e-05 0.0035356 2.07182e-05 -0.0066866 0.000128227 0.006973 -0.00418627 1.44629e-05 -0.00804985 -0.0167844
internal_weight=55780.9 55459.4 2418.27 1605.1 53041.1 1148.74 52468.4 822.359 51646 839.056 501.359 50807 784.715 597.09
internal_count=177363 176183 5319 3699 170864 2542 169422 2423 166999 3372 2598 163627 4812 4127
is_linear=0
shrinkage=0.03


Tree=267
num_leaves=15
num_cat=0
split_feature=48 3 62 3 90 10 70 48 10 73 45 89 41 82
split_gain=40.2571 153.375 167.649 197.772 161.044 163.718 183.063 123.438 115.457 192.648 171.331 129.674 232.91 191.704
threshold=1755733.1100000001 1.1151650000000002 -9.6249999999999985e-06 1.1322950000000003 0.77196300000000007 1.1334450000000003 35.735000000000007 901280.04000000015 1.1006250000000002 -0.00031436999999999996 -0.018930999999999996 0.013110000000000002 47.235000000000007 0.016535000000000005
decision_type=2 2 2 2 2 2 2 2 2 2 2 2 2 2
left_child=7 4 -3 -4 -2 6 -6 -1 11 -10 -11 13 -13 -8
right_child=1 2 3 -5 5 -7 8 -9 9 10 -12 12 -14 -15
leaf_value=-5.313048524642132e-05 -0.019270790665895036 -0.031442534691827576 -0.02348499898029419 0.0076030160640033588 -0.028675449453938458 0.017710365769803924 0.0064408864067957948 0.0062671493763610349 0.021700505032047041 0.011605058840850205 -0.019605934351669938 -0.026943968845687973 0.0040777090488697335 0.040493754955278391
leaf_weight=47000.246494915336 360.85741877369583 303.42280811071396 309.14085266366601 450.70188075304031 196.25014777295291 499.28696062043309 724.212781149894 2954.4868908207864 172.52260841801763 201.08750208839774 716.47891390323639 253.85507521219552 1496.7420696951449 187.5476159080863
leaf_count=132362 3697 2041 1940 1979 2347 1966 4206 9671 655 1011 5063 2299 7392 762
internal_value=4.3443e-05 -0.00230542 -0.0126107 -0.00501991 -1.8455e-05 0.00154069 -0.000500229 0.000320189 0.000972569 -0.00723688 -0.0127281 0.00434661 -0.000416449 0.0135151
internal_weight=55826.8 5872.11 1063.27 759.843 4808.84 4447.98 3948.7 49954.7 3752.45 1090.09 917.566 2662.36 1750.6 911.76
internal_count=177391 35358 5960 3919 29398 25701 23735 142033 21388 6729 6074 14659 9691 4968
is_linear=0
shrinkage=0.03


Tree=268
num_leaves=15
num_cat=0
split_feature=77 77 68 91 82 78 10 60 6 64 66 91 91 8
split_gain=49.5349 126.038 167.718 91.0184 49.6197 46.5676 97.0073 197.767 139.983 102.596 203.506 126.633 122.13 178.623
threshold=-37458211.944999993 -34981458.119999997 1.0762050000000003 5.1450000000000007e-06 0.025550000000000003 2.8969500000000004 1.0883950000000002 0.0059605000000000014 1.0924950000000002 1.0872150000000003 1.1076450000000002 -0.00012255499999999997 3.7965000000000007e-05 1.1823050000000002
decision_type=2 2 2 2 2 2 2 2 2 2 2 2 2 2
left_child=3 2 4 -1 -2 -3 7 -7 -8 12 -11 -12 13 -10
right_child=1 5 -4 -5 -6 6 8 -9 9 10 11 -13 -14 -15
leaf_value=0.021969509197609708 -0.033917732879367508 0.00059540012212266544 0.003992422977553688 -0.0028674397552583227 -0.011310343851162358 0.021607700825806396 -0.021644066157176532 -0.0027825139453894147 0.0032390296238180979 -0.013644239971042202 0.0060655466274030659 -0.005577359809398023 0.0072180134276469844 -0.014276331794574297
leaf_weight=257.34339010342956 246.00666816905141 43853.720212988555 302.0644369199872 269.04191348329186 144.75317892432213 469.99844273552299 336.1355409398675 815.14146362990141 1434.280121974647 1603.493659876287 1442.7736346796155 2010.1584737151861 1873.620975587517 822.89521118998528
leaf_count=1030 2208 136212 1141 1091 877 1617 2115 4004 3848 6163 3985 6738 4389 2205
internal_value=8.6096e-05 -5.43661e-07 -0.0127071 0.00923679 -0.0256699 0.000160188 -0.00160273 0.00612396 -0.0026491 -0.00194858 -0.00481505 -0.000703453 0.00155326 -0.00313673
internal_weight=55881.4 55355 692.824 526.385 390.76 54662.2 10808.5 1285.14 9523.36 9187.22 5056.43 3452.93 4130.8 2257.18
internal_count=177623 175502 4226 2121 3085 171276 35064 5621 29443 27328 16886 10723 10442 6053
is_linear=0
shrinkage=0.03


Tree=269
num_leaves=15
num_cat=0
split_feature=43 48 13 48 48 1 10 87 62 62 41 71 46 91
split_gain=47.5186 80.0914 220.306 137.481 90.1783 87.5193 84.2168 81.6503 78.8776 78.4259 77.408 73.6764 72.0379 96.6567
threshold=0.0070030000000000014 -4924591.919999999 0.00031550000000000008 -5413419.6049999995 -4577271.1499999994 1.1937350000000002 1.1923050000000002 128.45900000000003 1.5545000000000004e-05 -0.00063889499999999989 67.25500000000001 0.024744500000000003 19.053600000000007 -0.00031673499999999995
decision_type=2 2 2 2 2 2 2 2 2 2 2 2 2 2
left_child=-1 2 5 10 7 12 -5 8 -3 -6 -4 -12 13 -2
right_child=1 4 3 6 9 -7 -8 -9 -10 -11 11 -13 -14 -15
leaf_value=-0.0010912623332641363 0.0043506286029898443 0.018803684486490776 -0.0022049647078989489 -0.013242473688451687 0.0066065677959804515 -0.019767436521314394 0.0043418181301971091 -0.0027512251386989234 0.0046094038600639573 0.00040973595494764781 0.01759703360842009 0.003903830536388481 -0.01582320143783263 -0.0089475730755621853
leaf_weight=22715.176683707163 853.54202769696712 669.53621692955494 489.88824813067913 566.8272956609726 1997.5424431450665 490.1090714931488 427.25397257506847 499.47388643026352 759.45175617933273 23115.092477109283 804.30029094219208 643.64143733680248 520.90919265151024 1152.375660225749
leaf_count=81576 1855 1221 1148 1479 6499 1357 927 1179 1656 71308 1487 1408 1409 2884
internal_value=-3.48393e-05 0.000691661 -0.00245776 0.00339084 0.00138569 -0.00815072 -0.00565787 0.00763781 0.0112895 0.000904091 0.00804871 0.0115377 -0.00587872 -0.00327473
internal_weight=55705.1 32989.9 5948.85 2931.91 27041.1 3016.94 994.081 1928.46 1428.99 25112.6 1937.83 1447.94 2526.83 2005.92
internal_count=177393 95817 13954 6449 81863 7505 2406 4056 2877 77807 4043 2895 6148 4739
is_linear=0
shrinkage=0.03


Tree=270
num_leaves=15
num_cat=0
split_feature=76 76 87 44 45 61 48 12 61 39 64 66 48 72
split_gain=47.1639 118.133 87.5706 74.7988 52.6871 49.6237 48.5847 169.633 294.374 280.471 251.527 259.16 191.984 172.584
threshold=1.9150000000000003 3.1500000000000008 3.1815000000000002 -3.9804999999999996e-05 -0.0042049999999999995 0.08118400000000002 1755733.1100000001 44.375000000000007 0.34466800000000003 1.1108750000000003 1.0586450000000003 1.0644950000000002 2996007.6900000009 -0.17741949999999998
decision_type=2 2 2 2 2 2 2 2 2 2 2 2 2 2
left_child=2 4 -1 -4 -2 -3 -7 8 -8 12 -10 -12 13 -9
right_child=1 5 3 -5 -6 6 7 9 10 -11 11 -13 -14 -15
leaf_value=-0.022754635810542739 0.021458043319370824 0.0079059243856737915 0.010717598434007915 -0.013109459386173306 0.004090822068788167 0.00019922292923618204 -0.031895633875217301 -0.016709307327366498 -0.020319713595919234 -0.025486757048200161 0.028838762010240913 0.0026864934055217406 -0.020149440032497242 0.014230400638622442
leaf_weight=231.02956568822265 324.10430785641074 704.34004171378911 256.15544194728136 218.95033221878111 315.36486987769604 48417.891560725868 227.88457517698407 216.30659506842494 362.01686245761812 678.86863303184509 391.70591339282691 2624.9730352219194 346.15603827685118 634.0588999427855
leaf_count=1383 1177 1943 1098 1099 1018 136699 1830 1306 3140 4782 1199 14301 4111 2672
internal_value=5.13339e-05 0.000150408 -0.00764647 -0.000204453 0.0129597 0 -0.00010329 -0.00278016 0.00101813 -0.0100973 0.00325574 0.00610065 -0.00132682 0.00631468
internal_weight=55949.8 55243.7 706.135 475.106 639.469 54604.2 53899.9 5481.97 3606.58 1875.39 3378.7 3016.68 1196.52 850.365
internal_count=177758 174178 3580 2197 2195 171983 170040 33341 20470 12871 18640 15500 8089 3978
is_linear=0
shrinkage=0.03


Tree=271
num_leaves=15
num_cat=0
split_feature=48 48 48 67 10 70 90 85 90 67 64 41 68 70
split_gain=46.725 124.596 122.471 187.118 158.617 182.371 130.577 129.089 118.451 112.153 193.652 168.009 183.427 132.696
threshold=171096.96000000005 50592.290000000008 529630.43000000005 1.1056650000000003 1.1334450000000003 60.615000000000002 0.59053500000000014 27.505000000000006 0.77196300000000007 1.0735100000000002 1.0855050000000002 47.975000000000001 1.0712200000000001 58.135000000000012
decision_type=2 2 2 2 2 2 2 2 2 2 2 2 2 2
left_child=1 -1 6 4 8 -6 -2 -7 -4 11 -11 12 -10 -12
right_child=2 -3 3 -5 5 7 -8 -9 9 10 13 -13 -14 -15
leaf_value=-0.0002552650561547117 0.022780867766903381 -0.011320868892719877 -0.015289355792669395 -0.01722598641935762 0.016592628196446087 0.0072683674974362211 0.004342840880927761 -0.012103380085899017 -0.01012043283107519 -0.012886605351900457 0.006593686885141445 0.0095983899222444585 0.022782714092791766 -0.0093704273208653384
leaf_weight=41673.656885448843 393.45601928979158 935.62691414728761 511.43208063207567 542.6440393961966 1089.7993100732565 825.73970353230834 2881.2606468722224 493.93455965071917 977.42315015941858 1344.4763004854321 1494.583849336952 1838.1607461236417 179.28310791775584 680.66410334408283
leaf_count=113892 941 4135 4561 3499 3436 2956 8822 2140 6182 8536 7288 7773 787 2863
internal_value=-1.47928e-05 -0.000499211 0.00154032 -0.000109038 0.000873915 0.00751632 0.0065736 0 -0.00140048 -0.00030334 -0.00393802 0.0039582 -0.00497944 0.00158251
internal_weight=55862.1 42609.3 13252.9 9978.14 9435.5 2409.47 3274.72 1319.67 7026.02 6514.59 3519.72 2994.87 1156.71 2175.25
internal_count=177811 118027 59784 50021 46522 8532 9763 5096 37990 33429 18687 14742 6969 10151
is_linear=0
shrinkage=0.03


Tree=272
num_leaves=15
num_cat=0
split_feature=90 35 60 37 49 67 64 31 75 74 12 38 75 88
split_gain=51.3863 44.8663 69.3502 42.1808 44.5637 78.4874 89.4989 57.4227 149.939 156.678 66.689 60.7662 86.912 58.3878
threshold=5.5593255000000008 0.99638000000000015 0.00088850000000000008 1.0008750000000002 -1.1592499999999999 1.1380750000000002 1.1046150000000001 9.3500000000000009e-05 0.0042500000000000012 0.0085010000000000016 44.135000000000012 1.1428050000000003 4.0231500000000011 1.0000000180025095e-35
decision_type=2 2 2 2 2 2 2 2 2 2 2 2 2 2
left_child=1 2 -1 -3 5 6 -5 8 9 -6 -10 12 -12 -9
right_child=-2 3 -4 4 7 -7 -8 13 10 -11 11 -13 -14 -15
leaf_value=-0.024550397413211644 0.011992740665988657 0.010368028058643005 0.00049623534408893533 -0.0034430439478169419 0.007392718827017742 -0.013938215453073194 0.0083504449565076459 0.0012667721598841567 -0.0010295611459863847 -0.014617253110291861 -0.0049984842778330344 0.013703547103050785 0.0096005274498586583 -0.00093384918991127133
leaf_weight=168.85772318206728 322.86974968016148 355.43613012880087 234.58837343379855 3387.1807113103569 482.75275720655918 507.32275339961052 696.65213761478662 17983.926714012399 841.81132698059082 725.73962088674307 543.60364536195993 1198.5594439208508 1112.8365161418915 27350.713789345697
leaf_count=1475 672 1537 1331 11395 1216 1429 1869 67865 1963 1924 1417 2341 2298 79188
internal_value=7.75632e-05 7.60501e-06 -0.00994735 8.11041e-05 1.36854e-05 -0.0028146 -0.00142232 0.000272795 0.00335589 -0.00580135 0.00635828 0.00854673 0.00479126 -6.02081e-05
internal_weight=55912.9 55590 403.446 55186.5 54831.1 4591.16 4083.83 50239.9 4905.3 1208.49 3696.81 2855 1656.44 45334.6
internal_count=177920 177248 2806 174442 172905 14693 13264 158212 11159 3140 8019 6056 3715 147053
is_linear=0
shrinkage=0.03


Tree=273
num_leaves=15
num_cat=0
split_feature=49 2 60 45 47 43 74 48 87 77 77 87 19 47
split_gain=40.0147 69.7064 52.6473 91.3781 77.2441 70.8807 80.5237 68.4034 56.1301 50.436 113.926 143.228 93.0463 48.18
threshold=-1.1401499999999998 1.2082150000000003 0.065219000000000013 0.076653000000000013 91.565000000000012 0.28565050000000008 0.053449000000000003 -4924591.919999999 -24.351499999999998 -37458211.944999993 -34981458.119999997 281.53000000000003 -550439.11499999987 2.9650000000000003
decision_type=2 2 2 2 2 2 2 2 2 2 2 2 2 2
left_child=1 2 3 4 5 6 -1 -5 -4 -2 11 12 -11 -12
right_child=9 -3 8 7 -6 -7 -8 -9 -10 10 13 -13 -14 -15
leaf_value=-0.004898258140130546 0.010001403172959514 -0.014369613645513677 0.014937435740213481 -0.019404192967531816 0.010324669725443252 -0.016859573058295232 0.0077806079844408415 -0.0028998275678279823 -0.00082081658221699514 -0.031759288958594992 -0.0020581819045120448 0.010928765996674182 -0.002619793327259012 0.00069312105697624034
leaf_weight=1364.6598396487534 473.17527437582612 411.72441521286964 328.44292959943414 460.46112610399723 500.72013334557414 277.43619896098971 671.40101610124111 453.37946450710297 523.02641982212663 286.91042947769165 6600.1112463399768 164.94287319481373 153.87048090994358 43180.208826526999
leaf_count=6399 1855 1088 880 1278 1204 1082 1441 1070 1816 2223 28318 756 732 127568
internal_value=9.7822e-06 -0.00255267 -0.00148081 -0.00302323 -0.00033457 -0.00265802 -0.000700846 -0.0112609 0.00523292 0.000261893 0.000169637 -0.0127505 -0.021684 0.000327704
internal_weight=55850.5 4991.25 4579.53 3728.06 2814.22 2313.5 2036.06 913.841 851.469 50859.2 50386 605.724 440.781 49780.3
internal_count=177710 16258 15170 12474 10126 8922 7840 2348 2696 161452 159597 3711 2955 155886
is_linear=0
shrinkage=0.03


Tree=274
num_leaves=15
num_cat=0
split_feature=47 60 62 60 47 66 38 70 42 2 89 10 10 90
split_gain=42.6753 92.4791 102.392 102.896 88.0144 73.0442 92.3716 90.4262 106.213 97.9734 85.5225 64.4281 62.3907 77.075
threshold=0.72500000000000009 0.026461500000000002 -0.00047910499999999991 0.032690500000000004 2.3550000000000004 1.0990150000000003 1.1589550000000002 41.595000000000006 0.015390500000000001 1.0560650000000003 0.014549500000000002 1.0350550000000003 1.0206850000000003 1.5004105000000003
decision_type=2 2 2 2 2 2 2 2 2 2 2 2 2 2
left_child=1 -1 -3 -4 5 6 7 8 -2 11 -7 -10 13 -6
right_child=4 2 3 -5 12 10 -8 -9 9 -11 -12 -13 -14 -15
leaf_value=-0.0056488068855201868 -0.022838522544915713 -0.0065538519496319394 0.024388056640852182 0.0061525265838169975 0.0081375524421202043 -0.0052882036956778365 0.0049310009377656191 -0.014045299195549582 0.0095458600996772332 0.022246479941082215 0.014359685164468174 -0.010671130851537933 0.00020509602529374306 -0.018329181179989891
leaf_weight=738.53654078766704 180.29680072516203 423.87945498898625 349.97336657717824 1397.202858299017 136.94112611934543 454.10201730579138 488.70174597203732 1454.1206452939659 224.5879305973649 176.5091837644577 352.32066655158997 378.14766740053892 48697.650382267311 340.74964506179094
leaf_count=2609 975 2548 666 7073 775 1846 1075 6622 1173 829 1306 2430 145105 2716
internal_value=-4.18271e-05 0.00349411 0.00661928 0.00983427 -0.000236998 -0.00469301 -0.00691508 -0.00932706 -0.00213848 0.00263565 0.00326583 -0.00308497 9.85517e-05 -0.0106781
internal_weight=55793.7 2909.59 2171.06 1747.18 52884.1 3708.79 2902.36 2413.66 959.542 779.245 806.423 602.736 49175.3 477.691
internal_count=177748 12896 10287 7739 164852 16256 13104 12029 5407 4432 3152 3603 148596 3491
is_linear=0
shrinkage=0.03


Tree=275
num_leaves=15
num_cat=0
split_feature=19 63 82 19 9 89 86 86 91 48 59 70 77 70
split_gain=47.8168 186.152 149.203 67.2213 181.4 102.01 40.2829 70.4968 109.398 86.6855 51.3041 48.6913 66.9307 59.2255
threshold=349495.61500000005 1.0926200000000004 0.052225000000000008 84525.860000000015 1.0817450000000002 0.0099130000000000017 72.610000000000014 76.635000000000005 0.00037598500000000007 -711570.97499999986 0.00010462500000000002 85.25500000000001 193038.68500000003 72.560000000000016
decision_type=2 2 2 2 2 2 2 2 2 2 2 2 2 2
left_child=3 -2 -3 6 -5 -6 10 -8 9 -9 -1 13 -13 -12
right_child=1 2 -4 4 5 -7 7 8 -10 -11 11 12 -14 -15
leaf_value=-0.00087364897151535155 0.023744968831909047 -0.01756224569413737 0.015920510379528241 0.018063881685058403 -0.026697800362984223 -0.0012713202672684802 0.012442670414916569 -0.014734561754752278 0.01429898828290461 0.0055095286084052997 0.00080475451268373366 0.0016176656863906057 -0.014023709173053744 0.0061507829640997267
leaf_weight=31649.352241242304 352.69845049083233 309.412777710706 193.42950910702348 172.72389626502991 362.16988852247596 237.56598348170519 639.12747215852141 451.62980159372091 333.08582343533635 325.11743177101016 17702.198676867411 539.28093536198139 447.27871726453304 2087.3368559256196
leaf_count=101510 806 1867 764 592 2798 1417 1625 1393 758 1209 55553 1339 1179 4837
internal_value=2.04049e-05 0.00705446 -0.00461678 -8.8698e-05 -0.00887054 -0.0166947 3.61278e-05 0.00451407 -3.19212e-05 -0.00622638 -0.000112771 0.00104486 -0.00545034 0.00137043
internal_weight=55802.4 855.541 502.842 54946.9 772.46 599.736 54174.4 1748.96 1109.83 776.747 52425.4 20776.1 986.56 19789.5
internal_count=177647 3437 2631 174210 4807 4215 169403 4985 3360 2602 164418 62908 2518 60390
is_linear=0
shrinkage=0.03


Tree=276
num_leaves=15
num_cat=0
split_feature=70 72 76 79 71 65 54 62 90 85 91 73 68 90
split_gain=39.1887 114.596 92.508 127.293 82.3661 60.2939 50.4173 44.2965 158.838 85.721 110.26 55.7735 86.4992 54.6422
threshold=87.455000000000013 1.2802845000000003 67.725000000000009 1155460.9736725001 0.0094450000000000003 1.1018350000000001 8.8449630000000017 -0.0006005199999999999 2.2708320000000004 2.1050000000000004 -0.00040836999999999997 0.00039925500000000005 1.0673900000000003 1.7753420000000002
decision_type=2 2 2 2 2 2 2 2 2 2 2 2 2 2
left_child=1 6 -2 4 5 -4 7 8 9 -1 11 12 -11 -9
right_child=2 -3 3 -5 -6 -7 -8 13 -10 10 -12 -13 -14 -15
leaf_value=0.014768554895616064 0.0063733241562873681 0.015394868303476559 0.010595893121568412 -0.021009182817186032 -0.013673518343925752 -0.004197842910186959 -0.011605087109151519 0.00072682417639145477 0.015455743226810259 0 -0.0050526876703270137 -0.0014377759573958079 0.019497614734074836 -0.0013106275150852568
leaf_weight=342.988012034446 614.56266792863607 438.48512689769268 425.95449007302523 445.47173323482275 427.6433426886797 587.36852224171162 333.08339576050639 26384.700395766646 755.56911571323872 375.68985416740179 2228.5726683642715 577.1971069984138 451.68214919418097 21489.619661100209
leaf_count=991 1373 855 970 1375 1126 1414 949 85190 2182 1117 9261 1801 1225 68182
internal_value=-3.2589e-05 0.000138871 -0.00370256 -0.0070026 -0.00264013 0.0019955 1.16533e-05 8.5996e-05 0.00285512 0.000449844 -0.000897356 0.0056733 0.0106661 -0.00018712
internal_weight=55878.6 53377.6 2501 1886.44 1440.97 1013.32 52939.1 52606 4731.7 3976.13 3633.14 1404.57 827.372 47874.3
internal_count=178011 171753 6258 4885 3510 2384 170898 169949 16577 14395 13404 4143 2342 153372
is_linear=0
shrinkage=0.03


Tree=277
num_leaves=15
num_cat=0
split_feature=19 78 42 47 41 12 47 47 67 77 39 39 39 88
split_gain=48.0705 75.6699 103.228 53.7223 105.139 56.5187 48.7472 93.9102 80.7118 128.113 98.7147 125.39 133.161 70.9052
threshold=-7153089.584999999 -0.29329999999999995 0.00085250000000000007 0.33500000000000008 48.07500000000001 41.465000000000011 2.7950000000000004 1.135 1.0392950000000003 -134047.40999999997 1.0376550000000002 1.0475950000000003 1.1007850000000003 0.00016030500000000004
decision_type=2 2 2 2 2 2 2 2 2 2 2 2 2 2
left_child=1 -1 -3 4 5 -2 7 8 -5 10 -10 -12 -13 -14
right_child=3 2 -4 6 -6 -7 -8 -9 9 -11 11 12 13 -15
leaf_value=0.00901220466026415 0.0084235629006004613 0.0042129559579783095 -0.028506340259648179 0.014345129541433002 0.02348206605825567 -0.0075542542872237932 0.00024967630863252562 -0.0065677126808524637 -0.015299773543173875 -0.021249022272945756 0.023094868142915212 -0.011144685149085336 0.013516436438993756 -0.00017795942563197039
leaf_weight=145.18813702836633 452.56109536625445 135.41966734826565 232.52698661200702 358.4230405446142 255.50054280087352 353.34283708035946 48227.752428222448 2843.0644625108689 284.74691596254706 248.98895279318094 256.89123559370637 584.06178095750511 613.50741213932633 752.94271677732468
leaf_count=702 1624 612 2923 965 955 1898 143581 12177 1926 1343 839 4078 1709 2383
internal_value=-1.96561e-05 -0.00915089 -0.0164042 6.47993e-05 0.00674599 0.00138034 -6.5679e-05 -0.00262962 0.000973856 -0.000768185 0.00127371 0.00343117 0.000815496 0.00595399
internal_weight=55744.9 513.135 367.947 55231.8 1061.4 805.904 54170.4 5942.63 3099.56 2741.14 2492.15 2207.4 1950.51 1366.45
internal_count=177715 4237 3535 173478 4477 3522 169001 25420 13243 12278 10935 9009 8170 4092
is_linear=0
shrinkage=0.03


Tree=278
num_leaves=15
num_cat=0
split_feature=84 48 82 8 10 67 82 35 48 71 14 46 41 12
split_gain=44.0488 38.7311 129.334 111.345 113.549 100.383 87.4243 55.6808 48.9197 126.703 43.1018 78.2653 109.664 100.679
threshold=96.600000000000009 2984197.6250000005 0.011540000000000002 1.0654650000000003 1.0984450000000001 1.0950300000000002 0.025120000000000003 1.0680550000000002 2964040.5400000005 0.0075525000000000011 -0.0079459999999999982 15.177900000000003 70.975000000000009 49.005000000000003
decision_type=2 2 2 2 2 2 2 2 2 2 2 2 2 2
left_child=1 8 5 -4 6 7 -5 -3 10 -10 11 -1 13 -13
right_child=-2 2 3 4 -6 -7 -8 -9 9 -11 -12 12 -14 -15
leaf_value=0.0013727243564030497 -0.011155525454191247 -0.006222693332369948 -0.021218658350048582 0.026134352055291188 -0.0097006477485075977 0.0090617731098177039 0.00070056766493818592 -0.030551084528828407 0.028127776309630061 -0.0064826758387001955 -0.00082765520766181998 -0.0060540632788056549 -0.01745860597026384 0.0080429172195331019
leaf_weight=25250.409727765247 319.56080681085587 124.63498691655695 152.8405286334455 279.83761535584927 248.01816418021917 105.9353747703135 219.03658787719905 292.21851932257414 189.69337197393179 187.31541791185737 25984.399614706635 1322.3659690767527 457.77788318693638 693.82308238744736
leaf_count=81303 1156 1423 1639 1239 1694 578 1661 4175 876 1213 75081 3225 1250 1449
internal_value=-6.67556e-05 -2.17743e-06 -0.0048873 0.00198031 0.00678978 -0.0167451 0.0150511 -0.0233812 0.00012584 0.0108807 4.95872e-05 0.000872856 -0.00421539 -0.00118647
internal_weight=55827.9 55508.3 1422.52 899.733 746.892 522.789 498.874 416.854 54085.8 377.009 53708.8 27724.4 2473.97 2016.19
internal_count=177962 176806 12409 6233 4594 6176 2900 5598 164397 2089 162308 87227 5924 4674
is_linear=0
shrinkage=0.03


Tree=279
num_leaves=15
num_cat=0
split_feature=10 69 32 34 10 66 48 79 19 19 66 19 19 39
split_gain=42.4394 149.964 97.6998 118.567 51.009 73.9342 47.1472 82.0521 117.827 113.936 200.853 111.85 126.681 125.831
threshold=1.0174550000000002 0.98369000000000006 0.6765945000000001 1.0123250000000004 1.0262350000000002 1.0609750000000002 2630672.3900000001 1962444.9160540004 -4754414.5099999988 -4983867.7849999992 1.0630550000000001 -4715520.2849999992 -4289022.3299999991 1.0850150000000003
decision_type=2 2 2 2 2 2 2 2 2 2 2 2 2 2
left_child=1 -1 -3 -4 5 -2 -6 9 -9 10 -8 -11 13 -13
right_child=4 2 3 -5 6 -7 7 8 -10 11 -12 12 -14 -15
leaf_value=0.019134639953082268 -0.0021849218682147443 -0.026440782546667096 -0.020941718779423274 0.017425182880459383 0.00014743631134913476 0.022164803742627207 0.018335570861671015 0.0042548732642317001 -0.019286595851367185 0.017572424271081685 -0.02654274092207996 -0.029755771098150197 0.0047605683542427651 0.0027087491721503637
leaf_weight=151.63774159923196 218.35157500952482 291.85158087313175 144.14854231849313 143.54466234520078 51413.645630087703 225.25042163208127 122.30817501619458 282.49705861322582 578.22676278650761 363.61218141019344 324.49944307655096 229.85172326117754 1009.0790805052966 197.81364660710096
leaf_count=473 1162 2327 1381 782 148146 956 458 2277 5950 2115 3215 2140 5194 1103
internal_value=-8.19849e-05 -0.00725707 -0.0142352 -0.00170057 1.30473e-05 0.0101339 -6.89324e-05 -0.00365686 -0.0115293 -0.00062437 -0.0141773 0.00272852 -0.00101693 -0.0146983
internal_weight=55696.3 731.183 579.545 287.693 54965.1 443.602 54521.5 3107.89 860.724 2247.16 446.808 1800.36 1436.74 427.665
internal_count=177679 4963 4490 2163 172716 2118 170598 22452 8227 14225 3673 10552 8437 3243
is_linear=0
shrinkage=0.03


Tree=280
num_leaves=15
num_cat=0
split_feature=90 50 79 68 63 77 42 47 41 12 48 90 31 48
split_gain=44.9372 96.4786 167.567 167.055 132.583 101.131 67.5445 58.9584 96.1044 60.6092 51.9434 48.4941 103.901 247.924
threshold=2.7374635 352719.45979550009 1085187.2257650003 1.0907050000000003 1.1176650000000004 -18666.349999999995 0.0018705000000000002 0.33500000000000008 48.055000000000007 41.32500000000001 -3007746.2249999992 1.7753420000000002 0.00012350000000000005 -5131873.209999999
decision_type=2 2 2 2 2 2 2 2 2 2 2 2 2 2
left_child=7 2 3 5 -4 -2 10 8 9 -1 -3 -9 13 -13
right_child=1 6 4 -5 -6 -7 -8 11 -10 -11 -12 12 -14 -15
leaf_value=0.0086642237095366226 0.004979743289414966 0.010758277437966481 -0.028935318774930767 0.014885539725014808 -0.0020470297295920449 -0.011724029146176207 0.016119407763484691 0.00043396095203332771 0.020860568355963421 -0.0086840548832323589 -0.0038636774421688916 -0.01308577919568529 -0.0024647381129989329 0.0060979124187666616
leaf_weight=403.64185597747564 707.71597604453564 433.48174478113651 283.45674989558756 773.74784018099308 399.85923578590155 601.51940008997917 672.24405224248767 28686.861573427916 308.33679054304957 326.72691525891423 435.5324285775423 731.70537453889847 17505.837925035506 3499.3584742993116
leaf_count=1501 1645 875 1733 1738 998 1549 1850 92988 1292 1835 1403 1912 58716 7785
internal_value=1.7136e-05 0.0029607 -0.000380736 0.00383775 -0.0132708 -0.00267489 0.00897382 -0.000228719 0.00684122 0.000861274 0.00339955 -0.000375084 -0.00144416 0.00277096
internal_weight=55770 4307.56 2766.3 2082.98 683.316 1309.24 1541.26 51462.5 1038.71 730.369 869.014 50423.8 21736.9 4231.06
internal_count=177820 11791 7663 4932 2731 3194 4128 166029 4628 3336 2278 161401 68413 9697
is_linear=0
shrinkage=0.03


Tree=281
num_leaves=15
num_cat=0
split_feature=39 60 39 47 35 50 34 35 35 41 41 41 66 35
split_gain=49.6158 119.743 133.616 55.678 51.5951 116.193 127.809 57.4206 82.5653 72.9843 109.798 96.7516 99.0771 62.597
threshold=1.0117850000000002 0.00075950000000000008 0.99248000000000014 63.485000000000007 1.0169050000000002 3779028.3306410001 1.0100900000000002 1.0323600000000004 1.0347950000000001 47.975000000000001 48.145000000000003 52.425000000000004 1.0482100000000003 1.0403400000000003
decision_type=2 2 2 2 2 2 2 2 2 2 2 2 2 2
left_child=1 -1 -3 -4 5 6 -2 9 -9 -6 -11 12 -12 -10
right_child=4 2 3 -5 7 -7 -8 8 13 10 11 -13 -14 -15
leaf_value=-0.027681118733943497 -0.018951805849449742 0.01517113957166983 -0.024500309737399497 0 -0.020614102185546046 0.027161027876347367 0.011164996401046332 0.012256244669327726 -0.0082874962188834462 0.011936782159343476 -0.0030998669167944673 -0.00048966929841196439 -0.033721004850299434 0.00030378710744884374
leaf_weight=194.85550325363874 191.70153680630028 266.34744889289141 180.70568692311645 156.77654999494553 242.09573239833117 206.11874495446682 369.47843323089182 513.29875338077545 773.66038607060909 342.23793690279126 181.18020321056247 648.38260138034821 205.29121370613575 51272.917766509578
leaf_count=1735 1563 961 1639 530 1572 575 1745 1383 2818 1762 913 1602 1576 157193
internal_value=0.000123661 -0.007294 -0.000630597 -0.0131982 0.000232159 0.00795251 0.00080819 0.000122123 0.00029413 -0.00543956 -0.00273705 -0.00762565 -0.0194881 0.000175346
internal_weight=55745 798.685 603.83 337.482 54946.4 767.299 561.18 54179.1 52559.9 1619.19 1377.09 1034.85 386.471 52046.6
internal_count=177567 4865 3130 2169 172702 3883 3308 168819 161394 7425 5853 4091 2489 160011
is_linear=0
shrinkage=0.03


Tree=282
num_leaves=15
num_cat=0
split_feature=90 70 91 72 35 36 43 14 46 10 39 5 35 67
split_gain=39.2954 42.7431 132.998 80.9351 65.0101 126.549 52.1555 50.8472 77.6164 67.9018 74.3992 144.804 144.577 87.4138
threshold=5.5593255000000008 87.455000000000013 0.00018338500000000002 1.2802845000000003 1.1642050000000002 1.1328550000000002 1.2200050000000002 -0.056013999999999994 19.278150000000004 1.2194350000000003 1.0493950000000003 1.0588350000000002 1.0415950000000003 1.0555050000000004
decision_type=2 2 2 2 2 2 2 2 2 2 2 2 2 2
left_child=1 3 -3 6 5 -4 7 8 -1 10 12 -12 13 -9
right_child=-2 2 4 -5 -6 -7 -8 9 -10 -11 11 -13 -14 -15
leaf_value=0.0014646521292694943 0.010453851711043231 -0.019883993432544985 0.0034640853366747965 0.013148796082207355 0.008172921750727237 -0.015127462213864882 -0.0072797922620550194 -0.0075657479870354042 -0.0089508117474315068 0.0059760125240046142 -0.020533582211419741 -0.0012903805646748789 0.013601062684573804 0.0051756527533785845
leaf_weight=22691.056325158104 320.83405168354511 395.24467252194881 791.01173908263445 424.18926756083965 526.79227712750435 561.27149909734726 868.37640149146318 942.5324833355844 661.0655365884304 1298.9721404314041 356.43053369596601 24073.576155826449 885.97894182428718 993.76161885634065
leaf_count=79453 680 1152 1904 849 1109 1589 2546 3898 1664 2799 2689 70480 2335 4733
internal_value=8.34431e-07 -5.92712e-05 -0.00408622 0.000112405 -0.000738555 -0.00423573 6.80064e-06 0.000129426 0.00116815 -0.000719109 -0.00103954 -0.00157319 0.00356815 -0.00101171
internal_weight=55791.1 55470.3 2274.32 53195.9 1879.08 1352.28 52771.8 51903.4 23352.1 28551.3 27252.3 24430 2822.27 1936.29
internal_count=177880 177200 5754 171446 4602 3493 170597 168051 81117 86934 84135 73169 10966 8631
is_linear=0
shrinkage=0.03


Tree=283
num_leaves=15
num_cat=0
split_feature=62 90 70 85 57 47 47 37 67 72 42 42 21 48
split_gain=46.5305 83.2169 93.5705 75.5103 79.0901 51.0561 80.6154 65.5466 95.0945 94.6539 77.8994 65.5327 90.5381 63.6173
threshold=-0.0006005199999999999 2.2708320000000004 69.465000000000018 2.1050000000000004 23.385000000000002 0.72500000000000009 2.6350000000000002 1.1573850000000003 1.0913750000000002 -0.21073199999999997 0.012565500000000002 0.011634500000000001 297203.56273050007 -1131501.6149999998
decision_type=2 2 2 2 2 2 2 2 2 2 2 2 2 2
left_child=1 3 -3 -1 -5 13 7 8 9 -7 -11 12 -10 -2
right_child=5 2 -4 4 -6 6 -8 -9 11 10 -12 -13 -14 -15
leaf_value=0.014190965007715972 -0.0093204089120129743 0.018507934864105419 -9.8541012256052812e-05 -0.0047312448068634457 0.0039574009786869256 0.0027610609265850306 -0.00016001911624856705 0.0018660195249413447 0.0050195518750685364 -0.028792261614324962 -0.011160156400251885 0.0090091470153356775 -0.02178345994789636 0.0056956739629652241
leaf_weight=347.52067041397095 285.41718196868896 564.8567986227572 421.04984979331493 1892.8498163186014 1875.5141358505934 338.83603053167462 44533.523571886122 953.39030690491199 243.9601227492094 287.75439522787929 1107.4329907055944 434.27653393521905 208.38021048903465 2163.475838676095
leaf_count=994 953 1764 1006 7189 6517 1697 134543 2186 1484 1528 5591 1629 970 9519
internal_value=-1.68836e-05 0.00271282 0.0105392 0.000828708 -0.000399046 -0.000292987 -0.000508668 -0.00484329 -0.00729537 -0.0113808 -0.0148362 0.000664741 -0.00728247 0.00393022
internal_weight=55658.2 5101.79 985.907 4115.88 3768.36 50556.4 48107.6 3574.03 2620.64 1734.02 1395.19 886.617 452.34 2448.89
internal_count=177570 17470 2770 14700 13706 160100 149628 15085 12899 8816 7119 4083 2454 10472
is_linear=0
shrinkage=0.03


Tree=284
num_leaves=15
num_cat=0
split_feature=77 77 91 68 9 79 48 75 72 45 87 8 62 60
split_gain=40.2276 131.371 151.066 125.458 70.1917 40.5431 118.032 104.154 215.575 147.094 144.89 130.431 122.995 139.183
threshold=-37458211.944999993 -34981458.119999997 -0.00012255499999999997 1.0782450000000001 1.0652650000000004 1756815.1941955003 2630672.3900000001 0.07665000000000001 0.13513600000000003 0.012738000000000001 148.34250000000003 1.1823050000000002 -8.0499999999999981e-07 0.0049615000000000015
decision_type=2 2 2 2 2 2 2 2 2 2 2 2 2 2
left_child=4 2 -2 -4 -1 -3 7 9 -9 -7 -10 12 -12 -14
right_child=1 5 3 -5 -6 6 -8 8 10 -11 11 -13 13 -15
leaf_value=0.019286658688485423 0.0073559768309881899 -0.00028606442931814889 -0.033945804244845279 -0.00029921823322223641 -0.0023823281772258863 0.0029443740347435444 -0.0080681826432132918 -0.012563513580024534 0.0083739241965621342 0.014837145859395735 -0.01396478930975182 -0.017277813875062876 0.013237411916111098 -0.007989756306288771
leaf_weight=262.62956473976374 216.14577676355839 42529.956315692514 306.34006781876087 150.36005930602551 269.98180174082518 4756.5787209570408 1019.3273227065802 1063.1992973070592 1990.2612785473466 1168.022197380662 374.09610311314464 448.16796390712261 781.07084073871374 428.66968198120594
leaf_count=650 1033 128286 2554 617 1484 15342 9213 3727 6030 2487 1383 1275 1985 1664
internal_value=6.48749e-05 -1.37809e-05 -0.0131794 -0.0229587 0.0082625 0.000148271 0.00168625 0.00259271 -0.000551375 0.00529618 0.00261865 -0.00300498 0.00102313 0.00569043
internal_weight=55764.8 55232.2 672.846 456.7 532.611 54559.3 12029.4 11010.1 5085.47 5924.6 4022.27 2032 1583.84 1209.74
internal_count=177730 175596 4204 3171 2134 171392 43106 33893 16064 17829 12337 6307 5032 3649
is_linear=0
shrinkage=0.03


Tree=285
num_leaves=15
num_cat=0
split_feature=38 88 91 91 38 15 46 86 79 90 74 42 41 88
split_gain=48.2891 90.0458 74.1674 67.12 59.0567 64.6075 62.2008 90.4359 74.7443 114.927 91.7715 68.2073 81.9581 64.2131
threshold=1.1926250000000003 0.00027807500000000008 -0.00072180999999999992 0.00021107500000000002 1.1864650000000003 5.4500000000000018e-07 -0.37214999999999993 1.9350000000000003 8671181.8739825021 1.3698660000000003 -0.0059484999999999989 0.0013075000000000003 30.045000000000005 0.061934785000000006
decision_type=2 2 2 2 2 2 2 2 2 2 2 2 2 2
left_child=4 -2 -3 -4 6 -6 7 -1 9 10 -9 -11 -13 -14
right_child=1 2 3 -5 5 -7 -8 8 -10 11 -12 12 13 -15
leaf_value=-0.019173568770635505 -0.016131397501746782 0.0094181028769125402 -0.013153082449030153 0.0019945655299900339 -0.00042929103933350818 0.014953947500223783 0.00035346564900737694 0.023602907573753353 -0.015068704802646753 -0.016091952570174782 0.0016118043282692554 0.007990722751462247 -0.0061020413376108142 0.0053537783628085592
leaf_weight=295.91267801262438 467.42244677245617 431.44029206037521 508.62242466211319 538.19752161204815 473.67461203038692 501.33328284323215 47471.834297524765 271.71678855270147 370.29719324968755 333.63768927380443 466.15158483758569 619.33075458183885 2400.8865273427218 535.66861338168383
leaf_count=1616 1263 886 1332 1210 1093 965 148155 779 1480 1595 2463 2114 11361 1201
internal_value=-2.2848e-05 -0.00466495 -0.00101055 -0.00534218 0.000144746 0.007457 8.92139e-06 -0.00307469 -0.00211183 -0.00106547 0.00977152 -0.00313102 -0.00190231 -0.00400102
internal_weight=55686.1 1945.68 1478.26 1046.82 53740.4 975.008 52765.4 5293.6 4997.69 4627.39 737.868 3889.52 3555.89 2936.56
internal_count=177513 4691 3428 2542 172822 2058 170764 22609 20993 19513 3242 16271 14676 12562
is_linear=0
shrinkage=0.03


Tree=286
num_leaves=15
num_cat=0
split_feature=76 76 44 43 41 76 88 70 76 78 48 48 64 48
split_gain=48.0267 99.3057 96.5779 64.7955 43.6302 168.97 98.3328 82.8158 94.8941 108.518 78.5827 111.025 102.6 86.2145
threshold=1.9150000000000003 3.1500000000000008 -4.5714999999999999e-05 -0.034536499999999991 37.705000000000005 23.735000000000003 -0.00024985499999999994 72.27500000000002 33.345000000000006 2.1475000000000004 -503860.88499999995 -2714898.48 1.0923250000000002 1826731.0900000001
decision_type=2 2 2 2 2 2 2 2 2 2 2 2 2 2
left_child=2 3 -1 -2 5 6 -3 8 9 -7 11 -10 -13 -12
right_child=1 4 -4 -5 -6 7 -8 -9 10 -11 13 12 -14 -15
leaf_value=0.0027870610134384851 0.021180228626606189 -0.0035753339464521597 -0.019667299491280502 0.0016735814838770909 0.00024880569588005941 0.019703745307678069 -0.03028172296220312 0.0089744036328721251 -0.0034953782616704127 -0.0042548237395921215 0.0032067073901988897 -0.032123511667515911 -0.0063761485191710402 -0.016147887450538467
leaf_weight=359.51479453593493 327.93487077951431 219.18593075871468 326.39165521971881 294.01391058415174 49324.745436828583 337.04616975784302 294.52932287566364 660.5835470110178 1042.6045300662518 338.74256144464016 1299.8560607917607 298.65443739667535 267.83011027798057 245.33802140876651
leaf_count=1784 1064 1082 1743 1112 152338 973 1759 1728 2496 1096 4578 1939 1826 1838
internal_value=1.54749e-05 0.000114557 -0.00786735 0.0120245 -2.14526e-05 -0.00269072 -0.0189743 -0.000817443 -0.002516 0.00766152 -0.00470773 -0.00934597 -0.0200359 0.000105825
internal_weight=55637 54951.1 685.906 621.949 54329.1 5004.37 513.715 4490.66 3830.07 675.789 3154.28 1609.09 566.485 1545.19
internal_count=177356 173829 3527 2176 171653 19315 2841 16474 14746 2069 12677 6261 3765 6416
is_linear=0
shrinkage=0.03


Tree=287
num_leaves=15
num_cat=0
split_feature=56 84 48 91 70 6 72 85 35 19 68 19 79 60
split_gain=42.742 53.3457 75.9231 44.1158 55.9205 85.2589 55.2425 57.2082 94.6309 43.938 250.9 172.596 234.825 208.656
threshold=54.82500000000001 93.110000000000014 -2744029.1899999999 -0.00042106499999999993 42.305000000000007 1.1127050000000003 0.39522650000000004 29.695000000000004 1.1173550000000001 -1387618.1249999998 1.0762050000000003 -397054.64999999997 1283525.2855810001 0.0005415000000000001
decision_type=2 2 2 2 2 2 2 2 2 2 2 2 2 2
left_child=1 9 -3 6 -5 -6 7 8 -2 -1 -11 12 -12 -13
right_child=3 2 -4 4 5 -7 -8 -9 -10 10 11 13 -14 -15
leaf_value=0.00012084202485812746 -0.018349776191422872 0.0017012924736817241 -0.017777129902568634 0.0019022951654371755 -0.019085088907085292 -0.0040794159844595099 0.010754375681497754 0.0051371904738263677 0.0012303711304471323 -0.020377655577415117 -0.0019725253262916189 0.026177118499436935 0.015910509902005127 -0.0038345736925257255
leaf_weight=42519.260014431551 350.78483985364437 365.0287014991045 349.40657494217157 1133.9929766356945 384.05013160780072 3094.7178378924727 444.2836527377367 734.45126732066274 595.62861416488886 387.3835988342762 1017.8180569522083 228.06048839539289 1867.6699734404683 2311.9942996688187
leaf_count=128066 1465 830 1710 5117 2369 8435 1045 2032 1492 3183 4729 776 5714 11131
internal_value=2.67719e-05 0.000335104 -0.00779456 -0.0022129 -0.003862 -0.00574965 0.00135259 -0.00111956 -0.00600699 0.000456054 0.00290239 0.00457356 0.00959361 -0.00111891
internal_weight=55784.5 49046.6 714.435 6737.91 4612.76 3478.77 2125.15 1680.86 946.413 48332.2 5812.93 5425.54 2885.49 2540.05
internal_count=178094 156139 2540 21955 15921 10804 6034 4989 2957 153599 25533 22350 10443 11907
is_linear=0
shrinkage=0.03


Tree=288
num_leaves=15
num_cat=0
split_feature=70 6 77 78 35 11 70 37 34 61 60 31 64 86
split_gain=42.3501 124.991 96.3172 138.91 181.224 96.2424 88.0999 110.847 184.918 110.307 113.828 108.975 145.977 79.2623
threshold=71.990000000000023 1.1226050000000003 -5141497.4549999991 3.4014000000000002 1.1761350000000002 1.1107450000000003 84.535000000000011 1.1490950000000002 1.1229850000000001 2.5582000000000007 0.041488500000000005 0.00014150000000000005 1.0781050000000001 15.610000000000001
decision_type=2 2 2 2 2 2 2 2 2 2 2 2 2 2
left_child=-1 5 -3 6 13 -2 9 8 -8 10 11 -4 -13 -5
right_child=1 2 3 4 -6 -7 7 -9 -10 -11 -12 12 -14 -15
leaf_value=-0.00033561019010455766 0.004070975518692759 0.0093738828479725499 0.0082744913798091756 -0.0055388642567187453 0.0079099241386472001 0.02629532551868094 9.8817008803134978e-05 0.0052022330068907151 -0.022858941682241472 0.016227795160303326 0.014193285219723193 0.0019497805804239972 -0.018449367210700306 -0.023738864525335319
leaf_weight=47179.001357128844 401.18509460985661 1034.6889802217484 705.88221673667431 362.85149263590574 385.73124696314335 316.56100406497717 856.82208970934153 911.41242099553347 496.66553251445293 619.70804899930954 549.80620691180229 771.31266859918833 530.68862214684486 550.23686470836401
leaf_count=156611 1538 2155 1483 1055 818 860 1971 1989 1528 1204 1078 1756 1639 1896
internal_value=1.49312e-05 0.00196542 0.000854812 -0.00044952 -0.0092644 0.0139377 0.00164998 -0.00286189 -0.0083141 0.00487544 0.00210786 -0.0011919 -0.00634956 -0.0165532
internal_weight=55672.6 8493.55 7775.81 6741.12 1298.82 717.746 5442.3 2264.9 1353.49 3177.4 2557.69 2007.88 1302 913.088
internal_count=177581 20970 18572 16417 3769 2398 12648 5488 3499 7160 5956 4878 3395 2951
is_linear=0
shrinkage=0.03


Tree=289
num_leaves=15
num_cat=0
split_feature=90 90 48 77 3 61 13 6 61 86 60 91 60 72
split_gain=41.2867 43.8282 113.501 188.551 141.369 111.187 115.211 100.571 93.3675 90.5603 86.202 94.6901 134.191 99.3447
threshold=5.5593255000000008 1.8474125000000001 1755733.1100000001 -3097230.8649999998 1.0199950000000002 0.30932000000000009 0.00049950000000000005 1.2245550000000003 0.49682300000000007 42.885000000000005 0.048819500000000009 0.00020068000000000004 0.06810250000000001 0.19312750000000004
decision_type=2 2 2 2 2 2 2 2 2 2 2 2 2 2
left_child=1 7 5 4 -4 6 -3 -1 9 -7 -10 12 -12 -14
right_child=-2 2 3 -5 -6 8 -8 -9 10 -11 11 -13 13 -15
leaf_value=0.00079067402565616838 0.010644701692350616 0.0010882577731697394 -0.015276299353797759 -0.026036473174090451 0.013325103655338443 -0.01387824416463 0.021196718008917936 -0.01449754821218187 0.00015196290137479328 0.0041517532253940517 -0.017317646131380315 0.0014483082454646501 -0.0087134546639997413 0.017225306623498051
leaf_weight=32260.07543800585 322.89880701899529 688.2995577454567 293.73105537332594 428.12090911716223 328.26592815294862 928.13031649962068 411.07766291871667 390.8062891960144 16800.131790261716 339.72792830318213 958.86394385993481 975.16973387077451 348.32586951926351 213.2250102981925
leaf_count=105760 688 1587 1981 4213 1360 3014 1156 1037 47677 901 2820 2892 2268 510
internal_value=-3.40605e-05 -9.70752e-05 -0.00110955 -0.0107387 -0.000136272 -0.00064091 0.00864688 0.000606328 -0.00113931 -0.00902392 -0.000619244 -0.00582097 -0.010501 0.00109547
internal_weight=55686.9 55364 22713.1 1050.12 621.997 21663 1099.38 32650.9 20563.6 1267.86 19295.7 2495.58 1520.41 561.551
internal_count=177864 177176 70379 7554 3341 62825 2743 106797 60082 3915 56167 8490 5598 2778
is_linear=0
shrinkage=0.03


Tree=290
num_leaves=15
num_cat=0
split_feature=49 85 13 46 12 87 75 85 84 13 16 19 68 64
split_gain=38.6908 81.3775 110.524 57.3666 79.3533 113.577 83.1311 92.5857 69.1031 76.9025 82.5972 66.5541 210.841 200.243
threshold=-1.1401499999999998 43.410000000000004 0.00017350000000000002 -0.21104999999999999 42.485000000000007 906.69650000000013 -4.6016999999999992 17.865000000000006 61.750000000000007 0.00062850000000000004 -0.0017704999999999997 -1361080.4699999997 1.0764950000000002 1.0872150000000003
decision_type=2 2 2 2 2 2 2 2 2 2 2 2 2 2
left_child=1 2 -1 4 -2 6 -6 -8 9 -9 -11 -5 -13 -14
right_child=3 -3 -4 11 5 -7 7 8 -10 10 -12 12 13 -15
leaf_value=-0.016350623566730733 0.0020248212083983472 0.0040410797604970173 -0.0024478333002209782 0.00027636380411060933 -0.023543424993661653 0.010037495974203387 0.00038932081334239096 -0.0012187124672338491 -0.024333310047907571 0.00047763922033105399 -0.018348710516956409 -0.018935879121838924 0.018317901611603436 0.0021803818259394018
leaf_weight=617.54321536421776 2468.7634070515633 1262.4679383765906 3119.6307696253061 39717.614889042452 234.57423561438918 425.89711982384324 1590.4097404554486 990.9200405664742 238.71126155555248 289.51758397184312 731.47442919760942 317.73970537260175 947.41584521532059 2581.9024908319116
leaf_count=1691 9739 3911 10714 116812 1626 1362 6432 2567 1205 1816 4035 2484 2633 10335
internal_value=-1.12466e-05 -0.00252899 -0.00475696 0.000237296 -0.00228852 -0.00466067 -0.00620606 -0.0051336 -0.00904815 -0.00720849 -0.0129856 0.000642154 0.00440978 0.00652482
internal_weight=55534.6 4999.64 3737.17 50534.9 6970.27 4501.5 4075.61 3841.03 2250.62 2011.91 1020.99 43564.7 3847.06 3529.32
internal_count=177362 16316 12405 161046 28782 19043 17681 16055 9623 8418 5851 132264 15452 12968
is_linear=0
shrinkage=0.03


Tree=291
num_leaves=15
num_cat=0
split_feature=50 60 46 70 47 36 16 34 71 83 90 83 90 18
split_gain=46.917 37.7389 118.854 102.442 108.28 106.739 140.372 108.911 101.822 120.497 69.4756 88.2238 69.1497 63.3875
threshold=20854765.356050503 0.065810500000000008 18.849250000000001 38.275000000000013 0.33500000000000008 1.0418750000000003 -0.025121499999999995 1.0576450000000002 0.010827500000000002 2.6643325000000004 1.8336500000000002 4.1094470000000003 1.7350385000000002 42.115000000000002
decision_type=2 2 2 2 2 2 2 2 2 2 2 2 2 2
left_child=1 2 -1 10 -5 6 -6 -7 -8 -10 -3 -12 -4 -9
right_child=-2 3 12 4 5 7 8 13 9 -11 11 -13 -14 -15
leaf_value=-0.00012625552281761212 0.0079541347890376094 0.0017801119922732321 -0.017288972673818893 0.0211481302967069 -0.022005905297555382 0.014914370166916073 0.017052641501229621 -0.0066438014149407835 -0.019943649089078804 0.0034635433636977029 -0.028047287250098508 0.0015223776352261489 -0.0028250440337933653 0.0089838713605674761
leaf_weight=49388.201249025762 654.36070775985718 352.44336748868227 566.58629193902016 322.25442179664969 281.9355361610651 945.81867238506675 286.78682128340006 510.32387666404247 277.06927827745676 681.73633586987853 233.11959971487522 145.16225856356323 638.46054381132126 428.66551838442683
leaf_count=153677 1382 2028 1542 1331 2377 2460 961 2566 1502 2392 1991 1088 1510 1151
internal_value=-2.47058e-05 -0.00012022 -0.000354095 0.00252241 0.0045376 0.0029544 -0.00292422 0.00773362 0.00138497 -0.00328299 -0.00772795 -0.016647 -0.00965923 0.000460564
internal_weight=55712.9 55058.6 50593.2 4465.32 3734.59 3412.34 1527.53 1884.81 1245.59 958.806 730.725 378.282 1205.05 938.989
internal_count=177958 176576 156729 19847 14740 13409 7232 6177 4855 3894 5107 3079 3052 3717
is_linear=0
shrinkage=0.03


Tree=292
num_leaves=15
num_cat=0
split_feature=61 86 60 63 13 86 17 13 43 82 85 72 16 72
split_gain=45.7953 44.338 100.707 106.156 97.3218 80.0954 79.0638 74.2992 65.4401 100.253 100.506 147.505 86.1877 68.7244
threshold=0.065476500000000007 23.665000000000003 0.00029050000000000007 1.0181250000000002 0.00022450000000000001 15.395000000000001 0.68325000000000014 0.00026750000000000005 -0.25566849999999991 0.0029650000000000002 14.915000000000001 0.16426650000000004 -0.00024149999999999999 -0.18127399999999996
decision_type=2 2 2 2 2 2 2 2 2 2 2 2 2 2
left_child=-1 2 4 7 -2 -6 8 -4 9 12 11 -11 -5 -12
right_child=1 -3 3 6 5 -7 -8 -9 -10 10 13 -13 -14 -15
leaf_value=0.0089993216328263792 -0.0004573566257361438 0.00084969136431293016 0.0016771032190632266 -0.003153697456213527 -0.021923094602704488 -0.0033580854249289842 0.010746720066042487 -0.015361383031688436 0.00029911523439441509 -0.0054765476532785563 0.0059253946423415685 0.020127262952468403 -0.022415488334540781 -0.0095645440837149303
leaf_weight=509.79666085913777 831.82574127241969 26816.867529340088 338.10779145359993 408.29522719606757 545.41843263804913 346.31817696243525 599.08369774743915 700.89170097187161 21963.686533413827 399.01279817707837 335.81633428484201 406.70663417875767 437.34720774739981 1073.9692238904536
leaf_count=1401 1952 84429 761 1584 2256 1262 2167 2942 69853 1551 1373 938 1549 3776
internal_value=5.77209e-05 -2.44718e-05 -0.000851356 -0.00039572 -0.00787818 -0.0147586 -1.3196e-05 -0.00979165 -0.000272402 -0.00438158 -0.00101082 0.00741934 -0.0131656 -0.00585193
internal_weight=55713.1 55203.3 28386.5 26662.9 1723.56 891.737 25623.9 1039 25024.8 3061.15 2215.5 805.719 845.642 1409.79
internal_count=177794 176393 91964 86494 5470 3518 82791 3703 80624 10771 7638 2489 3133 5149
is_linear=0
shrinkage=0.03


Tree=293
num_leaves=15
num_cat=0
split_feature=14 10 64 1 19 45 41 68 64 13 76 61 79 31
split_gain=39.1991 95.266 83.9069 148.854 177.441 133.927 329.118 141.578 120.371 145.132 100.57 91.5256 89.2461 82.6972
threshold=-0.0079459999999999982 1.2194350000000003 1.1033050000000002 1.0841650000000003 -2254100.3299999996 0.009246500000000003 50.115000000000002 1.1304150000000002 1.1126900000000002 0.004428500000000001 34.405000000000008 1.8204500000000003 5341746.6124515003 0.0042005000000000002
decision_type=2 2 2 2 2 2 2 2 2 2 2 2 2 2
left_child=2 -2 11 13 8 6 7 -6 10 -10 -5 12 -1 -4
right_child=1 -3 3 4 5 -7 -8 -9 9 -11 -12 -13 -14 -15
leaf_value=0.0020889837999156307 -0.0010965924451143989 0.0073401085439768468 0.0031652868562630464 -0.0023015697005008395 0.0087987737321796843 0.02710610280365781 -0.013101463304111294 0.038588365230420481 0.0016908110195848842 -0.016804506896924566 0.016486162965009578 -0.0029565807088140408 -0.0083239178496579483 -0.025111825710512181
leaf_weight=10601.30079896003 25322.477119633928 1263.1010717153549 142.97832098603249 362.18894928693771 337.93447364494205 447.40909051895142 415.03904541581869 254.1768122240901 7100.8039755150676 402.40202543884516 854.04438373818994 7220.6545657739043 794.57336823455989 255.68593020364642
leaf_count=37971 76865 2680 703 1148 1662 1327 2059 682 16360 2737 2214 24555 4708 2175
internal_value=0.000138333 -0.000694369 0.000897785 0.00303227 0.00373978 0.0134402 0.00731869 0.0216807 0.00211679 0.00069279 0.0108693 -0.000312912 0.00135965 -0.0149128
internal_weight=55774.8 26585.6 29189.2 10572.7 10174 1454.56 1007.15 592.111 8719.44 7503.21 1216.23 18616.5 11395.9 398.664
internal_count=177846 79545 98301 31067 28189 5730 4403 2344 22459 19097 3362 67234 42679 2878
is_linear=0
shrinkage=0.03


Tree=294
num_leaves=15
num_cat=0
split_feature=77 68 90 68 68 78 38 61 64 60 64 77 34 13
split_gain=40.4503 78.2967 115.241 80.0512 106.44 45.7169 120.935 131.972 127.872 240.349 146.043 116.376 100.293 93.6793
threshold=3017697.5000000005 1.0865550000000002 1.9470395000000003 1.0925350000000003 1.1001850000000002 2.9418000000000002 1.0959150000000002 0.58650200000000019 1.0866500000000003 0.0062400000000000008 1.0928450000000003 -4822215.7349999985 1.1075550000000003 0.0018455000000000001
decision_type=2 2 2 2 2 2 2 2 2 2 2 2 2 2
left_child=5 2 -2 -3 -5 -1 7 -7 -8 11 -11 -10 -12 -14
right_child=1 3 -4 4 -6 6 8 -9 9 10 12 -13 13 -15
leaf_value=0.00054663582319052731 -0.0018345722632311084 0.010759818995772018 -0.021724525862560063 -0.015116195647735546 0.0018814522920112967 0.021776036154353945 0.00070687286529600845 0.0014005446204338864 -0.034748139071761247 -0.02080337872486035 -0.013972526432221733 -0.012620944790119442 -0.00052376849883461194 0.013625551817028795
leaf_weight=42104.242797907442 655.67567646503448 481.01771028339863 440.23244059085846 472.29460817575455 1099.2088145911694 334.85325049608946 3690.1399934422225 1961.4328409936279 258.91485893726349 317.64152578264475 356.23548059538007 1293.9861384257674 1600.0648376569152 568.77097544074059
leaf_count=136165 1528 970 1243 1256 2464 1295 9342 8367 831 1325 1849 5175 3917 2162
internal_value=-9.1161e-05 -0.00339372 -0.00986435 4.96707e-05 -0.00321425 0.000106435 -0.00167579 0.00439302 -0.00340332 -0.00686004 -0.00166172 -0.0163495 0.000741616 0.00317759
internal_weight=55634.7 3148.43 1095.91 2052.52 1571.5 52486.3 10382 2296.29 8085.75 4395.61 2842.71 1552.9 2525.07 2168.84
internal_count=177889 7461 2771 4690 3720 170428 34263 9662 24601 15259 9253 6006 7928 6079
is_linear=0
shrinkage=0.03


Tree=295
num_leaves=15
num_cat=0
split_feature=84 91 39 3 65 76 63 43 91 85 68 49 64 78
split_gain=38.243 77.0071 39.7128 42.3936 61.5643 39.9631 64.2478 53.6856 50.0031 47.0762 90.3574 186.011 124.401 119.308
threshold=94.010000000000005 -1.0284999999999999e-05 1.1943050000000002 1.2229250000000003 1.1090800000000003 99.725000000000009 1.0688450000000003 1.2200050000000002 -2.3089999999999997e-05 6.5250000000000012 1.0948950000000002 -0.27304999999999996 1.0946450000000001 2.1241500000000006
decision_type=2 2 2 2 2 2 2 2 2 2 2 2 2 2
left_child=2 -2 3 5 -5 7 -7 9 -9 10 12 -12 -1 -13
right_child=1 -3 -4 4 -6 6 -8 8 -10 -11 11 13 -14 -15
leaf_value=0.002977996435363841 0.001877891264811026 -0.018713543298947942 -0.0079942601009683496 -0.0015083590873443569 0.013296736557822016 0.0029605415008087878 -0.012811502617469725 -0.01530526181155336 -0.00071759669941993205 -1.1618898529021433e-05 -0.011882925746852733 0.0096533842761446793 0.016229858476631675 -0.0042801127207304449
leaf_weight=4576.5362517721951 371.6387540102005 287.38505717739463 526.84583869576454 469.85330012440681 537.5844753831625 406.09650483727455 533.81623896956444 378.38375225290656 488.44268770515919 43046.615998575464 1052.575564045459 1232.8521098457277 742.12029717862606 998.17642542347312
leaf_count=15077 1177 1172 1309 1104 1063 911 1406 1162 1372 139927 3535 3381 1610 3411
internal_value=0.000106331 -0.00707085 0.000193018 0.000272914 0.00636747 0.000157376 -0.00596928 0.000267712 -0.00713022 0.000392589 0.00241854 -0.00148733 0.00483539 0.00340688
internal_weight=55648.9 659.024 54989.9 54463.1 1007.44 53455.6 939.913 52515.7 866.826 51648.9 8602.26 3283.6 5318.66 2231.03
internal_count=177617 2349 175268 173959 2167 171792 2317 169475 2534 166941 27014 10327 16687 6792
is_linear=0
shrinkage=0.03


Tree=296
num_leaves=15
num_cat=0
split_feature=39 63 47 68 31 31 12 76 12 17 17 17 41 90
split_gain=39.7924 99.7953 149.794 42.5467 40.3541 108.532 93.9475 81.094 53.4276 47.118 87.8591 59.7206 71.244 65.4719
threshold=1.0117850000000002 0.98369000000000006 63.485000000000007 1.0638550000000002 0.053928500000000004 0.055276000000000006 42.725000000000001 66.545000000000016 41.875000000000007 -13.900349999999998 -11.222599999999998 -2.0026499999999996 47.315000000000005 1.7193750000000001
decision_type=2 2 2 2 2 2 2 2 2 2 2 2 2 2
left_child=1 -1 3 -3 9 -6 8 -8 -7 -2 -11 12 -12 -14
right_child=4 2 -4 -5 5 6 7 -9 -10 10 11 -13 13 -15
leaf_value=0.014192677405186847 -0.01126586567633679 -0.034473042983136672 0.0032125899958505345 -0.011858000385640867 0.022677567876530906 -0.00049064075156334929 -0.0023350710758190578 0.019432952029847697 -0.021436088968100953 0.012217927434524179 0.0024729391692361637 0.00024132858659898268 -0.017420859880135978 -0.0026854334865161751
leaf_weight=164.35364712029696 324.73514299653471 202.69678063318133 303.73252160102129 128.56149711273611 261.72210322320461 271.45164884626865 296.28366519883275 314.53986722417176 186.40621612966061 538.97574566677213 643.90521019883454 50964.475600013509 546.17204387485981 550.30817718058825
leaf_count=701 1831 1632 1245 1305 1092 1666 1446 1223 1313 2736 3150 151642 3455 3203
internal_value=0.000139343 -0.00650045 -0.0119175 -0.0258485 0.000236683 0.0053963 0.0011188 0.00883865 -0.00911161 0.000107883 0.000178025 5.41027e-05 -0.00540828 -0.0100619
internal_weight=55698.3 799.344 634.991 331.258 54899 1330.4 1068.68 610.824 457.858 53568.6 53243.8 52704.9 1740.39 1096.48
internal_count=177640 4883 4182 2937 172757 6740 5648 2669 2979 166017 164186 161450 9808 6658
is_linear=0
shrinkage=0.03


Tree=297
num_leaves=15
num_cat=0
split_feature=84 9 68 64 66 68 85 38 85 39 48 78 82 89
split_gain=44.1347 83.4947 38.4152 48.8542 89.484 49.4185 39.0923 102.194 102.027 93.5058 103.074 153.473 126.571 104.175
threshold=94.010000000000005 1.1724050000000001 1.1784750000000004 1.2086400000000002 1.1948050000000003 1.1642250000000003 6.5250000000000012 1.1898600000000001 7.5050000000000008 1.1808150000000002 171096.96000000005 0.73505000000000009 0.033685000000000007 0.039599500000000003
decision_type=2 2 2 2 2 2 2 2 2 2 2 2 2 2
left_child=2 -2 3 4 5 6 7 9 -8 10 13 -12 -13 -1
right_child=1 -3 -4 -5 -6 -7 8 -9 -10 -11 11 12 -14 -15
leaf_value=-0.0036406902566289566 -0.018496466967744304 0.0027049550905102722 -0.0075460833666043895 0.011233922109770131 -0.014329040062381936 0.0081609723690165264 -0.0097565668806767602 -0.014549405838435895 -3.0527798674752243e-05 0.017602510184567356 0.015283975182402215 0.0083765037904739593 -0.011709499937872979 0.0044782560539632357
leaf_weight=3352.9820568338037 325.76492530852556 337.56436909735203 583.17100447416306 357.01780177652836 382.28436489403248 694.8431751281023 992.18364990875125 324.05656462907791 43193.732263747603 356.70031967759132 1112.5991435740143 648.61785252578557 498.26013772375882 2468.1758598908782
leaf_count=11050 1622 751 1932 744 1224 1703 3502 865 138960 674 3739 2960 2542 5535
internal_value=1.1379e-05 -0.0076742 0.000104815 0.000187549 0.000113788 0.00021754 0.000112578 0.00194348 -0.000249818 0.00258213 0.00191328 0.00735051 -0.000326307 -0.00019292
internal_weight=55628 663.329 54964.6 54381.5 54024.4 53642.2 52947.3 8761.39 44185.9 8437.34 8080.64 2259.48 1146.88 5821.16
internal_count=177803 2373 175430 173498 172754 171530 169827 27365 142462 26500 25826 9241 5502 16585
is_linear=0
shrinkage=0.03


Tree=298
num_leaves=15
num_cat=0
split_feature=76 76 88 90 43 19 89 35 19 68 68 19 74 64
split_gain=43.5687 93.2649 81.1596 106.985 43.7885 42.3588 145.968 91.342 77.517 217.361 189.99 139.54 135.71 70.0329
threshold=1.9150000000000003 3.1500000000000008 -0.0008743449999999999 1.9825195000000002 -0.030101999999999997 349495.61500000005 0.0064210000000000005 1.0911850000000003 -397054.64999999997 1.1537250000000003 1.0878350000000003 -522218.74499999994 -0.010551 1.1017850000000002
decision_type=2 2 2 2 2 2 2 2 2 2 2 2 2 2
left_child=2 4 -1 -4 -2 8 -7 -8 11 10 -10 -3 -13 -12
right_child=1 5 3 -5 -6 6 7 -9 9 -11 13 12 -14 -15
leaf_value=0.0038228784392841126 0.018951091046995105 -0.00010437718703791595 -0.00089268089960612773 -0.032781088565927347 0.0031099975632847029 0.024984600018284446 0.01149281977486794 -0.012856078265264945 0.0076898405580037212 0.021663798381015766 -0.024752132244711914 9.1220718364939146e-05 0.02069854297799411 -0.0099802916994653143
leaf_weight=313.90036119893193 337.76257451996207 50435.3554817494 194.26143443211913 187.61955503188074 303.35814406722784 266.61511691659689 249.43838657438755 308.71710060164332 414.54663616046309 222.46400438249111 477.94719053059816 577.37138606980443 577.99679575115442 762.34391929209232
leaf_count=1475 1104 155152 720 1401 1113 621 1078 1613 1838 586 2674 2281 1492 4383
internal_value=5.73702e-05 0.000152456 -0.00739634 -0.0166826 0.0115188 1.74735e-05 0.00676066 -0.00191987 -8.61068e-05 -0.00607293 -0.0098306 0.000131276 0.0104354 -0.0157122
internal_weight=55629.7 54933.9 695.781 381.881 641.121 54292.8 824.771 558.155 53468 1877.3 1654.84 51590.7 1155.37 1240.29
internal_count=177531 173935 3596 2121 2217 171718 3312 2691 168406 9481 8895 158925 3773 7057
is_linear=0
shrinkage=0.03


Tree=299
num_leaves=15
num_cat=0
split_feature=65 69 91 41 86 5 62 73 84 70 87 66 71 76
split_gain=41.5235 42.9393 80.2848 41.4854 108.687 92.6143 105.937 80.2427 112.87 84.0418 63.2087 61.3805 98.7398 78.2797
threshold=1.2070350000000001 1.2046600000000003 -0.0014478899999999999 35.395000000000003 2.7850000000000006 1.0842050000000001 0.00018497500000000001 -0.00055218499999999985 72.930000000000021 74.655000000000015 164.49500000000003 1.0692950000000001 0.018773000000000001 33.455000000000005
decision_type=2 2 2 2 2 2 2 2 2 2 2 2 2 2
left_child=1 3 -3 4 -1 10 7 -7 9 11 -6 -9 13 -13
right_child=-2 2 -4 -5 5 6 -8 8 -10 -11 -12 12 -14 -15
leaf_value=-0.020916528158552404 0.0065016692624374119 0.0021351542390658507 -0.016947238482250351 0.00021130533293685241 -0.027631224406546931 0.0097527022589352762 0.016494536679523331 -0.022602912950739185 0.010129569474037389 0.0077583755907518794 -0.0045716576663152979 0.0012688823476900471 0.0078676138225950328 -0.015664495593354068
leaf_weight=281.18135040812194 862.99372632801533 406.79930766671896 381.60878733545542 49929.868126517162 188.01186056621373 467.96718541160226 320.71652337163687 262.17426650971174 433.48625205084682 307.04320075362921 256.46586215682328 340.54048886522651 321.4482387304306 851.47190235555172
leaf_count=1505 1981 919 1181 157501 1447 1552 922 797 1451 784 1344 1361 723 4362
internal_value=-2.31557e-05 -0.00012667 -0.00707296 -2.44936e-05 -0.00295234 -0.00159189 0.00012994 -0.00162372 -0.0037545 -0.00666219 -0.0144332 -0.00917565 -0.00681647 -0.0108047
internal_weight=55611.8 54748.8 788.408 53960.4 4030.51 3749.33 3304.85 2984.13 2516.16 2082.68 444.478 1775.63 1513.46 1192.01
internal_count=177830 175849 2100 173749 16248 14743 11952 11030 9478 8027 2791 7243 6446 5723
is_linear=0
shrinkage=0.03


Tree=300
num_leaves=15
num_cat=0
split_feature=55 84 84 48 31 70 48 48 70 64 12 10 85 6
split_gain=45.1256 39.5003 136.56 125.059 114.304 97.6229 84.4028 80.2961 120.431 133.312 120.606 103.292 107.847 102.875
threshold=96.645000000000024 42.090000000000011 49.390000000000008 -711570.97499999986 0.00025850000000000005 41.475000000000001 -4962296.6799999988 2087331.0000000002 59.895000000000003 1.0579050000000001 47.715000000000011 1.1292150000000001 39.175000000000004 1.0967550000000001
decision_type=2 2 2 2 2 2 2 2 2 2 2 2 2 2
left_child=1 7 3 4 6 -5 -3 -1 9 10 -9 12 -11 -14
right_child=-2 2 -4 5 -6 -7 -8 8 -10 11 -12 -13 13 -15
leaf_value=0.001468598386909257 -0.0079422712177035382 -0.016108100153429464 0.0002119396872597314 0.010720930209803439 -0.018262529129238786 -0.0045309481671891036 -0.0019355641684318443 -0.03352953869864423 -0.020078126290418743 -0.011961205730319686 0.0042795526361019132 0.020598096352808137 -0.0019862511181574635 0.021538126382792514
leaf_weight=23233.240593824536 636.34659894742072 495.235017105937 25020.112415026873 614.47205647267401 863.21944080665708 974.38362904265523 1619.4199212491512 194.74794335477054 372.7559577524662 485.20547614060342 121.60464174300432 237.05778151005507 471.89578945562243 256.44832496345043
leaf_count=66199 2195 1331 80006 3020 3177 3968 3861 1946 2657 3447 685 992 2766 1386
internal_value=-5.04079e-06 8.64566e-05 -0.000657725 -0.005428 -0.00905465 0.00135171 -0.00527488 0.000955405 -0.00460097 -0.00130945 -0.0189337 0.00252382 -0.000996204 0.00627367
internal_weight=55596.1 54959.8 29586.8 4566.73 2977.87 1588.86 2114.65 25373 2139.72 1766.96 316.353 1450.61 1213.55 728.344
internal_count=177636 175441 95363 15357 8369 6988 5192 80078 13879 11222 2631 8591 7599 4152
is_linear=0
shrinkage=0.03


Tree=301
num_leaves=15
num_cat=0
split_feature=78 78 89 87 75 89 50 87 90 5 76 19 14 60
split_gain=34.9537 110.925 102.587 98.987 73.3228 124.964 93.6078 81.3432 71.9737 71.3931 124.392 82.3234 70.9358 64.5079
threshold=-1.3936499999999998 -0.90604999999999991 0.0922795 32.841500000000003 4.1571000000000007 0.036338500000000003 14226.287439500002 -39.790499999999987 0.084330500000000017 1.1708750000000003 34.475000000000001 -5320367.4899999993 0.025374000000000004 0.0261195
decision_type=2 2 2 2 2 2 2 2 2 2 2 2 2 2
left_child=2 3 9 4 6 -6 -2 -8 -3 10 -1 -11 -5 -12
right_child=1 8 -4 12 5 -7 7 -9 -10 11 13 -13 -14 -15
leaf_value=0.012753428802029168 -0.020009790021129289 0.011058063848697225 0.013458461951421721 -0.0075728919362452688 0.014638927754035446 -0.0048986531430130148 -0.014131990757944246 0.0014804676869753755 4.9817530630552872e-05 -0.012069543940957184 -0.011287231575380263 0.0047642708377470099 -0.02603345910101907 0.0055081454970101083
leaf_weight=801.27901587076485 364.00535507500172 539.68153516948223 667.38692933320999 520.93570400774479 497.8321266695857 716.01431994140148 419.36323851160705 1042.4217045716941 47732.50050336495 675.44566303491592 460.71203294768929 422.34525892138481 298.89898538030684 367.88324597477913
leaf_count=1920 1199 1105 1308 1705 1092 1739 1528 3029 156486 1752 1612 922 1059 1027
internal_value=-2.43559e-05 -0.000216997 0.00292405 -0.00511065 -0.00260128 0.00309501 -0.0064044 -0.00298459 0.000173737 0.000331576 0.0043242 -0.00556745 -0.0143634 -0.00379654
internal_weight=55526.7 52131.7 3395.05 3859.47 3039.64 1213.85 1825.79 1461.78 48272.2 2727.67 1629.87 1097.79 819.835 828.595
internal_count=177483 168942 8541 11351 8587 2831 5756 4557 157591 7233 4559 2674 2764 2639
is_linear=0
shrinkage=0.03


Tree=302
num_leaves=15
num_cat=0
split_feature=65 67 8 19 87 48 88 39 61 71 63 19 60 75
split_gain=40.5842 40.0317 85.8552 94.917 95.2202 195.965 93.8268 88.3799 78.6272 78.5907 77.1295 81.7738 75.655 62.5692
threshold=1.2070350000000001 1.0377550000000002 1.2113250000000002 -4908055.2999999998 26.501000000000001 -4748942.2999999989 0.14365021500000003 1.1625350000000003 1.2697965000000002 0.04575400000000001 1.0181250000000002 -6197179.9799999995 0.021765500000000004 21.901150000000005
decision_type=2 2 2 2 2 2 2 2 2 2 2 2 2 2
left_child=1 2 3 4 7 -6 -7 8 -1 -10 11 -3 -8 -12
right_child=-2 10 -4 -5 5 6 12 -9 9 -11 13 -13 -14 -15
leaf_value=-0.0069990766866288995 0.0065272583534180242 0.0018892072310744976 -0.010217003278619264 0.015270719593798911 0.012936873495061722 0.0016846827966596068 -0.024403862392700686 0.017598408409461992 -0.0016341835660903233 0.010963090960953834 -0.00030445432174538983 -0.023678406000692858 -0.007135054587887474 0.0096650938702156561
leaf_weight=524.78173055499792 864.20304235070944 195.4284709841013 451.415298178792 542.8398772329092 515.99674296379089 524.05215146392584 383.00061881542206 460.38612742722034 719.30341980606318 1154.0382125675678 47924.050102023408 257.79002081975341 583.83355498313904 572.23159192502499
leaf_count=1370 1992 1032 1154 1699 1016 1308 1115 860 1759 2327 158158 1338 1438 1199
internal_value=8.04125e-05 -2.0808e-05 0.00232172 0.00337555 0.00203936 -0.00295886 -0.00848548 0.00555877 0.00322855 0.00611184 -0.000301882 -0.0126077 -0.014025 -0.000186003
internal_weight=55673.4 54809.1 5859.65 5408.23 4865.39 2006.88 1490.89 2858.51 2398.12 1873.34 48949.5 453.218 966.834 48496.3
internal_count=177765 175773 14046 12892 11193 4877 3861 6316 5456 4086 161727 2370 2553 159357
is_linear=0
shrinkage=0.03


Tree=303
num_leaves=15
num_cat=0
split_feature=55 32 47 19 53 47 48 35 50 91 82 82 64 48
split_gain=38.9507 77.1894 61.7369 51.7129 88.8227 60.2576 43.9003 116.816 118.441 133.759 103.401 124.512 118.84 102.412
threshold=15.225000000000003 0.53743750000000012 15.405000000000003 -4391144.1399999997 1.0000000180025095e-35 2.6350000000000002 171096.96000000005 1.1642050000000002 1130886.1049310004 -0.0016898449999999997 0.0071750000000000008 0.013250000000000001 1.0892550000000003 308108.46500000003
decision_type=2 2 2 2 2 2 2 2 2 2 2 2 2 2
left_child=1 2 -1 -3 5 -5 -2 8 9 -8 12 -12 -10 -11
right_child=6 3 -4 4 -6 -7 7 -9 10 13 11 -13 -14 -15
leaf_value=-0.0082624468934750523 -9.7968899142758733e-06 -0.0062011404112183779 0.00397990806199455 -0.0084959161908507788 -0.0081725034611980756 0.0074506063618718435 0.016169515025532846 0.01935637655900552 -0.015646583827695262 0.0079883034191483848 0.028394955541101555 0.007360915442835899 0.011594159791014627 -0.0022651634359144284
leaf_weight=432.21378793939948 35958.144542407244 3289.0698090661317 2529.3612502105534 261.33435714431107 800.75690003111959 1112.2206601724029 430.27441199496388 342.98996983468533 327.63408533856273 1000.1916016452014 302.18235965073109 1603.4292462654412 254.84653150290251 7014.1032288782299
leaf_count=1480 99490 10188 5983 1503 3770 4361 1567 762 2523 3116 862 6374 986 34606
internal_value=0.000165872 -0.00171232 0.00218094 -0.00382827 -0.000223859 0.0043908 0.000501544 0.00213473 0.00158997 -0.000101714 0.00734133 0.0107253 -0.00367737 -0.000980941
internal_weight=55658.8 8424.96 2961.58 5463.38 2174.31 1373.56 47233.8 11275.7 10932.7 8444.57 2488.09 1905.61 582.481 8014.29
internal_count=177571 27285 7463 19822 9634 5864 150286 50796 50034 39289 10745 7236 3509 37722
is_linear=0
shrinkage=0.03


Tree=304
num_leaves=15
num_cat=0
split_feature=72 41 19 71 79 79 71 71 14 32 75 19 61 70
split_gain=42.1187 135.102 111.732 116.793 83.8449 101.772 100.386 111.881 96.254 83.1873 83.0699 108.651 255.749 144.19
threshold=0.16908050000000002 70.395000000000024 349495.61500000005 0.049386000000000006 958182.13979250018 2108566.6389310001 0.026411000000000004 0.012581000000000002 0.15843250000000003 0.52293300000000009 -0.13249999999999998 -397054.64999999997 0.58650200000000019 37.185000000000009
decision_type=2 2 2 2 2 2 2 2 2 2 2 2 2 2
left_child=10 2 3 -2 6 -6 7 9 -8 -3 11 -1 -13 -14
right_child=1 4 -4 -5 5 -7 8 -9 -10 -11 -12 12 13 -15
leaf_value=0.0021320782581802471 -0.0012868311364886966 0.010798687085096204 0.014782415352830043 0.013261971408099916 -0.013751190649925376 0.0072470499829924637 -0.004034103149066842 0.011385629737108714 0.010659785601846217 -0.005981302693052244 -0.0021883737290237584 0.02592441892647715 -0.018171839813300013 0.0033543647615013293
leaf_weight=10400.52072795108 18120.178040457889 423.42197246104479 417.6381329074502 509.32614517211914 471.01255904883146 368.20932030305266 1435.0293962210417 2933.3833652734756 555.75737343728542 710.48495704680681 17838.728982286528 188.69546781480312 881.54536170884967 406.67740391567349
leaf_count=42091 54334 863 1176 995 1395 934 3433 6084 1126 1858 55607 633 5684 1808
internal_value=-0.000122053 0.000760507 -0.000540865 -0.00088677 0.0043582 -0.00450483 0.00559148 0.00829277 5.61423e-05 0.000262218 -0.000893604 0.00104851 -0.00655803 -0.0113557
internal_weight=55660.6 25944.4 19047.1 18629.5 6897.3 839.222 6058.08 4067.29 1990.79 1133.91 29716.2 11877.4 1476.92 1288.22
internal_count=178021 72198 56505 55329 15693 2329 13364 8805 4559 2721 105823 50216 8125 7492
is_linear=0
shrinkage=0.03


Tree=305
num_leaves=15
num_cat=0
split_feature=77 77 50 39 19 48 7 62 48 19 79 64 71 77
split_gain=35.2371 177.767 132.942 130.544 266.727 278.519 197.571 196.852 162.97 133.866 117.747 108.707 91.4079 171.83
threshold=-4693568.1549999993 -3680539.9949999996 2818113.3935415004 1.1211150000000003 -2762962.8749999995 -2268891.8999999999 1.1818050000000002 -3.2684999999999996e-05 -2714898.48 -2385336.4849999999 944701.94784100016 1.1027650000000002 0.0020825000000000006 -757045.46999999986
decision_type=2 2 2 2 2 2 2 2 2 2 2 2 2 2
left_child=-1 3 12 7 5 8 -7 -2 -5 -9 -4 -10 13 -3
right_child=1 2 10 4 -6 6 -8 9 11 -11 -12 -13 -14 -15
leaf_value=0.0015731741755706957 0.013295156046468172 0.02173409422684533 -0.0044947212609687615 -0.00051292563958829857 -0.025707661646367175 0.026911447834991872 -0.00073113664629250623 -0.03335308348066035 -0.026879437389876127 -0.0038339630025431416 0.012899695309773576 -0.0044396754506979552 -0.00034053056918256026 0.0013541615619225805
leaf_weight=12261.655338518322 155.61046809703112 485.77592055872083 470.83817908912897 1629.6140588968992 429.91461303830147 472.52086415141821 453.43317320942879 443.51487820409238 447.10842804610729 204.61079723387957 1336.9048479367048 350.24601063132286 34985.933527871966 1600.512331109494
leaf_count=45903 880 1917 1476 3776 2737 1010 1090 3560 1429 813 3946 897 101782 6552
internal_value=0.000152588 -0.000247488 0.000410792 -0.00583309 -0.0034879 -0.000623099 0.0133565 -0.0168156 -0.00597236 -0.0241005 0.00835264 -0.017078 2.25019e-05 0.00612198
internal_weight=55728.2 43466.5 38880 4586.57 3782.84 3352.92 925.954 803.736 2426.97 648.126 1807.74 797.354 37072.2 2086.29
internal_count=177768 131865 115673 16192 10939 8202 2100 5253 6102 4373 5422 2326 110251 8469
is_linear=0
shrinkage=0.03


Tree=306
num_leaves=15
num_cat=0
split_feature=50 83 19 90 19 42 10 83 83 50 73 76 72 19
split_gain=43.9052 45.5856 92.3787 193.431 110.727 174.692 263.698 84.4025 79.8447 91.2257 77.658 75.9408 67.7782 109.492
threshold=20854765.356050503 4.7543585000000013 38254.975000000013 0.91679700000000008 -522218.74499999994 0.0018705000000000002 1.0947550000000001 4.256834500000001 7.2197695000000008 7779054.2748160008 -0.0030332549999999995 33.435000000000009 -0.29744349999999992 -696007.60499999986
decision_type=2 2 2 2 2 2 2 2 2 2 2 2 2 2
left_child=1 2 4 -4 7 -6 -7 10 9 12 -1 -9 13 -3
right_child=-2 8 3 -5 5 6 -8 11 -10 -11 -12 -13 -14 -15
leaf_value=-0.014249258021316782 0.0078247058196884624 -0.0008231936167836315 0.018510781376443734 -0.015257732364300405 0.023298874259865092 0.01219575825578087 -0.019945123969884241 -0.0056293189001009273 0.0017266773785826442 -0.015982755408624174 0.00012790693013121682 0.0095202511140097552 -0.0017630629234893288 -0.02762640035783177
leaf_weight=340.01800850778818 646.28890635818243 312.69390337541699 187.57746203988791 789.96580951288342 488.50568030029535 691.3978942707181 342.62374658882618 367.964843865484 3620.6113996803761 511.5353536978364 39886.55371735245 1502.8197554126382 5501.0338028147817 246.83851927891374
leaf_count=2249 1368 1269 744 4653 1482 1955 1616 1088 10014 1453 124977 4685 17913 1735
internal_value=5.70244e-05 -3.41945e-05 0.000378945 -0.00873505 0.000584078 0.00852996 0.00150789 0.000295792 -0.00184466 -0.00381666 5.28595e-06 0.00652304 -0.00278237 -0.0127292
internal_weight=55436.4 54790.1 44597.4 977.543 43619.9 1522.53 1034.02 42097.4 10192.7 6572.1 40226.6 1870.78 6060.57 559.532
internal_count=177201 175833 143449 5397 138052 5053 3571 132999 32384 22370 127226 5773 20917 3004
is_linear=0
shrinkage=0.03


Tree=307
num_leaves=15
num_cat=0
split_feature=55 45 83 74 50 74 48 38 84 84 77 10 68 82
split_gain=38.1261 47.1835 35.309 86.7738 143.703 100.534 91.5698 238.778 107.054 98.3809 103.489 94.3346 90.1176 88.5533
threshold=94.295000000000016 -0.0025194999999999996 5.7490990000000011 -0.031736499999999994 2529847.4281330002 -0.015749999999999997 -2811267.1599999997 1.1765850000000002 15.015000000000002 55.905000000000008 -3963823.6899999995 1.1944850000000002 1.0668750000000002 0.16419500000000004
decision_type=2 2 2 2 2 2 2 2 2 2 2 2 2 2
left_child=2 -2 -1 4 -4 -5 8 9 -7 10 13 12 -10 -8
right_child=1 -3 3 5 -6 6 7 -9 11 -11 -12 -13 -14 -15
leaf_value=0.00051069484714999123 -0.015521019398832126 -0.0017819163926753349 -0.020723235255991953 0.013435186398394673 0.012204669038679564 0.012546461856024659 -0.02775833590784171 -0.027720131873333158 -0.0028986237352181124 0.0044825188241523553 -0.00068524508339580059 -0.0070510235435140029 0.010521942010178193 -0.0056456908336240405
leaf_weight=46517.82954194583 298.08723140880466 936.21598832681775 468.44843903183937 423.15195772796869 157.94193606078625 656.36357516050339 312.65694285929203 378.37394326925278 920.92692124843597 1125.8928297422826 951.49786237999797 1270.0089651942253 874.93820612132549 349.38333824276924
leaf_count=149981 1493 2674 3527 1520 537 1315 1274 1193 2190 3184 3000 3127 1869 853
internal_value=7.65986e-05 -0.00513411 0.000195454 -0.00165927 -0.0123666 -0.000730148 -0.00161269 -0.00540669 0.00155776 -0.00230479 -0.00705926 -0.000788315 0.00362534 -0.01616
internal_weight=55641.7 1234.3 54407.4 7889.58 626.39 7263.19 6840.04 3117.8 3722.24 2739.43 1613.54 3065.87 1795.87 662.04
internal_count=177737 4167 173570 23589 4064 19525 18005 9504 8501 8311 5127 7186 4059 2127
is_linear=0
shrinkage=0.03


Tree=308
num_leaves=15
num_cat=0
split_feature=86 17 63 86 74 68 83 34 31 6 70 65 87 37
split_gain=40.2416 79.5263 75.8772 71.899 82.9344 72.5844 125.639 145.258 118.501 73.103 88.9863 65.8271 90.5438 90.7631
threshold=23.665000000000003 0.68325000000000014 0.99941000000000002 24.395000000000003 0.043272000000000005 1.1476350000000002 2.6103015000000007 1.1029450000000003 0.00030050000000000004 1.1807550000000002 58.645000000000003 1.0172450000000002 -48.306999999999995 1.1422750000000002
decision_type=2 2 2 2 2 2 2 2 2 2 2 2 2 2
left_child=1 2 -1 4 -2 11 9 -8 -9 -7 -11 -5 13 -13
right_child=3 -3 -4 5 -6 6 7 8 -10 10 -12 12 -14 -15
leaf_value=-0.015679782694833069 -0.00013694495627222952 0.0098122895288987409 -0.00085544918736391506 0.0083827765594738229 0.019884626010112615 0.020460848329129023 0.014697662908890125 0.00098307967235130266 -0.021430791731932776 -0.0030495574185679486 0.014261058141882166 -0.011313094330423264 0.00033073406963282295 0.0013908940611449779
leaf_weight=313.57034578919411 361.20437143743038 621.76869560778141 27624.36452242732 818.37750335410237 376.91330504417419 485.89744303375483 330.90634486824274 489.5443822145462 370.51302433013916 487.31958471238613 583.85950000584126 1256.7842777501792 20606.821107653901 840.18202076852322
leaf_count=1587 1352 2271 88577 2647 718 1013 1191 1155 1447 1161 1142 4909 66524 1944
internal_value=-5.60491e-07 -0.000786175 -0.00102346 0.000829068 0.0100594 0.000568207 0.00518092 -0.00213205 -0.00865166 0.0107914 0.00636233 2.78419e-05 -0.000272354 -0.00621051
internal_weight=55568 28559.7 27937.9 27008.3 738.118 26270.2 2748.04 1190.96 860.057 1557.08 1071.18 23522.2 22703.8 2096.97
internal_count=177638 92435 90164 85203 2070 83133 7109 3793 2602 3316 2303 76024 73377 6853
is_linear=0
shrinkage=0.03


Tree=309
num_leaves=15
num_cat=0
split_feature=70 6 11 64 13 72 48 70 87 72 19 39 64 85
split_gain=37.1633 118.461 117.356 105.527 209.582 158.602 110.557 90.2285 123.634 108.978 89.6174 63.3695 58.4576 58.0459
threshold=71.990000000000023 1.1226050000000003 1.1107450000000003 1.0781050000000001 0.00033950000000000007 0.84213700000000014 -4157721.4049999998 87.455000000000013 351.92600000000004 0.64982000000000018 -5084374.0899999989 1.0995750000000002 1.0416050000000003 23.815000000000001
decision_type=2 2 2 2 2 2 2 2 2 2 2 2 2 2
left_child=-1 2 -2 7 10 6 -6 8 9 13 -5 -9 -13 -3
right_child=1 3 -4 4 5 -7 -8 11 -10 -11 -12 12 -14 -15
leaf_value=-0.0002629388982662203 0.0024069365735339913 -0.0023818073149380497 0.026250215019465836 0.0088751760589925524 0.0043864571737801915 -0.029214788672340723 -0.014975144618297943 -0.011409585297438742 -0.004970247549070583 0.016970214520936364 -0.006128165467297499 0.0081152476321716648 -0.0061609275654301836 0.0096925373308047215
leaf_weight=47158.72957165353 414.17100586742163 651.64020077139139 340.8723356500268 1067.8873627632856 486.4504356533289 358.4546786621213 577.52936425805092 478.21275548636913 661.69503447413445 1044.7229248136282 535.81746588647366 579.6953019797802 462.10310639441013 785.74306426942348
leaf_count=156834 1612 1559 906 2209 1061 1161 2230 1232 1617 1991 1354 1214 1162 1630
internal_value=6.47184e-05 0.0018978 0.0132314 0.000779522 -0.00357761 -0.0119618 -0.00609906 0.00361326 0.00651661 0.0095917 0.00384299 -0.00237229 0.00175426 0.00419991
internal_weight=55603.7 8445 755.043 7689.95 3026.14 1422.43 1063.98 4663.81 3143.8 2482.11 1603.7 1520.01 1041.8 1437.38
internal_count=177772 20938 2518 18420 8015 4452 3291 10405 6797 5180 3563 3608 2376 3189
is_linear=0
shrinkage=0.03


Tree=310
num_leaves=15
num_cat=0
split_feature=89 77 77 64 48 48 39 75 46 38 77 47 72 44
split_gain=38.0879 39.3548 185.506 119.839 112.778 282.754 286.482 185.688 94.3109 85.0366 79.6924 78.6576 105.818 92.4689
threshold=0.10648750000000003 -4693568.1549999993 -3680539.9949999996 1.1988250000000003 -1195724.5849999997 -1613332.7799999998 1.1545450000000002 -0.13974999999999996 4.6951500000000008 1.1814650000000002 -3331259.2099999995 84.655000000000015 0.27415800000000007 0.00015387000000000004
decision_type=2 2 2 2 2 2 2 2 2 2 2 2 2 2
left_child=1 11 4 10 5 6 8 -6 -3 -8 -4 -1 13 -13
right_child=-2 2 3 -5 7 -7 9 -9 -10 -11 -12 12 -14 -15
leaf_value=0.00018626665468322761 0.01033535366017394 -0.030580840914856397 0.0091427731375246617 0.015909422101285573 0.0021591084079354661 0.019928507282643563 0.00024797858370710759 -0.029898468244730355 -0.0064905999762463725 -0.012552759172605229 -0.00015163768570009852 0.00059241205855850565 0.00044485726662618706 0.017847773054232106
leaf_weight=9522.818770153448 320.8149711638689 515.33942844718695 848.20634244941175 433.0594141036272 263.57074898481369 392.13714151829481 2176.5680366456509 416.15842424333096 209.75342887639999 592.18778935074806 37141.110840249807 418.50387008115649 1476.9400335475802 863.74527121335268
leaf_count=39257 657 2951 2564 882 1321 1399 5050 3286 598 1642 111347 1449 3613 1761
internal_value=4.43718e-05 -1.50053e-05 -0.00044344 0.000235211 -0.00615994 -0.00417535 -0.00689419 -0.0174389 -0.0236719 -0.00248258 5.53288e-05 0.00148203 0.00594154 0.0122442
internal_weight=55590.9 55270.1 42988.1 38422.4 4565.71 3885.99 3493.85 679.729 725.093 2768.76 37989.3 12282 2759.19 1282.25
internal_count=177777 177120 131040 114793 16247 11640 10241 4607 3549 6692 113911 46080 6823 3210
is_linear=0
shrinkage=0.03


Tree=311
num_leaves=15
num_cat=0
split_feature=72 60 73 70 66 45 6 11 79 75 36 73 12 3
split_gain=37.0501 101.151 85.0713 80.6011 123.749 100.601 84.7368 156.127 79.8994 114.553 108.917 104.327 89.322 76.4177
threshold=0.35656150000000003 0.041488500000000005 -0.00021472999999999997 65.545000000000016 1.1725200000000002 -0.0074834999999999997 1.2193150000000001 1.2158150000000003 322988.19970950001 0.088350000000000012 1.1819750000000002 -0.00013227499999999998 47.445000000000007 0.97996500000000009
decision_type=2 2 2 2 2 2 2 2 2 2 2 2 2 2
left_child=3 -2 -3 13 5 -5 7 8 11 -10 12 -7 -11 -1
right_child=1 2 -4 4 -6 6 -8 -9 9 10 -12 -13 -14 -15
leaf_value=-0.013448053167894387 2.8697287899497319e-05 0.017217218398645047 0.0037392299499543263 -0.016245865624473037 -0.020708460608993905 -0.00058331724673566529 0.011772761927263242 -0.021147189350660796 0.010765861908075883 0.008953250198314968 -0.017254048470401771 -0.020355858425023507 -0.0039647305463906884 0.00010888801458309879
leaf_weight=377.2077462784946 11499.922886718065 543.11523983441293 1918.6278597321361 452.20119392126799 365.65649570524693 615.41190204024315 398.24906720221043 375.5228066444397 847.4593322314322 743.5492246337235 359.29173195362091 396.40859535336494 1362.0913255736232 35282.386624954641
leaf_count=2792 31795 1913 4911 1713 1031 1477 798 1057 1858 2051 1031 1126 4275 119944
internal_value=-0.000123432 0.00121296 0.00673074 -0.000572952 -0.00381573 -0.00269387 -0.00148295 -0.00261487 -0.000994034 0.00125242 -0.00200924 -0.00837183 0.000584744 -3.40493e-05
internal_weight=55537.1 13961.7 2461.74 41575.4 5915.84 5550.19 5097.98 4699.73 4324.21 3312.39 2464.93 1011.82 2105.64 35659.6
internal_count=177772 38619 6824 139153 16417 15386 13673 12875 11818 9215 7357 2603 6326 122736
is_linear=0
shrinkage=0.03


Tree=312
num_leaves=15
num_cat=0
split_feature=90 48 50 9 64 38 91 19 85 78 75 69 67 75
split_gain=36.7266 40.8964 114.889 144.225 155.806 180.968 119.348 125.525 117.724 123.158 116.217 120.264 122.557 114.47
threshold=0.084330500000000017 171096.96000000005 1130886.1049310004 1.0403250000000002 1.0640750000000001 1.0842050000000001 -0.0016898449999999997 -6820030.3549999995 25.555000000000003 2.2060500000000007 -0.041449999999999994 1.0645250000000002 1.0529550000000001 -0.32434999999999997
decision_type=2 2 2 2 2 2 2 2 2 2 2 2 2 2
left_child=-1 -2 6 -4 -5 -6 -3 -8 9 13 11 12 -10 -9
right_child=1 2 3 4 5 -7 7 8 10 -11 -12 -13 -14 -15
leaf_value=0.0069916149623742612 -0.00058623487673665337 0.01462882670158043 -0.0097226693400117997 0.028127990582494027 -0.012353215658672367 0.010208815654623251 -0.020357212524667333 0.014239025587522276 0.0026506521063042543 -0.0060701917514729602 -0.0083133916784854205 0.0055993934193007636 -0.031616334462600128 0.0023602871668063404
leaf_weight=659.33733025193214 41746.07320966199 466.18853955715895 420.39942247234285 339.12266596406698 385.49230326712132 1835.3173594214022 288.3696698192507 954.62333023361862 197.04694558866322 1120.7377013452351 2421.5118621345609 1456.4129692669958 175.76451257430017 3136.0492019411176
leaf_count=1410 116596 1730 2720 1250 3120 5752 2912 4720 1229 5422 10364 6835 1587 12376
internal_value=-4.04849e-05 -0.000125544 0.00132942 0.0065112 0.00919164 0.00627516 -0.000179725 -0.00089225 -0.000293775 0.00272471 -0.00400127 0.00169211 -0.0134659 0.00514251
internal_weight=55602.4 54943.1 13197 2980.33 2559.93 2220.81 10216.7 9750.52 9462.15 5211.41 4250.74 1829.22 372.811 4090.67
internal_count=178023 176613 60017 12842 10122 8872 47175 45445 42533 22518 20015 9651 2816 17096
is_linear=0
shrinkage=0.03


Tree=313
num_leaves=15
num_cat=0
split_feature=49 2 13 38 75 6 36 42 4 47 32 72 49 59
split_gain=37.5697 66.6452 56.2735 80.4723 64.5697 49.5304 47.0665 83.046 52.8378 49.6001 48.0047 70.6526 46.5863 57.0377
threshold=-1.1401499999999998 1.2082150000000003 0.00016450000000000001 1.0694350000000001 0.021850000000000005 1.1724150000000002 1.1714350000000002 0.00077050000000000003 188.78500000000003 78.615000000000023 0.54652600000000018 0.14988100000000001 -0.97524999999999984 5.0635000000000012e-05
decision_type=2 2 2 2 2 2 2 2 2 2 2 2 2 2
left_child=1 6 3 -2 5 -5 7 -1 10 -10 -9 -12 13 -4
right_child=2 -3 12 4 -6 -7 -8 8 9 -11 11 -13 -14 -15
leaf_value=-0.01749640255914835 -0.0078687346876531016 -0.013894288134163978 -0.00019034151910539369 0.0064945417781263129 0.0085913958891958141 -0.0067922363075805991 0.0060892317465070659 0.00025868359045841957 -0.0011072448361177129 0.0095735556245206792 -0.017856404377483273 -0.001493791419970843 -0.00020839124216545605 0.010158851296573469
leaf_weight=311.38526893034577 454.44348636269569 420.34925884008408 1034.0342680625618 469.9815775193274 2114.1502027660608 542.40188235044479 643.68150141462684 824.1500046402216 1229.8071717955172 570.2355147190392 471.0406148545444 487.16652436926961 45009.095681948587 883.44691205397248
leaf_count=1272 1138 1106 3616 1115 4430 1333 1393 2012 5507 1474 2016 1399 146966 2669
internal_value=1.82336e-05 -0.00247299 0.00026341 0.00388786 0.00560825 -0.000594153 -0.00140549 -0.00265339 -0.00135033 0.00226311 -0.00501566 -0.00957892 -1.261e-05 0.00456505
internal_weight=55465.4 4957.82 50507.6 3580.98 3126.53 1012.38 4537.47 3893.79 3582.4 1800.04 1782.36 958.207 46926.6 1917.48
internal_count=177446 16179 161267 8016 6878 2448 15073 13680 12408 6981 5427 3415 153251 6285
is_linear=0
shrinkage=0.03


Tree=314
num_leaves=15
num_cat=0
split_feature=72 31 41 84 17 63 84 43 34 61 73 21 82 9
split_gain=41.7766 101.644 119.642 91.2249 106.141 103.796 100.937 82.5466 81.8466 79.2615 106.626 113.484 94.6381 91.8877
threshold=0.16908050000000002 9.5500000000000017e-05 70.395000000000024 55.905000000000008 0.23355000000000004 1.0181250000000002 39.225000000000001 0.2625880000000001 1.1825150000000002 1.3887625000000001 -0.00018769499999999996 136627.52754600003 0.027585000000000002 1.1329950000000002
decision_type=2 2 2 2 2 2 2 2 2 2 2 2 2 2
left_child=-1 -2 3 6 5 -5 8 -7 9 12 -11 -12 13 -3
right_child=1 2 -4 4 -6 7 -8 -9 -10 10 11 -13 -14 -15
leaf_value=-0.00076900278949603308 0.0060311272609870886 -0.011546396501611439 0.0039039397772368425 -0.012707099050899767 0.017484316636777648 0.003989746294497362 -0.0071500351972588819 -0.0041969401772562484 -0.0070592463868927868 0.0065110365852787703 -0.022363864599280792 -0.0026226235483312725 0.012097813744867132 0.0082071443172575913
leaf_weight=29642.410482941195 3042.0777388364077 415.22652756981552 5831.5739100985229 474.2880354039371 360.7342969737947 4291.0124121960253 3309.9288223832846 1490.4766229577363 1490.3236990571022 1041.9310456253588 293.41233532875776 2452.1597893424332 1013.2447491958737 429.89306648075581
leaf_count=105444 6663 2077 13431 1805 1131 12398 10690 4248 3725 3249 2135 7133 2453 1054
internal_value=0 0.000879628 0.000193576 -0.00107293 0.00168032 0.000761553 -0.00281969 0.00187366 -0.000806247 0.000839984 -0.00164375 -0.00475062 0.00591634 -0.00146494
internal_weight=55578.7 25936.3 22894.2 17062.6 6616.51 6255.78 10446.1 5781.49 7136.19 5645.87 3787.5 2745.57 1858.36 845.12
internal_count=177636 72192 65529 52098 19582 18451 32516 16646 21826 18101 12517 9268 5584 3131
is_linear=0
shrinkage=0.03


Tree=315
num_leaves=15
num_cat=0
split_feature=41 82 79 48 73 77 83 48 39 39 74 91 66 89
split_gain=39.4672 80.0127 93.7861 147.077 121.129 98.7334 130.339 73.4275 163.926 103.643 85.4017 71.9484 68.0851 58.2468
threshold=37.705000000000005 0.04500500000000001 1855248.0984135002 207734.42000000001 8.5160000000000018e-05 -258446.63999999998 1.2468845000000002 -3007746.2249999992 1.1725550000000002 1.1424550000000002 -0.050869999999999992 7.2450000000000009e-06 1.0966450000000003 0.00044500000000000003
decision_type=2 2 2 2 2 2 2 2 2 2 2 2 2 2
left_child=1 2 3 -1 -5 6 11 -3 9 10 -9 -4 -7 -2
right_child=13 7 5 4 -6 12 -8 8 -10 -11 -12 -13 -14 -15
leaf_value=-0.021204861968583542 0.010290741716677829 0.0095985650050155902 -0.0071087160655957469 0.012706014764144576 -0.014536108740996501 0.016854467580694799 -0.018840515807365735 0.0048103280851076891 -0.02002624701784057 0.015575119405212553 -0.01906178411988611 0.011235619768416935 -0.0028762901841403888 0.00014501758536539455
leaf_weight=686.72466739267111 513.67392259463668 746.48303827643394 416.06157856620848 296.50257697701454 288.94998740032315 363.27857404202223 458.5461826492101 354.87784184329212 341.77556024491787 409.49047673493624 215.12292744591832 355.45816072076559 272.73358362168074 49869.181410973892
leaf_count=4346 1179 1533 1576 1226 1240 1242 1954 1566 1007 834 1369 1194 1225 156357
internal_value=-7.17579e-06 -0.0024942 -0.00551507 -0.0117955 -0.000690034 -0.00121336 -0.006188 0.00207657 -0.00215453 0.00406494 -0.00416427 0.00130774 0.00835523 0.000249255
internal_weight=55588.9 5206.01 3138.26 1272.18 585.453 1866.08 1230.07 2067.75 1321.27 979.491 570.001 771.52 636.012 50382.9
internal_count=177848 20312 14003 6812 2466 7191 4724 6309 4776 3769 2935 2770 2467 157536
is_linear=0
shrinkage=0.03


Tree=316
num_leaves=15
num_cat=0
split_feature=62 90 70 41 44 47 70 45 85 82 32 31 64 65
split_gain=43.4728 91.3886 96.5474 80.3402 53.633 93.564 74.2039 55.883 73.0638 66.016 54.7195 52.3748 42.1825 144.625
threshold=-0.0006005199999999999 2.2708320000000004 69.465000000000018 46.585000000000008 -7.3519999999999987e-05 16.335000000000004 42.665000000000006 0.011152 12.375000000000002 0.064040000000000014 0.56661450000000013 0.00015750000000000001 1.0403600000000004 1.0575350000000003
decision_type=2 2 2 2 2 2 2 2 2 2 2 2 2 2
left_child=1 3 -3 -1 5 6 -5 8 -6 -10 -7 -9 -2 -14
right_child=12 2 -4 4 7 10 -8 11 9 -11 -12 -13 13 -15
leaf_value=-0.013970013729190373 0.0021495939805727497 0.018935289503070132 0 0.0050488539447328326 0.0051643386367297974 0.022318938022294479 -0.015614007797331983 -0.0031426439361825916 -0.026117219487755004 -0.0035990085689290461 0.0067811347312789448 0.0080733869676856002 -0.0070312975470812247 -3.9551129688297497e-05
leaf_weight=306.79743991047144 6211.7201521676034 571.08033317141235 419.81951876729727 450.36184630170465 249.95712312310934 331.34084160625935 237.71296914853156 770.44065530598164 233.96952722780406 241.51898388564587 553.43051928281784 723.64713784307241 2845.2890476174653 41414.552276907489
leaf_count=1762 15582 1766 1005 2486 839 740 1145 1827 1333 832 2174 1545 12182 132380
internal_value=0.000101577 0.00274406 0.0109174 0.000758812 0.00196163 0.00620058 -0.00205842 -0.00103018 -0.00786508 -0.0147739 0.0126524 0.00227143 -0.000164373 -0.000489849
internal_weight=55561.6 5090.08 990.9 4099.18 3792.38 1572.85 688.075 2219.53 725.446 475.489 884.771 1494.09 50471.6 44259.8
internal_count=177598 17454 2771 14683 12921 6545 3631 6376 3004 2165 2914 3372 160144 144562
is_linear=0
shrinkage=0.03


Tree=317
num_leaves=15
num_cat=0
split_feature=63 63 13 38 10 5 79 74 48 13 48 72 32 1
split_gain=38.698 56.1276 48.567 44.7542 44.1585 84.6874 72.0942 78.5714 44.8673 210.421 165.58 116.691 98.1249 121.877
threshold=1.2083400000000002 1.2046600000000003 0.00033150000000000003 1.2037550000000004 1.2183850000000003 1.2174050000000003 304166.83063250006 0.11201300000000002 -5455002.3699999992 0.00031550000000000008 -4924591.919999999 0.48293650000000005 0.51925200000000016 1.1900250000000001
decision_type=2 2 2 2 2 2 2 2 2 2 2 2 2 2
left_child=1 3 -2 4 5 8 7 -6 9 -1 11 12 -10 -14
right_child=2 -3 -4 -5 6 -7 -8 -9 10 -11 -12 -13 13 -15
leaf_value=-0.0030804823216720287 -0.00094909662896908934 -0.010529903095562513 0.011222970535024385 -0.0073182353601931819 0.014991614980217409 -0.015015239119048344 -0.0031917534831963673 0.0012679073552823372 -0.0026483978613983175 0.0086424122584278697 0.00015299605179468871 0.0068672774309863054 -0.021997157177469567 -0.0057547745055693779
leaf_weight=2892.0398914366961 564.31421831250191 465.49120300263166 607.4679550640285 756.52563709020615 731.8437228500843 342.02132737636566 796.93299095332623 781.01856651902199 1279.8394663482904 2626.6947526633739 41420.575353102759 487.21034191548824 819.08368723094463 858.26322236657143
leaf_count=6844 1320 1341 1361 1866 1413 912 1902 1776 3005 5451 144960 1029 2320 2080
internal_value=-5.10869e-05 -0.000168159 0.00533968 -7.77412e-05 2.51113e-05 -0.000159076 0.00408138 0.00793205 -5.73363e-05 0.00249426 -0.00037192 -0.00669121 -0.00893674 -0.0137125
internal_weight=55429.3 54257.5 1171.78 53792 53035.5 50725.7 2309.8 1512.86 50383.7 5518.73 44865 3444.4 2957.19 1677.35
internal_count=177580 174899 2681 173558 171692 166601 5091 3189 165689 12295 153394 8434 7405 4400
is_linear=0
shrinkage=0.03


Tree=318
num_leaves=15
num_cat=0
split_feature=63 19 67 42 63 89 70 89 74 10 77 75 35 77
split_gain=36.6601 91.0675 226.503 98.2611 145.35 160.098 160.722 144.448 136.463 134.149 159.489 132.501 120.565 105.954
threshold=1.0728550000000003 -1286027.9999999998 1.0727650000000002 0.0015545000000000001 1.0530700000000002 0.043330500000000008 57.985000000000007 0.025473500000000003 -0.020758499999999996 1.1830250000000002 -21011648.524999995 -3.2079999999999997 1.0347950000000001 -7135517.2149999989
decision_type=2 2 2 2 2 2 2 2 2 2 2 2 2 2
left_child=1 3 -3 9 8 7 12 -6 11 10 -1 -5 -7 -10
right_child=-2 2 -4 4 5 6 -8 -9 13 -11 -12 -13 -14 -15
leaf_value=-0.021045666500040878 -0.00043963539437693401 -0.030680131895277282 0.0095375520928489364 -0.0020860805771473101 0.0045356408441811586 -0.00076653062538905496 0.00571617000043796 0.018304875948099181 0.0096494670693964679 -0.020222934016831815 0.0013598838688570543 -0.030334309993046715 -0.024662264701852128 -0.00050787185486508607
leaf_weight=316.05077357962728 38586.034442005679 260.90505924448371 240.67061260715127 377.07479728758335 1350.0354402959347 507.68852284923196 2288.6956061273813 1409.5247246995568 1114.9200758561492 356.45708930492401 2901.9366743788123 249.51136948540807 305.4101799018681 5357.001927241683
leaf_count=1937 121908 2556 1034 2215 6004 2989 4953 3591 4265 1018 8801 2087 1074 13505
internal_value=7.15474e-05 0.00123109 -0.0113422 0.00161498 0.00283067 0.00632662 0.00163775 0.0115836 -5.22471e-05 -0.00278391 -0.000837185 -0.013413 -0.00979819 0.00123852
internal_weight=55621.9 17035.9 501.576 16534.3 12959.9 5861.35 3101.79 2759.56 7098.51 3574.44 3217.99 626.586 813.099 6471.92
internal_count=177937 56029 3590 52439 40683 18611 9016 9595 22072 11756 10738 4302 4063 17770
is_linear=0
shrinkage=0.03


Tree=319
num_leaves=15
num_cat=0
split_feature=49 67 85 13 46 47 44 32 87 88 88 49 49 91
split_gain=36.2476 66.7311 60.5949 80.7795 47.7358 66.1645 62.9793 55.5293 51.6314 46.0017 84.7383 99.0577 82.1373 93.5766
threshold=-1.1592499999999999 1.1359250000000003 43.410000000000004 0.00018850000000000003 -0.10404999999999999 88.895000000000024 2.1375000000000001e-05 0.55918550000000011 11.647500000000003 1.0000000180025095e-35 -7.1994999999999991e-05 -0.23054999999999998 0.011550000000000001 -0.0029201649999999993
decision_type=2 2 2 2 2 2 2 2 2 2 2 2 2 2
left_child=1 2 3 -1 -5 6 7 -6 -9 10 11 -2 -13 -14
right_child=9 -3 -4 4 5 -7 -8 8 -10 -11 -12 12 13 -15
leaf_value=-0.01230894346715348 -0.0018597033803330178 -0.012106075487346258 0.0051769516275696516 0.0081420149052840642 0.007111000142445918 0.0058854498559128884 -0.014553469787646895 0.0031424754136474332 -0.015554876093201882 -0.00027035106704829807 0.0097209186585398011 0.0079840435296382808 0.018789726000471484 0.0010462651254245494
leaf_weight=672.5942301005125 6555.2509213034064 550.74791247397661 1064.554454497993 457.81581353582442 395.27209384739399 587.33944048732519 506.33670382015407 226.11888960376382 312.8828350417316 31238.861910361797 1087.4649292826653 2186.7648387216032 274.54950594156981 9531.3680118247867
leaf_count=1779 25849 1547 3358 1855 996 1435 2213 932 1465 88486 2901 7641 567 36761
internal_value=0.000208992 -0.00228925 -0.000999285 -0.00309152 -0.000581472 -0.00256865 -0.00603791 -0.00138013 -0.00766422 0.000444038 0.00158208 0.00110278 0.00272461 0.00154798
internal_weight=55647.9 4773.66 4222.91 3158.36 2485.77 2027.95 1440.61 934.274 539.002 50874.3 19635.4 18547.9 11992.7 9805.92
internal_count=177785 15580 14033 10675 8896 7041 5606 3393 2397 162205 73719 70818 44969 37328
is_linear=0
shrinkage=0.03


Tree=320
num_leaves=15
num_cat=0
split_feature=10 63 39 88 10 48 90 45 77 12 47 68 64 62
split_gain=43.2409 100.512 98.5656 100.612 62.5214 51.7423 146.589 126.333 124.433 118.546 108.006 109.593 157.248 242.587
threshold=1.0206850000000003 0.98369000000000006 1.024545 -0.092469819999999994 1.0262350000000002 1755733.1100000001 1.8474125000000001 -0.018475999999999996 -3097230.8649999998 45.225000000000001 3.3650000000000007 1.0959750000000004 1.0851550000000001 -6.2749999999999992e-06
decision_type=2 2 2 2 2 2 2 2 2 2 2 2 2 2
left_child=1 -1 3 -3 -2 -6 7 9 -8 -7 -9 12 -12 -14
right_child=4 2 -4 -5 5 6 8 10 -10 -11 11 -13 13 -15
leaf_value=0.014833943383436212 0.013014904355508656 -0.0032438551985624437 0.010622618472826717 -0.030032953204133746 0.00035180415064361731 0.011941030572920243 -0.0039807294733695958 -0.012417187175065502 -0.025806742214819541 -0.0092021249659241851 -0.0058253394991403026 -0.018170139562398293 -0.011840396569632535 0.020412678149790361
leaf_weight=152.96594422310591 335.24492498859763 232.37447133101523 134.33412173017859 283.13196313008666 48788.72849393636 1060.0282602272928 556.85379462689161 914.7460536044091 411.45704809576273 305.51676436886191 1079.5940956119448 270.99545987322927 298.36877286061645 695.45339377596974
leaf_count=531 1414 1888 875 2271 136132 4877 3143 6497 4130 2395 6807 2241 1667 2698
internal_value=1.62091e-05 -0.00689075 -0.0120656 -0.018045 0.00011822 3.79271e-05 -0.00269428 -0.000464149 -0.0133031 0.00718539 -0.00367963 -0.000253767 0.00208107 0.0106972
internal_weight=55519.8 802.807 649.841 515.506 54717 54381.7 5593.01 4624.7 968.311 1365.55 3259.16 2344.41 2073.42 993.822
internal_count=177566 5565 5034 4159 172001 170587 34455 27182 7273 7272 19910 13413 11172 4365
is_linear=0
shrinkage=0.03


Tree=321
num_leaves=15
num_cat=0
split_feature=77 77 19 91 6 44 63 21 91 35 91 74 3 48
split_gain=36.8053 101.779 153.62 88.2067 74.7177 43.1937 78.7503 134.376 102.728 96.8252 90.4629 89.7533 134.445 132.131
threshold=-37458211.944999993 -34981458.119999997 -550439.11499999987 5.1450000000000007e-06 1.0684750000000003 4.7150000000000006e-06 1.0728550000000003 116516.20650800002 -0.0016300749999999997 1.1202050000000001 -0.0013625249999999996 -0.038954999999999997 1.0233450000000002 745534.49000000011
decision_type=2 2 2 2 2 2 2 2 2 2 2 2 2 2
left_child=3 2 4 -1 -2 -3 8 9 -7 -8 -10 13 -13 -12
right_child=1 5 -4 -5 -6 6 7 -9 10 -11 11 12 -14 -15
leaf_value=0.020463140161176632 -0.034579794642340643 0.0011112347754375215 0.0074213678127001579 -0.0038854806965243844 -0.0091118669320712619 -0.0052434639920429984 -0.014156438559264607 -0.00078243131609776785 0.015667350581606308 -0.0011973849724358485 -0.0064669481968430064 -0.015878434178751493 0.0022888413417583185 0.020399882816389714
leaf_weight=259.4557743743062 220.63006482645869 24690.195583848283 240.7474807575345 271.63708914443851 204.09795231372118 1555.8624405525625 1240.4072697721422 18560.619730304927 491.10867220163345 901.14767891541123 236.73298454284668 390.17948452755809 5785.7985495142639 527.21325707063079
leaf_count=1031 1607 82258 1004 1097 1636 4338 8579 50203 1111 3910 1493 2574 15130 1887
internal_value=0.000116788 4.03349e-05 -0.0116113 0.00796932 -0.0224621 0.000183686 -0.000586688 -0.00160542 0.00175664 -0.00872049 0.00322682 0.00234001 0.00113385 0.0120376
internal_weight=55575.8 55044.7 665.475 531.093 424.728 54379.3 29689.1 20702.2 8986.9 2141.55 7431.03 6939.92 6175.98 763.946
internal_count=177858 175730 4247 2128 3243 171483 89225 62692 26533 12489 22195 21084 17704 3380
is_linear=0
shrinkage=0.03


Tree=322
num_leaves=15
num_cat=0
split_feature=47 45 68 41 60 70 73 88 73 67 85 39 75 64
split_gain=41.6685 102.556 133.957 114.648 83.0954 66.6236 101.504 88.8493 104.33 96.9034 123.446 70.4977 101.753 68.6368
threshold=2.7950000000000004 -0.0053744999999999991 1.0380350000000003 48.175000000000004 0.041098000000000003 40.015000000000008 -0.00045237499999999992 0.00022030000000000002 -0.00041360499999999994 1.0735100000000002 10.395000000000001 1.1402550000000002 0.07665000000000001 1.0645450000000003
decision_type=2 2 2 2 2 2 2 2 2 2 2 2 2 2
left_child=1 3 -3 5 -5 6 -1 8 -7 -9 -11 12 13 -10
right_child=-2 2 -4 4 -6 7 -8 9 11 10 -12 -13 -14 -15
leaf_value=-0.015297870525634052 0.00032420487987221196 0.0039806221408799957 -0.017882831549103941 -0.00083016146291732334 -0.01865198565102592 0.023113990310422123 0.0013588089669006314 0.0059428607410793718 -0.0094447217393693848 0.0095546549688029277 -0.016368834456239191 0.01226473934551967 -0.017505632127713659 0.011485082821993736
leaf_weight=484.21302401460707 48541.580400714651 378.52879239618778 741.29784331470728 457.69194062426686 492.30514560081065 335.57865157350898 1015.7025512382388 762.21070713363588 198.39870424196124 229.21673759818077 577.01255705952644 639.23822871223092 238.78333347290754 473.03059069812298
leaf_count=3339 146441 827 3036 1437 3930 1258 5465 2145 1464 879 2671 1336 1397 2251
internal_value=1.11647e-05 -0.00214791 -0.0104687 -0.000562927 -0.0101072 0.00126316 -0.00400504 0.00356043 0.00795082 -0.00169876 -0.00895873 0.00463466 -0.000698567 0.00525113
internal_weight=55564.8 7023.21 1119.83 5903.38 949.997 4953.39 1499.92 3453.47 1885.03 1568.44 806.229 1549.45 910.213 671.429
internal_count=177876 31435 3863 27572 5367 22205 8804 13401 7706 5695 3550 6448 5112 3715
is_linear=0
shrinkage=0.03


Tree=323
num_leaves=15
num_cat=0
split_feature=84 84 87 48 48 10 85 6 9 85 85 19 84 84
split_gain=40.0354 130.706 96.0778 76.8051 78.5425 72.1703 103.02 92.6277 112.901 100.631 76.1237 70.7913 68.5831 80.9368
threshold=42.090000000000011 43.095000000000006 79.199000000000012 2274973.1600000006 2469433.0550000002 1.1342850000000002 39.175000000000004 1.0967550000000001 1.1064850000000002 47.745000000000005 26.330000000000002 349495.61500000005 55.905000000000008 59.510000000000012
decision_type=2 2 2 2 2 2 2 2 2 2 2 2 2 2
left_child=3 2 -2 -1 -5 6 10 9 -9 -8 -6 12 -3 -14
right_child=1 11 -4 4 5 -7 7 8 -10 -11 -12 -13 13 -15
leaf_value=0.0013867581195468935 -0.027092541956602066 -0.0029126941047478896 -0.0026151722688199392 -0.025016176024883645 -0.0072241870743495577 0.012038558118426601 0.010452377486353477 0.028700955346222891 -0.0038440737445174481 -0.01634495802916644 -0.029307590633880505 0.011140285008812556 0.0053250829454634281 -0.00039163877856454967
leaf_weight=23592.518666077405 287.42017950490117 8319.530759414658 295.32656860724092 157.95742270350456 431.76194288395345 246.69085080176592 193.177285451442 190.1061741951853 189.397360868752 354.74774508550763 211.92054877988994 467.37571981176734 2542.4298061151057 17986.605372555554
leaf_count=67958 1160 27350 933 1257 3033 1004 1049 988 1105 2811 1906 1853 7420 57861
internal_value=3.78288e-05 -0.00070693 -0.0147649 0.000909891 -0.00476702 -0.00297819 -0.00536131 0.00101027 0.0124126 -0.00684077 -0.0145755 -0.000425965 -0.000614769 0.000315115
internal_weight=55467 29898.7 582.747 25568.3 1975.76 1817.8 1571.11 927.429 379.504 547.925 643.682 29315.9 28848.6 20529
internal_count=177688 96577 2093 81111 13153 11896 10892 5953 2093 3860 4939 94484 92631 65281
is_linear=0
shrinkage=0.03


Tree=324
num_leaves=15
num_cat=0
split_feature=84 84 48 70 36 41 88 38 91 86 84 65 65 68
split_gain=38.2562 138.196 83.2392 129.682 103.719 107.835 82.0017 79.1505 76.3625 80.073 73.5596 95.8089 121.255 164.015
threshold=42.090000000000011 43.095000000000006 2087331.0000000002 59.895000000000003 1.1013450000000002 47.235000000000007 -0.057810464999999991 1.1118550000000003 3.1845000000000011e-05 18.075000000000003 55.905000000000008 1.0273700000000001 1.0987650000000002 1.0978050000000004
decision_type=2 2 2 2 2 2 2 2 2 2 2 2 2 2
left_child=2 -2 -1 4 5 -4 -7 -5 9 -8 -3 -12 13 -13
right_child=1 10 3 7 -6 6 8 -9 -10 -11 11 12 -14 -15
leaf_value=0.0014146883969356377 -0.015123038339973315 -0.002755781854149496 -0.022523797410334636 -0.0027508822404406943 0.012714511304360568 0.014811701837943886 0.016544826452857039 -0.032003270745142309 -0.019372176693458094 -0.0064705231285306364 -0.008281478716935714 0.0024022634582797752 -0.0012645799957890726 0.018363382259950961
leaf_weight=23348.347891433164 584.18310456722975 8469.3496941402555 260.66264795511961 135.67429692670703 368.26942398026586 229.68520560488105 189.54073141701519 225.53019897267222 247.85885572806001 474.5882121771574 1046.4350423254073 9075.0310668237507 10141.811266168952 618.91611564904451
leaf_count=66739 2093 27943 2516 592 1886 746 1019 2110 1822 3356 3630 32054 29299 1751
internal_value=4.06511e-05 -0.000685984 0.00089552 -0.00477454 -0.00140974 -0.00514672 -0.00113675 -0.0211364 -0.00519807 6.78948e-05 -0.000397116 0.000558155 0.0010264 0.00342619
internal_weight=55415.9 29935.7 25480.2 2131.81 1770.61 1402.34 1141.67 361.204 911.988 664.129 29351.5 20882.2 19835.8 9693.95
internal_count=177556 96770 80786 14047 11345 9459 6943 2702 6197 4375 94677 66734 63104 33805
is_linear=0
shrinkage=0.03


Tree=325
num_leaves=15
num_cat=0
split_feature=10 9 39 10 76 45 76 60 9 76 41 76 76 65
split_gain=38.7244 104.688 128.575 54.8516 39.3169 125.68 96.0072 54.7002 48.7788 77.346 47.451 144.716 84.9938 77.5787
threshold=1.0206850000000003 0.9894750000000001 1.024545 1.0262350000000002 3.1500000000000008 -0.00032949999999999993 1.9150000000000003 0.0099420000000000012 1.0305950000000001 66.615000000000023 37.705000000000005 23.735000000000003 33.345000000000006 1.0824850000000004
decision_type=2 2 2 2 2 2 2 2 2 2 2 2 2 2
left_child=1 -1 -3 -2 5 6 7 -5 9 -6 11 -10 13 -13
right_child=3 2 -4 4 8 -7 -8 -9 10 -11 -12 12 -14 -15
leaf_value=0.0066185394695195557 0.012170697156653967 -0.025125169557909447 0.0093988750898204264 0.012447232564392285 -0.020531483486779519 -0.0092646072524239925 0.021475761395927544 -0.0088641774861598337 -0.017974967407934857 0.0027218424488377082 0.00036297754600108501 -0.001109749340894247 -0.0028787849570478937 0.018230909192604922
leaf_weight=324.08491159975529 340.48734806850553 343.18247208558023 133.11478545889258 210.38465457037091 263.25610310956836 367.14455098286271 439.13304566591978 220.66093404777348 502.68745550699532 246.75646950677037 47742.819032389671 380.6333284266293 3628.2701479867101 359.98792811110616
leaf_count=1396 1433 3330 879 881 1635 1457 1394 1296 2779 1183 143910 1043 13918 1137
internal_value=8.76175e-05 -0.00645825 -0.0154141 0.000184059 0.000108208 0.00539261 0.0116147 0.00147279 -1.44058e-05 -0.00923894 7.46151e-05 -0.00274475 -0.000981779 0.00826247
internal_weight=55502.6 800.382 476.297 54702.2 54361.7 1237.32 870.179 431.046 53124.4 510.013 52614.4 4871.58 4368.89 740.621
internal_count=177671 5605 4209 172066 170633 5028 3571 2177 165605 2818 162787 18877 16098 2180
is_linear=0
shrinkage=0.03


Tree=326
num_leaves=15
num_cat=0
split_feature=73 72 42 77 19 8 43 48 78 48 73 13 74 78
split_gain=40.5348 102.053 92.2117 116.674 103.401 78.4396 64.3136 66.3766 80.1645 78.2056 74.4598 93.4684 95.2337 99.2586
threshold=-0.00025623999999999997 0.5710265000000001 0.00078750000000000011 -3963823.6899999995 -5060656.0749999983 1.1405550000000002 1.0781515000000004 -5455002.3699999992 0.10350000000000002 -4768755.754999999 -0.0041698399999999984 0.00018850000000000003 0.10361150000000001 4.0577500000000013
decision_type=2 2 2 2 2 2 2 2 2 2 2 2 2 2
left_child=1 2 3 4 -1 -5 7 8 -4 -9 -11 -12 13 -13
right_child=-2 -3 6 5 -6 -7 -8 9 -10 10 11 12 -14 -15
leaf_value=-0.031420548654886304 -0.00052486866315405798 0.01613603961404007 -0.00049472728852355252 -0.01019314616349036 -0.0041387382493009292 0.0080344594604107051 -0.01186715099677417 -0.0082229229829754568 0.015266713677850334 -0.01151936337354764 0.01112492537076203 0.0020650386119794276 -0.0049471662991325757 0.016906818030713758
leaf_weight=253.99410428851843 40614.821477688849 405.64519345201552 490.01130267977715 371.83916311524808 251.63304510340095 492.8512080386281 306.61593592166901 724.69086408615112 699.19024831056595 355.54800004698336 1001.2355139516294 7265.4561178833246 1696.4809414148331 429.44413009285927
leaf_count=1093 127205 1434 1131 1471 921 1087 937 1804 1333 1654 2149 29868 4124 1295
internal_value=-3.52211e-05 0.00131145 0.000888876 -0.00650485 -0.0179375 0.000158744 0.00167288 0.00200403 0.00875204 0.00130126 0.00194693 0.00241158 0.00147835 0.00289933
internal_weight=55359.5 14744.6 14339 1370.32 505.627 864.69 12968.7 12662.1 1189.2 11472.9 10748.2 10392.6 9391.38 7694.9
internal_count=177506 50301 48867 4572 2014 2558 44295 43358 2464 40894 39090 37436 35287 31163
is_linear=0
shrinkage=0.03


Tree=327
num_leaves=15
num_cat=0
split_feature=50 83 48 36 61 88 35 87 48 84 77 6 42 63
split_gain=39.058 43.4281 111.745 99.5644 124.373 197.96 123.525 118.249 104.043 133.99 138.924 109.782 103.82 87.3889
threshold=20854765.356050503 5.7490990000000011 -5604279.0599999996 1.1819750000000002 0.57876450000000013 -0.037148819999999992 1.1875850000000001 -20.354499999999998 -2791149.2999999993 34.890000000000008 -898886.68499999994 1.1213950000000004 0.0008225000000000001 1.0680450000000004
decision_type=2 2 2 2 2 2 2 2 2 2 2 2 2 2
left_child=1 -1 -3 4 12 -6 -5 -7 -9 10 -10 -11 -4 -13
right_child=-2 2 3 6 5 7 -8 8 9 11 -12 13 -14 -15
leaf_value=0.00019092318001515501 0.0072264627195659419 0.0123294563232872 -0.0010314644916073412 -0.022088016868624442 -0.02082206454404326 0.0098444477423297871 -0.00094461141054143032 0.0019336228937659387 -0.027947506471735058 0.0093973477276980775 -0.001962138408178857 0.0017635131319504952 0.021169279595625808 -0.014522684960819269
leaf_weight=47114.852080322802 652.2647351026535 445.98262596130371 387.76084785535932 517.05702321231365 522.99034537374973 715.20055054873228 484.38346062600613 1915.4930854812264 469.1337499730289 485.76388638094068 310.03995260596275 517.91870230436325 365.25313546136022 682.86726407706738
leaf_count=152956 1391 890 1153 1523 3734 1791 1131 4430 1730 1839 1042 1201 921 2334
internal_value=-6.48955e-05 -0.000152145 -0.00222274 -0.0031085 -0.00172018 -0.00325879 -0.0119023 -0.00144685 -0.00329874 -0.00737478 -0.0176619 -0.00259677 0.00971112 -0.0074776
internal_weight=55587 54934.7 7819.84 7373.86 6372.42 5619.41 1001.44 5096.42 4381.22 2465.72 779.174 1686.55 753.014 1200.79
internal_count=178066 176675 23719 22829 20175 18101 2654 14367 12576 8146 2772 5374 2074 3535
is_linear=0
shrinkage=0.03


Tree=328
num_leaves=15
num_cat=0
split_feature=48 13 48 67 90 76 73 68 48 73 46 72 31 43
split_gain=37.0921 209.171 142.259 101.434 109.323 100.249 99.1789 97.4242 97.4046 141.752 83.907 77.5522 68.526 102.29
threshold=-4924591.919999999 0.00032750000000000005 -5413419.6049999995 1.1203950000000003 2.1223210000000008 61.265000000000008 -0.0041698399999999984 1.1454850000000001 -4577271.1499999994 2.9535000000000004e-05 18.849250000000001 0.15375050000000004 0.00012150000000000001 -0.38804599999999995
decision_type=2 2 2 2 2 2 2 2 2 2 2 2 2 2
left_child=1 3 -3 4 10 11 -2 -4 9 -8 -1 -5 13 -10
right_child=6 2 7 5 -6 -7 8 -9 12 -11 -12 -13 -14 -15
leaf_value=0.0033349593076177765 -0.014629144750274735 0.0071306632795542953 -0.010999362583737527 -0.023886369426343642 -0.013281042320650813 -0.0023095123321321492 -0.0029786170217081533 0.0044857039763564702 -0.0072192680505385708 0.011536674767469239 -0.0098524204997153756 -0.0067908318282043512 -0.00036867810602961146 0.0039956695804615082
leaf_weight=1832.7402374744415 391.51324897818267 2768.8934713453054 851.70439405739307 663.89443628489971 696.43123252689838 610.09198550879955 956.876455321908 636.10241883993149 818.65680354461074 1633.4258390367031 567.84412722289562 383.22755545377731 35975.400186862797 6730.5752462595701
leaf_count=4034 1816 5852 2176 1908 1825 1429 2261 1381 2243 3288 1453 940 132046 15415
internal_value=4.27315e-05 -0.0017182 0.00310727 -0.00604474 -0.00282492 -0.0120385 0.000384598 -0.0043601 0.000513029 0.00616396 0.000200267 -0.0176708 0.000175899 0.00277473
internal_weight=55517.4 9010.93 4256.7 4754.23 3097.02 1657.21 46506.4 1487.81 46114.9 2590.3 2400.58 1047.12 43524.6 7549.23
internal_count=178067 20998 9409 11589 7312 4277 157069 3557 155253 5549 5487 2848 149704 17658
is_linear=0
shrinkage=0.03


Tree=329
num_leaves=15
num_cat=0
split_feature=42 78 72 72 41 39 3 6 38 65 90 71 72 73
split_gain=43.7729 35.697 36.1185 105.556 93.6533 163.695 117.825 108.51 101.505 119.802 91.0428 184.44 115.467 98.084
threshold=0.00038350000000000005 4.3544500000000008 0.16908050000000002 0.19312750000000004 70.565000000000012 1.0493950000000003 0.97996500000000009 1.2143150000000003 1.0189150000000002 1.0582500000000004 1.6709045000000002 0.0034630000000000004 -0.090422999999999989 0.00036315000000000007
decision_type=2 2 2 2 2 2 2 2 2 2 2 2 2 2
left_child=-1 2 4 -4 6 -6 -2 10 9 -8 11 -7 -12 -13
right_child=1 -3 3 -5 5 7 8 -9 -10 -11 12 13 -14 -15
leaf_value=-0.0090797647744156641 -0.018270237210605167 -0.0067034496602229243 0.007046430463173564 0.00042009915713800666 0.0080619036260428101 -0.025002251298366366 -0.0069510984706521867 0.0038255759314998303 0.00010182456909306097 0.020258989721644274 -0.0054368605258874637 -0.010324548285329834 -0.028402019120378368 0.0045942445595575868
leaf_weight=467.13271497935057 306.0920422244817 677.72722846269608 2393.2556164748967 22617.135377243161 745.05090438574553 388.54524156823754 208.19369053468108 625.82595451176167 24025.990336112678 469.99996234849095 353.26882684230804 707.12522927299142 457.14039842039347 897.953723333776
leaf_count=1428 2502 1965 6180 63654 1662 1231 1268 1382 87225 2692 1033 1861 1408 2022
internal_value=5.4028e-05 0.000132494 0.000218655 0.00105563 -0.000497581 -0.00465676 0.000195662 -0.00742986 0.000426404 0.0118639 -0.0099531 -0.0064777 -0.0184472 -0.00196196
internal_weight=55340.4 54873.3 54195.6 25010.4 29185.2 4174.91 25010.3 3429.86 24704.2 678.194 2804.03 1993.62 810.409 1605.08
internal_count=177513 176085 174120 69834 104286 10599 93687 8937 91185 3960 7555 5114 2441 3883
is_linear=0
shrinkage=0.03


Tree=330
num_leaves=15
num_cat=0
split_feature=77 77 5 74 71 41 77 61 61 41 79 11 42 91
split_gain=32.6575 126.204 119.861 99.9228 121.777 92.642 76.3039 87.6481 148.805 121.025 86.9401 159.957 86.9817 83.763
threshold=-95201.019999999975 -243749.29499999995 1.1017650000000001 0.061015000000000007 0.0039045000000000004 73.575000000000003 253609.40000000002 1.7360830000000003 0.89525100000000013 50.645000000000003 3298882.5200280002 1.1060150000000002 0.00056650000000000005 7.2450000000000009e-06
decision_type=2 2 2 2 2 2 2 2 2 2 2 2 2 2
left_child=1 5 -3 4 -4 -1 7 8 9 -2 11 -8 -13 -12
right_child=6 2 3 -5 -6 -7 10 -9 -10 -11 13 12 -14 -15
leaf_value=-8.0735288892626e-05 -0.022907883462802744 0.021574862910144269 0.012867311455615172 0.016193726250249289 -0.013111708796492509 0.0093442932548030658 -0.019057871311744162 -0.010209795758072134 0.0086835475443315536 0.0027916191200372275 -0.00085495813771066314 0.012844701670148367 -0.00050398899275984517 0.019723473359406836
leaf_weight=32200.224845932797 342.15970582515001 472.3133846744895 258.71266776323318 357.45138323307037 430.3766851387918 965.6514752805233 411.30707274004817 1579.3969347551465 798.89487365633249 313.581822745502 329.80863121896982 450.57480956614017 16140.358659747988 378.89091234281659
leaf_count=115798 1669 1465 1009 673 1701 2314 2493 5766 2668 1011 1209 942 37923 1092
internal_value=1.76797e-05 0.000581362 0.00903511 0.00333198 -0.00331012 0.000193051 -0.000923309 -0.00531871 0 -0.0105869 -0.000168388 -0.00059944 -0.000138906 0.0101169
internal_weight=55429.7 34684.7 1518.85 1046.54 689.089 33165.9 20745 3034.03 1454.64 655.742 17710.9 17002.2 16590.9 708.7
internal_count=177733 122960 4848 3383 2710 118112 54773 11114 5348 2680 43659 41358 38865 2301
is_linear=0
shrinkage=0.03


Tree=331
num_leaves=15
num_cat=0
split_feature=42 77 77 19 71 79 77 31 46 77 77 19 19 19
split_gain=37.0544 36.1084 100.812 147.532 74.5118 56.5442 49.6301 75.936 38.5848 81.9921 141.157 111.79 114.919 79.6316
threshold=0.00038350000000000005 -37458211.944999993 -34981458.119999997 -550439.11499999987 0.0021865000000000005 2619490.7223165003 -31165196.879999999 0.048637500000000007 -0.21104999999999999 -2543318.8749999995 -2387357.4849999999 -47746.604999999989 278429.99000000005 -1343497.2399999998
decision_type=2 2 2 2 2 2 2 2 2 2 2 2 2 2
left_child=-1 4 3 5 -2 -3 7 -4 9 -8 -11 -12 -13 -10
right_child=1 2 6 -5 -6 -7 8 -9 13 10 11 12 -14 -15
leaf_value=-0.0084014363940980025 -0.0031342421306487416 -0.0083664257081872521 -0.0015009004428971778 0.0069458662769704303 0.019327434867782062 -0.031394884645761574 -0.0059574894135867515 0.017779367039294988 1.5369835896506247e-05 0.022372399654037884 0.00099335876611452052 -0.028016355903148684 0.0037126360162201043 0.0049710999898764426
leaf_weight=466.8717373535037 267.18198623508215 162.49461591988802 372.11822686344385 239.59913644194603 259.33911188691854 252.87929942086339 2849.3314615488052 357.1475912630558 42853.95831800811 251.68642914667726 3514.4359475132078 254.40210469439626 168.976254273206 3131.4133963473141
leaf_count=1418 1256 1046 1332 1002 862 2176 11729 775 127121 866 13369 2053 1062 11643
internal_value=4.89273e-06 7.70327e-05 7.48504e-07 -0.0116883 0.0078881 -0.0224999 0.00014395 0.00791167 3.64036e-05 -0.00203128 0.000632601 -0.000754615 -0.0153033 0.000353588
internal_weight=55401.8 54935 54408.4 654.973 526.521 415.374 53753.5 729.266 53024.2 7038.83 4189.5 3937.81 423.378 45985.4
internal_count=177710 176292 174174 4224 2118 3222 169950 2107 167843 29079 17350 16484 3115 138764
is_linear=0
shrinkage=0.03


Tree=332
num_leaves=15
num_cat=0
split_feature=84 88 38 1 67 82 65 88 18 49 70 86 76 38
split_gain=36.7226 34.5995 95.112 114.743 107.915 98.9857 86.0841 72.1803 68.9331 71.3867 90.2352 101.353 91.5988 95.9897
threshold=96.600000000000009 1.0000000180025095e-35 1.1926250000000003 1.1846950000000003 1.1761850000000003 0.00035500000000000006 1.1867650000000003 -7.1994999999999991e-05 77.785000000000011 -0.23624999999999999 41.915000000000006 54.385000000000012 67.265000000000015 1.1086350000000003
decision_type=2 2 2 2 2 2 2 2 2 2 2 2 2 2
left_child=1 2 3 4 6 -5 7 8 9 10 12 -12 13 -1
right_child=-2 -3 -4 5 -6 -7 -8 -9 -10 -11 11 -13 -14 -15
leaf_value=-0.0021878950268289714 -0.0099766766051549299 -0.00034780277809161997 -0.014161662910846647 0.002809907340676451 -0.008868973818990775 0.013150133672027912 0.012864070515677135 0.01030826798456903 -0.0047777423596026382 0.0029483815084880962 -0.0075490337667041569 0.010548558571681374 0.016416220390705581 0.018355302957570079
leaf_weight=1854.5772126298398 317.27480405941606 34103.823890950531 355.23709121346474 2595.6788050383329 1058.360551673919 1234.1534117311239 532.96080431342125 659.00092809274793 2161.7116358168423 7240.5330693870783 2395.1749480888247 312.97500247880816 361.61336094513535 229.07684261351824
leaf_count=10889 1172 96552 947 5781 3339 2452 1231 2093 8340 31719 9707 1089 1513 666
internal_value=0.000182104 0.00024133 0.00119988 0.00146645 0.000396508 0.00615241 0.00102165 0.000604024 0.00016193 0.00102623 -0.00166862 -0.00544334 0.00250016 6.3954e-05
internal_weight=55412.2 55094.9 20991.1 20635.8 16806 3829.83 15747.6 15214.7 14555.7 12394 5153.42 2708.15 2445.27 2083.65
internal_count=177490 176318 79766 78819 70586 8233 67247 66016 63923 55583 23864 10796 13068 11555
is_linear=0
shrinkage=0.03


Tree=333
num_leaves=15
num_cat=0
split_feature=48 50 46 65 67 48 32 48 66 43 78 48 78 85
split_gain=36.7 101.452 131.834 128.383 129.842 165.492 109.558 101.277 110.153 93.119 89.4724 87.9932 99.6641 144.279
threshold=185617.38500000004 1130886.1049310004 0.045350000000000008 1.0551750000000002 1.0643950000000002 2886977.9750000006 0.35014850000000003 50592.290000000008 1.1134650000000001 0.0070030000000000014 2.2880000000000007 308108.46500000003 2.1018500000000002 6.1150000000000011
decision_type=2 2 2 2 2 2 2 2 2 2 2 2 2 2
left_child=7 2 11 -3 -5 -6 -4 -1 9 -9 -7 -2 13 -13
right_child=1 3 6 4 5 10 -8 8 -10 -11 -12 12 -14 -15
leaf_value=-0.00032859387854830205 0.011337030415897693 -0.01466022293537441 0.015649155653838061 0.023684192636221083 0.0093208600599993703 -0.02030730908788916 -0.0070996308406211638 0.007744585588715506 -0.022705678140472904 -0.012789748236710139 0.0091955540121285931 0.013210076994453925 -0.007039802841788634 0.00022877414902083287
leaf_weight=41322.048158297315 811.86307071149349 240.55493853613734 203.12382531911135 409.37481390684843 1781.5182962846011 302.02901152148843 2734.9689071718603 380.17389360070229 373.72954460978508 412.58759082853794 130.85911311209202 947.837008504197 1171.7503394503146 4128.3777160029858
leaf_count=113719 2367 1811 876 1304 5951 2687 13804 1276 2034 1572 849 3592 6486 19463
internal_value=-0.000150034 0.00125318 -0.000170176 0.00623018 0.00816175 0.0052692 -0.00551191 -0.000575545 -0.00929012 -0.00290723 -0.011319 0.00204911 0.000835814 0.00266069
internal_weight=55350.8 12862.3 9997.92 2864.34 2623.78 2214.41 2938.09 42488.5 1166.49 792.761 432.888 7059.83 6247.97 5076.21
internal_count=177791 59190 46588 12602 10791 9487 14680 118601 4882 2848 3536 31908 29541 23055
is_linear=0
shrinkage=0.03


Tree=334
num_leaves=15
num_cat=0
split_feature=19 63 35 19 10 89 59 59 86 86 36 88 65 75
split_gain=37.7512 172.648 125.929 42.4824 170.184 118.679 36.5729 57.2406 50.1836 43.7573 47.9108 42.1701 82.3109 81.3368
threshold=349495.61500000005 1.0926200000000004 1.0911850000000003 84525.860000000015 1.0820750000000003 0.0099130000000000017 4.3155000000000009e-05 2.5185000000000004e-05 71.52500000000002 65.135000000000019 1.1394350000000002 1.0000000180025095e-35 1.0568950000000001 0.018550000000000001
decision_type=2 2 2 2 2 2 2 2 2 2 2 2 2 2
left_child=3 -2 -3 6 -5 -6 7 8 9 -1 -11 12 -8 -13
right_child=1 2 -4 4 5 -7 11 -9 -10 10 -12 13 -14 -15
leaf_value=-0.00050341626633123345 0.021935488554051724 0.0095272243209213077 -0.020672945428988315 0.020447597968544777 -0.025394361512825085 0.0019156870823628339 -0.0073551283714020886 -0.0069444466951988325 0.006186301386422394 -0.016326787601457858 0.00026676322139729367 -0.0045866002760445558 0.0032471367739775711 0.00092546577975834935
leaf_weight=25921.882129335776 362.91425052285194 251.37932403385639 242.57193820923567 156.71933791041374 358.74905318394303 234.48003108426929 711.24900907464325 1276.2403247449547 988.25921276956797 331.64339036867023 289.24255787581205 2967.7333495300263 8600.1422900371253 12779.666158415377
leaf_count=84197 810 1100 1545 525 2905 1413 4062 3998 2907 1497 702 9311 29057 33810
internal_value=-5.39197e-06 0.00623846 -0.00525481 -0.000104013 -0.00719025 -0.0145642 -4.66641e-06 -0.000734284 -0.000445071 -0.000693329 -0.00856037 0.000832891 0.00243336 -0.000111651
internal_weight=55472.9 856.866 493.951 54616 749.948 593.229 53866.1 28807.3 27531 26542.8 620.886 25058.8 9311.39 15747.4
internal_count=177839 3455 2645 174384 4843 4318 169541 93301 89303 86396 2199 76240 33119 43121
is_linear=0
shrinkage=0.03


Tree=335
num_leaves=15
num_cat=0
split_feature=65 89 87 44 73 72 89 89 82 8 76 67 0 70
split_gain=34.17 33.152 73.758 38.5566 72.7351 112.252 107.819 103.817 100.016 93.6117 86.2519 147.366 79.4617 77.047
threshold=1.2070350000000001 0.097517500000000021 23.103000000000005 1.0000000180025095e-35 -0.00076059999999999984 0.36067000000000005 0.027314000000000001 0.053319000000000012 0.07498500000000001 1.1434850000000003 4.9250000000000007 1.0985650000000002 1.0868150000000003 63.295000000000009
decision_type=2 2 2 2 2 2 2 2 2 2 2 2 2 2
left_child=1 3 -3 4 5 6 10 8 -6 -8 12 -12 -1 -11
right_child=-2 2 -4 -5 7 -7 9 -9 -10 13 11 -13 -14 -15
leaf_value=0.0079161630733551435 0.0059145535461272826 0.010403784492251105 -0.004691469455064181 -0.0009443221730840544 -0.00019414546956833471 0.018703079308211367 -0.016427725601913537 -0.0056407331782530653 0.0059708960808983929 0.0063179702057056114 0.010310110866613995 -0.017863638800044088 0.028893417535816601 -0.0075025171918867324
leaf_weight=408.66503130272031 863.18107428401709 776.67582707107067 461.87296180427074 29206.378838216886 14858.347620591521 441.5098320543766 338.71348945237696 2592.9225258678198 2814.6140729933977 939.41933918371797 559.82819421030581 236.71522941440344 276.31264844536781 589.50136534869671
leaf_count=1876 1995 1583 1112 90237 53473 1221 2187 7321 8689 2076 2539 1172 644 1502
internal_value=-3.56494e-06 -9.79519e-05 0.0047511 -0.00021136 0.000677265 0.00449093 0.0026034 -3.4774e-05 0.00078629 -0.00217775 0.00864826 0.00188797 0.0164517 0.000968217
internal_weight=55364.7 54501.5 1238.55 53262.9 24056.5 3790.67 3349.16 20265.9 17673 1867.63 1481.52 796.543 684.978 1528.92
internal_count=177627 175632 2695 172937 82700 13217 11996 69483 62162 5765 6231 3711 2520 3578
is_linear=0
shrinkage=0.03


Tree=336
num_leaves=15
num_cat=0
split_feature=19 91 19 45 73 35 60 47 10 37 83 78 83 70
split_gain=38.2328 71.9042 42.1762 138.004 143.154 45.1073 108.361 113.251 120.903 63.7914 107.368 44.0426 74.8042 94.7063
threshold=-8513387.7249999978 5.1450000000000007e-06 -6965917.2599999988 -0.0028494999999999996 -0.0011183049999999998 1.0098350000000003 0.0007375000000000002 63.985000000000007 0.98921500000000007 1.0188200000000001 3.0982495000000005 2.9418000000000002 7.2197695000000008 81.785000000000011
decision_type=2 2 2 2 2 2 2 2 2 2 2 2 2 2
left_child=1 -1 3 4 -2 6 -4 8 -8 10 -7 -11 -13 -14
right_child=2 -3 5 -5 -6 9 7 -9 -10 11 -12 12 13 -15
leaf_value=0.0040634992595294638 0.018506645591744166 -0.024166906183818043 -0.026487472349021584 0.029496540042276972 -0.02752141056723471 -0.0036936540578932434 0.010773060012624994 0.015944257434983882 -0.022324632763577722 0.00047347535406596687 0.02370691109612583 -0.0029657924225114365 0.01072727351799403 -0.0025106600095467493
leaf_weight=157.12206782773137 116.62834183499217 163.2316671255976 193.40581567585468 178.82032765448093 124.33343512192369 242.21567974984646 155.03082410618663 229.84450132399797 268.86938496865332 43083.893839219585 269.21294144541025 8268.5873592086136 896.60986175388098 1055.218959517777
leaf_count=1040 647 1055 1552 760 1422 1290 506 681 2402 132456 860 27707 2554 2807
internal_value=5.86803e-05 -0.010258 0.00011941 0.00958128 -0.00513489 4.60255e-05 -0.00681775 -0.000921216 -0.0101525 0.000154755 0.0106894 5.29188e-05 -0.00171686 0.00355745
internal_weight=55403 320.354 55082.7 419.782 240.962 54662.9 847.151 653.745 423.9 53815.7 511.429 53304.3 10220.4 1951.83
internal_count=177739 2095 175644 2829 2069 172815 5141 3589 2908 167674 2150 165524 33068 5361
is_linear=0
shrinkage=0.03


Tree=337
num_leaves=15
num_cat=0
split_feature=89 65 78 66 75 90 89 72 65 88 86 71 87 90
split_gain=38.6322 37.7523 37.8007 115.12 137.647 119.013 116.485 116.086 136.946 80.7 77.0208 74.562 70.3565 62.558
threshold=0.10648750000000003 1.2070350000000001 -0.90604999999999991 1.0464650000000002 4.1571000000000007 1.6157585000000003 0.029826500000000002 -0.029318499999999994 1.1221650000000001 9.4485000000000014e-05 40.025000000000006 0.018089500000000005 18.159500000000005 0.084330500000000017
decision_type=2 2 2 2 2 2 2 2 2 2 2 2 2 2
left_child=1 2 3 12 7 -6 -7 8 -5 -10 11 -9 -1 -4
right_child=-2 -3 13 4 5 6 -8 10 9 -11 -12 -13 -14 -15
leaf_value=0.0064381226278997878 0.010371164575725119 0.0061032391644928281 0.01027045456316027 0.011668599667801243 0.012598198107962113 0.0069841592856567415 -0.0098389394139296107 -0.020536190385250081 -0.017785371584185222 0.00041336736731706542 -0.02730495235771891 -0.0044720706795016007 -0.0071245530044115497 -9.4895577904818874e-06
leaf_weight=1656.6555021628737 318.16886016726494 868.87771617621183 537.85436832904816 406.45973898656666 572.07566075772047 598.23402058333158 964.48457347601652 444.51397236250341 471.526606220752 403.24446243420243 354.4740518219769 641.52670519053936 431.68927539885044 46752.652199072763
leaf_count=3836 653 2016 1113 1643 1197 1450 2546 2175 1427 987 1324 1570 1193 154786
internal_value=-3.51194e-05 -9.59362e-05 -0.000195914 -0.00226267 -0.00479785 0.000892184 -0.00337925 -0.00927052 -0.00266916 -0.00937112 -0.0151152 -0.0110875 0.00361811 0.000107009
internal_weight=55422.4 55104.3 54235.4 6944.88 4856.54 2134.79 1562.72 2721.75 1281.23 874.771 1440.51 1086.04 2088.34 47290.5
internal_count=177916 177263 175247 19348 14319 5193 3996 9126 4057 2414 5069 3745 5029 155899
is_linear=0
shrinkage=0.03


Tree=338
num_leaves=15
num_cat=0
split_feature=42 56 42 6 68 54 16 58 84 65 10 91 31 14
split_gain=48.3123 32.5414 49.0749 53.7215 57.5812 55.0307 50.4213 48.1313 54.7461 45.9219 38.8435 74.5085 115.906 73.0957
threshold=0.00038350000000000005 54.82500000000001 0.0057205000000000008 1.1329950000000002 1.0834750000000002 0.0050375000000000012 -0.00010149999999999999 -14.257499999999999 50.105000000000011 1.0761050000000003 1.2183850000000003 0.00017480500000000002 0.00013350000000000002 0.076990000000000017
decision_type=2 2 2 2 2 2 2 2 2 2 2 2 2 2
left_child=-1 10 3 4 -3 -6 -5 -4 -9 -10 -2 12 -12 -13
right_child=1 2 7 6 5 -7 -8 8 9 -11 11 13 -14 -15
leaf_value=-0.0097062360623200207 0.00013753620486858792 -0.020118626393425005 -0.0031595714495423512 0.0047640392625776821 0.0011343275381791354 -0.016459242576986399 -0.0062071245111223585 0.0074570234571706834 0.0065409465902137639 -0.007820223023788514 0.011955179255847445 0.0025786086924104389 -0.0056932403372711403 0.018196848268866545
leaf_weight=457.47870368510485 45640.821307942271 359.28631892986596 1997.1685646139085 652.40807303786278 437.77903087064624 248.5631437972188 886.06730630248785 1216.1006143465638 317.38123464770615 534.79239835590124 480.74637134373188 585.22634924948215 1097.2341954261065 508.24797390401363
leaf_count=1417 148878 2060 6305 1749 1923 1296 2217 3402 1064 1662 965 1312 2679 944
internal_value=-7.65139e-06 7.27048e-05 -0.00189406 -0.00512615 -0.0103746 -0.00520832 -0.00153512 0.000153719 0.00336758 -0.00243503 0.000344059 0.00385983 -0.00029332 0.00987539
internal_weight=55419.3 54961.8 6649.55 2584.1 1045.63 686.342 1538.48 4065.44 2068.27 852.174 48312.3 2671.45 1577.98 1093.47
internal_count=177873 176456 21678 9245 5279 3219 3966 12433 6128 2726 154778 5900 3644 2256
is_linear=0
shrinkage=0.03


Tree=339
num_leaves=15
num_cat=0
split_feature=84 80 84 78 90 90 85 3 84 19 47 90 79 31
split_gain=41.057 82.2073 75.6605 67.1469 42.1459 43.8549 110.775 125.003 94.3509 95.043 94.7656 58.3621 90.7419 171.583
threshold=1.3650000000000004 1.0000000180025095e-35 3.2400000000000007 1.0743500000000001 0.084330500000000017 0.40815650000000009 45.870000000000012 1.1936450000000003 59.510000000000012 -5210732.5649999985 60.225000000000001 1.3698660000000003 4824560.5012965007 0.00035550000000000008
decision_type=2 2 2 2 2 2 2 2 2 2 2 2 2 2
left_child=1 -1 3 -2 -4 6 7 8 9 -6 -10 12 -7 -14
right_child=2 -3 4 -5 5 11 -8 -9 10 -11 -12 -13 13 -15
leaf_value=-0.01768874073825508 5.4128936497587697e-05 0.0027519950460977534 0.007677271758060572 0.014073812090197795 0.0012481806639941292 0.006206532884341991 -0.016227692202916394 -0.01445514658688549 -0.017926325972543799 0.01927404989534395 0.0036603160195454632 -0.00031303901120020394 0.0064994889286285953 -0.013217082088052196
leaf_weight=344.05301761627197 593.60847674310207 358.90860974788666 618.81383377313614 646.62158664874732 712.48955224081874 3089.476904977113 525.8035191167146 491.4022126942873 324.18175092898309 420.36701826937497 414.17898820340633 45199.930987751111 857.92755849659443 736.70576629415154
leaf_count=1468 1861 973 1317 1836 1917 12118 1892 1308 1355 1380 1096 142252 2132 4683
internal_value=-2.14748e-05 -0.00722069 7.07412e-05 0.00739322 -9.89267e-05 -0.000190823 -0.0037842 -0.000996506 0.00252769 0.00797456 -0.00578828 1.67137e-05 0.0032045 -0.00259316
internal_weight=55334.5 702.962 54631.5 1240.23 53391.3 52772.5 2888.42 2362.62 1871.22 1132.86 738.361 49884 4684.11 1594.63
internal_count=177588 2441 175147 3697 171450 170133 8948 7056 5748 3297 2451 161185 18933 6815
is_linear=0
shrinkage=0.03


Tree=340
num_leaves=15
num_cat=0
split_feature=75 12 73 39 87 43 6 19 6 72 85 34 85 67
split_gain=34.1662 82.0223 41.1101 100.573 142.103 103.734 93.8038 91.9484 194.533 88.5267 81.6136 86.1678 94.8783 87.2399
threshold=21.901150000000005 48.685000000000009 0.0019013300000000001 1.1475150000000003 326.97500000000008 0.067851500000000009 1.2193150000000001 -5217138.4649999989 1.1770950000000002 0.86134100000000013 4.0050000000000008 1.1839450000000002 14.110000000000001 1.0829350000000002
decision_type=2 2 2 2 2 2 2 2 2 2 2 2 2 2
left_child=2 -2 9 4 6 7 10 8 -5 -1 -4 12 13 -12
right_child=1 -3 3 5 -6 -7 -8 -9 -10 -11 11 -13 -14 -15
leaf_value=0.00018888658742532521 -0.0045177190456361475 0.011298992058555314 0.0053657053362818445 0.0023242037570420952 -0.020241816657958264 0.0081537981029932843 0.010832974531209984 0.0037895146295105994 -0.024503676924743961 0.010941763744258232 -0.022386025916309022 -0.017504981302028991 -0.0016083378150139509 -0.0051348058260249092
leaf_weight=42283.462047681212 486.24145168066025 740.16415956616402 807.14912113547325 593.96203848719597 439.0869417488575 1586.3038223534822 433.48906952142715 1162.0452706217766 408.74636927247047 699.68840594217181 413.20706953108311 443.75591792166233 4162.7274431698024 746.60288356989622
leaf_count=144037 1183 1516 1942 1349 1831 3381 886 2575 1221 1995 1214 1207 11135 2261
internal_value=5.52441e-05 0.00500502 -5.6334e-05 -0.00167582 -0.00369523 0.00232471 -0.00265132 -0.00193471 -0.0085956 0.000364873 -0.00354662 -0.00480006 -0.00373209 -0.0113208
internal_weight=55406.6 1226.41 54180.2 11197.1 7446.02 3751.06 7006.93 2164.75 1002.71 42983.2 6573.44 5766.29 5322.54 1159.81
internal_count=177733 2699 175034 29002 20476 8526 18645 5145 2570 146032 17759 15817 14610 3475
is_linear=0
shrinkage=0.03


Tree=341
num_leaves=15
num_cat=0
split_feature=14 61 70 48 9 1 67 61 6 38 79 79 67 76
split_gain=46.1726 93.5805 68.4149 52.9177 84.5088 110.417 101.783 86.2424 83.5234 85.4646 47.0184 80.6703 69.5964 60.129
threshold=-0.45516699999999993 2.0216515000000004 60.615000000000002 2984197.6250000005 1.0739550000000002 1.0714550000000003 1.0960350000000003 0.48247550000000006 1.0887050000000003 1.0756150000000002 1004411.2816200001 3662603.4965260006 1.0630350000000002 64.785000000000011
decision_type=2 2 2 2 2 2 2 2 2 2 2 2 2 2
left_child=1 10 -3 -2 -5 7 -7 -6 -9 -10 12 13 -1 -12
right_child=3 2 -4 4 5 6 -8 8 9 -11 11 -13 -14 -15
leaf_value=0.0088417110120098015 0.00039781086461594683 -0.0064865666181136766 -0.028074276646028368 -0.021150077481272456 0.024637092575004661 -0.033418714242721942 0.0037475670758457345 -0.022287008987301703 -0.0087755689882494641 0.022389341397060277 0.018044419442857309 -0.012019100444624025 -0.010449501182288863 -0.00025383683537577822
leaf_weight=224.60151907429099 52009.42381366156 361.9074771720916 212.56490465253592 260.05626770853996 156.26591240242124 153.99572411179543 113.26700056344271 121.58227413520217 155.02119554392993 158.27688709646463 350.16730940341949 201.0809854157269 649.51635681092739 293.48610528185964
leaf_count=799 156164 2043 754 3286 932 1911 491 1409 1342 936 1520 1363 3291 1479
internal_value=7.78999e-05 -0.00408815 -0.0145614 0.00025837 -0.00619348 -0.00160811 -0.0176004 0.00558901 -0.00122754 0.00689451 -0.000563909 0.00446124 -0.00545397 0.00966699
internal_weight=55421.2 2293.32 574.472 53127.9 1118.47 858.409 267.263 591.146 434.88 313.298 1718.85 844.734 874.118 643.653
internal_count=177720 11249 2797 166471 10307 7021 2402 4619 3687 2278 8452 4362 4090 2999
is_linear=0
shrinkage=0.03


Tree=342
num_leaves=15
num_cat=0
split_feature=83 84 84 84 48 9 60 89 85 64 83 84 73 76
split_gain=35.459 72.026 107.111 100.832 87.9639 117.899 87.7216 71.9693 88.454 73.4428 70.563 73.3191 68.2817 78.4756
threshold=5.7490990000000011 49.390000000000008 15.015000000000002 20.495000000000005 -2811267.1599999997 1.1323450000000002 0.034810500000000008 0.0070975000000000005 5.955000000000001 1.0654350000000001 6.615078500000001 58.150000000000006 0.00054618500000000014 34.145000000000003
decision_type=2 2 2 2 2 2 2 2 2 2 2 2 2 2
left_child=-1 2 4 -4 -2 -6 12 -3 9 -9 11 -10 13 -5
right_child=1 7 3 6 5 -7 -8 8 10 -11 -12 -13 -14 -15
leaf_value=0.00031825944649878975 0.010320312857418168 0.014213970652597153 -0.023010271917636597 -0.011162695045330816 0.0060750964023000304 -0.019071584944826282 0.0048029030611792091 0.015795925329722432 0.0017109511899325968 -0.0011131605373482193 0.00080251452875422112 -0.016116112236426026 -0.019340482201355223 0.0019827549823123705
leaf_weight=47431.752519061789 665.70343112945557 347.53488073125482 339.5265705883503 986.00766447558999 377.2395606264472 299.18838216364384 567.07644804939628 486.17090643197298 317.98902757838368 433.82246105745435 1516.5591661483049 581.27207631617785 417.22891047596931 691.36404220946133
leaf_count=153698 1375 1139 1269 2976 1479 944 1416 964 1020 1562 4031 2062 1599 2321
internal_value=5.65265e-06 -0.00183769 -0.00445579 -0.00760802 0.00257113 -0.00501489 -0.00562412 0.00124175 -0.000104602 0.00779733 -0.00312821 -0.00978404 -0.00846231 -0.00572869
internal_weight=55458.4 8026.68 4343.34 3001.2 1342.13 676.428 2661.68 3683.35 3335.81 919.993 2415.82 899.261 2094.6 1677.37
internal_count=177855 24157 13379 9581 3798 2423 8312 10778 9639 2526 7113 3082 6896 5297
is_linear=0
shrinkage=0.03


Tree=343
num_leaves=15
num_cat=0
split_feature=77 77 39 19 36 68 50 77 91 85 79 78 61 70
split_gain=34.0729 206.474 116.564 244.116 266.304 163.399 110.605 79.7789 91.2572 90.2774 83.2339 89.3892 126.941 134.957
threshold=-4693568.1549999993 -3680539.9949999996 1.1204450000000004 -2762962.8749999995 1.1542350000000001 1.1351150000000001 3292297.1913720006 -5085734.9449999994 -9.8779999999999986e-05 68.440000000000012 142330.44023450001 2.3487500000000003 0.53704750000000012 71.990000000000023
decision_type=2 2 2 2 2 2 2 2 2 2 2 2 2 2
left_child=7 2 5 4 -4 -2 -3 9 -9 10 -1 -12 -13 -14
right_child=1 6 3 -5 -6 -7 -8 8 -10 -11 11 12 13 -15
leaf_value=-0.014930785637694084 -0.031239925554511175 1.1325941836351064e-05 0.021221587010309153 -0.025621745829578661 -0.0046929952428419594 -0.0033756863267206138 0.0087960580667234972 -0.003105112242261651 0.01253039672079586 -0.012320917006057686 0.0038284738326802175 -0.015266553224828085 -0.0026775907413011044 0.013006794822219286
leaf_weight=283.0781603846699 375.49701906554401 37245.733711853623 405.22684569656849 426.5437245555222 2928.3691450059414 387.1131778396666 1335.4556802548468 481.40843128412962 1087.9307569898665 473.33352054096758 5980.931053776294 556.73999211192131 2675.4579891264439 604.3559877872467
leaf_count=1265 3232 111440 996 2844 7290 1948 3954 1383 2826 2188 25012 2188 9899 1207
internal_value=1.07885e-06 -0.000393821 -0.0064577 -0.00427561 -0.00152844 -0.0171578 0.0003164 0.00140521 0.00771604 0.000465106 0.00106842 0.00153427 -0.0020345 0.000206437
internal_weight=55247.2 43103.9 4522.75 3760.14 3333.6 762.61 38581.2 12143.2 1569.34 10573.9 10100.6 9817.49 3836.55 3279.81
internal_count=177672 131704 16310 11130 8286 5180 115394 45968 4209 41759 39571 38306 13294 11106
is_linear=0
shrinkage=0.03


Tree=344
num_leaves=15
num_cat=0
split_feature=90 47 41 70 43 91 70 89 12 85 64 31 75 65
split_gain=35.0059 34.7603 72.2964 103.636 42.1864 87.8514 116.347 86.38 101.075 77.988 73.6818 88.6097 102.457 78.2167
threshold=5.5593255000000008 0.33500000000000008 48.055000000000007 40.015000000000008 0.0091070000000000022 3.1845000000000011e-05 85.25500000000001 0.070727500000000013 50.645000000000003 29.695000000000004 1.0645450000000003 0.00024650000000000003 0.025500000000000005 1.1897600000000004
decision_type=2 2 2 2 2 2 2 2 2 2 2 2 2 2
left_child=1 2 3 -1 -3 6 7 -6 9 -9 11 12 -7 -12
right_child=-2 4 -4 -5 5 10 -8 8 -10 -11 13 -13 -14 -15
leaf_value=-0.017345491340211554 0.0097849061006005135 -0.0012913500129347259 0.016920205523639806 0.0071345645031892502 0.00013697763325472192 -0.010436903025769422 -0.01771274519724381 -0.021389376548991458 0.00019263846235463146 -0.003557638179266227 0.00015812690289075399 0.012531322477851591 0.0053472762210653038 0.012458924499583352
leaf_weight=217.8818979151547 320.1628931760788 21359.733736021444 327.48047951050103 537.66158101521432 17586.941877275705 440.96092791855335 359.60589769855142 520.61393547058105 942.43739448487759 391.38679893314838 8356.3978360276669 1213.9025498516858 2252.1114183031023 492.0449364669621
leaf_count=1485 691 77021 1362 2017 53435 1228 1038 1471 2157 933 25517 3436 4940 1120
internal_value=-8.93449e-05 -0.000147547 0.00517005 2.1812e-05 -0.000255013 0.000424008 -0.000825644 -0.000510846 -0.00666755 -0.013782 0.00236618 0.00579831 0.00274874 0.000846871
internal_weight=55319.3 54999.2 1083.02 755.543 53916.1 32556.4 19801 19441.4 1854.44 912.001 12755.4 3906.97 2693.07 8848.44
internal_count=177851 177160 4864 3502 172296 95275 59034 57996 4561 2404 36241 9604 6168 26637
is_linear=0
shrinkage=0.03


Tree=345
num_leaves=15
num_cat=0
split_feature=62 90 70 91 50 75 91 39 39 83 68 77 68 86
split_gain=31.4781 92.7801 73.5609 57.4741 83.2101 72.41 76.4122 60.4073 102.565 50.1641 46.1649 38.6802 81.6647 60.4367
threshold=-0.00067831499999999997 2.2708320000000004 69.735000000000014 -0.00040836999999999997 109336.66619850001 -0.26134999999999992 4.2550000000000008e-06 1.1187050000000003 1.0612950000000001 1.1337930000000003 1.0734450000000002 3017697.5000000005 1.1069450000000003 14.305000000000001
decision_type=2 2 2 2 2 2 2 2 2 2 2 2 2 2
left_child=1 3 -3 9 5 -5 -7 8 -6 -1 -8 -2 13 -13
right_child=11 2 -4 4 7 6 10 -9 -10 -11 -12 12 -14 -15
leaf_value=-0.0023637115062211554 1.60773905740543e-06 0.018461776520456889 0.001051644051501431 0.016351162767841626 -0.0026814039569615176 -0.013742880925874012 0.012300324109858004 0.0018249708168687579 -0.025240256124006134 0.0091674163979455318 -0.0031409905483974613 0.00019480184432621775 0.0059214340003875482 -0.010396663092034132
leaf_weight=527.87114210426807 47992.943599097431 513.53645012713969 386.37213011085987 268.97313486784697 379.71736801788211 301.76549804955721 335.59714496135712 326.61659250408411 352.67661241441965 931.5414620693773 355.97525496780872 756.22974713146687 610.40948195755482 1323.2981270551682
leaf_count=1716 155049 1620 913 1276 1884 1305 891 940 1919 2549 1189 1723 1305 3365
internal_value=2.28484e-05 0.00237698 0.0110296 0.000307146 -0.00261693 0.00256667 -0.00114837 -0.00882053 -0.0136049 0.00497729 0.00431579 -0.00019401 -0.00369401 -0.00653237
internal_weight=55363.5 4680.64 899.909 3780.73 2321.32 1262.31 993.338 1059.01 732.394 1459.41 691.572 50682.9 2689.94 2079.53
internal_count=177644 16202 2533 13669 9404 4661 3385 4743 3803 4265 2080 161442 6393 5088
is_linear=0
shrinkage=0.03


Tree=346
num_leaves=15
num_cat=0
split_feature=48 68 82 82 2 70 62 90 70 88 38 1 50 48
split_gain=42.5989 104.004 147.488 116.857 149.79 91.499 39.6873 70.2333 82.4722 58.0254 103.97 86.3852 93.0612 92.6998
threshold=2984197.6250000005 1.0981300000000001 0.0075150000000000008 0.031500000000000007 1.0716650000000001 41.475000000000001 -0.0006005199999999999 2.2708320000000004 69.465000000000018 1.0000000180025095e-35 1.1926250000000003 1.1846950000000003 103523.09476600001 -457508.84499999991
decision_type=2 2 2 2 2 2 2 2 2 2 2 2 2 2
left_child=6 2 -2 4 5 -4 7 -1 -9 10 11 13 -13 -8
right_child=1 -3 3 -5 -6 -7 9 8 -10 -11 -12 12 -14 -15
leaf_value=0.00074068337104760975 -0.030215340435776856 0.010669836176708967 0.024325936622431613 -0.025733465858152497 -0.020946740189385624 -0.0012707219276786679 -0.0020433069015806959 0.017943063461073657 0 -0.0011068304131334949 -0.014922882138286318 0.00012081424011549912 0.0099523387377792229 0.0027910663988835525
leaf_weight=3832.9653470013291 242.30189042165875 285.88999445363879 229.10387033969164 172.29353559762239 187.66093710437417 272.1810595318675 7311.7873529568315 515.71330183744431 421.42755695432425 30917.870285108685 359.11797232925892 1573.7344508618116 1944.3815500289202 6970.2567248623818
leaf_count=12564 4428 1711 1185 1904 1370 1969 25200 1438 1005 86752 964 3609 4010 29646
internal_value=-0.000195776 -0.00538056 -0.00957173 -0.00370074 0.0017951 0.0103932 -6.13374e-05 0.00255008 0.00990998 -0.000315815 0.0010293 0.00135364 0.00556428 0.000314007
internal_weight=55236.7 1389.43 1103.54 861.239 688.946 501.285 53847.3 4770.11 937.141 49077.1 18159.3 17800.2 3518.12 14282
internal_count=177755 12567 10856 6428 4524 3154 165188 15007 2443 150181 63429 62465 7619 54846
is_linear=0
shrinkage=0.03


Tree=347
num_leaves=15
num_cat=0
split_feature=39 39 77 38 19 73 38 60 46 19 75 48 78 67
split_gain=38.2949 90.9783 61.2955 51.0032 61.4788 190.327 78.0739 45.8418 114.786 106.718 109.946 105.234 89.99 109.106
threshold=1.0097050000000003 0.99248000000000014 -16075633.334999999 1.0114600000000002 -6820030.3549999995 -0.00090915999999999989 1.0645050000000003 0.065810500000000008 18.849250000000001 -3040299.1599999997 -3.6245499999999997 -6101415.129999999 0.077100000000000016 1.0609650000000002
decision_type=2 2 2 2 2 2 2 2 2 2 2 2 2 2
left_child=1 -1 -3 -2 5 -5 -7 8 -6 11 -11 -9 -13 -14
right_child=3 2 -4 4 7 6 -8 9 -10 10 -12 12 13 -15
leaf_value=0.0048952687284650933 0.011945353576651231 -0.027898709016558949 -0.0024108909440276449 0.0091700418654133298 0.00011546429997635173 -0.032903306904179051 -0.0035312553650470343 -0.010539899603297029 -0.0093905576740250431 0.0040141793575240829 -0.0240631771027549 0.013384884630200678 -0.008450059753579325 0.0078032855638723864
leaf_weight=299.96265804767609 323.7871750369668 208.38351895101368 147.81393147446215 288.01848648674786 48709.780415602028 248.47202380560338 124.90611361712217 336.31774547696114 1169.6289538294077 256.19683250039816 241.8352112621069 1213.737686065957 539.60956565663218 1182.794394640252
leaf_count=1396 1545 2062 743 1457 149237 2505 610 859 2954 1110 1284 3561 3272 5059
internal_value=5.12935e-06 -0.00719309 -0.0174422 9.22582e-05 2.08227e-05 -0.00906217 -0.0231933 0.000133524 -0.000107026 0.00332287 -0.00958045 0.0052981 0.00712544 0.00269194
internal_weight=55291.2 656.16 356.197 54635.1 54311.3 661.397 373.378 53649.9 49879.4 3770.49 498.032 3272.46 2936.14 1722.4
internal_count=177654 4201 2805 173453 171908 4572 3115 167336 152191 15145 2394 12751 11892 8331
is_linear=0
shrinkage=0.03


Tree=348
num_leaves=15
num_cat=0
split_feature=19 12 49 75 77 10 91 19 6 10 43 48 2 71
split_gain=39.2441 60.3858 43.4031 38.77 109.61 83.6805 86.3135 82.9551 225.557 149.454 114.284 75.0367 197.506 106.14
threshold=-7153089.584999999 48.105000000000011 0.6392000000000001 -0.13249999999999998 3008817.7900000005 1.0307350000000002 -0.0014026649999999998 -397054.64999999997 1.0956450000000002 1.0826750000000003 1.0000000180025095e-35 2087331.0000000002 1.1116750000000002 0.0055475000000000012
decision_type=2 2 2 2 2 2 2 2 2 2 2 2 2 2
left_child=1 2 -1 4 7 6 -5 -2 9 -9 -10 -7 13 -13
right_child=3 -3 -4 5 -6 11 -8 8 10 -11 -12 12 -14 -15
leaf_value=-0.026364904155230882 0.0030760317320504475 0.0033341656082281736 -0.00081588797042749656 0.0027541045991212789 -0.016096468374189214 0.00018377026537009551 -0.0248344904317735 0.011445228415966624 0.028028248176622451 -0.017807114517445717 -0.0017479039542672931 -0.0085074161887949817 -0.025004320421945846 0.0053198719598087996
leaf_weight=179.06200169213116 10357.836422104388 216.93614571541548 93.430387767031789 169.36358707770705 303.51839782297611 40019.137230962515 248.46713073551655 191.50827864184976 227.01619380712509 835.81511494517326 232.32948167622089 984.6326043959707 383.10276046395302 1010.3896003887057
leaf_count=1976 41028 1245 968 646 815 104596 1871 961 888 5216 1145 7621 3463 5523
internal_value=9.21344e-05 -0.0083554 -0.0177495 0.000168053 0.00166413 -0.00025576 -0.0136002 0.0021231 -0.00449354 -0.012319 0.0129317 -0.000123223 -0.00529983 -0.00149033
internal_weight=55452.5 489.429 272.492 54963.1 12148 42815.1 417.831 11844.5 1486.67 1027.32 459.346 42397.3 2378.12 1995.02
internal_count=177962 4189 2944 173773 50053 123720 2517 49238 8210 6177 2033 121203 16607 13144
is_linear=0
shrinkage=0.03


Tree=349
num_leaves=15
num_cat=0
split_feature=61 83 55 89 65 82 91 91 88 61 46 86 10 73
split_gain=40.8801 62.6932 37.9374 42.5961 54.9391 48.0149 83.2157 121.834 82.1763 58.7313 63.8365 51.3545 48.2663 46.6171
threshold=0.08118400000000002 3.3621210000000006 15.225000000000003 0.097517500000000021 1.0335750000000001 0.15530500000000003 0.0016310750000000003 0.00023154500000000002 0.14517177000000001 1.2697965000000002 0.074850000000000014 36.115000000000002 1.1868950000000003 0.00012704500000000003
decision_type=2 2 2 2 2 2 2 2 2 2 2 2 2 2
left_child=1 -1 -2 5 -5 -4 7 8 -7 -10 -11 12 -12 -9
right_child=2 -3 3 4 -6 6 -8 13 9 10 11 -13 -14 -15
leaf_value=-0.0018109903582492412 -0.0019760767396658115 0.015840443017047491 0.00043830480076380318 -0.00046939697092693273 0.013385933803697774 -0.016873855128274384 -0.014456815681902447 0.00091676948629948745 -0.010528571322915414 0.0082611417344905531 -0.0006214712710132294 0.0043064876585938508 -0.014788741896244103 0.012074602692650951
leaf_weight=353.85458556748927 8213.0391200222075 363.82351453602314 40379.327244736254 521.45800107717514 500.20034125447273 433.04207427799702 488.31817483901978 749.35012975335121 648.46264739334583 575.41047368943691 423.98953351378441 467.61114723980427 451.33767437934875 621.2873774766922
leaf_count=1264 26892 811 134726 1203 984 1185 1302 1711 1660 1204 980 1020 1199 1237
internal_value=-2.54376e-06 0.00710517 -9.68671e-05 0.000236158 0.00629125 9.86105e-05 -0.00271777 -0.00139629 -0.00478718 -0.0027306 -7.48937e-05 -0.00367246 -0.0079692 0.00600142
internal_weight=55190.5 717.678 54472.8 46259.8 1021.66 45238.1 4858.81 4370.49 2999.85 2566.81 1918.35 1342.94 875.327 1370.64
internal_count=177378 2075 175303 148411 2187 146224 11498 10196 7248 6063 4403 3199 2179 2948
is_linear=0
shrinkage=0.03


Tree=350
num_leaves=15
num_cat=0
split_feature=39 38 60 39 19 73 38 60 46 87 48 90 48 73
split_gain=45.8947 84.1764 82.8766 90.0439 51.9496 177.826 94.8353 54.965 122.793 97.3059 89.7864 154.578 105.481 101.282
threshold=1.0097050000000003 1.0114600000000002 0.00075950000000000008 0.99248000000000014 -6820030.3549999995 -0.00090915999999999989 1.0645050000000003 0.065810500000000008 18.849250000000001 15.034000000000001 1755733.1100000001 2.0082540000000004 1633819.9650000001 0.00051850500000000016
decision_type=2 2 2 2 2 2 2 2 2 2 2 2 2 2
left_child=2 -2 -1 -4 5 -3 -7 8 10 -10 12 13 -6 -12
right_child=1 4 3 -5 7 6 -8 -9 9 -11 11 -13 -14 -15
leaf_value=-0.026414320446381753 0.015047214475480932 0.0091573351126541871 0.010731367275241247 -0.01467717132956989 0.00032085769016607893 -0.033094384480696883 -0.0009595358761011058 0.003655867391799373 -0.018328610988602497 -0.00088738977467254382 -0.0008809381400270086 -0.025197392265073785 0.011586359031041051 -0.016949490886066513
leaf_weight=161.68044420517981 337.86741045303643 291.10129323415458 254.49443900212646 245.16987186856568 43904.297803010792 242.26228092424572 128.24377629719675 3746.4871974792331 587.12467773258686 571.58114139735699 3539.7485196013004 289.37727673538029 760.24483746290207 391.88173576816916
leaf_count=1587 1547 1461 973 1651 121434 2518 617 14996 1615 1322 21253 2746 1581 2635
internal_value=4.57314e-05 0.000141159 -0.00780314 -0.00168031 4.78442e-05 -0.00830018 -0.0220848 0.000151232 -0.000110605 -0.00975904 0.000117667 -0.00406325 0.000513537 -0.00249409
internal_weight=55451.6 54790.2 661.345 499.664 54452.4 661.607 370.506 53790.7 50044.3 1158.71 48885.6 4221.01 44664.5 3931.63
internal_count=177936 173725 4211 2624 172178 4596 3135 167582 152586 2937 149649 26634 123015 23888
is_linear=0
shrinkage=0.03


Tree=351
num_leaves=15
num_cat=0
split_feature=42 83 74 8 42 35 35 39 77 88 19 65 68 86
split_gain=37.174 35.3411 90.2983 87.8219 176.151 92.2375 96.2756 150.914 105.357 106.201 119.926 151.489 141.713 109.269
threshold=0.00038350000000000005 4.7543585000000013 -0.045408499999999997 1.1825450000000002 0.0031825000000000004 1.1790150000000001 1.0937150000000002 1.0850150000000003 179563.07500000004 -0.0068402899999999989 -2876471.7999999993 1.091925 1.1009950000000002 17.130000000000006
decision_type=2 2 2 2 2 2 2 2 2 2 2 2 2 2
left_child=-1 -2 -3 5 -5 6 7 -4 9 -8 -11 13 -13 -12
right_child=1 2 3 4 -6 -7 8 -9 -10 10 11 12 -14 -15
leaf_value=-0.0084504012698106267 0.0004404697831293252 -0.014878036951615339 -0.0004285031088195648 -0.020207046685936148 -0.0018077343404223059 0.0093401894304185433 -0.015574783763771813 0.02117664209911398 -0.018025915007967672 -0.004560405926501465 0.025803497598469182 -0.017582535988740475 0.012076415622881387 0.0043157565121057445
leaf_weight=463.53439339250326 44424.858608933166 434.64226698316634 885.81868343241513 554.90602396428585 3007.0323935002089 1044.5543125122786 407.73976623266935 430.39598133787513 367.0613070577383 1775.6910628676414 429.06744083017111 331.66255246847868 255.08611281588674 430.69319169223309
leaf_count=1406 143247 3391 3237 1604 7080 2215 2384 1394 1819 4696 966 1731 1000 1259
internal_value=0 7.20655e-05 -0.00150555 -0.000915155 -0.00468741 0.00119394 -0.000403393 0.00662422 -0.00272617 -0.00116625 0.000651975 0.00706999 -0.0046388 0.0150917
internal_weight=55242.7 54779.2 10354.4 9919.71 3561.94 6357.77 5313.22 1316.21 3997 3629.94 3222.2 1446.51 586.749 859.761
internal_count=177429 176023 32776 29385 8684 20701 18486 4631 13855 12036 9652 4956 2731 2225
is_linear=0
shrinkage=0.03


Tree=352
num_leaves=15
num_cat=0
split_feature=62 66 66 60 48 78 78 48 41 60 47 43 47 47
split_gain=34.9851 79.1462 58.7972 107.554 53.4898 95.7766 68.1036 81.8937 112.35 69.0297 44.671 41.4054 40.413 83.74
threshold=-0.0006005199999999999 1.0359750000000003 1.0609750000000002 0.054906500000000004 2637866.1550000007 1.0565500000000003 3.2012000000000005 885687.97000000009 67.885000000000005 0.026461500000000002 64.845000000000013 -0.0022654999999999997 0.72500000000000009 2.6350000000000002
decision_type=2 2 2 2 2 2 2 2 2 2 2 2 2 2
left_child=1 -1 3 -3 6 -6 7 8 9 10 -4 -9 -2 -14
right_child=12 2 4 -5 5 -7 -8 11 -10 -11 -12 -13 13 -15
leaf_value=-0.0087487995353754764 0.0034672009007275296 0.016423962985198791 -0.0091505245709575713 -0.0048991084935328189 0.0059218269424267693 -0.025849191169813903 0.015589195983835492 0.0025389140947682186 0.0059829342394068247 -0.017171535905825 0.005439544579985264 0.017663937087630751 -0.0049780297658793419 -0.0001397081827874117
leaf_weight=519.5235193297267 2437.2052228804678 703.58005168661475 389.65053207427263 301.82499119080603 172.63744349777699 165.19629402272403 342.82209428399801 311.14949895441532 1010.0644344314933 432.34894731640816 362.50523582845926 354.33963816799223 3471.6062470097095 44406.827383382246
leaf_count=1739 10567 1804 1214 1705 1309 1590 972 1392 2193 1569 914 1159 15030 134959
internal_value=-5.90588e-05 0.00231639 0.00358915 0.00999441 0.00175956 -0.00955569 0.00296504 0.00143644 -0.00134794 -0.00762428 -0.00208105 0.0106517 -0.00029885 -0.000491252
internal_weight=55381.3 5065.64 4546.12 1005.41 3540.71 337.834 3202.88 2860.06 2194.57 1184.5 752.156 665.489 50315.6 47878.4
internal_count=178116 17560 15821 3509 12312 2899 9413 8441 5890 3697 2128 2551 160556 149989
is_linear=0
shrinkage=0.03


Tree=353
num_leaves=15
num_cat=0
split_feature=43 34 65 74 9 78 91 86 71 89 87 61 10 84
split_gain=34.7752 70.6353 34.3296 71.3074 193.346 200.088 80.4231 71.1309 90.7365 66.4111 55.8207 55.8922 53.5815 53.3633
threshold=1.2200050000000002 1.1045150000000004 1.0323350000000002 0.15504100000000001 1.1675150000000001 0.59940000000000004 -0.0015762549999999997 24.395000000000003 0.04575400000000001 0.097517500000000021 -71.276999999999987 0.065476500000000007 1.1812750000000003 31.945000000000004
decision_type=2 2 2 2 2 2 2 2 2 2 2 2 2 2
left_child=2 -2 3 4 5 7 -7 8 -1 10 13 -12 -5 -4
right_child=1 -3 9 12 -6 6 -8 -9 -10 -11 11 -13 -14 -15
leaf_value=-0.013158965882967368 -0.011602397544926044 0.0051593690220947796 0.00025103141475217225 0.010137268428725225 -0.02479847010404998 -0.0040175566934143609 -0.029418385199605941 0.011521090513737313 0.010824958955427512 0.01011876531174489 0.010989730240835204 0.00034718545981258055 -0.0016478205917829288 -0.017334094051690035
leaf_weight=332.88743803836405 617.40539336204529 353.18965493142605 301.7833620980382 521.06430354714394 403.96857108175755 201.66557365655899 261.78040001913905 643.86081757768989 245.09268996119499 631.203244805336 447.42334146425128 49031.189935123548 1027.1473591029644 311.85873677767813
leaf_count=1903 1958 831 1016 1063 1184 849 1774 2156 496 1292 1243 158106 2403 1309
internal_value=0.000151164 -0.00547305 0.000252233 -0.00256137 -0.0061799 -0.00168712 -0.0184624 0.00466114 -0.00293563 0.000454639 0.000332065 0.00044425 0.00230317 -0.00865075
internal_weight=55331.5 970.595 54360.9 3637.47 2089.26 1685.29 463.446 1221.84 577.98 50723.5 50092.3 49478.6 1548.21 613.642
internal_count=177583 2789 174794 11828 8362 7178 2623 4555 2399 162966 161674 159349 3466 2325
is_linear=0
shrinkage=0.03


Tree=354
num_leaves=15
num_cat=0
split_feature=44 73 43 73 79 63 63 46 77 37 18 79 68 68
split_gain=35.9704 75.2982 66.5888 46.0965 60.1299 84.1351 82.9774 59.1261 83.7309 62.2958 81.2909 54.6226 45.2508 92.188
threshold=0.0017371500000000002 -0.0016579649999999997 1.2200050000000002 -0.0010380599999999997 41564.251852000009 1.0495100000000004 1.0700350000000003 18.849250000000001 2973930.5400000005 1.0953750000000002 29.965000000000003 24604.119215500006 1.1490850000000001 1.1384650000000003
decision_type=2 2 2 2 2 2 2 2 2 2 2 2 2 2
left_child=2 -2 -1 -3 11 -6 -7 8 9 -8 -11 -5 13 -12
right_child=1 3 -4 4 5 6 7 -9 -10 10 12 -13 -14 -15
leaf_value=-0.00017826896438198246 0.012610246430027939 -0.008099140064008482 -0.014325660080566278 0.00071268836574640197 -0.0094666723269413635 0.011170938498132834 -0.011029078000631775 -0.0095774037711374715 0.010148991407654118 0.0080399694502520536 0.00072772860981461132 0.013799902504250722 0.0062554271368439667 -0.013592574231025284
leaf_weight=46534.785332692787 547.25318943150342 459.21616780012846 300.44836244359612 528.09942077472806 676.87151566334069 726.94353256933391 445.3930608201772 488.33079591393471 806.19188806414604 995.7298826649785 1104.1603631787002 641.52004960179329 440.19758883118629 634.21998269855976
leaf_count=156603 1185 1173 1194 1212 1822 1706 1388 1235 1645 2180 2613 1250 966 1672
internal_value=5.52363e-05 0.00185172 -0.000269969 0.00110557 0.00167511 0.000512819 0.00171702 0.000310444 0.00141011 -0.000530219 0.000936457 0.00792213 -0.00229867 -0.00448437
internal_weight=55329.4 8494.13 46835.2 7946.87 7487.66 6318.04 5641.17 4914.22 4425.89 3619.7 3174.31 1169.62 2178.58 1738.38
internal_count=177844 20047 157797 18862 17689 15227 13405 11699 10464 8819 7431 2462 5251 4285
is_linear=0
shrinkage=0.03


Tree=355
num_leaves=15
num_cat=0
split_feature=70 34 67 41 86 86 87 38 41 67 64 75 70 70
split_gain=34.5314 101.719 250.381 88.4602 82.6354 150.366 71.8774 84.1181 80.5197 66.5805 59.3953 130.75 80.6282 58.2219
threshold=72.27500000000002 1.1185050000000001 1.1193200000000003 70.845000000000013 13.515000000000002 31.065000000000001 377.09800000000007 1.1772750000000003 53.545000000000009 1.0282650000000002 1.0794250000000003 4.9725500000000009 89.885000000000005 69.735000000000014
decision_type=2 2 2 2 2 2 2 2 2 2 2 2 2 2
left_child=13 3 6 4 -2 -6 7 9 -8 -3 12 -12 -11 -1
right_child=1 2 -4 -5 5 -7 8 -9 -10 10 11 -13 -14 -15
leaf_value=-0.0001060054878650156 0.01893880594378744 -0.0079504181440903134 -0.019071855406445681 -0.0040220885605735885 -0.0086990801514611783 0.013925437747855918 0.0038437513827227865 0.011971808408755837 -0.014882574373039381 0.0092067173450908063 0.007924353614645864 -0.015205723667669237 -0.0032226169913815951 -0.0039875178151863597
leaf_weight=43245.48827839084 635.39735911414027 592.91263073682785 580.0164759978652 495.41679765284061 423.59123541042209 695.67789943516254 372.36549231410027 800.71868495643139 456.89385089278221 1602.4313771724701 438.14213171973825 438.14460211247206 659.40129213780165 3783.1338848434389
leaf_count=147020 1467 1491 1615 1315 1329 1694 905 1619 1382 3369 1212 1349 1608 10179
internal_value=-0.000105351 0.00169139 -0.000361473 0.00712278 0.010287 0.00533621 0.00166042 0.003151 -0.00644319 0.00124722 0.00299655 -0.00361067 0.00557006 -0.000418963
internal_weight=55219.7 8191.11 5941.03 2250.08 1754.67 1119.27 5361.01 4531.75 829.259 3731.03 3138.12 876.287 2261.83 47028.6
internal_count=177554 20355 14550 5805 4490 3023 12935 10648 2287 9029 7538 2561 4977 157199
is_linear=0
shrinkage=0.03


Tree=356
num_leaves=15
num_cat=0
split_feature=90 70 91 72 41 40 37 54 59 83 90 17 41 65
split_gain=34.539 43.9447 90.2672 78.6334 50.7402 109.329 88.9897 43.2047 40.5779 45.6177 83.3585 59.8563 69.3254 113.871
threshold=5.5593255000000008 87.455000000000013 0.00015677500000000003 1.2802845000000003 48.425000000000004 1.1165150000000001 1.1499850000000003 8.8449630000000017 5.3075000000000009e-05 2.4348045000000007 1.3698660000000003 -10.242299999999998 70.355000000000004 1.1806450000000004
decision_type=2 2 2 2 2 2 2 2 2 2 2 2 2 2
left_child=1 3 -3 7 -4 -6 -7 8 9 11 -11 -1 -13 -14
right_child=-2 2 4 -5 5 6 -8 -9 -10 10 -12 12 13 -15
leaf_value=0.0090342131439250344 0.0097625735544293202 -0.017129870094670801 0.0069440355738064974 0.013011961769022641 0.0047830824165288333 -0.022691348851168122 -0.0017588360844707162 -0.010534322863821237 0.0010092768073132218 0.010108199662794113 -0.00015376245048790644 -0.0037312701759936516 0.0075189415575604929 -0.0082626379602629644
leaf_weight=410.78488088212907 323.30704139173031 397.03255639970303 485.19431065768003 421.2839730232954 632.87074539810419 365.06807209551334 372.14338232576847 346.13343278318644 23451.530572898686 743.15982781350613 16609.381508469582 8814.8120757415891 1311.894663143903 597.06661935150623
leaf_count=2355 698 1135 1153 850 1409 1145 877 971 73880 2225 53723 32896 2918 1499
internal_value=4.5199e-07 -5.6607e-05 -0.00415971 0.000118239 -0.00136018 -0.00432579 -0.012182 1.35274e-05 8.46002e-05 -0.00067558 0.000284557 -0.00217448 -0.00260744 0.00256548
internal_weight=55281.7 54958.4 2252.31 52706 1855.28 1370.08 737.211 52284.8 51938.6 28487.1 17352.5 11134.6 10723.8 1908.96
internal_count=177734 177036 5719 171317 4584 3431 2022 170467 169496 95616 55948 39668 37313 4417
is_linear=0
shrinkage=0.03


Tree=357
num_leaves=15
num_cat=0
split_feature=19 78 42 42 61 66 69 84 88 48 71 87 85 86
split_gain=33.8031 59.5724 102.932 31.9587 39.9138 94.415 102.496 83.8997 80.5879 104.496 92.7563 88.5516 74.3947 122.987
threshold=-7153089.584999999 -0.29329999999999995 0.00085250000000000007 0.00038350000000000005 1.5158540000000003 1.1915450000000003 1.1908450000000002 15.015000000000002 0.11573081500000001 -5604279.0599999996 0.025637000000000004 1091.2880000000002 27.790000000000003 33.165000000000006
decision_type=2 2 2 2 2 2 2 2 2 2 2 2 2 2
left_child=1 -1 -3 -2 5 6 7 -5 10 -10 11 12 -9 -14
right_child=3 2 -4 4 -6 -7 -8 8 9 -11 -12 -13 13 -15
leaf_value=0.008344559779425987 -0.0077180778654770965 0.0059184632479519078 -0.027353659083549694 0.0057204381549837476 -0.00050334346119632317 -0.015027045093509809 0.012789407035006552 0.0014582095973699662 0.007503230055413224 -0.0077544187110558556 0.0080628070348962352 0.012186837343172767 -0.0016132592040337137 -0.017341527459886291
leaf_weight=142.17385357059538 472.27945421636105 133.86005361378193 215.40809835121036 2903.6529816854745 34542.017852278426 316.70538987964392 691.74660143256187 7230.0364895239472 501.2331188172102 2035.157907128334 1526.8884931951761 529.14637180417776 3511.1614800058305 512.99724634736776
leaf_count=684 1442 626 2920 9010 108433 1164 1423 25082 1053 5115 4025 1857 12780 2218
internal_value=-2.67993e-05 -0.00785202 -0.0145357 4.30057e-05 0.000111201 0.00118703 0.00145346 0.00103298 0.000171879 -0.00472566 0.00110769 0.000203291 -0.000358515 -0.00362955
internal_weight=55264.5 491.442 349.268 54773 54300.7 19758.7 19442 18750.3 15846.6 2536.39 13310.2 11783.3 11254.2 4024.16
internal_count=177832 4230 3546 173602 172160 63727 62563 61140 52130 6168 45962 41937 40080 14998
is_linear=0
shrinkage=0.03


Tree=358
num_leaves=15
num_cat=0
split_feature=48 42 70 64 63 72 50 88 9 60 0 4 48 19
split_gain=35.2754 87.2526 109.742 129.299 129.888 89.7795 112.913 91.3282 81.4823 79.0991 61.9122 79.8495 46.7023 120.623
threshold=2630672.3900000001 0.00067950000000000009 42.305000000000007 1.0482850000000001 1.0546000000000002 -0.24071849999999997 75069.025738000011 -0.011004164999999998 1.0898650000000003 0.043988500000000007 1.1070900000000001 856.0150000000001 171096.96000000005 -397054.64999999997
decision_type=2 2 2 2 2 2 2 2 2 2 2 2 2 2
left_child=12 -2 3 -3 -5 -6 8 9 -7 -8 11 -4 -1 -14
right_child=1 2 10 4 5 6 7 -9 -10 -11 -12 -13 13 -15
leaf_value=-0.00020538940503049313 0.010982815929798634 0.01963538168161745 -0.024924121163612485 -0.022218528653323577 -0.018980837785737201 0.0013865947577593235 0.0085554042724861126 -0.024534668556002986 0.025562867722757648 -0.015108732451976572 0.0059147565654373178 -0.0024202241546668933 0.0029287478400794654 -0.01100898804291626
leaf_weight=42262.679504567757 350.65016762167215 236.95547806471586 456.28605512157083 290.20645843818784 197.71921361237764 251.69894277490675 390.89543348550797 162.20253706164658 255.03663019835949 186.96409725025296 112.8601886369288 210.57190405204892 9270.2945441845804 592.97952141612768
leaf_count=117607 1476 1129 4962 2627 2242 1457 1932 1833 1110 1371 709 2033 34293 2661
internal_value=4.2265e-05 -0.00306454 -0.00486903 -0.00108252 -0.00393946 -0.000233571 0.00272819 -0.00471107 0.0136398 0.000834269 -0.0143919 -0.0178773 0.000227783 0.00208674
internal_weight=55228 3102.05 2751.4 1971.68 1734.72 1444.52 1246.8 740.062 506.736 577.86 779.718 666.858 52126 9863.27
internal_count=177442 22881 21405 13701 12572 9945 7703 5136 2567 3303 7704 6995 154561 36954
is_linear=0
shrinkage=0.03


Tree=359
num_leaves=15
num_cat=0
split_feature=78 73 63 77 67 89 67 10 75 86 10 13 37 38
split_gain=32.4778 31.9043 33.8881 94.8159 112.458 78.3379 113.339 79.0329 119.295 98.9958 95.6069 82.8523 105.245 141.999
threshold=4.356650000000001 -0.0048325099999999991 1.0728550000000003 -34981458.119999997 1.0727650000000002 0.04381100000000001 1.0154950000000003 1.1359750000000002 -5.349499999999999 60.295000000000009 1.1830250000000002 0.0017815000000000003 1.0551450000000002 1.0396450000000002
decision_type=2 2 2 2 2 2 2 2 2 2 2 2 2 2
left_child=1 -1 3 4 -3 6 -5 8 -8 11 -9 -10 13 -13
right_child=-2 2 -4 5 -6 -7 7 10 9 -11 -12 12 -14 -15
leaf_value=-0.0089107387191516754 -0.008057591642637545 -0.02267878528051263 -0.00030296343565684448 -0.014627204699831104 0.003231283779636791 4.9558343903002879e-05 0.016330090534721519 0.013807835025344613 -0.0077033191378990951 0.016079367014641816 -0.0019108279584017904 -0.0026136806819961156 -0.010240626926828872 0.014160868761741763
leaf_weight=347.64041925780475 438.05586232990026 315.66708594933152 37858.111337861046 269.88307024538517 283.98269358277321 9631.1507735345513 516.10284092277288 1499.8584185391665 1037.0982463266701 349.8444831520319 449.00976106524467 901.64344253391027 460.68378395959735 908.63246258161962
leaf_count=1418 1290 2870 120270 1101 1333 24829 1949 3344 4461 1371 1065 4595 4206 3639
internal_value=6.81522e-05 0.000133765 0.00019219 0.0013216 -0.0103734 0.00176174 0.00433616 0.00517918 0.00283902 0.000923388 0.0101718 -0.000674745 0.00252383 0.00579258
internal_weight=55267.4 54829.3 54481.7 16623.6 599.65 16023.9 6392.76 6122.87 4174.01 3657.9 1948.87 3308.06 2270.96 1810.28
internal_count=177741 176451 175033 54763 4203 50560 25731 24630 20221 18272 4409 16901 12440 8234
is_linear=0
shrinkage=0.03


Tree=360
num_leaves=15
num_cat=0
split_feature=76 87 76 41 76 61 73 84 46 61 48 70 45 88
split_gain=32.5526 101.886 96.3151 41.3359 100.919 75.8472 86.1184 94.1529 63.4986 64.4031 62.0766 115.416 56.5232 53.8023
threshold=1.9150000000000003 3.1815000000000002 3.1500000000000008 35.395000000000003 23.735000000000003 0.52304250000000019 -0.00048316999999999994 72.930000000000021 -0.48924999999999996 2.1099270000000003 -3007746.2249999992 61.235000000000007 -0.013203499999999998 -0.00019112999999999999
decision_type=2 2 2 2 2 2 2 2 2 2 2 2 2 2
left_child=1 -1 -2 4 13 -6 -7 8 9 10 -8 -12 -11 -4
right_child=2 -3 3 -5 5 6 7 -9 -10 12 11 -13 -14 -15
leaf_value=-0.023890099977427377 0.011704998624502055 0.0012010667958692013 -0.0041264331807593499 0.00019926496855013877 -0.012879323370501282 0.013120898025100953 -0.0032635488471934519 0.010171157707945033 0.0045427407202400984 0.0097884715255919571 -0.0077491604218401459 -0.03552747167602395 -0.0074339493265734675 -0.025862447083083152
leaf_weight=208.90516251884401 635.0207992400974 468.95818029157817 182.26429690420628 49753.750944338739 446.56416291184723 410.30402438342571 438.93412718176842 500.01016050949693 560.45027887262404 299.66619731858373 360.36962499469519 218.28107073903084 398.22896576672792 245.9303313922137
leaf_count=1341 2192 2223 904 155468 1945 1208 1048 1768 1854 1162 1802 1097 1931 1475
internal_value=1.69373e-05 -0.00651118 9.88771e-05 -3.7734e-05 -0.00294807 -0.00131339 0.000301737 -0.00158627 -0.00418582 -0.00705592 -0.011866 -0.0183228 0 -0.0167114
internal_weight=55127.6 677.863 54449.8 53814.8 4061 3632.81 3186.24 2775.94 2275.93 1715.48 1017.58 578.651 697.895 428.195
internal_count=177418 3564 173854 171662 16194 13815 11870 10662 8894 7040 3947 2899 3093 2379
is_linear=0
shrinkage=0.03


Tree=361
num_leaves=15
num_cat=0
split_feature=68 64 66 68 77 77 5 74 79 77 71 39 62 78
split_gain=36.1899 52.3735 84.3938 49.9773 46.3203 112.714 114.326 122.791 107.577 95.3577 74.1935 181.329 85.0268 83.0214
threshold=1.1784750000000004 1.2086400000000002 1.1948050000000003 1.1662150000000002 -95201.019999999975 -243749.29499999995 1.1131550000000001 0.061015000000000007 1513992.2901070002 -314353.15499999997 0.0027825000000000007 1.1099150000000002 -3.0149999999999995e-06 3.1703500000000004
decision_type=2 2 2 2 2 2 2 2 2 2 2 2 2 2
left_child=1 2 3 4 5 9 8 -8 -7 -1 11 12 -6 -12
right_child=-2 -3 -4 -5 10 6 7 -9 -10 -11 13 -13 -14 -15
leaf_value=0.00046219685077289284 -0.007414704148893358 0.0114000035038281 -0.014312761075469657 0.0096784673120293777 0.012310218491556505 0.031420044264990996 -0.0093802866215716655 0.0145461194670417 0.0074826169158855446 -0.013378589323983668 -0.0012611023910057192 -0.025804037633117734 -0.0067970709694119159 0.0061418064700278193
leaf_weight=31143.490089626983 595.38395398110151 360.28923293948174 370.35419082641602 478.65562233328819 292.28748798370361 291.80443156883121 450.84077577665448 335.77776077389717 411.96451983600855 453.45262508094311 17468.284251995385 370.74032864719629 731.01454049348831 1476.9624396301806
leaf_count=111870 1986 757 1200 1143 1061 807 1723 647 1623 2084 44262 1992 2616 4058
internal_value=-6.44814e-05 1.52013e-05 -6.00285e-05 3.76015e-05 -4.83902e-05 0.000643591 0.00870357 0.000800405 0.0174809 0.000262199 -0.00117553 -0.00785462 -0.00130345 -0.000682098
internal_weight=55231.3 54635.9 54275.6 53905.3 53426.6 33087.3 1490.39 786.619 703.769 31596.9 20339.3 1394.04 1023.3 18945.2
internal_count=177829 175843 175086 173886 172743 118754 4800 2370 2430 113954 53989 5669 3677 48320
is_linear=0
shrinkage=0.03


Tree=362
num_leaves=15
num_cat=0
split_feature=83 83 62 19 19 76 19 76 62 78 7 3 61 35
split_gain=34.0135 93.3434 100.604 79.1871 81.4664 100.717 94.0538 123.577 89.3275 85.7379 80.7694 95.6968 80.3653 78.8859
threshold=4.7543585000000013 5.052807500000001 2.8850000000000003e-06 349495.61500000005 -397054.64999999997 66.215000000000018 -1387618.1249999998 34.055000000000007 -4.8499999999999991e-07 0.077100000000000016 1.1723350000000001 1.1830450000000001 1.9067075000000002 1.0977050000000002
decision_type=2 2 2 2 2 2 2 2 2 2 2 2 2 2
left_child=-1 2 -2 4 6 -6 8 -8 9 -3 -11 -12 -13 -9
right_child=1 3 -4 -5 5 -7 7 13 -10 10 11 12 -14 -15
leaf_value=0.00031873998217968325 -0.026216138542673777 0.012029249630663869 -0.003368395824510588 0.0099751613883641323 -0.025245057577318052 0.0036405287658675353 0.02354746792104434 0.010846076631665947 -0.0043473236186975838 -0.010656834811239146 0.011227138055386337 -0.012493216706963692 0.0057239805369445184 -0.010105988811069831
leaf_weight=44835.798995468765 274.39769139885902 638.42299493588507 479.47627051919699 576.73340104147792 274.47376069799066 176.29517886042595 310.87056041508913 327.65827909111977 4923.2196337897331 527.99739793129265 692.22932156920433 450.84202417731285 417.68228556215763 317.14869498088956
leaf_count=144627 1284 1432 1853 2095 2005 1106 1036 1351 13787 2095 1432 1196 910 1454
internal_value=-3.90773e-05 -0.00158631 -0.0117481 -0.000786853 -0.00147651 -0.0138985 -0.000820846 0.00804159 -0.00193276 0.00241513 -0.000513405 0.0029035 -0.00370137 0.000494646
internal_weight=55223.2 10387.4 753.874 9633.57 9056.84 450.769 8606.07 955.678 7650.39 2727.17 2088.75 1560.75 868.524 644.807
internal_count=177663 33036 3137 29899 27804 3111 24693 3841 20852 7065 5633 3538 2106 2805
is_linear=0
shrinkage=0.03


Tree=363
num_leaves=15
num_cat=0
split_feature=42 41 76 63 86 78 85 85 78 43 34 35 89 85
split_gain=32.4382 66.5219 115.601 83.6448 65.5286 82.531 67.9419 105.746 94.0428 85.0758 82.2454 115.336 78.3456 72.7646
threshold=0.008743500000000003 70.925000000000026 95.145000000000024 1.2113000000000003 73.735000000000014 4.2634500000000006 15.455000000000002 10.020000000000001 -1.3565499999999997 -0.10843049999999999 1.1512450000000003 1.0725450000000001 0.027314000000000001 8.2450000000000028
decision_type=2 2 2 2 2 2 2 2 2 2 2 2 2 2
left_child=-1 3 -3 4 5 6 7 9 -8 -2 11 12 -9 -11
right_child=1 2 -4 -5 -6 -7 8 10 -10 13 -12 -13 -14 -15
leaf_value=-0.00078897498558746202 0.011993725083755567 -0.0073258786519051272 0.0058781953847758788 0.013838678245971646 0.0098026564754702516 0.013022544082370538 0.0086280044219587439 0.01045529104163621 0.00077739660245457101 -0.0024180754730359481 0.0033323935214864789 -0.017108970594652152 -0.0097382727036613662 0.0074838127127658466
leaf_weight=27247.065124394372 508.77488096617162 2113.9292046278715 828.04722908139229 459.62475204467773 726.32606826722622 475.23487471789122 1522.6798746474087 296.16707730293274 14072.284190978855 4265.2460239883512 489.71052622050047 1001.96035428904 411.50944565236568 790.17002963647246
leaf_count=91262 1666 5237 1795 916 2045 1186 3623 1219 46137 13759 1105 3713 1716 2271
internal_value=-5.18249e-05 0.000665416 -0.00359854 0.00116812 0.000929226 0.000657152 0.000403744 -0.0018875 0.00154635 0.000308878 -0.00745543 -0.0105632 -0.00124198 -0.000863287
internal_weight=55208.7 27961.7 2941.98 25019.7 24560.1 23833.7 23358.5 7763.54 15595 5564.19 2199.35 1709.64 707.677 5055.42
internal_count=177650 86388 7032 79356 78440 76395 75209 25449 49760 17696 7753 6648 2935 16030
is_linear=0
shrinkage=0.03


Tree=364
num_leaves=15
num_cat=0
split_feature=75 48 73 64 31 89 31 2 79 34 48 60 90 75
split_gain=34.0689 82.676 155.977 99.5366 92.8651 120.321 106.449 97.2399 193.988 90.7713 84.7336 149.52 118.302 84.8169
threshold=-0.13249999999999998 1978281.03 0.00012704500000000003 1.0996850000000002 0.024126500000000006 0.004399000000000001 0.038897500000000008 1.1397550000000003 742206.88246450003 1.1003650000000003 901280.04000000015 0.00044450000000000007 2.1925430000000006 0.018550000000000001
decision_type=2 2 2 2 2 2 2 2 2 2 2 2 2 2
left_child=-1 10 3 4 7 -6 -7 8 -3 -10 13 -12 -13 -2
right_child=1 2 -4 -5 5 6 -8 -9 9 -11 11 12 -14 -15
leaf_value=0.0014303495878445138 -0.0037049445480589419 -0.024398751431101186 -0.017772525842895664 -0.023903160173609456 -0.029035997829623052 -0.011753046247548048 0.0079327753973158412 0.026286189143979555 -0.002792169496886006 0.024763931284592065 0.016910714773968921 -0.003455530159696157 0.013786305314989398 0.00024351814496293903
leaf_weight=12488.014629837126 5790.3922376520932 173.53680563718081 684.34074691310525 160.98436995223165 159.1727683134377 451.68957008235157 542.92299775220454 202.8325380384922 184.70014948584139 250.25373645871878 714.1697864793241 1439.1209146324545 475.41844352707267 31620.413908086717
leaf_count=52952 15936 1348 5064 1389 1960 2929 2775 435 1406 1077 1633 4646 1171 83107
internal_value=5.10919e-05 -0.000350197 -0.00532312 -0.00129536 0.000552658 -0.00489826 -0.000979962 0.00833784 0.00227246 0.013014 -2.67177e-07 0.00520426 0.000815263 -0.0003669
internal_weight=55338 42849.9 2810.43 2126.09 1965.11 1153.79 994.613 811.323 608.491 434.954 40039.5 2628.71 1914.54 37410.8
internal_count=177828 124876 18383 13319 11930 7664 5704 4266 3831 2483 106493 7450 5817 99043
is_linear=0
shrinkage=0.03


Tree=365
num_leaves=15
num_cat=0
split_feature=64 64 19 50 68 65 68 48 3 84 74 74 13 2
split_gain=33.6649 119.053 149.917 131.168 103.284 187.733 117.418 125.747 166.196 123.416 177.147 127.161 109.382 101.401
threshold=1.0950450000000003 1.0912350000000002 222058.89000000004 131085.01420500004 1.0944450000000001 1.0911050000000002 1.0981300000000001 529630.43000000005 1.0907550000000004 69.495000000000019 0.056822000000000004 0.028840500000000002 0.0014935000000000003 1.0884450000000003
decision_type=2 2 2 2 2 2 2 2 2 2 2 2 2 2
left_child=1 2 -1 -3 12 -6 13 9 -9 -8 11 -11 -2 -7
right_child=4 3 -4 -5 5 6 7 8 -10 10 -12 -13 -14 -15
leaf_value=-0.00052336182441312801 0.0034940010705834077 0.001014413472922505 0.014657629008287527 -0.0154833198035099 0.020115218411843459 0.0053468759796092297 0.0019335318619086582 0.0095397977914965376 -0.019280802950971683 -0.0039474002170821415 0.0081646338067895806 -0.018410343641597965 0.019215457020705137 -0.014401499867224032
leaf_weight=28291.707497874275 3241.8570954911411 767.00412266515195 596.76691158488393 987.26998323015869 408.33009393513203 310.64311438798904 14635.196178846061 251.14794340357184 621.16801740601659 2073.7962751016021 802.20501172542572 746.72462499141693 454.93496572226286 918.95008552074432
leaf_count=95928 7284 2644 1756 4404 1170 1235 41102 1463 4374 7053 1681 2089 1486 3867
internal_value=-7.15113e-06 -0.000670222 -0.000208224 -0.00825662 0.000822123 0 -0.000404762 0.000171502 -0.0109473 0.000704943 -0.00424923 -0.00779222 0.0054415 -0.00938762
internal_weight=55107.7 30642.7 28888.5 1754.27 24465 20768.2 20359.8 19130.2 872.316 18257.9 3622.73 2820.52 3696.79 1229.59
internal_count=177536 104732 97684 7048 72804 64034 62864 57762 5837 51925 10823 9142 8770 5102
is_linear=0
shrinkage=0.03


Tree=366
num_leaves=15
num_cat=0
split_feature=55 41 32 19 53 88 84 85 53 84 57 64 64 65
split_gain=33.9519 48.3576 48.1128 76.3293 63.6711 56.4172 49.6782 69.6422 55.6202 39.4929 47.5095 37.7968 148.472 124.651
threshold=15.225000000000003 36.785000000000004 0.53215400000000013 -4237246.8099999996 1.0000000180025095e-35 -0.0011892649999999999 11.135000000000002 22.570000000000004 0.0022350000000000004 55.905000000000008 39.665000000000006 1.0946450000000001 1.0918750000000002 1.0930450000000003
decision_type=2 2 2 2 2 2 2 2 2 2 2 2 2 2
left_child=1 -1 -3 6 9 -6 -4 -8 -9 10 -5 12 -2 -13
right_child=11 2 3 4 5 -7 7 8 -10 -11 -12 13 -14 -15
leaf_value=-0.0092315412217269244 -6.8251059303600531e-05 0.0021648405885717897 0.0043794541090727288 0.010640767288107381 0.0029513139845628272 -0.014979783975449561 -0.0027303518042841464 -0.015678746448516731 -0.00070957728363750517 0.013358656502251688 -0.0051030318345248486 0.012293188414934476 -0.011838078662179912 0.00070400931745676564
leaf_weight=726.75831937976182 24897.072016794235 2613.0913007594645 390.10190639644861 308.74285482242703 330.62429682910442 297.10468335449696 1567.5299036484212 972.78055346757174 295.56211952865124 444.89572881534696 386.11206437647343 871.10976590961218 1002.7270208764821 20087.655895931646
leaf_count=2993 84121 6607 1090 1185 1388 1437 4804 3496 818 1711 1775 2512 4187 59702
internal_value=-7.31047e-05 -0.00183782 -0.00112633 -0.00285471 0.0021432 -0.0054981 -0.00560213 -0.00698682 -0.0122174 0.00637915 0.00185449 0.000240124 -0.000525525 0.00118769
internal_weight=55191.9 8333.3 7606.55 4993.45 1767.48 627.729 3225.97 2835.87 1268.34 1139.75 694.855 46858.6 25899.8 20958.8
internal_count=177826 27304 24311 17704 7496 2825 10208 9118 4314 4671 2960 150522 88308 62214
is_linear=0
shrinkage=0.03


Tree=367
num_leaves=15
num_cat=0
split_feature=35 83 38 68 71 87 37 16 88 71 8 13 41 72
split_gain=37.5488 83.2502 46.4384 138.468 128.072 120.726 102.437 78.9474 56.4749 125.941 65.1541 139.548 84.3851 92.722
threshold=0.99638000000000015 3.7693030000000003 1.0189150000000002 1.0585450000000003 0.017036500000000003 397.14050000000003 1.0218350000000003 -0.0008324999999999998 -0.082706089999999982 0.028108500000000005 1.0411750000000002 0.00069350000000000011 48.035000000000004 -0.16612449999999998
decision_type=2 2 2 2 2 2 2 2 2 2 2 2 2 2
left_child=1 -1 3 4 -2 -5 7 -4 9 -8 11 -10 -13 -14
right_child=2 -3 6 5 -6 -7 8 -9 10 -11 -12 12 13 -15
leaf_value=-0.019707711423495665 0.0078663700739442094 0.0092905424604564791 -0.027967656173027867 0.0048463408993471473 -0.020975953723055208 0.03410527072012344 -0.023791971386411277 0 -0.011344880242177429 0.0055652775002351567 3.4284353809580652e-05 0.00043962022522553982 0.030143546674977369 0.0071393664620521295
leaf_weight=246.67878541350365 334.87852726504207 136.80064209736884 206.97091404534876 301.48705238103867 234.07952984236181 222.3542389087379 272.50986952334642 157.66172581166029 290.7132714651525 250.23123678565025 51540.788915645331 357.35845868662 320.08224669471383 319.80175301060081
leaf_count=2107 1459 707 1609 2121 1207 867 2358 712 1715 1013 157805 1720 957 1320
internal_value=5.38238e-05 -0.00928773 0.000119899 0.00623939 -0.00396323 0.0173643 -4.151e-06 -0.0158297 0.000103742 -0.00969786 0.000201478 0.00686367 0.0122079 0.0187224
internal_weight=55192.4 383.479 54808.9 1092.8 568.958 523.841 53716.1 364.633 53351.5 522.741 52828.7 1287.96 997.242 639.884
internal_count=177677 2814 174863 5654 2666 2988 169209 2321 166888 3371 163517 5712 3997 2277
is_linear=0
shrinkage=0.03


Tree=368
num_leaves=15
num_cat=0
split_feature=55 71 72 41 31 19 79 76 79 40 47 85 41 35
split_gain=34.9924 42.2733 29.7806 100.459 107.86 93.9404 87.9178 137.454 144.671 83.833 89.0285 82.8081 105.336 100.544
threshold=94.295000000000016 0.0065195000000000001 0.16908050000000002 70.395000000000024 9.5500000000000017e-05 349495.61500000005 180354.68233650003 34.985000000000007 53745.375737000009 1.1433350000000002 67.635000000000005 28.280000000000005 69.035000000000011 1.1253250000000004
decision_type=2 2 2 2 2 2 2 2 2 2 2 2 2 2
left_child=2 -2 6 4 -4 11 7 -1 -9 10 -10 12 -6 -14
right_child=1 -3 3 -5 5 -7 -8 8 9 -11 -12 -13 13 -15
leaf_value=-0.0011621861233687607 -0.014801251333167596 -0.0017608226262774301 0.0065259003020431642 0.0040866556736271304 0.0013446489555582206 0.013073865727644371 0.00048601616151734657 -0.029149362434863702 -0.02137141755540346 0.0043766709784127753 -0.0017551533273214911 -0.0040024258512993908 0.0013585960286397207 -0.019316848669895619
leaf_weight=5777.4484422709793 296.60046447813511 931.68505770526826 1917.5775698162615 6666.6166643276811 8932.7197657767683 415.53224431723356 21462.00315529108 320.38124449551105 437.11109249666333 418.68673538044095 404.05397812277079 6403.4097727499902 390.71135855466127 454.20453616976738
leaf_count=14163 1385 2775 4223 15246 26815 1164 83425 1194 2139 943 1208 20550 1084 1349
internal_value=6.04087e-05 -0.00494365 0.000174875 0.000928965 -0.000206602 -0.000986633 -0.000482968 -0.00331321 -0.0111528 -0.00653301 -0.0119976 -0.00135035 0.000383671 -0.00973021
internal_weight=55228.7 1228.29 54000.5 25180.8 18514.2 16596.6 28819.7 7357.68 1580.23 1259.85 841.165 16181 9777.64 844.916
internal_count=177663 4160 173503 70431 55185 50962 103072 19647 5484 4290 3347 49798 29248 2433
is_linear=0
shrinkage=0.03


Tree=369
num_leaves=15
num_cat=0
split_feature=84 84 48 60 89 63 47 64 68 89 79 89 87 84
split_gain=29.6095 126.779 71.0528 71.566 84.0224 74.5704 71.2884 78.3201 85.7083 69.3981 67.6727 83.1246 66.2165 64.267
threshold=42.090000000000011 43.095000000000006 2274973.1600000006 0.071830500000000019 0.040921500000000006 1.0563400000000003 0.33500000000000008 1.0579050000000001 1.0757100000000002 0.067383000000000012 3565750.1670470005 0.014549500000000002 79.199000000000012 55.905000000000008
decision_type=2 2 2 2 2 2 2 2 2 2 2 2 2 2
left_child=2 12 3 -1 5 -5 -4 -8 -9 -6 11 -10 -2 -3
right_child=1 13 6 4 9 -7 7 8 10 -11 -12 -13 -14 -15
leaf_value=0.00089429869549856463 -0.024488162693060665 -0.0025362295531915937 0.012208253320543049 0.006574038181134975 -0.01234607605358202 0.028336549805886648 -0.022032099243383022 0.008063200125583498 -0.019762563450291981 0.010611551681021245 0.0068337497385582407 -0.00091190504399715235 -0.0040137332377723021 0.00057269366835979209
leaf_weight=22323.675906723365 293.69813409075141 8395.5030021965504 198.30944981239736 316.91254569217563 228.53875098749995 263.47621289454401 255.35863102041185 386.83618883416057 514.09358306601644 243.75785150378942 210.1543591003865 362.07184720411897 283.41757954843342 20805.007678449154
leaf_count=63140 1165 27877 1030 1538 1821 677 2363 1935 3936 502 1471 2318 921 66704
internal_value=4.39172e-05 -0.000596676 0.000798967 0.00125645 0.00889988 0.0165368 -0.00473351 -0.00670049 -0.0040094 -0.000436602 -0.00833948 -0.0120167 -0.0145095 -0.000320189
internal_weight=55080.8 29777.6 25303.2 23376.4 1052.69 580.389 1926.82 1728.51 1473.16 472.297 1086.32 876.165 577.116 29200.5
internal_count=177398 96667 80731 67678 4538 2215 13053 12023 9660 2323 7725 6254 2086 94581
is_linear=0
shrinkage=0.03


Tree=370
num_leaves=15
num_cat=0
split_feature=39 46 66 38 78 61 38 43 67 34 78 31 76 75
split_gain=32.6581 73.9036 74.1547 71.2954 120.642 78.336 64.4558 88.1941 47.3082 45.6554 118.658 53.7236 89.5282 59.9796
threshold=1.0117850000000002 0.17525000000000004 1.0184250000000004 1.0189150000000002 2.1475000000000004 1.5349770000000003 1.0232750000000002 0.067851500000000009 1.0602550000000002 1.0191250000000003 1.3476500000000002 0.05244300000000001 66.50500000000001 -0.18699999999999997
decision_type=2 2 2 2 2 2 2 2 2 2 2 2 2 2
left_child=1 2 -1 4 5 -2 7 -5 -4 10 -8 -11 13 -13
right_child=3 -3 8 6 -6 -7 9 -9 -10 11 -12 12 -14 -15
leaf_value=0.0060403288708647373 0.011740543990397992 0.0052069975273240556 -0.035795463826485192 -0.027937879185216976 0.026175650878148424 -0.012912611323182374 0.0066313638523306734 0.0027165697289965032 -0.012183423765904491 -9.7913574292198685e-05 -0.027170997351683861 -0.0090969770136722274 0.017769650009463563 0.012039094410457328
leaf_weight=121.91670529544353 250.04345897212625 302.13646453246474 124.56454414315522 174.48209178261459 249.78899718262255 214.5339490827173 181.63762715086341 159.42684891447425 215.01903762109578 52068.367663875222 188.5181016176939 318.54898923821747 404.04279118403792 192.94660721905529
leaf_count=621 1118 1098 1166 1571 1001 1456 751 534 2017 160940 1301 1754 1494 893
internal_value=-8.87238e-05 -0.00624559 -0.0138033 -1.63625e-06 0.00940615 0.000288417 -0.000127547 -0.0132477 -0.0210124 -4.4627e-05 -0.01053 2.82568e-05 0.00722881 -0.00105755
internal_weight=55166 763.637 461.5 54402.3 714.366 464.577 53688 333.909 339.584 53354.1 370.156 52983.9 915.538 511.496
internal_count=177715 4902 3804 172813 3575 2574 169238 2105 3183 167133 2052 165081 4141 2647
is_linear=0
shrinkage=0.03


Tree=371
num_leaves=15
num_cat=0
split_feature=78 48 9 64 64 42 64 60 63 70 60 60 90 9
split_gain=38.1379 97.4009 76.217 151.638 64.9794 198.484 177.104 119.248 100.668 134.18 93.7401 80.9431 79.8882 119.566
threshold=2.8969500000000004 -5703286.3249999993 1.0773850000000003 1.0758250000000003 1.0872150000000003 0.00075650000000000012 1.0943050000000001 0.00047550000000000007 1.0849650000000002 71.415000000000006 0.0051850000000000012 0.020208500000000001 2.3066630000000004 1.1819750000000002
decision_type=2 2 2 2 2 2 2 2 2 2 2 2 2 2
left_child=-1 -2 3 -3 8 -6 -7 -8 9 11 -9 -4 13 -11
right_child=1 2 4 -5 5 6 7 10 -10 12 -12 -13 -14 -15
leaf_value=0.00031041581339030978 0.013575726292452571 -0.0048070554815110127 -0.01592048741652248 0.022416762918133642 -0.026543711065678269 -0.016656506634492581 0.017158249011395607 -0.010057903029224977 0.0089364975677131663 0.0059178436912654033 0.00013842492203000069 -0.00050126980298348747 0.010205438763803925 -0.013662345754349308
leaf_weight=44319.012275632471 362.60708045959473 420.64143705181777 792.61656734906137 324.33235026337206 359.99820532649755 786.17501290142536 295.42394232004881 1096.3944560140371 880.9033443517983 657.96908193081617 3093.2015970554203 505.89742068015039 746.71545159071684 486.85618475079536
leaf_count=141729 710 2441 2655 1287 1467 3288 742 4682 2194 1579 10079 1928 1586 1310
internal_value=-7.87146e-05 -0.00167677 -0.00221029 0.00701907 -0.0029227 -0.00500993 -0.00352882 -0.0012178 -2.76396e-05 -0.00251443 -0.0025245 -0.0099413 0.00257071 -0.00238744
internal_weight=55128.7 10809.7 10447.1 744.974 9702.15 5631.19 5271.2 4485.02 4070.96 3190.05 4189.6 1298.51 1891.54 1144.83
internal_count=177677 35948 35238 3728 31510 20258 18791 15503 11252 9058 14761 4583 4475 2889
is_linear=0
shrinkage=0.03


Tree=372
num_leaves=15
num_cat=0
split_feature=43 71 31 67 83 64 48 83 12 5 9 91 44 34
split_gain=29.1471 116.983 161.876 97.5203 121.515 81.3352 81.2409 77.5053 76.5499 73.2952 160.088 70.0487 67.5291 63.2177
threshold=-0.34878199999999998 0.016325500000000003 0.00011750000000000001 1.0940500000000002 3.4194485000000001 1.1092200000000003 -4845608.4149999991 5.3035430000000012 51.685000000000009 1.0887950000000002 1.1683150000000002 -0.0013625249999999996 0.00016663500000000002 1.1653750000000003
decision_type=2 2 2 2 2 2 2 2 2 2 2 2 2 2
left_child=1 2 -1 7 6 11 -5 13 -8 -6 -11 -3 -13 -4
right_child=-2 5 3 4 9 -7 8 -9 -10 10 -12 12 -14 -15
leaf_value=-0.023810738665255404 0.00022676876023310563 0.0071601893880164488 -0.023761044774376978 -0.005293637626839715 0.0034241917167247122 0.011716395370446419 0.019741757257631866 0.00049010898380246999 0 -0.032496711599674641 0.0032709718588660908 0.0016658749190961318 -0.010879169258280866 -0.0038372193554041911
leaf_weight=398.80429219081998 49010.317233229056 758.56187139451504 427.60202846303582 327.03349280357361 273.02703785896301 647.7920331582427 481.15811076015234 344.92261396162212 275.84287770837545 245.14994252473116 204.73234783858061 855.29836525768042 697.73938033729792 221.86300678178668
leaf_count=1361 157270 1629 2987 793 1232 1519 1567 1412 1301 1756 459 2098 1808 610
internal_value=-1.71501e-05 -0.00196256 -0.00594018 -0.00337779 0.000759971 0.00232905 0.00712584 -0.01092 0.0125307 -0.00874115 -0.0161819 -0.000292576 -0.00395436 -0.0170174
internal_weight=55169.8 6159.53 3200.14 2801.33 1806.94 2959.39 1084.03 994.388 757.001 722.909 449.882 2311.6 1553.04 649.465
internal_count=177802 20532 13478 12117 7108 7054 3661 5009 2868 3447 2215 5535 3906 3597
is_linear=0
shrinkage=0.03


Tree=373
num_leaves=15
num_cat=0
split_feature=89 87 44 10 14 37 14 91 68 68 63 13 67 73
split_gain=35.147 68.579 41.3526 38.1216 91.8515 57.805 49.9492 92.9598 67.1395 118.249 123.016 112.836 105.508 113.038
threshold=0.097517500000000021 23.103000000000005 0.0095052450000000007 1.2194350000000003 0.12019900000000001 1.1689550000000002 -0.063656999999999991 0.0025000950000000004 1.0959750000000004 1.0978050000000004 1.0995550000000003 0.0010265000000000003 1.0937250000000003 0.0023646200000000004
decision_type=2 2 2 2 2 2 2 2 2 2 2 2 2 2
left_child=2 -2 3 6 5 -5 7 -1 12 -10 11 -11 -8 -14
right_child=1 -3 -4 4 -6 -7 8 -9 9 10 -12 -13 13 -15
leaf_value=0.0012662225449625842 0.010542592786892747 -0.0039592351275183372 -0.0085303931961044615 0.0052036926614455617 0.012517750051173351 -0.0063340552634824259 -0.00062431862756185644 -0.012083046358008817 -0.015696813288889493 0.00027615302933185244 -0.0029279669370209896 0.022369072466351853 0.0098485710905736566 -0.0070127011291027637
leaf_weight=21867.597209790722 780.03143870830536 465.74348343908787 505.27115367352962 821.58570474386215 744.88179042935371 743.10826049745083 15182.616063835099 478.44747260585427 596.22057570330799 549.14506288617849 9987.994385343045 336.77733615040779 1751.2571751698852 446.75966700911522
leaf_count=77965 1591 1114 1269 1802 1494 1821 48834 1424 2648 1491 29726 1164 4394 1171
internal_value=0.000118215 0.00509807 2.7077e-06 8.4006e-05 0.00385359 -0.000257228 -8.55326e-05 0.000978533 -0.000910738 -0.00269234 -0.00197517 0.0087242 0.000263371 0.00640615
internal_weight=55257.4 1245.77 54011.7 53506.4 2309.58 1564.69 51196.8 22346 28850.8 11470.1 10873.9 885.922 17380.6 2198.02
internal_count=177908 2705 175203 173934 5117 3623 168817 79389 89428 35029 32381 2655 54399 5565
is_linear=0
shrinkage=0.03


Tree=374
num_leaves=15
num_cat=0
split_feature=85 62 19 85 70 76 42 77 77 50 50 68 35 61
split_gain=32.2222 67.6489 62.6462 60.7474 67.2499 52.996 50.4583 47.307 143.267 108.897 121.01 118.501 107.388 146.513
threshold=71.110000000000014 7.1975000000000015e-05 -5070500.8699999992 67.725000000000009 63.155000000000008 46.635000000000012 0.0067585000000000015 -4693568.1549999993 -3680539.9949999996 832683.46789600013 131085.01420500004 1.1490850000000001 1.1642050000000002 0.89525100000000013
decision_type=2 2 2 2 2 2 2 2 2 2 2 2 2 2
left_child=3 5 -3 7 -5 -2 -7 -1 12 10 -10 -12 13 -9
right_child=1 2 -4 4 -6 6 -8 8 9 -11 11 -13 -14 -15
leaf_value=0.0015990492978223021 0.0063562361749997971 -0.02120891767355006 -0.0036717266044698094 0.00041650230469726185 0.018150492477125125 -0.01388066051213558 0.0034358383347217916 -0.033259874956586326 0.00051663350787930996 0.0033550664738709736 -0.0048495762447570206 0.0060395128865860844 -0.0010778791472945074 -0.0078006488870702457
leaf_weight=11505.072647398338 655.62580039724708 311.49329221248627 457.35056280717254 438.67770900391042 346.9877068400383 328.84943109191954 275.35141944512725 228.50421215780079 20211.002061186358 7134.676810124889 8123.2970118056983 1008.2513807266951 2182.1602647155523 1883.4190723188221
leaf_count=43437 1910 992 1683 1573 768 1383 851 1959 54233 24083 28483 2824 5243 8216
internal_value=-0.000116446 -0.00382621 -0.0108341 2.48903e-05 0.00829994 0.00043197 -0.00594683 -9.90586e-05 -0.000579003 3.03978e-05 -0.000777064 -0.00364345 -0.00576151 -0.0105839
internal_weight=55090.7 2028.67 768.844 53062 785.665 1259.83 604.201 52276.4 40771.3 36477.2 29342.6 9131.55 4294.08 2111.92
internal_count=177638 6819 2675 170819 2341 4144 2234 168478 125041 109623 85540 31307 15418 10175
is_linear=0
shrinkage=0.03


Tree=375
num_leaves=15
num_cat=0
split_feature=75 15 76 88 49 6 19 37 87 46 62 67 48 46
split_gain=34.7182 68.9805 37.5167 36.7389 81.3003 86.8658 154.341 141.203 120.109 124.205 108.082 101.516 77.8559 82.7802
threshold=21.901150000000005 -8.8549999999999974e-06 99.725000000000009 -1.0000000180025095e-35 -0.23624999999999999 1.0956450000000002 -1409152.5849999997 1.0897350000000003 8.7440000000000015 1.4464000000000004 2.5085000000000005e-05 1.1761850000000003 -5963108.6449999986 -0.023949999999999996
decision_type=2 2 2 2 2 2 2 2 2 2 2 2 2 2
left_child=2 -2 3 4 12 7 11 -6 -8 10 -10 -7 -1 -14
right_child=1 -3 -4 -5 5 6 8 -9 9 -11 -12 -13 13 -15
leaf_value=-0.012049932962491499 -0.0044731067770589373 0.010214233867137185 -0.0067510545793930529 -0.00077989232213498787 0.0015437676617304967 0.0040560698492436232 -0.0022885457292091071 -0.01250530509495788 0.023930787052611119 0.036008305217650333 -0.0027672945479478481 -0.0062707869824351415 -0.0043711469614203914 0.0019433710019031742
leaf_weight=579.33188685774803 450.10526525974274 784.57623590528965 786.18973456323147 32501.264875493944 3449.8882381394506 5876.0749185476452 281.44714602828026 790.06263919174671 295.03195175528526 293.63762164115906 249.47753898054361 1000.0378542914987 3170.0470632333308 4542.0122752487659
leaf_count=1501 1096 1631 1952 93871 17875 16611 1440 4468 1029 658 1187 2847 14886 16761
internal_value=-0.00013428 0.00483637 -0.000248969 -0.000151879 0.000841008 0.00239604 0.00423733 -0.00106936 0.0145674 0.0202593 0.0116609 0.00254911 -0.00145016 -0.000648556
internal_weight=55049.2 1234.68 53814.5 53028.3 20527 12235.7 7995.71 4239.95 1119.59 838.147 544.509 6876.11 8291.39 7712.06
internal_count=177813 2727 175086 173134 79263 46115 23772 22343 4314 2874 2216 19458 33148 31647
is_linear=0
shrinkage=0.03


Tree=376
num_leaves=15
num_cat=0
split_feature=35 83 36 14 61 70 82 66 89 13 48 8 2 82
split_gain=35.3975 65.3753 35.7326 34.2638 67.2217 64.0216 51.8449 69.4215 112.679 92.6578 42.7325 109.631 124.58 85.2378
threshold=0.99638000000000015 3.7693030000000003 0.99865500000000018 -0.45516699999999993 2.0500585000000004 59.255000000000003 0.063230000000000022 1.1065350000000003 0.022782500000000004 0.0094555000000000021 2996007.6900000009 1.0654650000000003 1.0716650000000001 0.0075150000000000008
decision_type=2 2 2 2 2 2 2 2 2 2 2 2 2 2
left_child=1 -1 -2 4 6 -6 7 8 9 -4 -5 -12 13 -13
right_child=2 -3 3 10 5 -7 -8 -9 -10 -11 11 12 -14 -15
leaf_value=-0.018364335101728423 0.010078239090191982 0.0074459318100394108 -0.026966228018535376 0.00030063217173238391 -0.0039051037822853368 -0.024903503206419961 -0.0096767250497412343 0.018587398011202717 0.013027306406932778 -0.0012911219486278784 -0.030326215814355604 -0.015574875053175776 -0.019516055870271221 0.011108778335133251
leaf_weight=244.43650013394654 319.12052802368999 135.28086233139038 170.17531439475715 51406.875814756379 315.44437096267939 227.77618637681007 421.46967438794672 200.90460000187159 352.09826827980578 495.89548931084573 141.3785778619349 136.25156083703041 256.2726031653583 491.46477965451777
leaf_count=2104 1622 720 1065 153439 1820 802 1950 557 1318 3199 2114 2034 2448 2987
internal_value=2.05533e-05 -0.00909478 8.42699e-05 2.51426e-05 -0.00365527 -0.0127946 -0.000604814 0.00251239 -0.000645218 -0.00792645 0.000179068 -0.00588068 -0.0019073 0.00525357
internal_weight=55314.8 379.717 54935.1 54616 2183.76 543.221 1640.54 1219.07 1018.17 666.071 52432.2 1025.37 883.989 627.716
internal_count=178179 2824 175355 173733 10711 2622 8089 6139 5582 4264 163022 9583 7469 5021
is_linear=0
shrinkage=0.03


Tree=377
num_leaves=15
num_cat=0
split_feature=86 48 39 64 45 48 48 61 76 82 48 3 68 86
split_gain=33.9752 58.4064 128.306 144.454 92.9592 88.8998 181.644 162.447 80.0784 85.1288 100.796 98.3116 77.9035 74.0421
threshold=23.665000000000003 2087331.0000000002 1.1287950000000002 1.0586450000000003 -0.027252499999999995 439605.27000000008 529630.43000000005 2.0409950000000001 65.405000000000015 0.019040000000000005 3022391.2600000002 1.0859550000000002 1.0514950000000003 42.885000000000005
decision_type=2 2 2 2 2 2 2 2 2 2 2 2 2 2
left_child=-1 5 3 12 -5 -2 -7 -8 9 10 11 -6 -3 -10
right_child=1 2 -4 4 8 6 7 -9 13 -11 -12 -13 -14 -15
leaf_value=-0.00074980237370127125 0.00052906131288269463 -0.0032770376856015261 -0.027223567215199397 0.016528932315398991 0.020313772418818578 0.028253388907617201 0.0064381203030557639 -0.017609653905763235 -0.021931001653824465 0.01665275237742413 -0.022639228910586263 -0.0090158521482493446 -0.034358160359413352 0.00043939046184553508
leaf_weight=28345.921561675146 21893.474039813504 131.64969516545534 193.2505896948278 309.90924664586782 197.03252827003598 300.99937931075692 2087.8418419118971 286.18244755454361 266.43806892260909 307.22352474555373 164.65691681206226 211.61200610175729 167.98872661218047 260.01340111345053
leaf_count=92447 61088 997 1987 1236 728 667 7263 1379 1872 1410 1942 1350 1719 1559
internal_value=-2.53919e-05 0.000740306 -0.00392722 -0.00166739 0.00167464 0.00116148 0.00632414 0.0035204 -0.00158537 0.00392313 -0.00286337 0.00506759 -0.0208584 -0.0108455
internal_weight=55124.2 26778.3 2209.77 2016.52 1716.89 24568.5 2675.02 2374.02 1406.98 880.525 573.301 408.645 299.638 526.451
internal_count=177644 85197 14800 12813 10097 70397 9309 8642 8861 5430 4020 2078 2716 3431
is_linear=0
shrinkage=0.03


Tree=378
num_leaves=15
num_cat=0
split_feature=47 47 60 60 70 78 90 76 84 48 82 45 67 68
split_gain=31.2365 99.0438 85.7104 94.8887 87.1424 98.747 113.597 105.656 82.7201 81.4609 73.9748 77.5589 88.3569 121.119
threshold=2.9650000000000003 0.97500000000000009 0.025684500000000002 0.032690500000000004 42.955000000000005 -0.090649999999999994 1.7586385000000002 66.155000000000015 4.5050000000000008 2622132.0150000001 0.13736500000000004 -0.0055509999999999995 1.0940500000000002 1.0994350000000002
decision_type=2 2 2 2 2 2 2 2 2 2 2 2 2 2
left_child=1 2 -1 -4 5 -5 9 -8 -3 -7 11 12 -10 -14
right_child=-2 8 3 4 -6 6 7 -9 10 -11 -12 -13 13 -15
leaf_value=-0.006240781956835981 0.00023656993861333479 0.011748771622822573 0.015156707706990263 0.016825831586190027 -0.0090671161352266719 0.015998934841567027 -0.024037009849060518 0.004434816280905589 -0.009565598439599211 -0.004626592916959711 0.0056123069184233435 -0.018177240123405509 0.018959218085925312 -0.0078531796719372923
leaf_weight=947.34902386181056 48041.674027409405 229.80915516614914 565.58123804815114 446.52489885501564 539.96661886572838 432.09758659824729 257.95511025562882 211.19835669919848 1627.6635006163269 282.60109270829707 377.22861541807652 589.23618041910231 266.62298854440451 347.27675363048911
leaf_count=3618 145606 793 1270 2066 2706 1758 2036 1324 8532 2092 814 2450 868 1880
internal_value=-3.77361e-05 -0.00189229 0.00151932 0.00421861 0.00134871 0.00482018 0.00025619 -0.0111739 -0.00555557 0.00780635 -0.0068078 -0.00847488 -0.00590409 0.00375483
internal_weight=55162.8 7121.11 3683.27 2735.92 2170.34 1630.38 1183.85 469.153 3437.84 714.699 3208.03 2830.8 2241.56 613.9
internal_count=177813 32207 16870 13252 11982 9276 7210 3360 15337 3850 14544 13730 11280 2748
is_linear=0
shrinkage=0.03


Tree=379
num_leaves=15
num_cat=0
split_feature=42 62 90 78 78 75 75 70 39 70 85 16 41 70
split_gain=33.0249 30.6094 76.0471 54.877 84.1135 76.5183 69.9395 61.5867 58.2558 52.3923 48.5268 59.0743 40.2025 36.9386
threshold=0.00038350000000000005 -0.00067831499999999997 2.2708320000000004 1.0956000000000004 3.3318500000000006 -0.37124999999999991 0.046150000000000004 63.415000000000006 1.0803850000000002 69.735000000000014 28.585000000000004 3.9500000000000005e-05 62.07500000000001 26.745000000000001
decision_type=2 2 2 2 2 2 2 2 2 2 2 2 2 2
left_child=-1 2 3 5 10 -2 8 12 -7 -4 11 -5 -8 -3
right_child=1 13 9 4 -6 6 7 -9 -10 -11 -12 -13 -14 -15
leaf_value=-0.0078179276673896823 0.017256735868508569 -0.0051298657801235109 0.016668684146988057 -0.0080683172270339318 0.01162958070257087 0.0022146384119861124 0.01493046950500068 -0.0053925961264627235 -0.017404155880279739 0.0018671983323284972 -0.014378295904343851 0.0094536064056082014 0.0025111893858350619 1.6049397215553284e-05
leaf_weight=477.35017937421799 315.59430782310665 1287.3358996976167 504.92582672089338 526.40655546169728 261.71916645020247 262.6917999945581 497.7019018586725 366.0822898298502 276.28368349000812 383.70385053753853 491.25259129144251 255.86730452999473 456.53731180727482 48776.616327740252
leaf_count=1453 1297 6739 1647 2510 868 1025 1656 1001 1051 901 2362 686 1018 153517
internal_value=2.96142e-05 9.88346e-05 0.00244117 0.000543598 -0.00378807 0.00361542 0.00127581 0.00500657 -0.00780018 0.0103205 -0.00698668 -0.00229417 0.00902896 -0.000115772
internal_weight=55140.1 54662.7 4598.77 3710.14 1535.25 2174.89 1859.3 1320.32 538.975 888.63 1273.53 782.274 954.239 50064
internal_count=177731 176278 16022 13474 6426 7048 5751 3675 2076 2548 5558 3196 2674 160256
is_linear=0
shrinkage=0.03


Tree=380
num_leaves=15
num_cat=0
split_feature=89 39 43 73 77 71 67 89 90 68 13 75 75 10
split_gain=39.9364 97.4596 81.3889 137.208 109.042 96.4224 134.409 172.334 139.287 139.678 126.574 129.291 178.059 144.291
threshold=0.014315000000000003 1.1833050000000003 -0.33230699999999996 0.00033538000000000009 -3620417.3299999996 0.0032565000000000003 1.0782250000000002 0.0069565000000000009 0.38039950000000006 1.0848050000000002 0.0023575000000000007 -0.30324999999999996 1.1026500000000004 1.1209850000000003
decision_type=2 2 2 2 2 2 2 2 2 2 2 2 2 2
left_child=1 2 3 4 -1 6 7 -4 9 -8 -10 13 -13 -12
right_child=-2 -3 5 -5 -6 -7 8 -9 10 -11 11 12 -14 -15
leaf_value=-0.012878705817971606 -0.00047760583862925266 0.014140312097600555 -0.021180217590192757 -0.017891562671305906 0.004494697788010843 0.0036973352108869372 0.0050354127575278082 0.0091503350756717127 0.0068266874200605112 -0.018106922474893979 -0.0078930947670643615 -0.023782176807825794 0.010225045356440365 0.025586627403015212
leaf_weight=446.68304231390357 38238.339981544763 513.1715193092823 590.48881461471319 524.28426650539041 1186.1004079245031 8568.1799575127661 373.36958887428045 233.54928750917315 2629.152159659192 621.91227015852928 260.10814056545496 466.27931602485478 194.87428265810013 206.21049477532506
leaf_count=1819 112336 1001 5762 2431 5711 29877 853 794 7638 1971 1890 3967 637 592
internal_value=5.7629e-05 0.00127657 0.000868931 -0.00455411 -0.000244782 0.00169836 -0.00136806 -0.0125469 0.000566407 -0.00939887 0.00321639 -0.00517446 -0.013713 0.00687083
internal_weight=55052.7 16814.4 16301.2 2157.07 1632.78 14144.1 5575.94 824.038 4751.91 995.282 3756.62 1127.47 661.154 466.319
internal_count=177279 64943 63942 9961 7530 53981 24104 6556 17548 2824 14724 7086 4604 2482
is_linear=0
shrinkage=0.03


Tree=381
num_leaves=15
num_cat=0
split_feature=55 45 41 79 39 0 39 35 41 77 72 19 91 61
split_gain=36.4038 36.5538 35.6803 92.4664 57.1726 37.5133 91.4994 76.7052 32.9109 111.61 86.0046 86.3324 67.3698 54.4157
threshold=94.295000000000016 -0.0016474999999999999 75.77500000000002 437240.22307500005 1.0844250000000002 0.98310500000000012 0.99248000000000014 1.0098350000000003 70.925000000000026 -1761429.8799999997 0.19083200000000003 -5096433.2149999989 -8.6699999999999983e-06 2.5383000000000004
decision_type=2 2 2 2 2 2 2 2 2 2 2 2 2 2
left_child=2 -2 5 4 -4 6 -1 -8 13 -10 12 -12 -11 -7
right_child=1 -3 3 -5 -6 8 7 -9 9 10 11 -13 -14 -15
leaf_value=0.0046363645227975774 -0.013675240208692735 -0.0019282661934192655 0.0041624582378365898 0.012942966759131095 -0.0096698410817817534 -0.00017349664072132317 -0.033327776628471063 -0.0030450209367167691 0.0061068549534172437 -0.0066723016285326602 0.0054054986332406066 -0.010421263830425373 -0.023090306338983336 0.0026116725238919327
leaf_weight=284.0022204592824 327.91633078828454 897.98074948042631 722.48169060796499 685.97648846358061 426.29228641092777 40838.561928507872 158.7675051111728 147.25596744567156 874.73361381515861 562.76511886715889 719.06327782571316 542.94423789530993 383.44183984398842 7464.0972184240818
leaf_count=1345 1608 2579 1591 1557 1131 136685 1767 975 2257 1419 1551 1499 1139 20385
internal_value=5.61336e-06 -0.00510351 0.000122659 0.00423322 -0.000948348 -2.19464e-05 -0.00753734 -0.0189111 6.3909e-05 -0.00294 -0.00653842 -0.00138264 -0.0133746 0.000256313
internal_weight=55036.3 1225.9 53810.4 1834.75 1148.77 51975.6 590.026 306.023 51385.6 3082.95 2208.21 1262.01 946.207 48302.7
internal_count=177488 4187 173301 4279 2722 169022 4087 2742 164935 7865 5608 3050 2558 157070
is_linear=0
shrinkage=0.03


Tree=382
num_leaves=15
num_cat=0
split_feature=63 78 67 77 79 77 65 77 91 77 43 65 63 91
split_gain=36.1186 47.49 42.3642 123.106 64.428 42.1707 136.141 83.3398 112.907 74.7401 141.514 121.964 83.1634 72.6177
threshold=1.2083400000000002 0.10350000000000002 1.1761850000000003 -4037255.7699999996 3565750.1670470005 -95201.019999999975 1.1920700000000004 1.0000000180025095e-35 1.0000000180025095e-35 -258446.63999999998 -0.11561949999999999 1.0863650000000002 1.1907350000000003 0.001387435
decision_type=2 2 2 2 2 2 2 2 2 2 2 2 2 2
left_child=2 -2 5 4 -4 9 7 8 -7 12 -11 -12 -1 -9
right_child=1 -3 3 -5 -6 6 -8 13 -10 10 11 -13 -14 -15
leaf_value=3.6383057834891363e-05 -0.0017610879945388063 0.010501360931483706 -0.019900014588236644 0.0062200538088026964 -0.0041455426891328466 -0.020775004964775363 -0.017634439651615746 0.00033714937191418241 -4.4618613718414419e-05 0.021826483852976142 0.011824864214495181 -0.0071036972169719881 0.010394150756316164 -0.0057000802118262238
leaf_weight=30208.004953041673 496.45209560915828 651.98411536961794 452.05983656272292 538.65610645711422 495.94006022810936 430.45687007158995 439.73787313699722 16465.763953991234 529.6279857866466 420.91907857358456 570.01694785244763 658.75409658998251 713.31316049396992 2010.5816736891866
leaf_count=110902 1206 1447 1821 1250 1200 1687 1202 43431 1702 1136 1936 2352 1649 4921
internal_value=-8.37571e-05 0.00517746 -0.000196437 -0.0051889 -0.0117028 -5.42533e-05 -0.00114371 -0.000768189 -0.00938231 0.000609673 0.00683018 0.00165519 0.000276621 -0.000318467
internal_weight=55082.3 1148.44 53933.8 1486.66 948 52447.2 19876.2 19436.4 960.085 32571 1649.69 1228.77 30921.3 18476.3
internal_count=177842 2653 175189 4271 3021 170918 52943 51741 3389 117975 5424 4288 112551 48352
is_linear=0
shrinkage=0.03


Tree=383
num_leaves=15
num_cat=0
split_feature=84 84 83 48 31 71 39 70 77 10 73 19 86 48
split_gain=30.4487 120.264 102.358 106.149 64.928 72.9039 62.9711 135.01 103.792 69.7779 66.5333 63.0864 61.9142 84.7472
threshold=42.090000000000011 49.390000000000008 6.0491570000000001 -5264627.209999999 8.1500000000000016e-05 0.0012785000000000003 1.1428750000000003 41.475000000000001 -10452525.889999999 1.0883950000000002 0.00031065500000000001 -5307870.4999999991 2.0750000000000006 2637866.1550000007
decision_type=2 2 2 2 2 2 2 2 2 2 2 2 2 2
left_child=4 2 3 -2 -1 -6 7 8 -5 -10 -9 -12 -7 -14
right_child=1 -3 -4 6 5 12 -8 10 9 -11 11 -13 13 -15
leaf_value=0.006244942356211783 -0.018096237588670589 0.00020044935905355363 -0.017178552482640747 -0.0095893283047949734 0.013465081379490845 0.0083635170895973669 0.0040096875517178715 -0.0033405470310409438 0.026954250308406785 0.0030639533754641375 -0.0059345101458946788 -0.022585886229588337 0.00030328133784077784 -0.0079995723942934329
leaf_weight=1829.9686631523073 398.35429781675339 25121.217412061989 554.02028574049473 223.62611973658204 376.00081331375986 799.19822694733739 1147.9544180780649 963.00643810257316 227.77200879529119 218.61786715127528 386.9013175368309 451.26280844956636 21208.065397877246 1166.1708870213479
leaf_count=4039 1094 80957 1858 1341 1395 2381 2634 3769 840 1232 946 1791 63997 9284
internal_value=3.86427e-05 -0.000612937 -0.00508825 -0.00340965 0.000802137 0.000377669 -0.00178028 -0.00448259 0.00698234 0.0153541 -0.00876558 -0.0149515 0.000163452 -0.00012847
internal_weight=55072.1 29692.7 4571.52 4017.5 25379.4 23549.4 3619.14 2471.19 670.016 446.39 1801.17 838.164 23173.4 22374.2
internal_count=177558 96462 15505 13647 81096 77057 12553 9919 3413 2072 6506 2737 75662 73281
is_linear=0
shrinkage=0.03


Tree=384
num_leaves=15
num_cat=0
split_feature=35 70 39 6 10 41 16 45 48 68 67 65 63 88
split_gain=30.0559 111.031 104.102 188.235 98.4967 163.498 92.6045 88.8728 80.6237 73.3872 108.421 166.698 93.974 72.3657
threshold=1.0415950000000003 36.375000000000007 1.0521650000000002 1.0589450000000002 1.0713150000000002 47.975000000000001 -0.020737499999999996 -0.011710499999999999 -6101415.129999999 1.0775450000000002 1.0433950000000003 1.0575350000000003 1.0716700000000003 -0.00054267499999999984
decision_type=2 2 2 2 2 2 2 2 2 2 2 2 2 2
left_child=1 -1 4 -4 5 -2 7 -3 -8 10 -10 -12 -13 -6
right_child=2 6 3 -5 13 -7 8 -9 9 -11 11 12 -14 -15
leaf_value=0.010231832554814279 -0.0011242441304043346 -0.021898542252636582 -0.022456871204362787 5.8414423042598111e-05 -0.0094546140238850745 0.028405730029998237 -0.015013502128485026 -0.0042329813235687866 0.0069622882992420266 0.015710678643223903 -0.020469572703503702 0.0070730173277149247 -0.014771432597055626 0.0058278216161794169
leaf_weight=550.26341801695526 288.93716119974852 446.3847423158586 335.51948765013367 47946.451395500451 359.39174962043762 398.11357760801911 340.67387996613979 614.03174392879009 889.91124120727181 255.89633280411363 491.58184370398521 661.39915162697434 240.71530491672456 1220.4837225265801
leaf_count=2846 1461 3850 2886 146450 1893 1060 922 3205 2421 980 2947 2611 1296 2792
internal_value=-1.18679e-05 -0.00236411 0.000196559 -9.78886e-05 0.00647833 0.0159598 -0.00413276 -0.0117112 -0.00132903 0.000500112 -0.00119735 -0.00643026 0.00120104 0.0023286
internal_weight=55039.8 4490.86 50548.9 48282 2266.93 687.051 3940.59 1060.42 2880.18 2539.5 2283.61 1393.7 902.114 1579.88
internal_count=177620 21078 156542 149336 7206 2521 18232 7055 11177 10255 9275 6854 3907 4685
is_linear=0
shrinkage=0.03


Tree=385
num_leaves=15
num_cat=0
split_feature=19 13 49 41 48 43 70 41 34 37 70 35 67 41
split_gain=38.7318 50.9433 53.7899 32.5952 73.6396 70.504 56.4063 85.5214 117.499 174.942 62.8183 122.852 123.462 182.799
threshold=-7153089.584999999 0.00031950000000000007 0.62120000000000009 75.77500000000002 -4258791.4949999992 1.2200050000000002 87.455000000000013 48.425000000000004 1.1178250000000003 1.1490950000000002 72.27500000000002 1.1262550000000002 1.0753650000000003 53.045000000000009
decision_type=2 2 2 2 2 2 2 2 2 2 2 2 2 2
left_child=1 -1 -3 5 -5 6 10 -8 -9 -10 -2 -12 -13 -14
right_child=3 2 -4 4 -6 -7 7 8 9 -11 11 12 13 -15
leaf_value=0.0085497289132990314 -0.00020882467809844497 -0.023589948697478384 0 -0.0050932462476850193 0.0078469338856995835 -0.01398691307679473 0.0044449401272585636 0.00060428940993708974 -0.03131902824693248 -0.0040121810315559185 0.009976701290300493 0.0046037804400661762 0.0054473261240185877 -0.015499021811726616
leaf_weight=115.0702565126121 44692.893106205389 216.2111808937043 142.17848520539701 565.40714071691036 1298.676195897162 327.4286636672914 640.92414345219731 694.59248971194029 375.06381321698427 489.00514385104179 1669.7986228428781 2304.3463517874479 659.52817256003618 862.18767837435007
leaf_count=389 148433 2448 1356 1378 2982 1246 1569 1609 1266 1178 4409 5113 1533 2661
internal_value=-6.6525e-05 -0.00860103 -0.0141997 7.11526e-06 0.00390525 -0.000130229 -4.27866e-05 -0.00474432 -0.00854263 -0.0159224 0.000162757 0.00318944 0.000217623 -0.00640333
internal_weight=55053.3 473.46 358.39 54579.9 1864.08 52715.8 52388.3 2199.59 1558.66 864.069 50188.8 5495.86 3826.06 1521.72
internal_count=177570 4193 3804 173377 4360 169017 167771 5622 4053 2444 162149 13716 9307 4194
is_linear=0
shrinkage=0.03


Tree=386
num_leaves=15
num_cat=0
split_feature=77 91 77 68 74 63 63 37 1 73 41 65 75 1
split_gain=35.0504 87.2818 85.9433 135.889 48.5398 41.5586 91.4066 84.8266 96.7769 92.0229 181.689 94.696 133.31 78.8087
threshold=-37458211.944999993 5.1450000000000007e-06 -34981458.119999997 1.0762050000000003 -0.022054999999999995 1.0728550000000003 1.0793850000000003 1.1490950000000002 1.1777250000000004 -8.7489999999999977e-05 47.815000000000005 1.0786950000000002 0.13015000000000002 0.99108000000000007
decision_type=2 2 2 2 2 2 2 2 2 2 2 2 2 2
left_child=1 -1 3 4 -2 13 7 8 9 10 -7 12 -11 -4
right_child=2 -3 5 -5 -6 6 -8 -9 -10 11 -12 -13 -14 -15
leaf_value=0.020244194220699414 -0.0091902268646350937 -0.0042167439123780501 -0.0077787594486536434 0.0032880793549669722 -0.032989795247911097 0.001351015158443639 -0.00012779355716596166 0.0033839337592754385 -0.02641275052735554 -0.0051016043031424999 -0.03093569385654503 -0.013352191840256841 0.021409454406879802 0.0017646280097908861
leaf_weight=254.47597489506006 129.61944583803415 266.23741511628032 818.24913196451962 311.3343490883708 210.02136950194836 295.34718767181039 34915.521193098277 654.14190024882555 252.08948113024235 435.02525394968688 329.28489698283374 376.34877251833677 278.44013607129455 15430.217642600648
leaf_count=1037 905 1106 5733 1172 2161 1435 109489 1493 751 2059 2000 1331 804 46114
internal_value=-4.22092e-05 0.00769586 -0.00011692 -0.0109437 -0.0240487 1.3763e-05 -0.000534333 -0.00593714 -0.00905306 -0.00646912 -0.0156437 -0.00117362 0.00521821 0.00128174
internal_weight=54956.4 520.713 54435.6 650.975 339.641 53784.7 37536.2 2620.68 1966.54 1714.45 624.632 1089.81 713.465 16248.5
internal_count=177590 2143 175447 4238 3066 171209 119362 9873 8380 7629 3435 4194 2863 51847
is_linear=0
shrinkage=0.03


Tree=387
num_leaves=15
num_cat=0
split_feature=65 87 72 48 48 3 5 45 67 66 19 87 88 87
split_gain=33.3096 37.5346 159.412 148.992 150.053 137.609 290.617 92.7627 87.7742 103.614 75.0166 77.8569 84.0484 71.3484
threshold=1.2070350000000001 334.31850000000003 -0.26213549999999991 -5438108.4349999996 -4205579.2649999987 1.1882150000000002 1.1821150000000002 0.029367000000000004 1.1296250000000001 1.0974150000000003 -127115.21499999998 1156.8325000000002 -0.025891149999999998 300.73550000000006
decision_type=2 2 2 2 2 2 2 2 2 2 2 2 2 2
left_child=1 13 8 -4 -5 6 7 10 9 -3 11 -6 -13 -1
right_child=-2 2 3 4 5 -7 -8 -9 -10 -11 -12 12 -14 -15
leaf_value=-2.2294965743091175e-06 0.0058106388413556899 0.014173617541595409 0.01240553534401663 -0.015151067852731157 -0.0023615903309274328 0.0081167780472902185 -0.028741596990442288 -0.019113564685158922 0.022024163505405366 -0.01071542223036692 -0.013586868027169217 -0.0038020990634562582 0.015327389102160298 0.0079248016736893356
leaf_weight=44611.440109254792 852.11070046946406 328.92477253638208 499.07761904597282 1024.1293265670538 3275.3778398465365 894.7792891561985 412.57505746930838 284.80465827137232 333.5037749260664 274.98828997090459 417.22176709398627 337.91711878590286 521.67571279779077 1044.6705235708505
leaf_count=141156 1994 1225 990 2729 14890 1911 1317 923 970 1055 1883 1891 1760 3301
internal_value=-7.02807e-05 -0.000163292 -0.00198093 -0.00341184 -0.00451883 -0.00273961 -0.00459696 -0.00252581 0.00968233 0.00279197 -0.00147745 -0.000245361 0.0077768 0.000178664
internal_weight=55113.2 54261.1 8604.98 7667.56 7168.48 6144.35 5249.57 4837 937.417 603.913 4552.19 4134.97 859.593 45656.1
internal_count=177995 176001 31544 28294 27304 24575 22664 21347 3250 2280 20424 18541 3651 144457
is_linear=0
shrinkage=0.03


Tree=388
num_leaves=15
num_cat=0
split_feature=14 40 67 73 41 67 66 84 64 48 65 19 76 85
split_gain=29.6181 89.4532 98.578 90.6648 81.7809 79.1614 115.794 88.0636 81.9447 118.004 110.595 92.815 76.3544 74.9893
threshold=-0.12117249999999999 1.0819850000000002 1.0814050000000002 0.00071132500000000006 48.07500000000001 1.0779250000000002 1.0745150000000001 10.355000000000002 1.0594600000000003 745534.49000000011 1.0461900000000004 -4145950.1449999996 1.9150000000000003 9.8450000000000006
decision_type=2 2 2 2 2 2 2 2 2 2 2 2 2 2
left_child=1 2 5 4 -4 6 7 -1 10 13 11 -9 -2 -10
right_child=12 -3 3 -5 -6 -7 -8 8 9 -11 -12 -13 -14 -15
leaf_value=-0.016187742435143884 -0.014392797655820832 0.0022164361240487838 -0.0044093642853644671 0.0033478014942173117 -0.02629812075557007 0.014857213958333358 -0.022512060563835066 -0.0039317228731883301 0.012825835393929017 0.014609278380563152 -0.014741792579681424 0.017980137177629741 -0.0002882755805773464 -0.0089520645372837427
leaf_weight=279.50815938226879 347.91131674684584 14132.288867998868 262.1525962986052 260.95729847252369 384.80494269356132 280.75842607580125 223.37468184903264 542.00370049383491 199.47304872795939 752.5808648057282 517.23847287148237 254.2228142246604 35963.465506961569 485.7183812558651
leaf_count=1525 1863 43385 1698 764 2546 1331 1171 2484 910 3518 2641 1061 109464 2732
internal_value=7.32147e-05 0.00104802 -0.00266157 -0.0114745 -0.0174954 -0.000386941 -0.00171555 -0.000165972 0.00145613 0.00641059 -0.00394515 0.00304054 -0.000424634 -0.00255891
internal_weight=54886.5 18575.1 4442.79 907.915 646.958 3534.88 3254.12 3030.75 2751.24 1437.77 1313.46 796.227 36311.4 685.191
internal_count=177093 65766 22381 5008 4244 17373 16042 14871 13346 7160 6186 3545 111327 3642
is_linear=0
shrinkage=0.03


Tree=389
num_leaves=15
num_cat=0
split_feature=1 39 70 5 86 76 41 91 75 61 2 68 76 78
split_gain=31.059 178.898 101.688 162.07 48.4867 37.3655 95.1877 98.7067 107.268 36.2937 36.3646 87.8228 49.2678 113.829
threshold=0.99337500000000012 1.0224000000000002 36.375000000000007 1.0162000000000002 23.665000000000003 3.1500000000000008 48.425000000000004 -0.00012763999999999996 -2.1922499999999996 0.08118400000000002 0.99913500000000011 1.0693300000000001 22.515000000000004 4.0184000000000006
decision_type=2 2 2 2 2 2 2 2 2 2 2 2 2 2
left_child=1 2 -1 4 -4 6 7 -2 -9 -7 11 -11 13 -12
right_child=5 -3 3 -5 -6 9 -8 8 -10 10 12 -13 -14 -15
leaf_value=0.01891500057201027 0.022812054820101794 -0.032238221253616209 -0.0066682957011315507 -0.031072858368760611 0.01283567097447314 0.0069251559910778601 -0.0073449125488915801 -0.011786882133705641 0.015223891845303603 0.022605672653306579 -0.0052409932170929766 -0.0056617615398716374 0.00011520914902185567 0.015548492262196258
leaf_weight=206.58831861428916 356.81950830295682 179.35495715588331 211.60543064586818 161.70662569627166 245.52750747092068 677.41079585067928 375.1592533737421 251.01038214191794 276.79819749854505 204.57583912089467 3096.4388789907098 187.52556382492185 48267.217342093587 255.11688036099076
leaf_count=1104 1066 1533 1383 1842 1206 1912 1455 1546 940 798 13471 1673 146505 898
internal_value=5.54826e-05 -0.00516704 0.000710774 -0.00533869 0.00374701 0.000153402 0.00525742 0.010638 0.00232363 3.06971e-05 -5.86537e-05 0.00903022 -0.000128449 -0.00364541
internal_weight=54952.9 1004.78 825.428 618.84 457.133 53948.1 1259.79 884.628 527.809 52688.3 52010.9 392.101 51618.8 3351.56
internal_count=177332 7068 5535 4431 2589 170264 5007 3552 2486 165257 163345 2471 160874 14369
is_linear=0
shrinkage=0.03


Tree=390
num_leaves=15
num_cat=0
split_feature=83 73 48 40 37 60 31 88 84 34 83 73 5 89
split_gain=29.495 76.7909 77.7665 79.818 83.4401 59.7607 96.9953 89.9106 78.3726 132.032 83.5739 89.6686 66.8213 64.6062
threshold=5.7490990000000011 0.0010038300000000003 -5604279.0599999996 1.1813050000000003 1.1860750000000002 0.00052850000000000011 0.00025550000000000003 -0.031564354999999995 54.925000000000004 1.1165150000000001 7.4629830000000004 -0.00013227499999999998 1.0819150000000002 0.0096935000000000025
decision_type=2 2 2 2 2 2 2 2 2 2 2 2 2 2
left_child=-1 2 -2 5 -5 6 -4 12 9 13 11 -11 -7 -9
right_child=1 -3 3 4 -6 7 -8 8 -10 10 -12 -13 -14 -15
leaf_value=0.00016811678630697163 0.012154918538317766 -0.011150305327895167 -0.0023161790978386025 -0.016460226839413117 0.00038459751757194611 -0.0011966552551818355 0.018153973019251625 -0.0016452150786123762 0.0044863892942195909 -0.0045770639897710925 -0.00032925904152773496 -0.020958414061905174 -0.028286261104009114 0.016520241699160276
leaf_weight=46984.384864562191 388.74524733424187 719.28802423924208 443.3583023622632 606.22962639480829 462.99255089461803 149.27365890704095 387.99756570532918 334.90379211679101 1811.8061415590346 641.78875631093979 914.96871074661613 576.00731518864632 187.68252934515476 364.21440868452191
leaf_count=153501 780 3056 1117 1722 1072 968 1042 1290 4910 1685 2372 1894 1354 908
internal_value=-0.000117857 -0.00180322 -0.000872891 -0.0016149 -0.00914454 -0.000223189 0.00721162 -0.00147141 -0.000377438 -0.00350033 -0.00721581 -0.0123608 -0.0164132 0.00778554
internal_weight=54973.6 7989.26 7269.97 6881.22 1069.22 5812 831.356 4980.65 4643.69 2831.88 2132.76 1217.8 336.956 699.118
internal_count=177671 24170 21114 20334 2794 17540 2159 15381 13059 8149 5951 3579 2322 2198
is_linear=0
shrinkage=0.03


Tree=391
num_leaves=15
num_cat=0
split_feature=84 46 10 9 39 10 19 33 63 37 64 10 48 82
split_gain=38.0462 79.0153 36.1923 87.523 107.838 65.3815 35.6073 67.1493 41.2309 113.822 129.43 122.746 91.7466 193.726
threshold=91.730000000000018 -0.0067499999999999991 1.0206850000000003 0.9894750000000001 1.024545 1.0262350000000002 -7153089.584999999 5.4500000000000018e-07 1.0728550000000003 1.0713150000000002 1.0765550000000002 1.0814950000000001 2622132.0150000001 0.070375000000000007
decision_type=2 2 2 2 2 2 2 2 2 2 2 2 2 2
left_child=2 -2 3 -1 -5 -4 7 -7 -8 10 -10 -11 -12 -14
right_child=1 -3 5 4 -6 6 8 -9 9 11 12 -13 13 -15
leaf_value=0.005869013205878698 0.00385656166911333 -0.011628905234656942 0.013523408867927167 -0.023739745697639706 0.0083372255540787726 -0.021760557375150019 0.0015299011947213054 0.004408763886546113 -0.022369314841355761 0.011506368949014762 1.3880915343427295e-06 -0.0001815801521045611 -0.034943552078789991 0.010107780176516571
leaf_weight=312.94236268848181 502.23502850532532 714.03444444201887 330.74734311178327 329.97326509281993 129.66221055947244 184.76760119199753 15409.464735954069 164.59978774003685 401.52081812545657 827.3493236657232 1389.4328680410981 33968.356617646292 214.67080884799361 140.77851329371333
leaf_count=1381 1846 2404 1394 3319 877 1615 47790 1138 1598 3222 3746 104869 2022 567
internal_value=3.21437e-05 -0.00521192 0.00015134 -0.00628939 -0.0146273 0.000245853 0.0001617 -0.00936821 0.000226048 -0.000317036 -0.0070203 9.57887e-05 -0.00346032 -0.0170382
internal_weight=55020.5 1216.27 53804.3 772.578 459.635 53031.7 52700.9 349.367 52351.6 36942.1 2146.4 34795.7 1744.88 355.449
internal_count=177788 4250 173538 5577 4196 167961 166567 2753 163814 116024 7933 108091 6335 2589
is_linear=0
shrinkage=0.03


Tree=392
num_leaves=15
num_cat=0
split_feature=79 34 78 78 39 13 67 36 74 35 90 37 4 70
split_gain=33.0242 141.411 73.2709 92.1866 89.5179 84.6266 74.3422 149.3 39.5979 148.501 140.492 131.16 121.441 121.416
threshold=6446046.6962175006 1.1820350000000002 3.5648500000000003 0.16985000000000003 1.1117450000000002 0.00060650000000000016 1.0782250000000002 1.0418750000000003 -0.020758499999999996 1.0973550000000001 1.6027155000000002 1.0912550000000001 420.98500000000007 42.375000000000007
decision_type=2 2 2 2 2 2 2 2 2 2 2 2 2 2
left_child=8 2 3 -2 6 -6 7 -5 9 11 -11 12 -1 -10
right_child=1 -3 -4 4 5 -7 -8 -9 13 10 -12 -13 -14 -15
leaf_value=-0.013701465921508471 0.0070553107424625727 0.010807036456573531 0.0046138791439193048 0.0035081092785969924 -0.010103299327537119 -0.031592959552518743 0.0027810380954380381 -0.028721877528871339 0.0056031900210383612 -0.00066710278298081119 -0.021575755672910663 0.014448059835911005 0.00040279292996612523 -3.585264475775933e-05
leaf_weight=634.41686450876296 280.28683634474874 531.87864249944687 448.8717346675694 241.33115134760737 372.11473174393177 305.78007753193378 479.04676429741085 273.68381057307124 3740.3757224306464 549.13078109174967 617.49753734655678 513.6144526284188 4034.6407265868038 42039.793172724545
leaf_count=4298 1064 1097 1509 1203 968 1356 1965 2516 17106 1955 3849 2006 21814 115135
internal_value=-5.78899e-05 -0.00315509 -0.00626358 -0.00878103 -0.0114564 -0.0198732 -0.00567229 -0.0135835 0.000115851 -0.00210336 -0.0117688 6.84004e-05 -0.00150975 0.000424331
internal_weight=55062.5 2932.99 2401.12 1952.24 1671.96 677.895 994.062 515.015 52129.5 6349.3 1166.63 5182.67 4669.06 45780.2
internal_count=177841 11678 10581 9072 8008 2324 5684 3719 166163 33922 5804 28118 26112 132241
is_linear=0
shrinkage=0.03


Tree=393
num_leaves=15
num_cat=0
split_feature=90 43 91 73 91 19 41 79 68 31 42 88 75 84
split_gain=34.5604 37.231 75.9554 69.3442 78.6142 96.1218 75.7584 104.956 107.021 87.9128 83.2663 82.6996 74.7313 72.7339
threshold=5.5593255000000008 0.0047570000000000008 3.1845000000000011e-05 0.0049572150000000009 0.00025207000000000002 -1210257.7449999999 43.655000000000008 626534.20331650006 1.0664950000000002 0.00039550000000000007 0.0057205000000000008 0.00019812500000000003 0.021850000000000005 27.765000000000004
decision_type=2 2 2 2 2 2 2 2 2 2 2 2 2 2
left_child=1 -1 -3 4 13 6 -6 11 -9 -10 -11 -8 -13 -4
right_child=-2 2 3 -5 5 -7 7 8 9 10 -12 12 -14 -15
leaf_value=-0.00099925571308020545 0.0099148103890334925 -0.00056340408466364251 -0.0019047371111157348 0.0080192552831424239 0.013719116915204546 -0.015218833146293527 0.0091294475306551021 0.0064166583826985235 -0.019998913489168615 0.0089072859745538292 -0.013516913982634823 -0.0083771064937146131 0.0018810975197657827 0.0077075606941593433
leaf_weight=21965.551417415962 314.46258963644505 19877.064279578626 958.25780394300818 1711.8272014036775 371.41351295635104 364.91973689943552 1109.6555589437485 396.76354770734906 569.86170310899615 267.31120794638991 332.2552385199815 791.00843388959765 3309.1691688597202 2664.6947588920593
leaf_count=80636 678 59641 3239 3722 1323 2068 3442 1126 1726 948 1388 2024 7618 8148
internal_value=1.31928e-05 -4.33726e-05 0.000597342 0.00239548 0.00152761 -0.000219205 0.000544442 -0.000175191 -0.00698636 -0.011561 -0.00347115 0.00186759 -9.21657e-05 0.00515704
internal_weight=55004.2 54689.8 32724.2 12847.1 11135.3 7512.36 7147.44 6776.02 1566.19 1169.43 599.566 5209.83 4100.18 3622.95
internal_count=177727 177049 96413 36772 33050 21663 19595 18272 5188 4062 2336 13084 9642 11387
is_linear=0
shrinkage=0.03


Tree=394
num_leaves=15
num_cat=0
split_feature=76 87 44 76 45 41 76 87 0 0 83 39 39 48
split_gain=26.7779 86.3726 79.5883 70.4387 53.2262 41.7701 117.777 78.6187 104.439 107.475 184.402 82.0652 111.218 138.379
threshold=1.9150000000000003 3.1815000000000002 -4.5714999999999999e-05 3.1500000000000008 -0.0055509999999999995 37.705000000000005 23.735000000000003 906.69650000000013 1.0848050000000002 1.1010250000000001 2.8926405000000002 1.1424550000000002 1.1663750000000002 -3007746.2249999992
decision_type=2 2 2 2 2 2 2 2 2 2 2 2 2 2
left_child=1 -1 -3 4 -2 6 -5 8 -8 10 -10 -11 -13 -14
right_child=3 2 -4 5 -6 -7 7 -9 9 11 -12 12 13 -15
leaf_value=-0.022434567789141872 0.019491324953150223 0.012625311950979464 -0.012068532742146481 -0.016526520026337362 0.0017373388663275316 0.00024624447169670514 -0.014901251169731565 0.011360786665951776 0.030271989108975446 -0.012989017948308075 -0.0030512699123854607 0.011562712931002018 0.0014844292451328253 -0.017169738708860207
leaf_weight=199.34325931221247 290.7071589473635 250.43120447359979 219.10383427143097 495.08435933291912 326.2636778280139 48874.293996172026 520.75976463221014 411.5944265704602 255.92689212411642 581.92676988616586 353.5500358864665 535.28343924880028 1187.6202311366796 509.74294428527355
leaf_count=1321 1096 1075 1141 2818 1088 152638 3956 1248 834 3341 1589 1288 2690 1512
internal_value=2.44895e-05 -0.00593622 0.00103726 9.85169e-05 0.0101693 -1.67616e-05 -0.00267199 -0.00108718 -0.00239613 -0.000481685 0.0109191 -0.0029641 -0.000333092 -0.00410684
internal_weight=55011.6 668.878 469.535 54342.8 616.971 53725.8 4851.49 4356.4 3944.81 3424.05 609.477 2814.57 2232.65 1697.36
internal_count=177635 3537 2216 174098 2184 171914 19276 16458 15210 11254 2423 8831 5490 4202
is_linear=0
shrinkage=0.03


Tree=395
num_leaves=15
num_cat=0
split_feature=84 90 90 31 90 41 65 12 91 73 48 63 67 78
split_gain=35.1575 34.8414 36.8643 188.444 63.4159 85.7851 70.8492 96.6339 61.2415 100.761 130.685 119.883 71.3376 59.8408
threshold=96.600000000000009 5.5593255000000008 3.696482 0.00018550000000000004 2.8569290000000005 47.445000000000007 1.1186350000000003 55.945000000000007 0.001387435 0.0011012400000000001 -3901181.3799999994 1.0509950000000001 1.0947250000000002 0.18980000000000005
decision_type=2 2 2 2 2 2 2 2 2 2 2 2 2 2
left_child=1 2 4 -4 8 -6 7 -7 -1 12 -11 -12 13 -10
right_child=-2 -3 3 -5 5 6 -8 -9 9 10 11 -13 -14 -15
leaf_value=0.00015991080527527258 -0.0098975814376515182 0.010089623391465958 0.0050836478272165975 -0.021879103879486401 0.015640793900691428 -0.012850838852484713 0.0077554604535954603 0.0084048670565763581 -0.0011604443654572882 -0.022990989151911671 -0.016758041449856906 0.0061614532389118763 -0.0099333211319866908 0.01304462462854678
leaf_weight=48413.979675876908 318.87540068291128 310.02044540643692 575.15955336391926 389.80104997754097 528.70615971274674 495.48893483914435 859.66954126209021 311.8811789304018 611.88875045627356 475.9120707064867 348.62644565850496 494.7983110435307 393.09504276141524 467.55251068994403
leaf_count=159188 1172 669 1251 1500 1488 2018 1973 687 1438 1369 1103 1379 1084 1306
internal_value=1.85361e-05 7.70958e-05 1.92639e-05 -0.00578842 0.000124876 0.00511636 0.00175314 -0.00460256 -8.86722e-05 -0.00440861 -0.0104283 -0.00328533 0.000967873 0.004971
internal_weight=54995.5 54676.6 54366.6 964.961 53401.6 2195.75 1667.04 807.37 51205.9 2791.87 1319.34 843.425 1472.54 1079.44
internal_count=177625 176453 175784 2751 173033 6166 4678 2705 166867 7679 3851 2482 3828 2744
is_linear=0
shrinkage=0.03


Tree=396
num_leaves=15
num_cat=0
split_feature=78 42 72 84 79 87 42 87 67 64 91 43 63 4
split_gain=33.0948 80.6394 80.8182 161.465 142.048 107.66 100.146 107.3 92.608 128.936 106.094 102.38 128.649 100.111
threshold=2.3949000000000003 0.00056650000000000005 -0.25517549999999994 75.265000000000015 1179207.9650475003 307.45350000000002 0.022608500000000004 69.26900000000002 1.0913750000000002 1.0943050000000001 -0.00049288499999999987 0.28565050000000008 1.0596150000000002 1258.9900000000002
decision_type=2 2 2 2 2 2 2 2 2 2 2 2 2 2
left_child=-1 -2 3 4 -3 -6 8 -8 10 -10 11 -4 -13 -11
right_child=1 2 6 -5 5 -7 7 -9 9 13 -12 12 -14 -15
leaf_value=0.0004142253745990543 -0.012889088836808286 -0.012080801759623946 0.0020579393841183291 -0.016758878503941713 0.0048124339329880025 0.021122598689516419 0.0059332157979355982 -0.014230110044357458 -0.016607387453998177 0.00047633366598042479 0.004964812403810275 -0.0013226806852017147 -0.025218853756061154 -0.0091757898090191435
leaf_weight=39710.780177980661 515.07978936284781 267.14994026906788 1176.5613385159522 271.87560494244099 889.31291101872921 624.37220796197653 306.95933406427503 1015.3730188217014 602.96510759741068 3848.4422334991395 3652.8848110474646 472.66077855974436 358.02534103393555 1288.4559429585934
leaf_count=126473 1715 1588 3004 1326 3476 1759 1033 5076 2141 12724 10898 1122 1226 4235
internal_value=-4.18445e-05 -0.00122824 -0.00081885 0.00469954 0.00799995 0.0115694 -0.00171188 -0.00952588 -0.000802118 -0.00348875 0.00191719 -0.00361378 -0.0116759 -0.00194012
internal_weight=55000.9 15290.1 14775 2052.71 1780.84 1513.69 12722.3 1322.33 11400 5739.86 5660.13 2007.25 830.686 5136.9
internal_count=177796 51323 49608 8149 6823 5235 41459 6109 35350 19100 16250 5352 2348 16959
is_linear=0
shrinkage=0.03


Tree=397
num_leaves=15
num_cat=0
split_feature=90 90 90 13 77 2 41 76 43 8 76 13 91 86
split_gain=33.9281 79.289 93.4717 70.8182 104.818 97.1735 116.595 114.214 84.134 82.0002 127.462 84.6955 74.3182 141.776
threshold=1.7753420000000002 1.7350385000000002 1.7275565000000002 0.00029150000000000004 -832235.96499999985 1.1681150000000002 71.315000000000012 34.405000000000008 0.18875500000000003 1.1797950000000001 33.735000000000007 0.00016450000000000001 -0.00059760999999999994 31.590000000000003
decision_type=2 2 2 2 2 2 2 2 2 2 2 2 2 2
left_child=1 2 3 4 8 7 9 -6 -1 10 -7 -11 13 -5
right_child=-2 -3 -4 12 5 6 -8 -9 -10 11 -12 -13 -14 -15
leaf_value=-0.012717235728846454 -0.00085783958874634649 0.0060545253584211849 -0.014312317556051727 0.00052425638468363593 0.013288116734827918 0.001633792028472047 -0.01588025122719209 -0.0030256875778774824 0.0010874862380178777 0.0097277001898463233 -0.019450168925147969 -0.0012053427886960335 0.00048195998834486993 0.012704413406479594
leaf_weight=1232.0779163688421 25942.635178532451 2241.5369698274881 393.52130050212145 2208.6516293026507 907.04639409482479 562.11762575805187 503.25338844954967 667.24081146717072 580.35949750244617 869.91958197951317 472.18565709888935 2368.7608056813478 14525.226607742719 1413.4589116871357
leaf_count=3461 81725 6989 1395 6939 1909 1268 1360 1746 1399 1787 1313 5495 56715 3784
internal_value=-6.95121e-05 0.000636005 0.000179838 0.000398272 -0.00192067 -9.93754e-05 -0.00223466 0.00635715 -0.00828213 -0.000617188 -0.00797208 0.00172414 0.00144307 0.0052878
internal_weight=54888 28945.4 26703.8 26310.3 8162.96 6350.52 4776.24 1574.29 1812.44 4272.98 1034.3 3238.68 18147.3 3622.11
internal_count=177285 95560 88571 87176 19738 14878 11223 3655 4860 9863 2581 7282 67438 10723
is_linear=0
shrinkage=0.03


Tree=398
num_leaves=15
num_cat=0
split_feature=42 78 89 74 66 67 78 76 9 48 64 85 79 74
split_gain=31.9863 29.6583 81.8914 81.0415 74.2204 61.1699 59.8071 101.191 91.8376 97.5676 84.8074 80.9166 67.988 53.3127
threshold=0.00038350000000000005 -1.3936499999999998 0.0922795 0.10489450000000002 1.0710150000000003 1.0910350000000002 -0.90604999999999991 98.655000000000015 1.1797150000000003 185617.38500000004 1.0572200000000003 15.095000000000001 43853.468980000012 0.13365700000000003
decision_type=2 2 2 2 2 2 2 2 2 2 2 2 2 2
left_child=-1 2 3 4 -2 -6 7 8 9 10 -3 -11 -10 -5
right_child=1 6 -4 13 5 -7 -8 -9 12 11 -12 -13 -14 -15
leaf_value=-0.0079184113484670627 0.012595401914098463 -0.0070374419804225012 0.012874486617137764 -0.014700552471263485 -0.007283902111717879 0.0069972187242520684 9.3019776101557286e-05 0.011137977493982052 0.010258225585511106 0.0098074407331540641 -0.02258996045200589 -0.0089110456183043481 -0.0042520999396897094 -0.0002767270168569356
leaf_weight=464.24795901030302 629.5147350076586 671.05186174437404 589.00517009198666 407.1424785554409 555.79950081929564 522.54699094966054 47554.345599673688 364.62599548697472 453.61501723527908 345.14577270485461 609.88932718709111 517.73493021167815 802.50234259665012 540.36668920516968
leaf_count=1408 1562 1729 1172 1088 1764 1426 157200 748 925 1258 2104 2360 1927 1247
internal_value=-8.54597e-05 -1.81198e-05 0.00276257 0.00050428 0.00441773 -0.000335666 -0.00019455 -0.00383418 -0.00545149 -0.00922555 -0.0144776 -0.00138638 0.000968065 -0.0065152
internal_weight=55027.5 54563.3 3244.38 2655.37 1707.86 1078.35 51318.9 3764.57 3399.94 2143.82 1280.94 862.881 1256.12 947.509
internal_count=177918 176510 8259 7087 4752 3190 168251 11051 10303 7451 3833 3618 2852 2335
is_linear=0
shrinkage=0.03


Tree=399
num_leaves=15
num_cat=0
split_feature=78 70 19 19 83 71 74 63 39 38 68 83 63 68
split_gain=27.7401 36.0744 79.1832 92.2281 114.402 58.6262 36.8901 134.872 152.124 248.167 144.175 137.535 174.476 137.217
threshold=4.3544500000000008 26.745000000000001 -3767577.3799999994 -696007.60499999986 7.2197695000000008 0.0019965000000000004 -0.020758499999999996 1.0546000000000002 1.0514950000000003 1.0637950000000003 1.0801750000000003 2.5407215000000005 1.0478100000000004 1.0775450000000002
decision_type=2 2 2 2 2 2 2 2 2 2 2 2 2 2
left_child=1 2 5 -4 -5 -1 7 11 10 -10 13 -3 -13 -9
right_child=-2 6 3 4 -6 -7 -8 8 9 -11 -12 12 -14 -15
leaf_value=0.00063649583114683424 -0.0060159444698656998 -0.034462133416878454 0.0085971244996624063 -0.025667563702875457 0.006692304020313412 -0.022143894101401163 0.00046993177815757861 0.0054791554584055959 -0.027790266668799062 -0.0015930753186633804 -0.016255539723668805 0.014285560558457696 -0.02417729047840644 0.030591793849968182
leaf_weight=146.23395912535489 683.32510220259428 216.46952602267265 524.22716704383492 210.12311796844006 181.28385140746832 314.44278307631612 46932.85091749765 1698.5722835082561 368.17145115882158 2778.2851889301091 238.36326524429023 210.00237183459103 211.83892041817307 221.48829817213118
leaf_count=797 1982 2187 1866 1488 903 2434 136584 8061 2604 13153 1916 942 1625 797
internal_value=-1.31372e-05 6.20265e-05 -0.0047303 0.000345095 -0.0106245 -0.014862 0.00018742 -0.0020382 -0.000463528 -0.00467583 0.00566242 -0.0150569 -0.00497014 0.00840605
internal_weight=54935.7 54252.4 1376.31 915.634 391.407 460.677 52876 5943.19 5304.88 3146.46 2158.42 638.311 421.841 1920.06
internal_count=177339 175357 7488 4257 2391 3231 167869 31285 26531 15757 10774 4754 2567 8858
is_linear=0
shrinkage=0.03


Tree=400
num_leaves=15
num_cat=0
split_feature=14 46 78 60 64 65 68 79 64 90 68 78 5 71
split_gain=30.1523 66.4076 73.1028 142.227 80.6336 85.8476 65.8953 111.772 158.659 100.682 139.23 118.37 94.5171 89.0151
threshold=-0.063656999999999991 15.177900000000003 -0.48934999999999995 0.061600500000000009 1.1134050000000002 1.1022650000000003 1.1312500000000003 104818.38305950002 1.1785500000000002 1.7193750000000001 1.1469150000000001 1.7132500000000002 1.2212650000000003 0.0026775000000000006
decision_type=2 2 2 2 2 2 2 2 2 2 2 2 2 2
left_child=-1 6 3 -3 5 -4 12 -8 9 10 11 -9 -2 -10
right_child=1 2 4 -5 -6 -7 7 8 13 -11 -12 -13 -14 -15
leaf_value=0.00091544173578946518 -0.00057550429699006461 -0.012605978265152836 0.0080903856842857395 0.0068742275604752046 0.015393760713757912 -0.0078238078053195458 0.010611366365995472 -0.033251140969068942 -0.0096770061513302228 -0.0034787452919426954 -0.0044013852063219611 -0.012332777173160921 0.010885240272295267 0.0060838953376152896
leaf_weight=23715.681172554381 21129.083961019292 615.82778787612915 912.86322669684887 741.9363349378109 687.7211736291647 455.53256250917912 447.11894774436951 413.53747943043709 419.49772438406944 1854.1923045031726 860.4705287925899 611.99308663606644 666.99904306232929 1372.8855428993702
leaf_count=82689 69448 1612 1906 1584 1320 1132 1028 1452 1083 5340 2323 1751 1370 3285
internal_value=0.000108778 -0.000503632 0.00344231 -0.00194191 0.00701161 0.00276887 -0.000989809 -0.00377959 -0.00494974 -0.00846766 -0.0133521 -0.0208213 -0.000222925 0.00237507
internal_weight=54905.3 31189.7 3413.88 1357.76 2056.12 1368.4 27775.8 5979.7 5532.58 3740.19 1886 1025.53 21796.1 1792.38
internal_count=177323 94634 7554 3196 4358 3038 87080 16262 15234 10866 5526 3203 70818 4368
is_linear=0
shrinkage=0.03


Tree=401
num_leaves=15
num_cat=0
split_feature=76 44 76 86 44 64 63 37 37 3 55 47 47 49
split_gain=36.0491 85.5256 62.1308 36.9125 36.8129 45.4148 58.4657 66.2974 49.8226 57.7753 44.7566 40.7563 39.555 41.9755
threshold=1.9150000000000003 -4.5714999999999999e-05 3.1500000000000008 28.865000000000006 0.0026668700000000004 1.0306350000000002 1.0638050000000001 1.0723050000000003 1.1490950000000002 1.2178650000000002 18.675000000000004 96.945000000000007 99.475000000000009 -0.054149999999999997
decision_type=2 2 2 2 2 2 2 2 2 2 2 2 2 2
left_child=1 -1 3 -2 -4 -6 7 -7 9 10 -8 -12 -13 -14
right_child=2 -3 4 -5 5 6 8 -9 -10 -11 11 12 13 -15
leaf_value=0.0031620598264918082 0.0025380476450996793 -0.018437882995800424 -0.0003464893090214064 0.017343291976346233 -0.0049680709800707856 0.00060750964638850533 -0.0055930429292133845 0.015476539361221783 0.011053295975635218 -0.0095406494067880581 -0.0035635993689928456 0.011266144110333533 0.0058469503246828466 -0.0043912178990202265
leaf_weight=346.20664285123348 331.19294231198728 310.46179545857012 47374.937086630613 288.03421805053949 721.1219886764884 474.64918421208858 618.36674189940095 638.36515769921243 439.39656172692776 462.37023071944714 615.10909595899284 667.48868797719479 1129.7421484217048 524.97873093187809
leaf_count=1794 1291 1762 157616 876 1751 1137 1536 1275 909 1177 1573 1353 2428 1262
internal_value=-3.5078e-05 -0.00701692 4.89531e-05 0.00948995 -5.9597e-05 0.00209561 0.00301615 0.00916875 0.00147142 0.000413638 0.00171882 0.0032697 0.00509338 0.00257997
internal_weight=54942.4 656.668 54285.8 619.227 53666.5 6291.59 5570.47 1113.01 4457.45 4018.06 3555.69 2937.32 2322.21 1654.72
internal_count=177740 3556 174184 2167 172017 14401 12650 2412 10238 9329 8152 6616 5043 3690
is_linear=0
shrinkage=0.03


Tree=402
num_leaves=15
num_cat=0
split_feature=43 34 70 72 37 34 13 75 42 78 49 74 74 75
split_gain=30.0819 64.55 37.5718 79.5791 70.5384 115.195 50.7365 79.2885 75.4594 71.4079 55.846 51.3061 120.872 132.149
threshold=1.2200050000000002 1.1050250000000001 87.455000000000013 1.2802845000000003 1.1466950000000002 1.1165150000000001 0.00016050000000000003 0.029850000000000005 0.014024500000000001 -0.25069999999999998 -0.83434999999999993 0.14288300000000001 0.15504100000000001 17.829100000000004
decision_type=2 2 2 2 2 2 2 2 2 2 2 2 2 2
left_child=2 -2 3 6 5 -4 7 8 -1 10 -9 -8 13 -13
right_child=1 -3 4 -5 -6 -7 11 9 -10 -11 -12 12 -14 -15
leaf_value=0.0038992381744241697 -0.011264521734765529 0.0048282369618093445 -1.8806862254390632e-05 0.013320773160632231 0.0023620513856136048 -0.017397575170089493 8.4158569810944539e-05 0.0013126541000522058 -0.010825233862574869 -0.0034222852028831497 0.012974479139396347 -0.002977256782349304 0.0012292664665088842 -0.022961558529169004
leaf_weight=722.62533488869667 607.03678225912154 351.645383477211 749.46068118885159 411.57185697555542 1010.3854926005006 637.82511993870139 44782.502669601701 527.20829430967569 549.30992821231484 474.4093109369278 1285.7338568866253 738.46378859877586 1670.6226976662874 503.16647312045097
leaf_count=1683 1960 822 1831 831 2286 1936 153285 1204 1454 1148 2555 1755 3786 1442
internal_value=-6.64959e-05 -0.00533154 2.64091e-05 0.000197361 -0.00364334 -0.00803734 9.11362e-05 0.00354618 -0.00243975 0.00688752 0.00960232 -0.000166141 -0.00402408 -0.0111119
internal_weight=55022 958.682 54063.3 51665.6 2397.67 1387.29 51254 3559.29 1271.94 2287.35 1812.94 47694.8 2912.25 1241.63
internal_count=177978 2782 175196 169143 6053 3767 168312 8044 3137 4907 3759 160268 6983 3197
is_linear=0
shrinkage=0.03


Tree=403
num_leaves=15
num_cat=0
split_feature=71 77 48 77 67 42 77 78 71 89 73 86 41 12
split_gain=29.7491 110.952 141.898 112.406 119.287 167.064 82.5978 66.469 66.2394 142.722 122.391 91.6702 93.6216 83.251
threshold=0.0019965000000000004 -3620417.3299999996 -945707.12999999989 -159347.55999999997 1.0950300000000002 0.0081855000000000018 253609.40000000002 0.99790000000000012 0.0029005000000000003 0.00070150000000000019 0.00061018000000000021 47.405000000000008 42.655000000000008 43.315000000000005
decision_type=2 2 2 2 2 2 2 2 2 2 2 2 2 2
left_child=1 2 -1 4 5 -3 -5 -8 9 -2 11 12 13 -11
right_child=8 3 -4 6 -6 -7 7 -9 -10 10 -12 -13 -14 -15
leaf_value=0.001500861730973138 -0.026457257293959986 -0.013943516276704428 -0.02314552617209837 -0.013471175533900502 0.024080796878262492 0.020002598534307782 -0.003030041747582693 0.016432559422510155 5.3105243819604013e-05 -0.00072623707344306903 0.014962244775749938 -0.019282212542518107 0.00096759697455183575 -0.030597333160009541
leaf_weight=822.25145020335913 247.54784424975514 249.47085648030043 280.56100323051214 297.44673167727888 518.13866489380598 270.58287222869694 349.14681179821491 283.99068034440279 49256.371756928042 162.07806333713233 310.88917818665504 345.34159701690078 1433.1560184396803 178.19598326459527
leaf_count=2245 769 2012 2535 1626 1257 950 1264 995 152837 859 936 1887 6391 1290
internal_value=-2.58838e-05 0.00284179 -0.00475741 0.00711397 0.0138966 0.00366549 -0.00042751 0.00566465 -0.00019612 -0.00479098 -0.00256117 -0.00515239 -0.00237466 -0.016501
internal_weight=55005.2 3071.59 1102.81 1968.78 1038.19 520.054 930.584 633.137 51933.6 2677.21 2429.66 2118.77 1773.43 340.274
internal_count=177853 12884 4780 8104 4219 2962 3885 2259 164969 12132 11363 10427 8540 2149
is_linear=0
shrinkage=0.03


Tree=404
num_leaves=15
num_cat=0
split_feature=42 35 39 10 7 70 16 79 68 84 91 48 72 62
split_gain=41.8072 33.3082 124.977 198.727 166.464 89.5995 75.8581 93.2953 105.859 110.691 73.2947 102.677 86.4574 77.9501
threshold=0.00038350000000000005 1.0415950000000003 1.0469450000000002 1.0746250000000002 1.0575950000000003 36.375000000000007 -0.026936999999999999 1785435.3379630002 1.0705650000000002 57.160000000000004 -0.00064628999999999989 -5963108.6449999986 0.17069350000000003 -2.7234999999999996e-05
decision_type=2 2 2 2 2 2 2 2 2 2 2 2 2 2
left_child=-1 5 3 -3 -4 -2 7 8 9 -7 12 -12 -8 -13
right_child=1 2 4 -5 -6 6 10 -9 -10 -11 11 13 -14 -15
leaf_value=-0.0087276574074851201 0.0090955600516371519 0.024485535902455082 -0.014780915862522495 0.001167764636759656 0.00042393946601786619 -0.011781715386093841 -0.018820474607226717 -0.031000217143340184 -0.025346260719879964 0.016303736522269845 -0.014229058284078821 -0.0078474908602387348 -0.0002386936005601345 0.0074318392421961754
leaf_weight=468.95258606225252 549.96932554244995 498.06239550560713 655.84501139074564 974.00222509726882 48004.904268208891 285.2713871691376 412.54536661878228 177.25409722328186 194.80459542013705 224.86627771519125 316.96571324765682 377.09656546451151 502.5900009535253 1439.5321018118411
leaf_count=1440 2848 1451 4718 2648 146459 1735 2330 1581 1894 960 857 1986 1587 5404
internal_value=0.000180142 0.000257339 0.000479341 0.0090888 0.000218094 -0.00221932 -0.0038119 -0.0115593 -0.0065915 0.000547203 -0.00155718 0.00147772 -0.00865955 0.00424107
internal_weight=55082.7 54613.7 50132.8 1472.06 48660.7 4480.9 3930.93 882.196 704.942 510.138 3048.73 2133.59 915.135 1816.63
internal_count=177898 176458 155276 4099 151177 21182 18334 6170 4589 2695 12164 8247 3917 7390
is_linear=0
shrinkage=0.03


Tree=405
num_leaves=15
num_cat=0
split_feature=90 90 71 67 89 84 89 13 70 89 88 12 78 46
split_gain=29.184 29.1534 117.895 128.882 117.611 79.0684 67.8527 124.981 173.506 59.5714 139.835 90.964 58.9088 58.5996
threshold=0.062735000000000013 0.40815650000000009 0.0033305000000000006 1.1061150000000002 0.00070150000000000019 59.225000000000001 0.0010255000000000002 0.0010665000000000004 35.405000000000008 0.0021890000000000004 0.0016364900000000002 42.155000000000008 -0.090649999999999994 0.058750000000000004
decision_type=2 2 2 2 2 2 2 2 2 2 2 2 2 2
left_child=-1 2 3 -2 -5 12 7 -3 -9 10 11 -8 -4 -13
right_child=1 6 5 4 -6 -7 9 8 -10 -11 -12 13 -14 -15
leaf_value=0.0086692446295691464 0.0023572105698593717 0.013495003380234421 -2.4181707731457323e-05 -0.027526147484898601 -0.0042949640743520472 -0.0067782428257050975 0.0020289638358867374 0.017750016865169482 -0.029304248132162161 0.0001211255831050213 0.013343810345922646 -0.026613179889703985 0.012573370581091956 -0.0057753942831420416
leaf_weight=347.33893801271915 480.19541661441326 815.29082687199116 692.32205848395824 444.77494072169065 357.14669725298882 647.30357285216451 246.2352683916688 120.25976935587823 166.34175205137581 49074.505683952942 230.78508762642741 372.92494186200202 636.19884994998574 186.93528727255762
leaf_count=720 1769 1882 1950 1401 934 2006 1519 690 1770 155776 1004 2999 1772 1051
internal_value=1.29974e-05 -4.1807e-05 -0.00279348 -0.00987783 -0.0172354 0.00179106 0.000132707 0.00749338 -0.00946261 -2.86936e-05 -0.00714167 -0.0130531 0.00599086 -0.0197317
internal_weight=54818.6 54471.2 3257.94 1282.12 801.922 1975.82 51213.3 1101.89 286.602 50111.4 1036.88 806.095 1328.52 559.86
internal_count=177243 176523 9832 4104 2335 5728 166691 4342 2460 162349 6573 5569 3722 4050
is_linear=0
shrinkage=0.03


Tree=406
num_leaves=15
num_cat=0
split_feature=75 41 77 91 79 76 75 91 35 35 19 34 63 68
split_gain=28.2371 79.9534 78.8034 70.1781 93.7204 88.9653 104.165 82.1459 69.7052 91.537 77.9526 133.774 98.2567 122.626
threshold=-0.13249999999999998 70.355000000000004 3008817.7900000005 0.00018338500000000002 3662603.4965260006 66.545000000000016 -2.3013999999999997 0.00014173000000000004 1.1838850000000003 1.1773150000000003 -3462244.6549999993 1.0523850000000003 1.0882150000000002 1.1403550000000002
decision_type=2 2 2 2 2 2 2 2 2 2 2 2 2 2
left_child=1 2 3 7 5 6 -5 8 9 10 -1 -12 -13 -14
right_child=-2 -3 -4 4 -6 -7 -8 -9 -10 -11 11 12 13 -15
leaf_value=0.0046657860225068348 -0.00028949634039988404 0.0089500946914278044 -0.016958969225466108 -0.019750587446099307 0.0063479983228373624 0.0032414331785577152 -0.0017561076438163622 0.017776676472388935 0.013359966574564166 -0.010525176347433532 -0.015804384582082474 0.011727985179687922 -0.0069097258200321301 0.0078958800871085019
leaf_weight=4068.9021601136774 42660.406257920898 1128.2161366119981 224.98030346632004 662.83177065476775 604.69603962078691 493.9384844917804 520.80110867135227 292.40576688013971 430.82876352965832 576.10238824784756 500.21678563579917 604.45590950548649 1484.7955914027989 759.3629548959434
leaf_count=18831 124966 2706 610 4918 2337 2629 2122 1238 848 1479 2641 2412 7250 2840
internal_value=7.5664e-05 0.00133912 0.000570701 0.000933489 -0.00374382 -0.00740099 -0.0118665 0.00216181 0.00161424 0.00097586 0.00187444 -0.00150854 0.00099595 -0.00188526
internal_weight=55012.9 12352.5 11224.3 10999.3 2282.27 1677.57 1183.63 8717.07 8424.66 7993.84 7417.73 3348.83 2848.61 2244.16
internal_count=177827 52861 50155 49545 12006 9669 7040 37539 36301 35453 33974 15143 12502 10090
is_linear=0
shrinkage=0.03


Tree=407
num_leaves=15
num_cat=0
split_feature=19 12 75 41 77 48 19 19 79 71 82 40 10 16
split_gain=33.0706 69.1725 35.6458 77.4441 83.9793 74.3919 139.55 156.716 141.989 128.939 101.493 97.0158 138.718 142.982
threshold=-7153089.584999999 48.025000000000013 -0.13249999999999998 73.575000000000003 3008817.7900000005 1978281.03 -2902821.7349999999 -3007826.9949999996 510861.00006100006 0.0055475000000000012 0.033685000000000007 1.1149150000000001 1.1303850000000002 -0.00030549999999999994
decision_type=2 2 2 2 2 2 2 2 2 2 2 2 2 2
left_child=1 -1 3 4 -2 -4 7 8 -7 11 -11 12 13 -10
right_child=2 -3 5 -5 -6 6 -8 -9 9 10 -12 -13 -14 -15
leaf_value=-0.019087655659391394 0.0016925335464550812 0.0039138354119326061 0.00013206399420459731 0.017500184028611081 -0.014427854658468965 -0.018930121085426101 -0.028607568201194259 0.022915618147647195 -0.019463322858068798 0.013882358408809355 -0.0086344661978365392 -0.0282500220647432 0.020681782054924908 0.013161769332015289
leaf_weight=238.34386316873133 11505.187065618113 227.49718116037548 39780.278436379507 270.51342470943928 297.08369600772858 523.42883134819567 207.18621779978275 192.24324932694435 444.06427538208663 606.97268006764352 253.5169276855886 185.19811481423676 159.94669899344444 164.06064248085022
leaf_count=2813 48757 1404 105118 648 786 3925 1178 453 4656 3213 1684 1721 573 898
internal_value=0.000142964 -0.00780611 0.000211488 0.00165031 0.00128303 -0.000196391 -0.00498017 -0.00302245 -0.00517768 -0.00118412 0.00721132 -0.00879351 -0.00403249 -0.0106053
internal_weight=55055.5 465.841 54589.7 12072.8 11802.3 42516.9 2736.62 2529.43 2337.19 1813.76 860.49 953.27 768.072 608.125
internal_count=177827 4217 173610 50191 49543 123419 18301 17123 16670 12745 4897 7848 6127 5554
is_linear=0
shrinkage=0.03


Tree=408
num_leaves=15
num_cat=0
split_feature=64 64 50 19 77 89 74 68 68 0 48 48 91 68
split_gain=39.3292 126.725 120.612 98.1107 88.7222 88.0693 152.18 96.7945 97.5446 230.584 100.539 183.257 172.293 89.8899
threshold=1.0950450000000003 1.0912350000000002 115261.33250450001 222058.89000000004 -433213.75499999995 0.056113000000000003 0.090052000000000007 1.0944450000000001 1.0985550000000002 1.0915050000000002 308108.46500000003 185617.38500000004 -0.0005080499999999998 1.0868850000000003
decision_type=2 2 2 2 2 2 2 2 2 2 2 2 2 2
left_child=1 3 4 -1 -3 7 -7 13 9 -9 11 -10 -12 -2
right_child=5 2 -4 -5 -6 6 -8 8 10 -11 12 -13 -14 -15
leaf_value=-0.00046658252672625761 0.0005071407915552918 0.0097343905841350189 -0.015310099085406929 0.011822157868061269 -0.011793546538087601 0.020562096340123716 0.00018921504168139817 0.010623155499773834 0.0003783563724561789 -0.016265789920785881 0.012763996248900778 0.021316964474654157 -0.014218104737447753 0.010333181445053709
leaf_weight=28150.220770184882 1770.4648846536875 416.67976689524949 1001.9437247700989 596.03052346035838 291.95728914812207 547.5165667720139 835.89233903586864 410.3208607621491 16696.365890443325 942.51910731196404 273.59073907881975 383.98466610908508 937.04593690298498 1601.6035543382168
leaf_count=95945 4294 1420 4526 1792 1033 1012 1916 1547 47658 4106 1275 1148 5985 3778
internal_value=3.47945e-05 -0.000683601 -0.00861444 -0.000210339 0.000818521 0.000932764 0.00828296 0.000489324 -0.000315384 -0.0080863 0.00025814 0.000852056 -0.00809018 0.00518471
internal_weight=54856.1 30456.8 1710.58 28746.3 708.637 24399.3 1383.41 23015.9 19643.8 1352.84 18291 17080.4 1210.64 3372.07
internal_count=177435 104716 6979 97737 2453 72719 2928 69791 61719 5653 56066 48806 7260 8072
is_linear=0
shrinkage=0.03


Tree=409
num_leaves=15
num_cat=0
split_feature=77 41 77 31 65 89 78 32 36 16 50 64 79 89
split_gain=32.3491 86.6081 90.8878 124.721 117.195 104.642 128.52 92.4286 110.437 119.265 125.91 91.3665 90.7345 139.498
threshold=-95201.019999999975 73.185000000000016 -801973.46499999985 0.00010750000000000001 1.0897350000000003 0.030332500000000002 -0.56514999999999993 0.63103550000000019 1.1382900000000002 -0.0020434999999999997 47778.533018000009 1.0819150000000002 3764561.1239025006 0.004399000000000001
decision_type=2 2 2 2 2 2 2 2 2 2 2 2 2 2
left_child=1 2 -1 -4 7 6 -6 -5 9 10 -9 -11 13 -8
right_child=-2 -3 3 4 5 -7 12 8 -10 11 -12 -13 -14 -15
leaf_value=-0.00038907206607744757 -0.00083696323646511976 0.0090234199808571051 0.013317703367993263 -0.00028193332516367539 -0.019755088978409163 -0.01666562412048983 0.020518315999672337 0.016510038444240187 0.025822856951683928 0.003347979776068833 -0.017522823639101778 0.023969043173005709 -0.0099980849831229051 0.00072669799789416433
leaf_weight=26618.134074048139 20634.321334321052 1080.1217366214842 996.42952492833138 1095.9941530823708 266.96763688698411 393.84433123469353 410.44443620741367 146.95120955631137 353.0628490075469 390.64530331641436 285.45580944605172 390.35063406638801 442.35855089128017 1466.6760029233992
leaf_count=98050 54649 2617 2043 2793 1273 1436 1247 685 614 1039 2306 975 1985 5896
internal_value=0.000101166 0.000665795 0.000393193 0.00353359 0.00179849 -0.00228025 -7.25645e-05 0.00637454 0.0110482 0.00670674 -0.00587631 0.0137105 0.00218747 0.00507886
internal_weight=54971.8 34337.4 33257.3 6639.18 5642.75 2980.29 2586.45 2662.46 1566.47 1213.4 432.407 780.996 2319.48 1877.12
internal_count=177608 122959 120342 22292 20249 11837 10401 8412 5619 5005 2991 2014 9128 7143
is_linear=0
shrinkage=0.03


Tree=410
num_leaves=15
num_cat=0
split_feature=60 67 74 60 79 79 60 75 71 56 61 75 85 48
split_gain=30.943 119.144 55.6693 43.5707 97.1233 37.1979 112.486 79.8719 75.5213 64.5276 64.1795 56.7505 54.349 99.2481
threshold=0.094612500000000016 1.0657250000000003 -0.017435499999999996 0.090272500000000019 876154.18057750014 1756815.1941955003 0.00030750000000000005 16.846800000000005 0.020616500000000006 61.20000000000001 0.22692800000000002 -0.48359999999999997 6.3200000000000012 2637866.1550000007
decision_type=2 2 2 2 2 2 2 2 2 2 2 2 2 2
left_child=3 2 -2 5 -5 -1 11 8 9 10 -8 -7 -12 -14
right_child=1 -3 -4 4 -6 6 7 -9 -10 -11 12 -13 13 -15
leaf_value=-0.0003038171404223741 -0.033010275015095882 0.010790418114714418 -0.0066399983155590227 0.02507527264475613 -0.0041402366973900418 0 0.017192212479117539 0.016837147955814712 -0.0092516801360319929 -0.0057882193721284642 0.0074586602465744577 -0.01800338410451845 0.0025227772360675344 -0.010060535336747308
leaf_weight=41648.148255644366 140.71801243536174 193.62891128659248 154.95007478818297 196.75603321567178 208.89770645648241 270.84494794905186 279.1327910553664 327.55994898080826 526.81016085669398 806.74447298422456 1715.7613896252587 380.60244728066027 7488.5593448467553 608.39703593030572
leaf_count=125655 1195 1254 969 812 1272 834 1280 623 1636 3324 6196 1589 24978 6025
internal_value=0.000131169 -0.00737009 -0.0193606 0.000199252 0.00998333 0.000125086 0.00156746 0.00224247 0.00181999 0.00235872 0.00301347 -0.0105494 0.00260537 0.00157245
internal_weight=54947.5 489.297 295.668 54458.2 405.654 54052.6 12404.4 11753 11425.4 10898.6 10091.9 651.447 9812.72 8096.96
internal_count=177642 3418 2164 174224 2084 172140 46485 44062 43439 41803 38479 2423 37199 31003
is_linear=0
shrinkage=0.03


Tree=411
num_leaves=15
num_cat=0
split_feature=55 50 56 31 60 78 19 14 84 48 48 6 9 48
split_gain=32.5728 28.8154 27.9905 49.538 51.259 46.152 101.169 42.8289 38.4033 49.0613 37.3595 132.15 171.446 98.9167
threshold=96.645000000000024 20854765.356050503 54.82500000000001 0.00012350000000000005 0.0093405000000000016 2.9677500000000001 -3767577.3799999994 -0.22600949999999995 93.110000000000014 -2509329.5299999998 -1613332.7799999998 1.1560950000000003 1.1548250000000002 -1449004.1799999997
decision_type=2 2 2 2 2 2 2 2 2 2 2 2 2 2
left_child=1 2 8 -4 7 -6 -7 -5 10 -10 11 12 -1 -12
right_child=-2 -3 3 4 5 6 -8 -9 9 -11 13 -13 -14 -15
leaf_value=-0.034092383690489558 -0.0069476197915919764 0.0062580383771273541 0.0026223708181791284 0.0012567784681550495 -0.0028656608129939568 -0.0058800926677920863 0.018599478146219466 -0.0096374818058143786 0.0005198857176584047 -0.015271992895636922 0.019840400600418136 -0.00021650295779960597 0.00086988705087414134 0.0009667879112125235
leaf_weight=238.84339300170541 624.77627299167216 640.23270598053932 1590.1067895255983 407.69253609701991 2452.857792403549 300.2409814670682 303.26041083969176 1506.6401695497334 374.36296715587378 328.94990257918835 252.37284475192428 26057.15886053443 262.95911655575037 19532.108347540721
leaf_count=1763 2192 1386 3669 1812 8454 1022 1001 5765 865 1668 612 60909 673 86016
internal_value=-0.000141854 -6.27921e-05 -0.000138956 -0.00197475 -0.00345162 -0.00102839 0.00638172 -0.00730224 0.000116449 -0.00683481 0.000222734 -0.000511631 -0.0157462 0.00121005
internal_weight=54872.6 54247.8 53607.6 6560.8 4970.69 3056.36 603.501 1914.33 47046.8 703.313 46343.4 26559 501.803 19784.5
internal_count=177807 175615 174229 21723 18054 10477 2023 7577 152506 2533 149973 63345 2436 86628
is_linear=0
shrinkage=0.03


Tree=412
num_leaves=15
num_cat=0
split_feature=47 41 68 45 73 91 91 88 67 37 50 61 33 83
split_gain=27.0097 77.6768 117.494 90.5546 63.6999 58.6549 64.8199 56.7112 84.4006 68.2088 61.0759 65.7514 72.5119 70.5187
threshold=2.6350000000000002 48.175000000000004 1.0380350000000003 -0.0057434999999999995 0.00027464500000000006 0.0014659950000000001 0.00063184500000000013 0.00091797000000000016 1.0735100000000002 1.1369950000000002 111294.29894750002 2.0901700000000001 -1.7149999999999999e-06 2.6796820000000001
decision_type=2 2 2 2 2 2 2 2 2 2 2 2 2 2
left_child=1 3 -3 5 -5 6 7 10 -9 -10 -1 12 -12 -13
right_child=-2 2 -4 4 -6 -7 -8 8 9 -11 11 13 -14 -15
leaf_value=0.0074761644637840038 0.00033514762388708354 0.0063573740422334102 -0.012928751179098906 -0.021889709929693933 -0.0021605892910619771 0.01635170066415733 -0.011455362619237307 0.0045663117857181346 -0.02332639561381384 -0.0023891772971450852 -0.017251889345934315 0.016724916723605952 0.0021668066818088471 -0.0049774167085878578
leaf_weight=1757.2806365564466 48332.164508406073 383.70514195412397 1072.272078585811 265.84912701882422 337.77368512377143 224.45284806378186 363.58213816955686 523.5314456410706 261.63017860613763 308.23462814092636 339.29194505885243 287.32864478044212 346.91897887550294 249.35459956899285
leaf_count=8237 147229 858 5974 1368 1067 710 1730 1547 1778 933 2037 1351 1717 1407
internal_value=8.68231e-05 -0.0016942 -0.00782466 0 -0.0109212 0.00141869 0.000653034 0.00174366 -0.00408431 -0.0120782 0.00389261 -0.0012343 -0.0074021 0.00659525
internal_weight=55053.4 6721.21 1455.98 5265.23 603.623 4661.61 4437.15 4073.57 1093.4 569.865 2980.17 1222.89 686.211 536.683
internal_count=177943 30714 6832 23882 2435 21447 20737 19007 4258 2711 14749 6512 3754 2758
is_linear=0
shrinkage=0.03


Tree=413
num_leaves=15
num_cat=0
split_feature=19 90 90 14 34 39 70 76 39 5 46 77 11 79
split_gain=30.1413 50.7723 44.9464 29.7857 82.1502 114.245 87.7471 77.1369 81.3597 158.242 67.0971 65.2129 89.2635 87.4099
threshold=-7153089.584999999 2.1133350000000006 1.5847285000000002 -0.13166899999999998 1.0819850000000002 1.0796250000000003 82.77500000000002 1.9150000000000003 1.0521650000000002 1.0603650000000002 20.092700000000004 -95201.019999999975 1.1807650000000003 43853.468980000012
decision_type=2 2 2 2 2 2 2 2 2 2 2 2 2 2
left_child=1 2 -1 4 5 -2 -6 -5 -9 -10 11 -11 -13 -14
right_child=3 -3 -4 7 6 -7 -8 8 9 10 -12 12 13 -15
leaf_value=-0.0040419785993538494 -0.00081231490017677976 0.003983516939559951 -0.028602056600601358 -0.014526526614925222 0.0028843881354540875 -0.016912365835054465 -0.007419477454159413 0.0039028875134700931 -0.020023993554906319 0.0004629207762075369 0.012144656592906426 -0.0056318154100220381 0.0078714606448529022 -0.001580499211987917
leaf_weight=145.11997067369521 3691.471621196717 197.96381619013846 129.86751593649387 341.65961876697838 12679.176235949621 444.17810802999884 787.78674916923046 3843.976561460644 376.45797221083194 19311.221451997757 373.0556902140379 4615.8810869082808 1005.497822791338 7019.7582957297564
leaf_count=1269 17482 1035 1940 1833 39382 2572 2131 13514 3203 57769 746 16440 2108 16362
internal_value=6.02377e-05 -0.00747148 -0.0158112 0.000126296 0.00114202 -0.00255242 0.0022789 -0.000357609 -0.000223932 -0.000710045 -0.000483577 -0.000632331 -0.00230777 -0.000391676
internal_weight=54963.1 472.951 274.987 54490.1 17602.6 4135.65 13467 36887.5 36545.8 32701.9 32325.4 31952.4 12641.1 8025.26
internal_count=177786 4244 3209 173542 61567 20054 41513 111975 110142 96628 93425 92679 34910 18470
is_linear=0
shrinkage=0.03


Tree=414
num_leaves=15
num_cat=0
split_feature=83 83 87 36 19 48 42 79 85 50 60 9 73 90
split_gain=29.8688 80.1198 90.6345 101.677 68.8873 89.3598 79.5224 67.2645 64.1307 62.1938 78.3739 60.9769 54.9736 59.3443
threshold=5.7490990000000011 7.2197695000000008 -30.828499999999995 1.0930150000000003 -1371386.6949999998 -2839324.2099999995 0.0023115000000000006 192441.92759500004 6.3200000000000012 8367027.4484290006 0.0013640000000000002 1.2025950000000003 -0.00013227499999999998 2.2951485000000003
decision_type=2 2 2 2 2 2 2 2 2 2 2 2 2 2
left_child=-1 2 -2 -4 5 7 -7 -3 -5 10 -10 -9 -12 -14
right_child=1 4 3 8 -6 6 -8 11 9 -11 12 -13 13 -15
leaf_value=0.00012358442660621044 0.0090985966470153688 -0.0053598832709354982 -0.021659675107019896 0.0037163115287448287 0.011129365959063938 -0.019097756901317164 -0.001941230217654849 0.01305647732920241 0.005757652361544339 -0.016469916509255386 -0.0020160928757841684 -4.7955776673314791e-05 -0.017008592457610293 -0.0010692452566927319
leaf_weight=46783.75143600069 392.42025263980031 499.30789376795292 340.0323151499033 688.949856672436 556.3378898575902 329.47381371259689 940.2576104644686 757.40365122258663 523.5485497713089 467.7089484333992 935.76629377529025 544.43709251284599 696.63675945065916 307.0102019533515
leaf_count=153548 1145 1219 2397 1863 2162 1177 2845 1535 1433 1322 2529 1249 2476 892
internal_value=-0.000165176 -0.00186178 -0.00460737 -0.00597522 0.00142457 -0.000326893 -0.00642819 0.00395879 -0.00448794 -0.00642746 -0.00450234 0.00755727 -0.00728905 -0.0121686
internal_weight=54763 7979.29 4352.07 3959.65 3627.22 3070.88 1269.73 1801.15 3619.62 2930.67 2462.96 1301.84 1939.41 1003.65
internal_count=177792 24244 14057 12912 10187 8025 4022 4003 10515 8652 7330 2784 5897 3368
is_linear=0
shrinkage=0.03


Tree=415
num_leaves=15
num_cat=0
split_feature=71 64 63 62 13 66 75 71 48 71 89 48 39 76
split_gain=31.1905 110.346 126.242 92.4615 83.8614 159.924 142.365 72.6162 71.491 54.8477 204.535 95.4848 96.14 98.5389
threshold=0.0019965000000000004 1.0800650000000003 1.0853950000000003 0.00012739500000000004 0.0017205000000000002 1.1772700000000003 -0.30324999999999996 0.0016555000000000001 -352785.24499999994 0.0032565000000000003 0.00070150000000000019 2930729.8900000006 1.0709550000000003 10.435
decision_type=2 2 2 2 2 2 2 2 2 2 2 2 2 2
left_child=1 3 -3 -1 5 7 -6 -4 -8 10 -2 12 -12 -14
right_child=9 2 4 -5 6 -7 8 -9 -10 -11 11 -13 13 -15
leaf_value=-0.025903082404621119 -0.024791120793313786 0.021248750787581684 0.0066433375363961159 0.010141389262516762 0.006357322428082149 -0.004771860627850154 -0.0044022159847632129 0.023149244101331009 -0.03354485070876622 0.00018505027826828561 -0.012159381184442387 -0.020155939093233013 0.015476726118230423 -0.0001812640605399616
leaf_weight=199.92163894977421 368.4527082182467 367.77337781526148 572.26266982033849 91.935761721804738 355.17509867250919 727.94557750225067 134.86127277463675 422.5472647882998 180.95224522054195 48176.83985822089 481.97181772440672 222.95303814858198 432.26153027266264 2169.100219655782
leaf_count=2394 1142 1181 1742 781 1425 1781 756 924 1856 148574 2675 2990 1257 8263
internal_value=8.91172e-05 0.00303545 0.00489893 -0.0144507 0.00236661 0.00587946 -0.00660328 0.0137006 -0.021248 -8.38596e-05 -0.00361659 -0.00124105 0.000123032 0.002414
internal_weight=54905 3053.37 2761.52 291.857 2393.74 1722.76 670.989 994.81 315.814 51851.6 3674.74 3306.29 3083.33 2601.36
internal_count=177741 12840 9665 3175 8484 4447 4037 2666 2612 164901 16327 15185 12195 9520
is_linear=0
shrinkage=0.03


Tree=416
num_leaves=15
num_cat=0
split_feature=48 31 48 90 72 73 48 73 64 79 91 91 85 42
split_gain=29.3705 175.797 139.026 103.685 95.2957 87.819 92.5019 120.048 81.8617 114.355 67.6953 64.1268 64.001 63.7103
threshold=-5455002.3699999992 0.00017950000000000003 -4924591.919999999 2.1223210000000008 0.48293650000000005 -0.0041698399999999984 -4577271.1499999994 2.9535000000000004e-05 1.1405450000000001 79620.182878500011 2.6450000000000003e-05 -0.00058173499999999989 22.115000000000006 0.0063655000000000005
decision_type=2 2 2 2 2 2 2 2 2 2 2 2 2 2
left_child=1 3 4 -1 8 -4 7 12 9 -2 11 -10 -7 -13
right_child=2 -3 5 -5 -6 6 -8 -9 10 -11 -12 13 -14 -15
leaf_value=0.00025311888079403101 -0.0019692888325950121 0.008219779870311238 -0.013987535961502992 -0.013048168547606804 0.0064814594228184922 -0.011134960769527266 4.2957024625666173e-05 0.010812114981082465 0.00086814569236773884 -0.022587244665235099 0.0048541476049397186 -0.0036906969525073198 0.0045356726882592249 -0.019505964792749086
leaf_weight=2539.6733192056417 394.15765087306499 2413.7454411685467 385.28751117922366 663.32396666705608 474.46509788930416 430.79132644832134 42804.676447458565 1634.4709244817495 505.10668011009693 641.6818556189537 525.16526590287685 427.06563115119934 509.58326891064644 509.37335176765919
leaf_count=5816 925 5053 1836 1740 1009 1106 149148 3332 1142 1827 1137 1021 1111 1411
internal_value=4.91309e-05 0.00210468 -0.000184763 -0.00249536 -0.00596737 0.00025404 0.000375923 0.00589739 -0.00794604 -0.0147801 -0.0043257 -0.00769183 -0.00261547 -0.012337
internal_weight=54858.6 5616.74 49241.8 3203 3477.02 45764.8 45379.5 2574.85 3002.55 1035.84 1966.71 1441.55 940.375 936.439
internal_count=177614 12609 165005 7556 8472 156533 154697 5549 7463 2752 4711 3574 2217 2432
is_linear=0
shrinkage=0.03


Tree=417
num_leaves=15
num_cat=0
split_feature=84 84 42 89 88 88 84 64 77 48 65 88 64 35
split_gain=29.3906 128.644 130.121 65.0229 155.064 121.531 129.696 108.249 97.8555 94.7703 88.9462 86.776 97.818 95.5959
threshold=42.090000000000011 45.055000000000007 0.00086850000000000002 0.034302000000000006 -0.046670874999999994 1.0000000180025095e-35 40.435000000000009 1.1318650000000001 3017697.5000000005 2274973.1600000006 1.1060050000000003 0.14017015000000002 1.0435050000000003 1.1814950000000002
decision_type=2 2 2 2 2 2 2 2 2 2 2 2 2 2
left_child=3 2 -2 4 7 6 -6 9 11 -1 -10 13 -13 -5
right_child=1 -3 -4 8 5 -7 -8 -9 10 -11 -12 12 -14 -15
leaf_value=0.0073682226020606824 0.010014383373898438 -3.0907382350761499e-05 -0.011564695130269659 0.0069789460817858747 0.0024211519452087254 -0.0021999181888247956 0.022611633144283591 -0.031597768446981547 -0.014638885835097544 -0.019793741372226541 0.0032987080743450471 0.002400883316251122 -0.010522801923924371 -0.0025996678348427162
leaf_weight=232.36571836844087 296.67441547289491 27768.895812688395 1583.0682260598987 5680.1969797164202 5796.1522369226441 7973.8402751097456 300.80205013416708 221.93299057707191 533.3801094442606 226.38924327120185 460.8651754707098 2058.2351247817278 706.85333116352558 1117.4961648583412
leaf_count=1084 770 90285 5658 16026 21760 26681 919 1564 1416 1531 1017 4612 1822 2692
internal_value=9.4093e-05 -0.000546264 -0.00813947 0.000845442 -0.000439218 0.000235651 0.00342574 -0.0144136 0.00264323 -0.00598448 -0.00629912 0.00357666 -0.000894627 0.00539972
internal_weight=54957.1 29648.6 1879.74 25308.5 14751.5 14070.8 6096.95 680.688 10557 458.755 994.245 9562.78 2765.09 6797.69
internal_count=177837 96713 6428 81124 53539 49360 22679 4179 27585 2615 2433 25152 6434 18718
is_linear=0
shrinkage=0.03


Tree=418
num_leaves=15
num_cat=0
split_feature=14 53 46 84 14 64 77 87 79 77 65 90 72 71
split_gain=31.0866 66.4154 62.0812 79.3264 78.5814 86.6389 66.0751 103.012 126.624 89.093 137.531 71.0668 73.6516 86.1337
threshold=-0.045783499999999991 0.16939000000000001 15.177900000000003 17.115000000000006 0.22823950000000001 1.1158700000000004 -95201.019999999975 -46.495499999999993 234194.40848550003 -771468.55999999994 1.0897350000000003 1.5384585000000002 -0.70027549999999994 0.011261000000000002
decision_type=2 2 2 2 2 2 2 2 2 2 2 2 2 2
left_child=1 -1 6 -4 5 -5 7 8 -2 -9 -11 12 -8 -14
right_child=2 -3 3 4 -6 -7 11 9 -10 10 -12 -13 13 -15
leaf_value=0.0010648108159815011 -0.022779664466134018 -0.0080798887414681806 -0.0075073952578168157 -0.0019628677851936307 0.013637307419703185 0.0116571840504758 -0.020471438661475935 -0.00056922899690298081 -0.001144721245164147 0.011489327327598511 -0.00083016151757734746 -0.0014480428688806127 0.0010450965604233578 -0.010516710367807778
leaf_weight=24505.75336062815 387.0365504398942 734.65493445470929 512.66614915430546 1373.9341330081224 744.49199667572975 603.01092828810215 335.87312398850918 13258.562454426661 662.34585880488157 1536.6319836713374 1727.5844463594258 6090.1472885385156 1031.4405640345067 1310.6169450208545
leaf_count=85078 1320 2573 1276 3226 1458 1214 970 43659 2429 3904 6250 16949 3806 3475
internal_value=2.32968e-05 0.000797144 -0.000636139 0.0032835 0.00532933 0.00218017 -0.00111864 -5.54859e-05 -0.00916684 0.000521892 0.0049618 -0.00324566 -0.00732052 -0.00541382
internal_weight=54814.8 25240.4 29574.3 3234.1 2721.44 1976.95 26340.2 17572.2 1049.38 16522.8 3264.22 8768.08 2677.93 2342.06
internal_count=177587 87651 89936 7174 5898 4440 82762 57562 3749 53813 10154 25200 8251 7281
is_linear=0
shrinkage=0.03


Tree=419
num_leaves=15
num_cat=0
split_feature=42 60 36 70 89 70 78 91 16 78 66 41 2 67
split_gain=37.9118 34.2752 98.1215 80.3415 116.994 146.521 123.337 176.436 110.157 97.0694 96.2856 95.5833 93.2258 110.604
threshold=0.00038350000000000005 0.051371000000000007 1.1144650000000003 38.275000000000013 0.035486500000000011 42.375000000000007 -0.25069999999999998 -0.0010428149999999997 -0.00054749999999999992 -0.14584999999999998 1.1348100000000001 70.845000000000013 1.1800350000000002 1.0562250000000002
decision_type=2 2 2 2 2 2 2 2 2 2 2 2 2 2
left_child=-1 -2 3 -3 5 9 10 -8 -6 -5 -7 12 13 -10
right_child=1 2 -4 4 8 6 7 -9 11 -11 -12 -13 -14 -15
leaf_value=-0.0082999216200454022 0.00057746000220416569 -0.0089695916267176351 -0.015550985819726946 0.024013123853667589 -0.015052133488071606 -0.024768581533597032 0.022602205398405694 -0.0027622619272481084 -0.011109595685943824 0.0067112121442239551 -0.0013574837003770752 -0.01423798470486131 0.0069842225440358424 0.0058481867436982349
leaf_weight=469.23321046680212 45878.161226297729 944.05638026632369 424.1260025575757 402.25835607014596 602.39047166146338 285.87616975419223 343.28201926872134 866.11539512034506 847.70674311369658 1091.6547832349315 358.99704793095589 425.31951732933521 1264.2956965267658 581.27408540248871
leaf_count=1428 141995 6891 1482 1416 3630 1540 710 4095 2382 5179 836 1132 2680 1745
internal_value=0.000179838 0.000253799 -0.00150242 -0.000753259 0.000340866 0.00441261 -0.00120622 0.00442527 -0.00331508 0.011403 -0.0118045 -0.00103423 0.00104427 -0.00419134
internal_weight=54784.7 54315.5 8437.35 8013.23 7069.17 3348.18 1854.27 1209.4 3720.99 1493.91 644.873 3118.6 2693.28 1428.98
internal_count=177141 175713 33718 32236 25345 13776 7181 4805 11569 6595 2376 7939 6807 4127
is_linear=0
shrinkage=0.03


Tree=420
num_leaves=15
num_cat=0
split_feature=60 67 60 78 89 66 39 9 35 60 90 74 45 48
split_gain=37.9075 132.874 36.8842 94.6205 103.525 145.346 185.421 121.45 80.8949 80.3294 98.1574 121.475 104.071 78.3234
threshold=0.094612500000000016 1.0657250000000003 0.065810500000000008 0.59940000000000004 0.040921500000000006 1.0573250000000003 1.0461450000000003 1.0787450000000003 1.0308450000000002 0.054384500000000009 1.337833 -0.00022549999999999998 0.085167500000000021 -5963108.6449999986
decision_type=2 2 2 2 2 2 2 2 2 2 2 2 2 2
left_child=2 -2 9 13 5 8 -7 -8 -5 -1 11 -11 -12 -4
right_child=1 -3 3 4 -6 6 7 -9 -10 10 12 -13 -14 -15
leaf_value=0.00013889316568832177 -0.021490564695751824 0.010629463560280151 -0.0047453020255863749 0.0014599126907774535 -0.013098185002790658 0.025655699556637965 -0.020069143189721989 0.0085069169087097427 -0.023868206458416839 0.019982583217802344 -0.01787334188746793 -0.0052078156573282094 -0.0037587174070035003 0.010572630315877742
leaf_weight=47615.343022370711 283.94494209066033 193.20241111330688 369.02589917182922 216.92124933004379 528.43389165960252 370.68360637873411 203.9037125967443 384.21056298352778 232.04353233892471 282.05859121121466 678.6500192116946 436.61996492557228 1553.5971353054047 1549.2286490481347
leaf_count=147596 2145 1267 903 1295 3006 1076 1317 1695 1713 1200 4046 1372 3715 5471
internal_value=-1.64606e-05 -0.00842703 5.68834e-05 0.00288574 -0.00178004 0.00245345 0.00906495 -0.00136695 -0.011588 -0.000158208 -0.00496073 0.00465096 -0.00806937 0.00760926
internal_weight=54897.9 477.147 54420.7 3854.45 1936.2 1407.76 958.798 588.114 448.965 50566.3 2950.93 718.679 2232.25 1918.25
internal_count=177817 3412 174405 16476 10102 7096 4088 3012 3008 157929 10333 2572 7761 6374
is_linear=0
shrinkage=0.03


Tree=421
num_leaves=15
num_cat=0
split_feature=61 37 43 39 71 33 84 6 33 84 14 72 64 67
split_gain=31.6969 74.4711 99.7449 61.126 132.541 73.7917 68.8428 77.5492 66.8017 61.267 57.7354 49.6505 53.8406 59.265
threshold=2.5383000000000004 1.1474950000000002 0.61939250000000012 1.0719450000000001 0.048195000000000009 -5.2499999999999995e-07 69.495000000000019 1.1936250000000002 -1.5349999999999999e-06 61.125000000000007 0.079912500000000011 0.38099600000000006 1.1068650000000002 1.1396950000000003
decision_type=2 2 2 2 2 2 2 2 2 2 2 2 2 2
left_child=-1 3 -3 5 6 10 8 -8 -5 -7 -2 12 -10 -14
right_child=1 2 -4 4 -6 9 7 -9 11 -11 -12 -13 13 -15
leaf_value=-0.00030156440263564898 -0.0060682922700243608 0.01657770716416419 0.00054230416232158159 0.0061111264609764486 -0.019546734993098679 0.0034961902430367146 -0.013946977001844921 0.0031355419264264975 -0.01328840381319309 0.01518805726408361 0.0065945559971449987 0.0059743015432247781 0.0067977813966397533 -0.0075224516760327778
leaf_weight=45311.910252954811 871.01973723620176 650.49518563598394 761.02212042361498 1665.5555940624326 342.16675274074078 1080.1528325956315 605.60962333157659 390.30776546895504 461.31459374167025 652.48164732009172 513.44216471910477 519.49400334060192 477.14900359138846 568.02044466137886
leaf_count=152034 2502 1301 1803 4834 952 2710 2300 863 1677 1399 1222 1307 1189 1589
internal_value=2.90514e-05 0.00159938 0.00795993 0.000492813 -0.00154863 0.00379587 -0.000224549 -0.00722568 0.00165757 0.00792268 -0.00134912 -0.00199011 -0.00475859 -0.000955941
internal_weight=54870.1 9558.23 1411.52 8146.71 5029.62 3117.1 4687.45 995.917 3691.53 1732.63 1384.46 2025.98 1506.48 1045.17
internal_count=177682 25648 3104 22544 14711 7833 13759 3163 10596 4109 3724 5762 4455 2778
is_linear=0
shrinkage=0.03


Tree=422
num_leaves=15
num_cat=0
split_feature=48 31 48 72 90 70 79 75 83 61 86 48 73 85
split_gain=25.3801 160.235 120.614 86.4569 84.0445 102.944 86.3719 83.1904 116.081 103.076 108.524 74.9758 119.129 72.5006
threshold=-5455002.3699999992 0.00017950000000000003 -4924591.919999999 0.48293650000000005 2.1223210000000008 59.565000000000005 43853.468980000012 -0.18699999999999997 4.1815805000000008 1.0584335000000002 14.565000000000003 -4577271.1499999994 2.9535000000000004e-05 21.155000000000005
decision_type=2 2 2 2 2 2 2 2 2 2 2 2 2 2
left_child=1 4 3 7 5 6 -1 -2 9 -9 -11 12 13 -4
right_child=2 -3 11 -5 -6 -7 -8 8 -10 10 -12 -13 -14 -15
leaf_value=0.0023580315037018589 0.0038911446456607601 0.0076681695626823441 -0.012457181696986987 0.0060096365396421006 -0.011877221629747999 0.0049434105030094766 -0.015151005061834002 0.0010163007365041447 0.0043223303217808859 -0.026595493927372389 -0.010435749173875474 -0.00020020893686412082 0.010034138621021347 0.0040086487982330414
leaf_weight=451.24531482160091 470.89194044470787 2408.3773519396782 428.51935337483883 483.66874496638775 684.65540787577629 1508.09235227108 569.6435768455267 392.99442081153393 430.09866365790367 573.61164249479771 1109.4391600936651 43099.237043824047 1620.473920583725 542.86663715541363
leaf_count=1017 1035 5077 1114 1035 1778 3273 1522 889 939 1693 2823 150780 3338 1192
internal_value=-9.22797e-05 0.00181619 -0.000311215 -0.00571039 -0.00256111 -2.34595e-05 -0.00738771 -0.00762596 -0.00980262 -0.012744 -0.0159736 9.71855e-05 0.00505221 -0.00322961
internal_weight=54773.8 5622.01 49151.8 3460.7 3213.64 2528.98 1020.89 2977.04 2506.14 2076.05 1683.05 45691.1 2591.86 971.386
internal_count=177505 12667 164838 8414 7590 5812 2539 7379 6344 5405 4516 156424 5644 2306
is_linear=0
shrinkage=0.03


Tree=423
num_leaves=15
num_cat=0
split_feature=38 38 68 66 42 87 1 89 63 48 64 2 37 48
split_gain=29.7267 92.8646 152.358 187.618 112.495 113.103 86.299 152.511 133.434 93.9881 242.106 187.766 137.127 88.4929
threshold=1.1109450000000003 1.1216250000000001 1.0841950000000002 1.0881650000000003 0.0030090000000000004 88.741000000000014 1.1221650000000001 0.025473500000000003 1.0965050000000003 1755733.1100000001 1.0858250000000003 1.1397550000000003 1.1338650000000003 901280.04000000015
decision_type=2 2 2 2 2 2 2 2 2 2 2 2 2 2
left_child=-1 2 -2 -4 -5 -6 7 8 -3 13 -11 12 -12 -8
right_child=1 6 3 4 5 -7 9 -9 -10 10 11 -13 -14 -15
leaf_value=0.00079557218474734658 -0.019714848827124879 0.011275020988118042 0.022153631972464741 -0.015155230912852691 -0.0087450917858030563 0.0081619178924474331 -0.00056786338671100203 0.029596435366237871 -0.018004740211667355 -0.035632206411591053 0.0093501648457308077 0.016730463982859579 -0.031317082448948382 0.0059129014110031117
leaf_weight=23452.664505098946 563.36011778563261 415.46104236505926 250.07381661981344 694.1604928933084 722.72543846070766 699.73495984077454 24769.49018311128 238.58960801362991 209.85763285309076 240.35191581398249 116.45344965904951 301.21171424537897 200.43425925821066 2052.3425321877003
leaf_count=91915 2926 1718 790 4100 2410 2353 60393 445 1513 1316 764 888 1980 4459
internal_value=-1.23575e-05 -0.000615336 -0.00570071 -0.00234525 -0.00526299 -0.00040725 -9.20911e-05 0.00923817 0.00138774 -0.000384698 -0.0101505 -0.000151804 -0.0162955 -7.06503e-05
internal_weight=54926.9 31474.2 2930.05 2366.69 2116.62 1422.46 28544.2 863.908 625.319 27680.3 858.451 618.099 316.888 26821.8
internal_count=177970 86055 12579 9653 8863 4763 73476 3676 3231 69800 4948 3632 2744 64852
is_linear=0
shrinkage=0.03


Tree=424
num_leaves=15
num_cat=0
split_feature=42 43 91 91 78 79 85 70 1 8 48 21 38 48
split_gain=30.3055 65.3834 76.9276 141.491 112.861 90.5027 152.083 103.677 90.461 124.509 122.854 102.871 90.0894 89.5927
threshold=0.0093385000000000013 -0.091625499999999985 2.7550000000000003e-06 -5.4449999999999987e-06 0.4048500000000001 538240.36151450011 20.735000000000003 80.00500000000001 1.1828250000000002 1.2055450000000001 966727.83000000007 949947.74351100007 1.1294650000000002 2630672.3900000001
decision_type=2 2 2 2 2 2 2 2 2 2 2 2 2 2
left_child=-1 -2 3 5 -5 6 8 13 10 -10 -3 -11 -8 -7
right_child=1 2 -4 4 -6 7 12 -9 9 11 -12 -13 -14 -15
leaf_value=-0.00064374331162371642 0.0053426855033241547 -0.016802366084897182 0.0022114931625906459 -0.0028887120670746439 -0.023429570118857667 0.0057586617184296491 0.0042599525425762617 -0.015260831069983098 0.0054527459899078824 -0.021728091849437827 0.0035730996611763447 -0.0018361124195269871 -0.004428825020878613 -0.0065170528364171991
leaf_weight=27829.057910240255 2545.1170534901321 1226.2965531926602 10619.598063711077 538.89871072769165 440.28601738810539 3839.3290132209659 3079.9326040148735 263.66945885121822 896.45988073945045 398.36881172657013 336.82566208392382 574.42952057719231 1645.4561231657863 618.67845519073308
leaf_count=93395 9872 3532 31355 1661 1768 12944 7642 728 1932 1129 1409 1346 4315 4657
internal_value=5.05315e-05 0.000766614 0.000289394 -0.00118136 -0.0121699 -0.000342728 -0.00225795 0.00295968 -0.00706442 -0.00258812 -0.0123931 -0.0100268 0.00122774 0.00404724
internal_weight=54852.4 27023.3 24478.2 13858.6 979.185 12879.4 8157.77 4721.68 3432.38 1869.26 1563.12 972.798 4725.39 4458.01
internal_count=177685 84290 74418 43063 3429 39634 21305 18329 9348 4407 4941 2475 11957 17601
is_linear=0
shrinkage=0.03


Tree=425
num_leaves=15
num_cat=0
split_feature=14 72 21 76 68 68 90 70 77 72 35 8 89 86
split_gain=30.0142 67.1809 74.3814 68.2692 51.7646 98.0974 103.184 93.4866 95.1883 90.1423 79.5863 75.5575 56.7014 151.276
threshold=-0.04839849999999999 -0.17327899999999999 64700.059635500009 84.560000000000016 1.1312500000000003 1.1476350000000002 1.3939690000000002 61.665000000000006 852617.58500000008 0.33550050000000003 1.1093050000000002 1.2230150000000002 0.012042000000000002 38.340000000000011
decision_type=2 2 2 2 2 2 2 2 2 2 2 2 2 2
left_child=1 2 -1 -4 11 6 -6 10 -9 12 -8 -2 -7 -14
right_child=4 -3 3 -5 5 9 7 8 -10 -11 -12 -13 13 -15
leaf_value=-0.0047708811229071153 -0.00020123605513477238 -1.3791570972771813e-05 0.0060562565351421687 -0.0079372578662458022 -0.020439245356641142 0.0034770380664743716 -0.021908121854091807 -0.010295281791249387 0.0067644972894532144 0.014016914002141832 -0.0050111209236867382 0.011970876483299836 0 -0.02252504617525641
leaf_weight=798.11744501441717 23436.147867890075 19469.956580195576 4538.4455214831978 334.42375414073467 442.01915808022022 1203.7725480943918 392.19366599619389 450.09907650947571 844.7995079010725 392.63420891016722 713.48074436187744 467.12620003521442 1141.054661873728 348.86891942471266
leaf_count=5405 73764 65370 15671 842 1432 2706 1494 1170 1790 843 1918 950 3298 1296
internal_value=5.76107e-05 0.000821682 0.00369486 0.0050883 -0.000585307 -0.00309432 -0.00711503 -0.00464165 0.000808101 0.000600257 -0.0110461 3.58715e-05 -0.0013487 -0.00526746
internal_weight=54973.1 25140.9 5670.99 4872.87 29832.2 5928.92 2842.59 2400.57 1294.9 3086.33 1105.67 23903.3 2693.7 1489.92
internal_count=177949 87288 21918 16513 90661 15947 7804 6372 2960 8143 3412 74714 7300 4594
is_linear=0
shrinkage=0.03


Tree=426
num_leaves=15
num_cat=0
split_feature=78 64 42 77 77 60 9 91 68 78 61 88 91 65
split_gain=28.9335 88.5872 190.826 138.336 136.549 122.133 86.3279 116.868 92.7913 76.1336 73.9494 102.801 71.8158 119.716
threshold=2.9418000000000002 1.0869350000000002 0.00075650000000000012 -5046338.5749999993 -4693568.1549999993 0.00051450000000000009 1.1819750000000002 0.00010317500000000001 1.0851350000000002 3.8682000000000003 1.6478940000000002 0.12350657000000002 -3.9809999999999993e-05 1.1197300000000003
decision_type=2 2 2 2 2 2 2 2 2 2 2 2 2 2
left_child=-1 6 -3 -4 -5 -6 8 9 10 -8 -2 -12 13 -7
right_child=1 2 3 4 5 12 7 -9 -10 -11 11 -13 -14 -15
leaf_value=0.00021318297651511618 0.0066012696271785616 -0.025445323955066639 -0.016479557304181259 0.015734107681564968 0.015699162968783511 -0.0092814216698436942 -0.0032910150269186231 0.0040866249124147736 0.015866248427446879 -0.021383617410827917 -0.0098795328540318816 0.0091522183643262187 -0.0075401082888707687 0.0068031830287921431
leaf_weight=44369.619385922328 1433.0336017180234 352.6876092851162 579.26387738250196 402.46250909566879 305.70011116564274 677.16969032213092 449.91368579864502 804.81349149346352 527.35131567716599 398.81872420012951 773.46050144359469 378.89984409511089 2206.4542167615145 1077.2800272554159
leaf_count=142956 4570 1450 1778 1011 830 3028 1077 1797 1367 1172 3628 797 8886 3197
internal_value=-0.000119636 -0.0015468 -0.00410606 -0.00266177 -0.000937894 -0.00252089 0.00145461 -0.00407391 0.00440146 -0.0118432 0.00204612 -0.00359331 -0.00393828 0.000576124
internal_weight=54736.9 10367.3 5601.02 5248.33 4669.07 4266.6 4766.29 1653.55 3112.75 848.732 2585.39 1152.36 3960.9 1754.45
internal_count=177544 34588 20180 18730 16952 15941 14408 4046 10362 2249 8995 4425 15111 6225
is_linear=0
shrinkage=0.03


Tree=427
num_leaves=15
num_cat=0
split_feature=83 74 79 9 1 15 87 65 9 85 46 75 19 35
split_gain=32.9797 63.9757 127.884 75.9763 138.645 110.942 84.4614 83.6325 104.761 91.2859 90.6563 83.2236 72.2122 96.3307
threshold=5.7490990000000011 -0.031736499999999994 1179207.9650475003 1.1824850000000002 1.1878350000000002 -7.0249999999999988e-06 -34.839499999999994 1.0891750000000002 1.1167850000000004 38.82500000000001 0.13725000000000001 16.315750000000005 -2876471.7999999993 1.1740150000000003
decision_type=2 2 2 2 2 2 2 2 2 2 2 2 2 2
left_child=-1 2 -2 6 11 -6 -3 9 -9 12 -10 -5 13 -8
right_child=1 3 -4 4 5 -7 7 8 10 -11 -12 -13 -14 -15
leaf_value=0.00036683670768156509 -0.024796856831619835 0.015645873340179681 0.0027323477868291366 -0.02372318257479987 -0.010322798757740068 0.0040274089037863675 -0.0053140783408037531 0.0050665245973013371 -0.0047409119241933594 -0.0059130954790336376 -0.030999605920703534 -0.0044496710946634087 0.014860790020195731 0.0087519244822207628
leaf_weight=46950.385104695335 303.81720837391913 352.69136466830969 298.83029714226723 452.66174754500389 719.00151082873344 1481.9312376379967 778.81370717287064 312.96331346035004 255.39674596115947 845.57231044769287 225.43280886858702 371.93263614177704 569.94598268717527 995.38229256123304
leaf_count=153576 2699 917 1458 1404 1845 3274 2077 1371 951 2324 1312 902 1544 2125
internal_value=6.35006e-05 -0.00172074 -0.0111145 -0.000946258 -0.00459662 -0.000649457 0.00159429 0.000339048 -0.00835964 0.00251515 -0.0171531 -0.0150821 0.00556938 0.002561
internal_weight=54914.8 7964.37 602.648 7361.73 3025.53 2200.93 4336.2 3983.51 793.793 3189.71 480.83 824.594 2344.14 1774.2
internal_count=177779 24203 4157 20046 7425 5119 12621 11704 3634 8070 2263 2306 5746 4202
is_linear=0
shrinkage=0.03


Tree=428
num_leaves=15
num_cat=0
split_feature=74 61 41 41 64 67 61 78 35 74 75 76 67 86
split_gain=33.2767 80.2944 62.4191 119.362 55.1941 93.3335 59.5724 69.8164 94.2259 102.857 150.806 115.769 94.9956 86.1567
threshold=0.14288300000000001 0.51567700000000005 69.035000000000011 70.655000000000015 1.0138950000000002 1.0377550000000002 0.065476500000000007 -0.63079999999999992 1.1410150000000001 0.0061480000000000007 4.4407000000000005 36.100000000000009 1.0966700000000003 27.765000000000004
decision_type=2 2 2 2 2 2 2 2 2 2 2 2 2 2
left_child=4 -2 -3 -4 -1 -6 -7 8 9 -8 11 -11 -13 -12
right_child=1 2 3 -5 5 6 7 -9 -10 10 13 12 -14 -15
leaf_value=-0.010889874769825496 -0.014858732640221067 0.0024087320798628705 -0.01676849816632001 0.0010908240254279655 0.0059158784132356656 0.011177196160218084 0.0015460396054065124 0.00039585517928804033 0.0018298024950604288 -0.0072812057018755922 -0.0070556605530731967 -0.032738378080074834 -0.011773767834338518 0.0071656383357761172
leaf_weight=398.85909631475806 432.99094086885452 1904.303185492754 552.64892202615738 852.4133705496788 2528.1323298551142 424.62132867798209 1411.9455776643008 40284.046359343454 2597.7236928250641 1039.7199163883924 942.82429517805576 405.87742549926043 387.56179524213076 643.6466805562377
leaf_count=1654 1153 4278 1501 1936 5816 1204 6240 137742 6376 2952 2439 1628 1218 1423
internal_value=9.60395e-06 -0.00272005 -0.00111878 -0.00591932 0.000210287 0.000298476 2.7188e-06 -9.6331e-05 -0.00276885 -0.00524742 -0.00806081 -0.0139208 -0.0225635 -0.00126616
internal_weight=54807.3 3742.36 3309.37 1405.06 51065 50666.1 48138 47713.3 7429.3 4831.58 3419.63 1833.16 793.439 1586.47
internal_count=177560 8868 7715 3437 168692 167038 161222 160018 22276 15900 9660 5798 2846 3862
is_linear=0
shrinkage=0.03


Tree=429
num_leaves=15
num_cat=0
split_feature=25 90 90 31 90 41 46 91 73 79 87 70 76 90
split_gain=31.7378 31.6047 32.1035 178.866 46.0011 76.7107 83.3574 53.1672 99.5209 141.088 80.127 71.9837 48.3009 95.935
threshold=6.0748810000000004 5.5593255000000008 3.696482 0.00018550000000000004 2.8569290000000005 47.445000000000007 0.10165 0.001387435 0.0011012400000000001 415533.54291600006 1.6065000000000003 59.255000000000003 1.9150000000000003 1.9825195000000002
decision_type=2 2 2 2 2 2 2 2 2 2 2 2 2 2
left_child=1 2 4 -4 7 -6 -7 12 11 10 -10 -9 13 -1
right_child=-2 -3 3 -5 5 6 -8 8 9 -11 -12 -13 -14 -15
leaf_value=0.004416305767490367 0.0091254615722721547 0.0094139525744696816 0.0051175395407229698 -0.02127130931280076 0.014240477584852983 -0.0076358429118530474 0.0061627503596910892 -0.007089466579893333 -0.028796199302684178 0.0017158104470154404 -0.0096081037868153592 0.0063398768101671794 0.00011684044826235352 -0.02122496428113534
leaf_weight=246.9787330403924 338.38004076108336 312.86814897507429 566.64221034944057 387.7483617849648 522.31013515405357 621.58394393697381 1069.7834415342659 586.89079068228602 352.58838286995888 540.42812537774444 457.72287869825959 920.18805345147848 47691.704990845174 275.00112030282617
leaf_count=957 1853 679 1233 1481 1490 2066 2667 1882 1078 1572 1252 2005 155753 1838
internal_value=-1.95643e-05 -7.70056e-05 -0.000132478 -0.00558332 -3.41816e-05 0.00419799 0.00107247 -0.00021829 -0.00419337 -0.0101058 -0.0180195 0.00108906 1.67889e-05 -0.00904999
internal_weight=54890.8 54552.4 54239.6 954.391 53285.2 2213.68 1691.37 51071.5 2857.82 1350.74 810.311 1507.08 48213.7 521.98
internal_count=177806 175953 175274 2714 172560 6223 4733 166337 7789 3902 2330 3887 158548 2795
is_linear=0
shrinkage=0.03


Tree=430
num_leaves=15
num_cat=0
split_feature=60 67 60 79 48 12 41 71 79 60 41 70 64 39
split_gain=30.7355 112.235 52.1365 92.4399 37.9176 132.934 72.5127 89.225 39.0762 82.7388 73.1503 94.7634 88.854 69.6238
threshold=0.094612500000000016 1.0657250000000003 0.090272500000000019 876154.18057750014 3028915.3050000002 39.775000000000013 47.845000000000006 0.0043450000000000008 1756815.1941955003 0.00030750000000000005 35.395000000000003 42.205000000000005 1.1134050000000002 1.1424550000000002
decision_type=2 2 2 2 2 2 2 2 2 2 2 2 2 2
left_child=2 -2 4 -4 8 -6 7 -7 10 -10 11 -1 13 -13
right_child=1 -3 3 -5 5 6 -8 -9 9 -11 -12 12 -14 -15
leaf_value=-0.018291056161914194 -0.01980134405350524 0.0096926652945187909 0.025259534561571553 -0.0032989523274275768 0.01196329590910386 -0.025115432751294745 -0.022205512815998842 0.0074506701689723573 -0.0091037596469364917 0.0020474511198182305 -0.00019911806182875831 -0.016482972041125105 0.012493168342021478 -0.0012648987263034776
leaf_weight=444.39162612706423 282.367580588907 194.40865876711905 197.84873785451055 205.751584880054 266.23929636925459 110.07226073928177 362.17492685653269 235.33423073031008 630.35983950458467 11370.096330543049 38856.893167452887 392.04161256551743 285.70279207825661 885.04521689191461
leaf_count=3290 2144 1246 807 1258 1596 1798 3990 1543 2092 40344 111719 2622 797 2289
internal_value=-0.000140715 -0.00771706 -7.3426e-05 0.0106544 -0.000154601 -0.00601772 -0.0128331 -0.00288326 -4.59165e-05 0.00145849 -0.000488471 -0.00607222 -0.00256903 -0.00596927
internal_weight=54718.7 476.776 54242 403.6 53838.4 973.821 707.581 345.406 52864.5 12000.5 40864.1 2007.18 1562.79 1277.09
internal_count=177535 3390 174145 2065 172080 8927 7331 3341 163153 42436 120717 8998 5708 4911
is_linear=0
shrinkage=0.03


Tree=431
num_leaves=15
num_cat=0
split_feature=89 89 50 37 78 35 77 77 71 6 12 77 70 79
split_gain=32.2618 98.4747 77.6283 68.5411 59.3972 48.2077 28.9368 89.4646 120.725 119.59 65.1513 35.1175 79.4456 33.5107
threshold=0.00057550000000000017 0.00064250000000000017 50862.336184000007 1.1516550000000001 -0.4247999999999999 1.1026550000000002 -37458211.944999993 -34981458.119999997 0.0030705000000000003 1.0684750000000003 47.025000000000013 -31165196.879999999 40.635000000000012 8213029.7561330004
decision_type=2 2 2 2 2 2 2 2 2 2 2 2 2 2
left_child=2 4 -1 5 -2 -4 10 8 -8 -10 -3 12 -9 -13
right_child=1 6 3 -5 -6 -7 7 11 9 -11 -12 13 -14 -15
leaf_value=-0.0058615568804527519 -0.0023341472896383519 -0.0037401000457690922 0.0099044400179683668 0.016254954467908374 -0.019577851448849628 -0.0062854006433997614 -0.032480325937024802 0.016934597152551127 -0.018152576955088279 0.012168122455149453 0.017580378818789294 0.00017057513271930488 -0.0027710250885012943 -0.0045985444713617131
leaf_weight=491.18125581741333 362.76423041522503 248.55889834463596 328.17333152890205 534.205261901021 364.88866873737425 330.38430036045611 173.1483809761703 351.34295950829983 235.38754824921489 230.18911799415946 262.45628747344017 49162.630923080258 380.69835804402828 1361.6603250466287
leaf_count=1290 915 1340 838 1014 1220 1170 1597 757 1423 1250 775 157554 1373 5068
internal_value=4.47421e-05 -8.43042e-05 0.004132 0.00827395 -0.0110373 0.00173964 6.74129e-05 -2.03046e-06 -0.0111521 -0.00310325 0.00716441 0.000136545 0.00665596 4.13622e-05
internal_weight=54817.7 53133.7 1683.94 1192.76 727.653 658.558 52406.1 51895.1 638.725 465.577 511.015 51256.3 732.041 50524.3
internal_count=177584 173272 4312 3022 2135 2008 171137 169022 4270 2673 2115 164752 2130 162622
is_linear=0
shrinkage=0.03


Tree=432
num_leaves=15
num_cat=0
split_feature=42 78 78 36 89 82 85 64 90 71 71 64 74 63
split_gain=29.6312 38.8157 67.1027 83.4919 100.135 131.23 82.6059 114.201 58.7979 56.1007 123.064 55.6481 119.206 62.5168
threshold=0.00038350000000000005 -1.3565499999999997 -0.90604999999999991 1.1779450000000002 0.029471500000000005 0.042415000000000008 16.080000000000002 1.0555000000000001 0.084330500000000017 0.0054725000000000008 0.0029525000000000007 1.0378400000000003 0.11201300000000002 1.0705350000000002
decision_type=2 2 2 2 2 2 2 2 2 2 2 2 2 2
left_child=-1 11 3 4 5 9 -6 -8 -4 10 -3 -2 13 -13
right_child=1 2 8 -5 6 -7 7 -9 -10 -11 -12 12 -14 -15
leaf_value=-0.0075348029304080459 0.0081673565461585045 -0.012857662611759644 0.010003956737661619 0.0063094702901595389 -0.022113633590142401 0.015385022091339252 0.0024261021113550752 -0.018273141674156525 6.458710951814629e-06 -0.013423921394204279 0.013245723183653394 0.010628097824284709 -0.01527188982484998 -0.00073932442369999379
leaf_weight=468.39696510881186 1248.8695940226316 327.10446679964662 534.58463445305824 566.88706594705582 475.86231201142073 346.07095449790359 535.74523944780231 429.98248533159494 46750.587557059713 483.10067497566342 321.12283035926521 676.56201182678342 369.90804776549339 1206.0488936081529
leaf_count=1429 2749 1517 1113 1211 1419 890 1210 1273 155814 1792 1040 1629 996 3527
internal_value=-2.94194e-05 3.49405e-05 -0.000175217 -0.00419173 -0.00624287 -0.000731022 -0.0118664 -0.00676841 0.000120329 -0.00569661 2.7869e-05 0.00309002 0.000259296 0.00333338
internal_weight=54740.8 54272.4 50771 3485.88 2918.99 1477.4 1441.59 965.728 47285.2 1131.33 648.227 3501.39 2252.52 1882.61
internal_count=177609 176180 167279 10352 9141 5239 3902 2483 156927 4349 2557 8901 6152 5156
is_linear=0
shrinkage=0.03


Tree=433
num_leaves=15
num_cat=0
split_feature=55 14 34 39 75 10 83 19 84 67 79 73 10 62
split_gain=32.5843 33.8365 106.173 104.965 70.946 84.6777 115.791 109.064 64.7803 72.1879 66.3491 72.5224 74.4086 72.9861
threshold=97.38000000000001 -0.12117249999999999 1.0819850000000002 1.0719450000000001 0.09395000000000002 1.1308350000000003 2.4223440000000003 -1387618.1249999998 69.495000000000019 1.1761850000000003 1179207.9650475003 -0.00011307999999999998 1.1593250000000002 2.1750000000000004e-06
decision_type=2 2 2 2 2 2 2 2 2 2 2 2 2 2
left_child=1 2 3 -1 8 6 -6 -8 9 10 11 -4 13 -13
right_child=-2 -3 4 -5 5 -7 7 -9 -10 -11 -12 12 -14 -15
leaf_value=-0.0006649556654880135 -0.0076919052604921762 -0.00040576956297389694 0.014004102877189187 -0.012595801091142198 -0.02061485349446911 0.0019260652058305859 -0.0094271768339368751 0.014214747884729421 -0.0013768870336105061 -0.0062914905868525963 0.013172895957551287 -0.017653913595541332 0.0071745755967799422 0.0021063022397558966
leaf_weight=3519.0759189520031 482.59482904337347 35959.925399621017 582.83364517614245 818.81459705531597 369.30701395124197 7942.9095421023667 440.55771794915199 290.57452446594834 1037.0842633228749 333.58183083310723 1470.3549421988428 277.68022355437279 940.18331237137318 418.39559657499194
leaf_count=17271 1706 110738 1795 5025 2014 21650 1825 932 3684 1150 4953 1329 2106 1789
internal_value=5.99445e-05 0.000129403 0.00117456 -0.0029263 0.00243813 0.000842369 -0.0069471 0 0.0052834 0.00700771 0.00821966 0.00491972 0.00165897 -0.00574747
internal_weight=54883.9 54401.3 18441.4 4337.89 14103.5 9043.35 1100.44 731.132 5060.11 4023.03 3689.45 2219.09 1636.26 696.076
internal_count=177967 176261 65523 22296 43227 26421 4771 2757 16806 13122 11972 7019 5224 3118
is_linear=0
shrinkage=0.03


Tree=434
num_leaves=15
num_cat=0
split_feature=49 2 79 88 32 79 83 36 10 85 85 71 13 78
split_gain=26.8269 62.4143 46.8454 97.5661 75.5668 56.7545 80.2777 85.9578 47.0075 44.1382 43.723 40.5619 34.3191 78.8594
threshold=-1.1401499999999998 1.2082150000000003 197515.07160500003 0.054475755000000008 0.5628755000000002 1200896.5591725002 2.6501880000000004 1.0519550000000002 1.1288250000000002 42.710000000000008 25.555000000000003 0.012581000000000002 0.00016450000000000001 0.16985000000000003
decision_type=2 2 2 2 2 2 2 2 2 2 2 2 2 2
left_child=1 2 3 -1 -5 9 7 -7 -9 10 11 -4 13 -2
right_child=12 -3 5 4 -6 6 -8 8 -10 -11 -12 -13 -14 -15
leaf_value=-0.015530386781750082 0.0049620025527818941 -0.013052768420814469 -0.0011763017146528892 0.0057353481960813434 -0.0083771100587194721 0.0053575224221599259 0.0069154637450253827 -0.028781433265942347 -0.0085080942668377662 0.013268802782826611 -0.0077843392689177678 0.011935848943182148 0.00012654397261140362 -0.0081485071942723857
leaf_weight=523.42299398593605 3063.0215679369867 418.27149273455143 405.76378607191145 791.65228804945946 598.63683009147644 205.63048474118114 384.0793308801949 199.57324966229498 225.47913189604878 443.4660159163177 295.99539059959352 435.52651527710259 46542.395340664312 474.81214697659016
leaf_count=1693 6781 1094 1500 1710 1526 945 1356 1715 638 1471 1222 1443 153643 1241
internal_value=0.000135431 -0.00197554 -0.000938708 -0.00450281 -0.000321347 0.00167833 -0.00383915 -0.0104367 -0.0181426 0.00523942 0.00207323 0.00558221 0.000343768 0.00319216
internal_weight=55007.7 4927.5 4509.23 1913.71 1390.29 2595.51 1014.76 630.683 425.052 1580.75 1137.29 841.29 50080.2 3537.83
internal_count=177978 16313 15219 4929 3236 10290 4654 3298 2353 5636 4165 2943 161665 8022
is_linear=0
shrinkage=0.03


Tree=435
num_leaves=15
num_cat=0
split_feature=43 71 31 19 65 70 75 64 21 41 64 73 91 46
split_gain=34.191 94.0069 166.59 104.366 77.334 62.7856 76.9998 92.6225 83.9776 69.4321 61.1001 61.1226 73.3682 55.0571
threshold=-0.38804599999999995 0.017036500000000003 0.00011750000000000001 -5564326.8549999995 1.1806450000000004 30.715000000000003 -0.069249999999999992 1.0964850000000002 813346.47466600011 31.745000000000001 1.1092200000000003 -3.7029999999999996e-05 -0.00066375499999999992 -0.069149999999999975
decision_type=2 2 2 2 2 2 2 2 2 2 2 2 2 2
left_child=1 2 -1 -4 5 -5 7 -7 9 -8 11 -3 -13 -14
right_child=-2 10 3 4 -6 6 8 -9 -10 -11 -12 12 13 -15
leaf_value=-0.024480401286129688 0.00026240654122811844 -0.0079118935144556896 -0.019659677176720149 0.0075372725564266489 0.010716812679218507 0.0011827454327552795 0.0024253105309826415 -0.023700578136440071 0.0079226077911201988 -0.019786312415324414 0.01109443501787109 0.013148288153881083 0.0055534070635891008 -0.0085781016766240288
leaf_weight=375.78416201099753 49136.519172215834 657.70190336927772 303.80624461360276 370.47716825827956 416.11707662045956 206.36581967025995 230.76033144630492 374.1595962010324 480.39016341790557 273.58120502531528 524.93292614817619 450.29728555679321 498.39030482620001 490.5010197609663
leaf_count=1305 158748 1725 1040 1943 848 995 1662 2016 1192 1765 1228 908 1158 1239
internal_value=7.64642e-06 -0.002201 -0.0058004 -0.0031376 -0.000983123 -0.00351794 -0.00615686 -0.0148166 -0.00101142 -0.00957938 0.00194992 -0.000329198 0.00311831 -0.00142726
internal_weight=54789.8 5653.27 3031.44 2655.66 2351.85 1935.73 1565.26 580.525 984.732 504.342 2621.82 2096.89 1439.19 988.891
internal_count=177772 19024 12766 11461 10421 9573 7630 3011 4619 3427 6258 5030 3305 2397
is_linear=0
shrinkage=0.03


Tree=436
num_leaves=15
num_cat=0
split_feature=75 15 39 39 61 85 38 36 48 78 32 63 44 85
split_gain=31.1355 73.9963 36.007 126.197 107.262 117.036 106.425 95.6206 75.3484 98.532 66.0904 62.1757 53.8665 50.7765
threshold=21.901150000000005 -6.4149999999999996e-06 1.1663750000000002 1.1625350000000003 0.49682300000000007 23.195000000000004 1.1875550000000004 1.1978550000000003 -3038289.6949999994 2.5193500000000006 0.58868050000000005 1.0921850000000002 -7.6774999999999982e-05 12.205000000000002
decision_type=2 2 2 2 2 2 2 2 2 2 2 2 2 2
left_child=2 -2 3 -1 6 7 -4 12 10 -10 11 -7 13 -6
right_child=1 -3 4 -5 5 8 -8 -9 9 -11 -12 -13 -14 -15
leaf_value=1.1296810441849034e-05 -0.0047283273252608088 0.010474928537121892 -0.017491796157041172 0.012090812892409658 -0.00740152821867228 0.0090664094634972884 0.00052281279048508331 -0.0066616542852134582 -0.003260196597116172 -0.023689422098427747 -0.01041736919352137 -0.0028900783830378227 0.0089107256989879747 0.0071782257200624046
leaf_weight=44892.233290060423 458.6668713837862 762.95338685810566 722.85833556950092 791.21215969324112 434.57781045138836 595.16586558520794 492.90262858569622 669.56829118728638 498.39244012534618 375.18962134420872 587.66416749358177 1134.576558381319 1820.4250313490629 423.29045695066452
leaf_count=154648 1122 1589 2007 1590 1107 1236 1124 1645 1230 1156 1503 2692 3833 917
internal_value=8.91002e-06 0.00474301 -9.88392e-05 0.000221424 -0.00198921 -0.000462419 -0.0101691 0.00345038 -0.00457677 -0.0120856 -0.00172927 0.00120941 0.00599111 -0.000172656
internal_weight=54659.7 1221.62 53438.1 45683.4 7754.61 6538.85 1215.76 3347.86 3190.99 873.582 2317.41 1729.74 2678.29 857.868
internal_count=177399 2711 174688 156238 18450 15319 3131 7502 7817 2386 5431 3928 5857 2024
is_linear=0
shrinkage=0.03


Tree=437
num_leaves=15
num_cat=0
split_feature=86 63 86 74 17 71 31 71 50 73 89 77 70 70
split_gain=35.3086 59.5886 58.9257 71.7519 55.5155 55.2975 129.08 120.777 106.834 61.7981 59.2226 98.479 114.428 166.295
threshold=23.665000000000003 0.99941000000000002 24.395000000000003 0.043272000000000005 0.68325000000000014 0.0019965000000000004 0.00025850000000000005 0.0029005000000000003 381759.25850000005 -7.3749999999999988e-06 0.012190500000000002 -2178165.2449999996 70.745000000000019 65.175000000000026
decision_type=2 2 2 2 2 2 2 2 2 2 2 2 2 2
left_child=1 -1 3 -2 -3 6 -4 -7 -8 -10 11 -9 13 -13
right_child=2 4 5 -5 -6 7 8 10 9 -11 -12 12 -14 -15
leaf_value=-0.013718145583669928 -0.00014566266331274218 -0.0006212350349810539 0.014864538456980136 0.018738826980235764 0.0085464056212069383 -0.0090384982445531545 0.0091995294488369725 0.009428283555704171 -0.0027963370092238594 -0.027543950037330858 0.00011247855713768176 0.00036976522550517365 0.013279931378702243 -0.025304180458252157
leaf_weight=305.83338503539562 352.19692624360323 27333.974697111174 769.77609487250447 364.98380792140961 606.39048708602786 1166.1588967554271 343.82010643836111 1779.312998753041 206.57540791854262 165.81518395990133 18822.566186713055 1916.3715668320656 497.51253756508231 256.26000725477934
leaf_count=1582 1348 88706 1871 714 2271 5680 1814 6243 1283 1039 55296 7159 1342 1328
internal_value=0.000171873 -0.000566415 0.000955752 0.00943587 -0.000420897 0.000719642 0.00633779 0.000376552 -0.00279279 -0.0139404 0.000849996 0.00396245 0.000306773 -0.0026549
internal_weight=54887.5 28246.2 26641.3 717.181 27940.4 25924.2 1485.99 24438.2 716.211 372.391 23272 4449.46 2670.14 2172.63
internal_count=177676 92559 85117 2062 90977 83055 6007 77048 4136 2322 71368 16072 9829 8487
is_linear=0
shrinkage=0.03


Tree=438
num_leaves=15
num_cat=0
split_feature=55 41 41 32 88 19 72 90 62 9 65 89 78 72
split_gain=32.0674 45.5796 55.803 51.7019 76.5346 53.6847 45.5738 39.1886 38.5348 52.5323 33.8783 80.9877 72.979 90.7651
threshold=15.225000000000003 36.785000000000004 43.315000000000005 0.54105250000000005 -0.00064471499999999981 -4266444.5199999986 0.34309100000000009 1.3890210000000003 9.8975000000000021e-05 1.0982650000000003 1.0323350000000002 0.097517500000000021 -1.5806999999999998 0.16590350000000004
decision_type=2 2 2 2 2 2 2 2 2 2 2 2 2 2
left_child=1 6 -3 -4 5 -5 -1 -6 9 -7 12 -12 -2 -14
right_child=10 2 3 4 7 8 -8 -9 -10 -11 11 -13 13 -15
leaf_value=-0.014667876438850109 0.0072236029430873955 0.0090247231137134398 0.0013901688976207208 -0.0054738712827273155 -0.015281446948521658 -0.0077733468576770964 0.0012655254402618005 -0.0051383657252020562 0.015135014608132432 0.011883454208518222 0.00014177430714611865 0.011584368345827737 -0.014886738565685797 -0.0017768790209336369
leaf_weight=468.83884697034955 520.40200259536505 444.43342083133757 2655.7947033308446 501.10069614462554 396.12382093071938 252.69588223658502 240.96999787166715 2746.0825897715986 317.44668785855174 234.42859147116542 42771.422501209192 563.16766348481178 636.31701686419547 1898.7212556451559
leaf_count=2265 1172 1627 6710 2500 1782 1234 734 8456 1115 934 139104 1138 2868 6011
internal_value=-0.000230497 -0.00195295 -0.00126425 -0.00191337 -0.0038925 0.00219405 -0.00922234 -0.00643106 0.00700787 0.00162999 7.55062e-05 0.000291436 -0.00297625 -0.00508397
internal_weight=54647.9 8257.92 7548.11 7103.67 4447.88 1305.67 709.809 3142.21 804.571 487.124 46390 43334.6 3055.44 2535.04
internal_count=177650 27357 24358 22731 16021 5783 2999 10238 3283 2168 150293 140242 10051 8879
is_linear=0
shrinkage=0.03


Tree=439
num_leaves=15
num_cat=0
split_feature=50 43 19 46 19 65 62 68 14 61 62 33 84 44
split_gain=33.2082 31.7324 80.066 149.468 91.456 84.4184 74.7954 68.0051 62.8167 96.5914 82.1267 58.9986 62.7685 66.3103
threshold=20854765.356050503 0.0070030000000000014 -550439.11499999987 -0.13914999999999997 38254.975000000013 1.0897350000000003 -1.3774999999999998e-05 1.0978050000000004 -0.41713299999999992 0.45013200000000003 0.00029611000000000009 -1.1449999999999998e-06 3.2400000000000007 -4.434999999999999e-06
decision_type=2 2 2 2 2 2 2 2 2 2 2 2 2 2
left_child=1 2 11 4 7 -5 -6 -4 9 -3 -11 12 -1 -14
right_child=-2 8 3 5 6 -7 -8 -9 -10 10 -12 -13 13 -15
leaf_value=0.0090553957472377187 0.0068531286403104028 -0.023896233678002327 -0.0051040667810791623 0.0247708166785632 0.0073107136220422128 0.0051413346595547728 -0.017106728627857306 0.0098126235699436039 0.00086870517294701164 0.0028285154511505629 -0.013474112033827085 -9.4525825690574812e-05 -0.0013629689893625196 -0.0067947552799596071
leaf_weight=344.9381878208369 638.90698174387217 216.79194760508835 445.95263868197799 392.32270500436425 151.27447116374969 406.13973368704319 422.82584240660071 707.44153897836804 30831.805831963196 885.91433801315725 403.10514352284372 10872.470653689466 4238.45083508268 3899.0333760660142
leaf_count=1148 1374 1499 1608 994 813 1710 3483 2687 88508 3770 1684 36623 17097 14818
internal_value=5.8798e-05 -2.08376e-05 -0.000903658 0.00411543 -0.000831154 0.0148427 -0.0106191 0.00401977 0.000575594 -0.00540261 -0.00225292 -0.00156042 -0.00343557 -0.00396978
internal_weight=54857.4 54218.5 21880.8 2525.96 1727.49 798.462 574.1 1153.39 32337.6 1505.81 1289.02 19354.9 8482.42 8137.48
internal_count=177816 176442 80981 11295 8591 2704 4296 4295 95461 6953 5454 69686 33063 31915
is_linear=0
shrinkage=0.03


Tree=440
num_leaves=15
num_cat=0
split_feature=60 60 89 50 39 68 39 15 89 39 68 39 91 48
split_gain=34.1225 76.5481 107.254 122.281 103.585 85.6329 72.5528 109.347 80.7642 77.919 159.59 145.561 122.201 102.468
threshold=0.016893500000000002 0.012755000000000001 0.033188000000000009 117214.88467150001 1.1395250000000001 1.1025700000000003 1.1458050000000002 -1.0104999999999997e-05 0.031172000000000002 1.1351650000000002 1.0705650000000002 1.1399250000000003 9.7190000000000023e-05 -2921924.4599999995
decision_type=2 2 2 2 2 2 2 2 2 2 2 2 2 2
left_child=1 -1 3 -3 -4 -5 9 -8 -9 -2 -11 12 13 -12
right_child=6 2 4 5 -6 -7 7 8 -10 10 11 -13 -14 -15
leaf_value=-0.00033546554610720103 0.00067059606171552318 0.012736730825003694 -0.0025758510054822411 -0.015689224770779449 -0.02284532420075433 0.0012878648620333168 -0.0017580206842376556 0.00093513410011608145 0.010407563919187774 -0.017118950314074573 -0.0058481355245139418 0.003760154174510279 0.0032692785353503457 -0.028750522054277236
leaf_weight=23501.543579166755 19361.249266136438 420.36782385036349 409.82518787309527 482.84487234055996 518.53605732321739 590.87244186922908 2059.8546629473567 1287.3983842208982 2219.124269887805 686.12614784389734 358.63664379715919 1976.6363140679896 407.09175875782967 352.84668634459376
leaf_count=80313 65721 1143 1382 2117 1552 2157 4977 3020 4599 1965 893 4989 1063 1684
internal_value=-7.0842e-05 -0.00086031 -0.00593751 -0.000937773 -0.013942 -0.00632622 0.000641002 0.00371591 0.00693963 -9.74234e-05 -0.00403692 -0.00112269 -0.00977363 -0.0172727
internal_weight=54633 25924 2422.45 1494.09 928.361 1073.72 28709 5566.38 3506.52 23142.6 3781.34 3095.21 1118.58 711.483
internal_count=177575 88664 8351 5417 2934 4274 88911 12596 7619 76315 10594 8629 3640 2577
is_linear=0
shrinkage=0.03


Tree=441
num_leaves=15
num_cat=0
split_feature=78 72 79 46 67 4 42 90 90 91 73 39 87 78
split_gain=29.295 71.6299 152.066 106.407 94.8906 163.448 103.265 106.313 123.918 96.5595 94.4131 100.042 89.0592 91.6496
threshold=2.3949000000000003 -0.25517549999999994 1120863.462732 0.74595000000000011 1.0898450000000002 1258.9900000000002 0.027422000000000005 1.7545850000000003 1.8374435000000002 3.1845000000000011e-05 -8.7489999999999977e-05 1.0957450000000002 83.419000000000011 2.9891500000000004
decision_type=2 2 2 2 2 2 2 2 2 2 2 2 2 2
left_child=-1 2 -2 -4 6 -6 7 10 -9 -10 -3 -12 -8 -14
right_child=1 4 3 -5 5 -7 12 8 9 -11 11 -13 13 -15
leaf_value=0.00040418112142887676 -0.017529255095387216 -0.0054085202784928399 0.0031807489797492637 0.020644916959770245 -0.0017218680193765946 -0.012679799317046263 0.008004020716497506 -0.016523378134699753 -0.0033420839304106947 0.0055805638476207151 0.025557826531906299 0.0058217624933935884 -0.030887944382523083 -0.0060464355651291841
leaf_weight=39494.230970010161 260.05874969623983 286.99739437922835 1500.3333200700581 398.43442649394274 4627.9973702318966 1669.6043032370508 183.88827019929886 385.60372445732355 2140.0814053099602 2222.1818859651685 400.87058668956161 558.24042745307088 222.50588098727167 343.8606669716537
leaf_count=126359 1709 1485 5855 962 15823 5690 751 1362 5864 5299 1358 1684 1572 1832
internal_value=-2.59928e-05 -0.00114559 0.00391026 0.00687013 -0.00198503 -0.00463332 0.000483754 0.00180184 -0.000239439 0.00119657 0.00959745 0.0141199 -0.00999523 -0.0158959
internal_weight=54694.9 15200.7 2158.83 1898.77 13041.8 6297.6 6744.23 5993.98 4747.87 4362.26 1246.11 959.111 750.255 566.367
internal_count=177605 51246 8526 6817 42720 21513 21207 17052 12525 11163 4527 3042 4155 3404
is_linear=0
shrinkage=0.03


Tree=442
num_leaves=15
num_cat=0
split_feature=14 35 77 46 19 34 10 19 66 79 31 49 59 39
split_gain=26.8875 69.6525 108.586 99.4983 77.3566 122.863 125.826 79.2904 81.3116 133.267 63.6739 61.7017 60.8757 59.5428
threshold=-0.097623999999999989 1.0760050000000001 -4997185.6249999991 3.9868000000000001 -5210732.5649999985 1.0469250000000001 1.0522450000000003 -4289022.3299999991 1.0767250000000002 1069020.3474780002 0.048637500000000007 0.29735000000000006 4.3155000000000009e-05 1.0493950000000003
decision_type=2 2 2 2 2 2 2 2 2 2 2 2 2 2
left_child=1 2 4 -4 5 6 11 -6 9 -9 -11 -1 13 -2
right_child=12 -3 3 -5 7 -7 -8 8 -10 10 -12 -13 -14 -15
leaf_value=-0.0028654399099643157 0.003409043407498139 0.0018455931702762675 -0.021890607237379754 -0.0044539916251319523 -0.017823731798180358 0.020316983165549203 -0.020763451280854058 0.011297203925300875 0.017762697270282339 -0.015501759849635286 0.0011813196550167135 0.020445933992027637 0.00068965195592176015 -0.0025051547831346534
leaf_weight=202.61897114478052 1717.7451100349426 15969.362535679713 370.61901201680303 1461.4497325122356 255.52235019858927 423.1121135763824 191.6866702940315 418.99046567641199 204.38791005313396 546.7823671810329 324.58138837106526 200.85499927774072 18660.967919249088 13848.645302883349
leaf_count=1468 7012 50374 4134 3532 2194 1102 1575 1702 609 3525 1657 1040 53898 43853
internal_value=4.98814e-05 0.00090756 -0.00234166 -0.00800772 0.00139854 0.00797578 -0.000766881 -0.00241323 0.000211257 -0.0025572 -0.00925872 0.00868698 -0.000464701 -0.00185042
internal_weight=54797.3 20570 4600.61 1832.07 2768.54 1018.27 595.161 1750.26 1494.74 1290.35 871.364 403.474 34227.4 15566.4
internal_count=177675 72912 22538 7666 14872 5185 4083 9687 7493 6884 5182 2508 104763 50865
is_linear=0
shrinkage=0.03


Tree=443
num_leaves=15
num_cat=0
split_feature=44 64 74 31 87 68 64 42 77 60 10 2 42 12
split_gain=29.1408 64.7343 74.5465 58.4829 120.349 108.502 94.4992 90.5316 88.225 79.166 62.8778 103.08 96.7544 68.8928
threshold=2.3750000000000006e-06 1.0179900000000002 0.15504100000000001 0.011363000000000002 87.120000000000019 1.0831950000000001 1.0908550000000001 0.028308500000000004 -1129346.1049999997 0.011248500000000002 1.1447050000000003 1.1277450000000002 0.024579500000000001 43.085000000000008
decision_type=2 2 2 2 2 2 2 2 2 2 2 2 2 2
left_child=1 2 -1 -2 10 7 -7 -6 9 -8 11 12 13 -5
right_child=3 -3 -4 4 5 6 8 -9 -10 -11 -12 -13 -14 -15
leaf_value=-0.015484464500645966 -0.00011409354178115291 0.0010961458008429234 0.0016956737156335671 -0.010691153585977137 0.014030545330575652 -0.026769218268318216 -0.02672865314423192 -0.0027238705208768848 0.011603342111918427 0.00072620603552394898 -0.0290670112344741 0.011071136253439667 -0.0043162303011535768 -0.033349782167667916
leaf_weight=462.4805005248636 26508.876545898616 23862.276074386202 440.2176106274128 248.88272894173861 639.45192316547036 182.83116881176829 167.24271896854043 525.73129078000784 247.56398746371269 210.93534811027348 151.31528339162469 201.40621956437826 637.38726503122598 246.2655934561044
leaf_count=1630 70979 82749 994 1762 2679 1454 1363 3282 1190 1201 1007 809 4479 2078
internal_value=3.46412e-05 0.000796619 -0.00708045 -0.000594049 -0.00426252 0.000577948 -0.00784344 0.00644937 -0.00223189 -0.0113746 -0.0107113 -0.0085864 -0.0121154 -0.0220656
internal_weight=54732.9 24765 902.698 29967.9 3459.01 1973.76 808.573 1165.18 625.742 378.178 1485.26 1333.94 1132.54 495.148
internal_count=177656 85373 2624 92283 21304 11169 5208 5961 3754 2564 10135 9128 8319 3840
is_linear=0
shrinkage=0.03


Tree=444
num_leaves=15
num_cat=0
split_feature=71 13 79 34 89 62 89 84 61 31 77 77 75 68
split_gain=31.5275 103.176 36.2653 133.031 107.348 125.673 124.313 76.9898 75.4687 57.6568 45.3754 106.528 170.187 78.7925
threshold=0.0011295000000000001 0.00048750000000000003 6446046.6962175006 1.1820350000000002 0.0033775000000000007 0.00034985500000000004 0.0048035000000000013 30.870000000000001 1.8204500000000003 0.0026725000000000004 -4693568.1549999993 -4353227.4399999985 11.383800000000003 1.1175750000000002
decision_type=2 2 2 2 2 2 2 2 2 2 2 2 2 2
left_child=1 -1 10 4 5 8 -6 -8 -4 -9 13 12 -12 -2
right_child=2 -3 3 -5 6 -7 7 9 -10 -11 11 -13 -14 -15
leaf_value=0.020991789116635923 0.00093321826986837849 -0.0064173194500720399 -0.014064540036372454 0.010263675678984206 0.016448301344080461 0.0077533896625032643 -0.018577426563524978 -0.0091548609306784778 -0.036048336024240846 0.009770789933034511 -0.023981362561274099 -0.00017580032813506913 0.00025789971786487704 0.0097880538330832774
leaf_weight=249.35129337757826 9101.9530440811068 241.10873421933502 625.55440399423242 504.73398311436176 288.08290183544159 190.86184442974627 298.46834189258516 293.06086524575949 185.42336533870548 284.46928143128753 442.77488395012915 40259.957441579551 626.0140762925148 1004.9463337659836
leaf_count=526 36464 1538 3282 1051 955 973 1330 912 1090 1155 2934 121435 1519 2221
internal_value=-9.19637e-05 0.00747087 -0.00016121 -0.00356911 -0.00680972 -0.0140051 -0.000584727 -0.00623282 -0.0191661 0.000116112 1.52185e-05 -0.00042484 -0.00976886 0.00181752
internal_weight=54596.8 490.46 54106.3 2670.65 2165.92 1001.84 1164.08 875.998 810.978 577.53 51435.6 41328.7 1068.79 10106.9
internal_count=177385 2064 175321 10748 9697 5345 4352 3397 4372 2067 164573 125888 4453 38685
is_linear=0
shrinkage=0.03


Tree=445
num_leaves=15
num_cat=0
split_feature=48 82 69 69 89 76 38 39 48 48 66 68 74 42
split_gain=34.9231 84.8263 98.1803 104.41 93.4267 107.141 74.5292 65.61 36.6201 105.093 90.9799 73.9841 71.7878 69.2829
threshold=2984197.6250000005 0.011540000000000002 1.0733250000000003 1.0705350000000002 0.010341500000000002 63.320000000000007 1.0765050000000003 1.0640250000000002 171096.96000000005 50592.290000000008 1.1510650000000002 1.0884650000000002 -0.032945499999999996 0.031790000000000006
decision_type=2 2 2 2 2 2 2 2 2 2 2 2 2 2
left_child=8 2 3 7 -3 -6 -7 -2 9 13 -10 -11 -13 -1
right_child=1 4 -4 -5 5 6 -8 -9 10 11 -12 12 -14 -15
leaf_value=7.6746974660045028e-05 0.0064105975412441967 0.011668936498542615 -0.032605967022714073 0.020441968077311697 0.017135361249571768 -0.029183022373763627 -0.0015737899982474651 -0.029579351569154033 0.0020183582668044662 0.00070689030058393085 -0.014840466808838028 -0.0024107844427722629 -0.024737109198586033 -0.0081528490820837931
leaf_weight=40092.830643389374 67.932501718401909 387.89010269381106 177.70321978442371 99.76457360573113 112.27962517365813 188.5657725725323 168.96076428517699 128.79815134219825 11124.74266159907 335.75647850334644 294.40907786041498 203.6249877139926 372.66107434779406 941.22166052646935
leaf_count=109336 340 1921 2760 552 799 2561 981 2632 45827 1127 1549 1014 2086 4284
internal_value=-4.60073e-05 -0.00484282 -0.0150135 -0.00429459 0.000756305 -0.00819551 -0.0162598 -0.0170305 7.32385e-05 -0.000336215 0.00157981 -0.0104032 -0.0169181 -0.000111483
internal_weight=54697.1 1331.89 474.198 296.495 857.696 469.806 357.527 196.731 53365.2 41946.1 11419.2 912.043 576.286 41034.1
internal_count=177769 12546 6284 3524 6262 4341 3542 2972 165223 117847 47376 4227 3100 113620
is_linear=0
shrinkage=0.03


Tree=446
num_leaves=15
num_cat=0
split_feature=83 83 85 73 60 85 85 72 47 83 45 15 85 19
split_gain=29.3828 64.4971 91.1335 90.8909 128.655 106.119 132.897 73.7339 62.6612 69.2315 66.4106 56.9932 52.2864 83.071
threshold=7.2197695000000008 5.7490990000000011 6.3200000000000012 -0.00013227499999999998 0.0013640000000000002 17.605000000000004 27.295000000000005 0.35299200000000003 71.925000000000026 11.748752000000001 0.013620000000000002 -3.9749999999999992e-06 21.680000000000003 -2825431.1299999994
decision_type=2 2 2 2 2 2 2 2 2 2 2 2 2 2
left_child=1 -1 -3 5 -5 -4 -7 12 9 -2 -10 -8 -6 -14
right_child=8 2 3 4 7 6 11 -9 10 -11 -12 -13 13 -15
leaf_value=0.00019689328799322103 0.0081600883743471065 0.0055492686304587351 -0.014264666345038268 0.0014699111146733157 -0.011265221667224979 0.017838999986347512 -0.011851631736447325 -0.0080843611740439129 -0.011978881520599787 -0.0060471022955036757 0.0019515471911064203 0.0039377274697776667 -0.042531260863810691 -0.015359568905796409
leaf_weight=46712.943351851776 1865.5131418220699 791.4249482229352 381.08570443838835 593.22328730300069 251.56890821456909 407.36614003404975 368.16483661904931 660.4432474039495 435.21330225840211 366.62621591612697 1039.4970673210919 460.23698760569096 205.44561787694693 211.56973724812269
leaf_count=153522 5056 2347 1169 1868 1174 870 1123 2079 1427 1235 2517 1180 788 1395
internal_value=5.95263e-05 -0.000127221 -0.00362957 -0.00569163 -0.0100998 -0.000429249 0.00382114 -0.0152839 0.00263848 0.00581148 -0.00214457 -0.00304916 -0.0223282 -0.0288874
internal_weight=54750.3 51043.5 4330.53 3539.1 1922.25 1616.85 1235.77 1329.03 3706.85 2232.14 1474.71 828.402 668.584 417.015
internal_count=177750 167515 13993 11646 7304 4342 3173 5436 10235 6291 3944 2303 3357 2183
is_linear=0
shrinkage=0.03


Tree=447
num_leaves=15
num_cat=0
split_feature=35 79 37 44 43 64 38 63 82 63 69 74 14 14
split_gain=32.7555 53.6045 51.8858 32.5793 62.1947 74.0432 63.2234 61.0917 122.125 80.339 116.279 107.563 85.1805 84.181
threshold=0.99638000000000015 1140733.5376545002 1.0008750000000002 0.0010708350000000002 0.88683150000000011 1.1200750000000002 1.1456150000000003 1.0495100000000004 0.16160000000000005 1.0695750000000002 1.0886250000000002 0.074158000000000016 0.076990000000000017 0.098546000000000009
decision_type=2 2 2 2 2 2 2 2 2 2 2 2 2 2
left_child=1 -1 -2 4 -4 6 -6 8 -5 12 -11 13 -9 -12
right_child=2 -3 3 7 5 -7 -8 9 -10 10 11 -13 -14 -15
leaf_value=-0.022708082292728422 0.011718620995897015 0.00040717357868473244 -0.00029234663766010757 -0.017182709194569223 -0.023434082296652271 0.0029970443870534105 -0.003767260088850134 0.0031251655357781545 0.00063839135235950288 -0.0082228648153705418 0.0031153795589251017 0.0098597421035306176 0.017823264158569337 -0.0050551071379195079
leaf_weight=150.21496308408678 336.18043451756239 217.88465518504381 41744.36090217717 449.30192457325757 323.42174836061895 341.35462991893291 277.58170448243618 953.30471882037818 1482.7223950922489 1036.4088139962405 3676.8550444766879 1431.3894845545292 570.93220536410809 1639.3114330098033
leaf_count=1366 1549 1425 142078 1695 1662 935 739 2643 3382 3377 8643 2958 1200 4156
internal_value=-7.35672e-05 -0.00898044 -1.24292e-05 -8.63328e-05 -0.000465241 -0.00808385 -0.0144219 0.00134988 -0.00349722 0.00235944 0.0011212 0.00256187 0.00865837 0.000589781
internal_weight=54631.2 368.1 54263.1 53926.9 42686.7 942.358 601.003 11240.2 1932.02 9308.2 7783.96 6747.56 1524.24 5316.17
internal_count=177808 2791 175017 173468 145414 3336 2401 28054 5077 22977 19134 15757 3843 12799
is_linear=0
shrinkage=0.03


Tree=448
num_leaves=15
num_cat=0
split_feature=41 77 89 43 48 70 41 34 37 72 78 64 65 44
split_gain=28.6753 111.546 68.6358 67.2244 64.4594 46.5803 76.3413 66.5894 130.679 61.967 41.4731 38.9532 112.427 70.7157
threshold=73.185000000000016 -718984.09999999986 0.032248000000000006 1.2200050000000002 -3901181.3799999994 87.455000000000013 48.425000000000004 1.1178250000000003 1.1490950000000002 1.2802845000000003 4.3544500000000008 1.0179900000000002 1.0192950000000003 4.0105000000000003e-05
decision_type=2 2 2 2 2 2 2 2 2 2 2 2 2 2
left_child=3 -2 -3 5 -4 9 -7 -8 -9 10 11 12 13 -1
right_child=1 2 4 -5 -6 6 7 8 -10 -11 -12 -13 -14 -15
leaf_value=-0.0070092491333881421 0.011748214031595705 -0.009394234486014905 0.0091029569856176246 -0.014005287960118301 -0.0051964120430133161 0.0042696846013242007 -0.00076287556385072554 -0.027271275853639167 -0.0033988589159156101 0.011872872775277744 -0.0079925039881586744 0.00027604860696680362 -0.01346522948369349 0.0085580147309350998
leaf_weight=456.42160955443978 882.40191592276096 614.67186025343835 664.10878472030163 312.7038431763649 491.24718868732452 631.26945570856333 636.03430308401585 362.47929397970438 485.99865782260895 398.87276713550091 574.28423772752285 46864.637478131801 712.94115792959929 613.18308289349079
leaf_count=1489 2101 1637 1386 1215 1194 1559 1499 1210 1166 822 1726 157177 1955 1611
internal_value=-3.52859e-06 0.00303802 -0.00129147 -0.000159159 0.00299781 -7.4621e-05 -0.00443323 -0.0081546 -0.0136528 0.000110708 1.45433e-05 0.000109846 -0.00424064 0.00188679
internal_weight=54701.3 2652.43 1770.03 52048.8 1155.36 51736.1 2115.78 1484.51 848.478 49620.3 49221.5 48647.2 1782.55 1069.6
internal_count=177747 6318 4217 171429 2580 170214 5434 3875 2376 164780 163958 162232 5055 3100
is_linear=0
shrinkage=0.03


Tree=449
num_leaves=15
num_cat=0
split_feature=68 64 66 68 67 64 72 41 31 19 41 6 1 64
split_gain=30.5876 44.5994 65.1176 62.1016 49.5121 35.6538 33.6226 102.628 110.233 104.364 93.3148 134.336 105.179 92.3613
threshold=1.1784750000000004 1.2086400000000002 1.1948050000000003 1.1662150000000002 1.1761850000000003 1.1894150000000001 0.16908050000000002 70.395000000000024 8.9500000000000021e-05 -2876471.7999999993 70.815000000000012 1.1877850000000001 0.98030500000000009 1.0785150000000001
decision_type=2 2 2 2 2 2 2 2 2 2 2 2 2 2
left_child=1 2 3 4 5 6 10 8 -8 13 12 -12 -1 -10
right_child=-2 -3 -4 -5 -6 -7 7 -9 9 -11 11 -13 -14 -15
leaf_value=-0.018335716773392036 -0.0068417813051123502 0.010759359949018733 -0.012433048981863983 0.010839426553817949 -0.01068233250089522 0.0082090357455191134 0.0072126068291347685 0.0039597254290713001 -0.00013600320617263383 0.0035225882244975582 0.0010221457471874221 -0.014341020319480547 -1.9464850047798178e-05 -0.0051592508441208823
leaf_weight=284.51286210678518 580.87680112943053 348.24554936587811 375.23443887382746 478.49892515689135 387.05671422183514 479.33025497198105 1579.0868431814015 6716.5724062044173 7771.7876604860649 3525.6270863097161 987.29555833153427 1055.7418988198042 24352.424686854705 5733.4298285003752
leaf_count=2535 1967 746 1206 1136 1007 1070 3461 15434 21320 13695 2681 2804 90939 17546
internal_value=0 7.33797e-05 3.35791e-06 9.16202e-05 -5.28314e-06 7.30852e-05 -1.48127e-06 0.000780837 -0.000365005 -0.00106974 -0.000745239 -0.00690524 -0.000232938 -0.00227099
internal_weight=54655.7 54074.8 53726.6 53351.4 52872.9 52485.8 52006.5 25326.5 18609.9 17030.8 26680 2043.04 24636.9 13505.2
internal_count=177547 175580 174834 173628 172492 171485 170415 71456 56022 52561 98959 5485 93474 38866
is_linear=0
shrinkage=0.03


Tree=450
num_leaves=15
num_cat=0
split_feature=60 41 36 70 74 19 63 64 72 12 72 87 42 39
split_gain=37.9233 78.3482 68.5978 75.7511 82.5597 76.9001 90.8855 148.006 71.5748 75.9089 80.41 67.2775 63.075 61.7719
threshold=0.051371000000000007 70.975000000000009 1.1151250000000001 38.275000000000013 -0.0059484999999999989 -5537647.2999999989 1.0708850000000003 1.0466350000000002 0.36067000000000005 41.025000000000013 0.11506650000000002 41.096000000000011 0.030476500000000004 1.0431350000000001
decision_type=2 2 2 2 2 2 2 2 2 2 2 2 2 2
left_child=12 2 3 4 11 6 7 -5 9 10 -7 -2 -1 -13
right_child=1 -3 -4 5 -6 8 -8 -9 -10 -11 -12 13 -14 -15
leaf_value=0.00019229611404695369 -0.026552002868615702 -0.012844517972688612 -0.013656131166906367 -0.01481204026329784 0.011619969405663434 -0.00028398376291075065 -0.022594022084942357 0.0093380114594356443 0.011594868819660532 0.0027553203483032204 -0.018939420804841633 0.0022805429130353535 0.012374446350580876 -0.017516694929503918
leaf_weight=45942.112807668746 218.760089635849 549.36342518031597 373.55975314229727 429.05482871644199 151.76600273139775 597.75079544074833 243.95206949301064 485.17053351178765 637.73174613993615 3814.1123933419585 320.66929361596704 303.2249364182353 384.85078664496541 261.51348010823131
leaf_count=142874 1930 1443 1321 1714 973 2471 1476 2173 1983 13263 1033 2124 1187 1864
internal_value=-4.10914e-05 -0.00189776 -0.00112506 -0.000492113 -0.00847464 0.000647992 -0.00635328 -0.00196686 0.00216441 0.000885088 -0.00684373 -0.0124151 0.000294409 -0.0068487
internal_weight=54713.6 8386.63 7837.27 7463.71 935.265 6528.44 1158.18 914.225 5370.26 4732.53 918.42 783.499 46327 564.738
internal_count=177829 33768 32325 31004 6891 24113 5363 3887 18750 16767 3504 5918 144061 3988
is_linear=0
shrinkage=0.03


Tree=451
num_leaves=15
num_cat=0
split_feature=55 45 84 82 62 86 35 19 18 32 68 32 44 12
split_gain=31.8806 48.4268 48.3966 55.3953 44.6695 47.5882 43.0991 51.985 41.1473 53.5242 54.6622 40.9798 49.497 42.5776
threshold=15.225000000000003 -0.0018684999999999997 1.3650000000000004 0.029945000000000003 0.00020289500000000003 47.405000000000008 1.0860350000000001 -5329303.4849999994 10.535000000000002 0.53028350000000013 1.1312500000000003 0.78558600000000012 -0.00011285499999999999 53.235000000000007
decision_type=2 2 2 2 2 2 2 2 2 2 2 2 2 2
left_child=1 4 3 -2 5 -1 7 -3 -8 10 -10 12 -11 -14
right_child=2 6 -4 -5 -6 -7 8 -9 9 11 -12 -13 13 -15
leaf_value=-0.010856492985172082 -0.017713691660554746 -0.0012626580968560781 0.00041986851448481407 0.00071321521856388087 0.00073113897276786571 0.0025369199322541861 0.010148761036006959 -0.014395994278983207 0.0079077999339230865 0.003952978658143546 -0.003284657573009274 0.0032034907825014059 -0.0037359713032269369 -0.014783363060071591
leaf_weight=1255.0855330089107 284.702636661008 948.17084570787847 45817.915055830032 295.76277009770274 709.6029148157686 290.14504741132259 407.08652158081532 382.53215898759663 1179.3924505226314 410.04613856971264 583.32758272439241 754.30675447359681 851.44415008276701 507.13371986150742
leaf_count=5750 1174 2507 148356 888 3253 1213 1470 2103 2599 923 1415 2585 2107 1398
internal_value=3.56281e-06 -0.00171077 0.000310106 -0.00828801 -0.00546074 -0.00832222 -0.000301339 -0.00506855 0.00104488 0.000170957 0.00418717 -0.00262375 -0.00512639 -0.00788968
internal_weight=54676.7 8278.27 46398.4 580.465 2254.83 1545.23 6023.44 1330.7 4692.74 4285.65 1762.72 2522.93 1768.62 1358.58
internal_count=177741 27323 150418 2062 10216 6963 17107 4610 12497 11027 4014 7013 4428 3505
is_linear=0
shrinkage=0.03


Tree=452
num_leaves=15
num_cat=0
split_feature=60 77 48 70 36 38 45 12 70 45 37 85 60 39
split_gain=33.02 69.7112 128.757 179.759 141.189 127.339 115.244 154.545 102.34 105.486 100.8 96.2689 96.0328 177.407
threshold=0.016893500000000002 -3680539.9949999996 -2811267.1599999997 65.545000000000016 1.1520650000000001 1.1796950000000002 0.011152 50.495000000000012 71.27500000000002 0.0013615000000000001 1.1746550000000002 6.1150000000000011 0.0047905000000000005 1.0820150000000002
decision_type=2 2 2 2 2 2 2 2 2 2 2 2 2 2
left_child=1 2 8 11 -5 10 12 -8 9 -1 -6 -4 13 -3
right_child=-2 6 3 4 5 -7 7 -9 -10 -11 -12 -13 -14 -15
leaf_value=-0.0041117571355421484 0.00069074562722216254 -0.014384894240751336 -0.01439390903148802 -0.032045106852556418 -0.01389185839902681 -0.024164841726015539 0.019369662970879994 0 0.011082208238609665 0.0097653350849130714 0.0067025864202777709 -0.00043209824618023923 -0.0039715574430190144 0.0021328825083553279
leaf_weight=2330.6749425679445 28736.128600203432 620.3604755718261 514.60802357830107 325.79447839409113 414.38843739032745 381.76236742734909 644.47398050129414 863.7027623206377 772.46174487471581 623.60165215283632 438.09178967773914 3260.4333986323327 4743.9122564792633 9983.2098932061344
leaf_count=5669 88965 4159 2840 1884 1161 1229 1400 3020 1664 1349 956 15210 16017 32242
internal_value=-8.98545e-06 -0.00078597 -0.00290815 -0.00589757 -0.0144641 -0.00977691 0.000353269 0.00826456 0.00136378 -0.00117006 -0.00327772 -0.0023466 -0.000422696 0.00116242
internal_weight=54653.6 25917.5 9061.82 5335.08 1560.04 1234.24 16855.7 1508.18 3726.74 2954.28 852.48 3775.04 15347.5 10603.6
internal_count=177765 88800 31962 23280 5230 3346 56838 4420 8682 7018 2117 18050 52418 36401
is_linear=0
shrinkage=0.03


Tree=453
num_leaves=15
num_cat=0
split_feature=61 64 91 41 73 78 68 84 43 84 12 71 82 86
split_gain=31.7259 70.0405 67.4803 89.2762 81.3973 136.575 132.67 131.377 97.6844 95.5118 82.8335 76.4965 133.816 128.549
threshold=1.4880520000000004 1.2086400000000002 0.0015404850000000001 50.115000000000002 -3.7029999999999996e-05 2.5707500000000008 1.0764950000000002 24.525000000000002 -0.20667249999999995 81.260000000000005 46.125000000000007 0.024977500000000003 0.11177000000000002 52.905000000000008
decision_type=2 2 2 2 2 2 2 2 2 2 2 2 2 2
left_child=2 -2 4 -4 5 6 7 -1 -7 11 -10 13 -13 -6
right_child=1 -3 3 -5 9 8 -8 -9 10 -11 -12 12 -14 -15
leaf_value=0.0063609853766719232 -0.00063032812805947848 0.01175181014177795 0.0042589741206074498 -0.014471521365313166 -0.00083376485017068165 -0.02397152896538415 0.0048432805130959695 -0.0097292041482735219 0.0031118304038687907 0.0109916348956384 -0.011870083204866402 0.015702964215093783 -7.2258631108641392e-05 0.0093451010085597828
leaf_weight=660.81341636553407 34753.200228685513 414.88006652519107 384.27336082980037 557.47553779929876 6965.8984315153211 305.80797813087702 3407.2857838775963 1462.2511688508093 598.5167577136308 1203.4535723868757 737.40841208212078 919.74388152360916 1012.1853718496859 1328.1279373019934
leaf_count=2367 112226 960 1081 1534 23234 1264 11734 6519 2280 3324 2665 2305 2489 3679
internal_value=5.48804e-05 -0.000483072 0.00102444 -0.00680045 0.00142255 -0.00107948 0.00117165 -0.0047063 -0.00867702 0.00299519 -0.00513819 0.0020502 0.00742665 0.000793497
internal_weight=54711.3 35168.1 19543.2 941.749 18601.5 7172.08 5530.35 2123.06 1641.73 11429.4 1335.93 10226 1931.93 8294.03
internal_count=177661 113186 64475 2615 61860 26829 20620 8886 6209 35031 4945 31707 4794 26913
is_linear=0
shrinkage=0.03


Tree=454
num_leaves=15
num_cat=0
split_feature=70 76 91 11 49 78 70 85 85 91 48 85 88 48
split_gain=32.725 119.812 126.402 103.525 102.666 89.7071 98.4307 104.884 104.548 84.3466 83.1529 80.9802 84.9886 136.983
threshold=42.955000000000005 66.50500000000001 0.00019200000000000003 1.0790050000000002 -0.23054999999999998 1.4252500000000003 42.525000000000013 20.045000000000005 25.050000000000004 -0.00037126999999999999 233224.00500000003 71.110000000000014 -0.035714704999999992 -457508.84499999991
decision_type=2 2 2 2 2 2 2 2 2 2 2 2 2 2
left_child=1 2 11 -2 -4 -3 7 -7 -9 -10 -6 12 13 -1
right_child=3 5 4 -5 10 6 -8 8 9 -11 -12 -13 -14 -15
leaf_value=-0.021513089448640416 -0.01620044246729559 0.012061475887743232 -0.019021610502337926 -0.00035273311317569141 0.002312269498852292 -0.0074319034312936866 0.021285919919842945 0.022980963281391143 0.015712251639897902 -0.0039620561557444419 -0.015624628399368795 -0.016019583938007394 0.0036288411161427901 0.00044684327664744751
leaf_weight=332.39594854041934 373.39106242824346 1317.4860744681209 530.43549910746515 42265.269322196022 786.25179898366332 908.19387240149081 221.02226686477661 257.15925493277609 270.12238221615553 704.96167213842273 328.10298687964678 237.58118567056954 4960.6621338846162 1085.4659192934632
leaf_count=2110 3393 5563 3628 115480 3362 4689 830 911 1165 3261 2581 1331 23405 5969
internal_value=-0.000103352 0.00128409 -0.000718276 -0.000492593 -0.00816054 0.00578743 0.00227074 0.000284197 0.0059969 0.00146799 -0.00295132 0.00112832 0.00177414 -0.00469172
internal_weight=54578.5 11939.8 8260.9 42638.7 1644.79 3678.95 2361.46 2140.44 1232.24 975.084 1114.35 6616.11 6378.52 1417.86
internal_count=177678 58805 42386 118873 9571 16419 10856 10026 5337 4426 5943 32815 31484 8079
is_linear=0
shrinkage=0.03


Tree=455
num_leaves=15
num_cat=0
split_feature=61 37 44 84 72 87 67 89 49 41 68 78 62 72
split_gain=29.0317 155.675 50.8623 55.8904 72.2381 65.65 53.1316 73.2459 52.2294 35.7269 63.472 41.6373 91.6676 72.7765
threshold=2.7179135000000003 1.1466950000000002 -0.00034142999999999993 79.935000000000016 0.20931900000000003 -33.262999999999991 1.1396950000000003 0.029826500000000002 -0.26654999999999995 75.77500000000002 1.0888350000000002 2.3949000000000003 0.00022373000000000003 -0.24071849999999997
decision_type=2 2 2 2 2 2 2 2 2 2 2 2 2 2
left_child=9 2 8 4 5 -4 7 -7 -2 11 -11 -1 13 -13
right_child=1 -3 3 -5 -6 6 -8 -9 -10 10 -12 12 -14 -15
leaf_value=0.00015882525764962375 -0.020388236721591364 0.013729267905581566 -0.010878719912222477 -0.0082928098644324145 0.0070456655794085016 0.013478254425356159 -0.0078443416175052808 -0.00057955206598159367 -0.00045621115566131358 0.010757332346459751 -0.0030488806838638231 0.0054170235304114734 -0.0059710102236678903 -0.0014745087352103852
leaf_weight=33840.338740280829 212.74944904632866 861.82244580611587 494.92015226371586 522.22893257066607 1612.6523664966226 494.65310767292976 435.67994300276041 1008.4634334892035 272.23969406075776 692.94427850469947 522.2025171071291 1646.2478566840291 3523.2778353523463 8455.1430674642324
leaf_count=112060 1149 1781 1364 1452 3820 1264 1324 2377 1519 1495 1383 6241 12188 28270
internal_value=-3.17921e-05 0.00195196 -5.28932e-05 0.000922461 0.00212096 -0.00113152 0.00134552 0.0040326 -0.00928545 -0.0002735 0.00480189 -0.000404165 -0.00180461 -0.000347985
internal_weight=54595.6 5915.41 5053.59 4568.6 4046.37 2433.72 1938.8 1503.12 484.989 48680.2 1215.15 47465 13624.7 10101.4
internal_count=177687 16050 14269 11601 10149 6329 4965 3641 2668 161637 2878 158759 46699 34511
is_linear=0
shrinkage=0.03


Tree=456
num_leaves=15
num_cat=0
split_feature=10 90 91 36 10 48 75 10 39 83 73 36 71 13
split_gain=32.6836 81.4949 70.8946 52.5973 46.5035 34.482 128.592 102.537 195.955 106.965 129.999 91.2043 116.972 149.755
threshold=1.0206850000000003 1.5197805000000002 -0.0013290599999999997 1.0091750000000002 1.0262350000000002 1755733.1100000001 6.0700000000000012 1.1581850000000002 1.1342000000000001 3.9853235000000002 0.00077223500000000013 1.1013450000000002 0.0043450000000000008 0.00056050000000000013
decision_type=2 2 2 2 2 2 2 2 2 2 2 2 2 2
left_child=1 -1 -3 -4 -2 -6 7 8 9 10 11 12 13 -7
right_child=4 2 3 -5 5 6 -8 -9 -10 -11 -12 -13 -14 -15
leaf_value=0.0071123221673525788 0.011628931639356205 0.006659697973066616 -0.031178079595934233 -0.0083826651109120461 0.00039541136967257112 0.011656784744649795 -0.02445376497937668 0.013560680252993342 -0.025512670854069261 -0.019465961232380851 -0.02635212172022329 0.0085295038588847003 0.0018981547078292368 -0.020772425004481947
leaf_weight=270.43351507931948 318.15728838741779 118.81696505099535 184.00050869956613 190.5539900586009 48326.310526104644 170.59564168378711 221.92254950851202 391.41588653624058 307.49388318508863 258.51756707578897 156.46306632272899 1159.6098761931062 2194.7797454297543 496.62618618737906
leaf_count=1465 1381 680 2047 1448 136341 820 1110 1714 2602 2204 1461 5733 12287 6549
internal_value=0.000122419 -0.00603451 -0.0133012 -0.019714 0.000210169 0.000141721 -0.00214072 -0.00116609 -0.00239006 -0.000775316 0.000378366 0.00143208 -0.00143511 -0.012431
internal_weight=54765.7 763.805 493.371 374.554 54001.9 53683.7 5357.42 5135.5 4744.09 4436.59 4178.07 4021.61 2862 667.222
internal_count=177842 5640 4175 3495 172202 170821 34480 33370 31656 29054 26850 25389 19656 7369
is_linear=0
shrinkage=0.03


Tree=457
num_leaves=15
num_cat=0
split_feature=38 43 40 50 40 43 70 37 12 15 50 42 71 66
split_gain=27.1679 95.303 32.4083 61.001 32.2573 111.152 112.002 179.584 71.8352 79.7919 43.3968 50.9457 40.9665 33.7256
threshold=1.2000400000000002 0.06521250000000002 1.2060750000000002 222731.27985000002 1.1844250000000003 0.030884000000000005 63.975000000000001 1.1860750000000002 53.365000000000002 -4.0674999999999993e-05 18018256.175804507 0.00038350000000000005 0.021920500000000002 1.1414800000000003
decision_type=2 2 2 2 2 2 2 2 2 2 2 2 2 2
left_child=2 -2 4 -4 10 6 8 -8 9 -6 11 -1 -11 -7
right_child=1 -3 3 -5 5 13 7 -9 -10 12 -12 -13 -14 -15
leaf_value=-0.010948736672906835 -0.011571918296782382 0.0062632655971850667 0.0097084729290875006 -0.0017296779067742958 0.0046425731463097782 0.010324336958772773 -0.027489538336138188 -0.00024013804431043893 0.0064047486111678629 -0.01798729146842707 0.0068825522444522017 0.00018062576683069303 -0.0044495255756696181 0
leaf_weight=372.08510348200798 686.07231938838959 440.67093667387962 875.84538191556931 797.13346131145954 419.02823324501514 580.11751915514469 464.90619233995676 412.77288657426834 640.43965327739716 418.0320775359869 861.77887225523591 46771.006242953241 402.67156912386417 547.83292196691036
leaf_count=1227 1768 939 1807 1870 919 1192 1462 981 1381 1164 1861 158976 968 1264
internal_value=3.67374e-05 -0.00457058 0.000134299 0.00424278 1.18219e-06 -0.00262689 -0.00587637 -0.0147231 -0.00172506 -0.00595083 0.000214589 9.19186e-05 -0.0113951 0.00528973
internal_weight=54690.4 1126.74 53563.7 1672.98 51890.7 3885.8 2757.85 877.679 1880.17 1239.73 48004.9 47143.1 820.704 1127.95
internal_count=177779 2707 175072 3677 171395 9331 6875 2443 4432 3051 162064 160203 2132 2456
is_linear=0
shrinkage=0.03


Tree=458
num_leaves=15
num_cat=0
split_feature=19 9 42 79 48 44 90 68 61 10 83 50 91 87
split_gain=29.414 162.404 172.226 140.46 129.022 113.373 107.455 103.499 117.839 99.3848 128.838 96.0998 80.0352 77.808
threshold=-1409152.5849999997 1.1102450000000001 0.00078750000000000011 958182.13979250018 -352785.24499999994 9.751000000000002e-05 1.8850065 1.0762050000000003 0.58650200000000019 1.0807550000000001 5.7490990000000011 812245.55277900014 6.251000000000001e-05 42.195000000000007
decision_type=2 2 2 2 2 2 2 2 2 2 2 2 2 2
left_child=-1 2 -2 -3 -5 7 12 -4 -9 -10 11 -11 -7 -12
right_child=1 3 5 4 -6 6 -8 8 9 10 13 -13 -14 -15
leaf_value=-0.00020449634856759233 -0.025009616807303466 -0.0028133204111255631 -0.014592249778532249 0.031186756976477381 0.0082192920675709293 0.0047393211484639186 -0.018876098017285195 0.024174319500401172 0.01586963635452443 -0.0026583175933691887 0.0025920729695348924 0.0098330944299445909 -0.015334473501314057 -0.023890857276536184
leaf_weight=48046.671858085319 244.06364800781012 431.38301655650139 262.33025697246194 382.39049961790442 530.72935293614864 651.25593461841345 438.34199377521873 263.06703522056341 476.48922771960497 1051.6438102684915 155.23574155941606 1163.5889938920736 245.03584058955312 268.65517218410969
leaf_count=147659 1649 1809 2278 1107 1873 2718 2586 721 1351 5497 983 4313 1305 1753
internal_value=5.22986e-05 0.00193622 -0.000453773 0.0112305 0.0178939 0.000749487 -0.00671939 0.00349658 0.00491382 0.0032707 0.000979474 0.00389095 -0.000726163 -0.0141385
internal_weight=54610.9 6564.21 5219.71 1344.5 913.12 4975.64 1334.63 3641.01 3378.68 3115.61 2639.12 2215.23 896.292 423.891
internal_count=177602 29943 25154 4789 2980 23505 6609 16896 14618 13897 12546 9810 4023 2736
is_linear=0
shrinkage=0.03


Tree=459
num_leaves=15
num_cat=0
split_feature=38 43 54 61 65 71 85 68 21 10 85 91 78 70
split_gain=29.2818 93.8982 29.549 41.2911 56.6747 70.2674 56.2621 63.8614 70.2025 63.1049 54.1627 46.2443 42.9815 73.3619
threshold=1.2037550000000004 0.041725000000000005 1.0000000180025095e-35 2.5476980000000005 1.1897600000000004 0.021523500000000004 29.425000000000004 1.1369250000000002 525072.36079350009 1.1895250000000002 45.175000000000004 -4.2549999999999991e-06 1.8913000000000002 41.595000000000006
decision_type=2 2 2 2 2 2 2 2 2 2 2 2 2 2
left_child=2 -2 3 12 5 6 7 8 11 10 -8 -5 13 -1
right_child=1 -3 -4 4 -6 -7 9 -9 -10 -11 -12 -13 -14 -15
leaf_value=0.0052530958367643299 -0.015477618467278013 0.0044907760661105668 -0.00070201582662699142 -0.013935599000892128 -0.0082303500351717691 -0.00014089454380983454 0.013089308899058469 -0.0073169747283004091 0.010336061985312518 0.018750864135072567 -0.0015128193864471916 0.0041853916131217913 -0.0013486805886533254 0.00019357328937776613
leaf_weight=3175.2911376412958 420.4221249371767 422.35762938857079 20590.504110407084 210.5298842638731 383.69410845637321 2549.1226765364408 462.10600484907627 415.66743107512593 1052.258506283164 565.03682626783848 444.69823760166764 311.9070158880204 9849.0422111600637 13798.306166486815
leaf_count=15913 1124 919 65205 1152 1052 6045 1443 1182 2319 1038 1523 1348 35131 42274
internal_value=0.000102656 -0.00544148 0.000190149 0.000744079 0.00291046 0.0036278 0.00641048 0.0030982 0.0058694 0.0108641 0.00590158 -0.0030723 0.000226367 0.00114209
internal_weight=54650.9 842.78 53808.2 33217.7 6395.02 6011.33 3462.2 1990.36 1574.7 1471.84 906.804 522.437 26822.6 16973.6
internal_count=177668 2043 175625 110420 17102 16050 10005 6001 4819 4004 2966 2500 93318 58187
is_linear=0
shrinkage=0.03


Tree=460
num_leaves=15
num_cat=0
split_feature=35 46 79 47 77 72 72 41 86 78 67 85 80 48
split_gain=28.9632 55.3629 54.3869 30.2146 81.7651 67.2309 116.448 89.5517 76.7409 61.8207 67.5842 106.179 135.682 122.655
threshold=0.99638000000000015 0.14885000000000001 1513992.2901070002 2.7950000000000004 698234.71000000008 0.5710265000000001 0.30798650000000005 48.035000000000004 1.7550000000000001 2.3091500000000003 1.0735100000000002 7.1550000000000002 1.0000000180025095e-35 2527875.7400000007
decision_type=2 2 2 2 2 2 2 2 2 2 2 2 2 2
left_child=1 2 -1 4 5 6 8 -8 -2 10 -10 -12 13 -13
right_child=3 -3 -4 -5 -6 -7 7 -9 9 -11 11 12 -14 -15
leaf_value=-0.031764350490687078 -0.013959910934536782 0.0066600110552393933 -0.0020774761978584345 0.00038122038758792013 -0.014270025864507247 0.007761002445935512 -0.0054578804707587254 -0.029741214883644784 0.0068374830346562632 -0.0064544606806402416 0.012026076648039875 0.007334449481452998 -0.016799635393518728 -0.01489381329301257
leaf_weight=115.77668833732605 353.5790319442749 134.39138432964683 110.59757225215435 47603.258102530614 439.10697601735592 715.04573000781238 370.41672895755619 219.90279541816562 1623.7328734025359 916.26714242249727 427.26149979047477 820.80256371758878 556.87627331353724 305.54784116707742
leaf_count=1421 1986 558 837 144228 1174 2080 1403 1317 6988 5452 1823 3281 2739 2597
internal_value=5.75139e-05 -0.00840176 -0.0174654 0.000114369 -0.0017633 -0.000886011 -0.00199778 -0.0145895 -0.000503746 0.000515665 0.00223523 -0.00129293 -0.0046967 0.00127006
internal_weight=54712.6 360.766 226.374 54351.8 6748.54 6309.43 5594.39 590.32 5004.07 4650.49 3734.22 2110.49 1683.23 1126.35
internal_count=177884 2816 2258 175068 30840 29666 27586 2720 24866 22880 17428 10440 8617 5878
is_linear=0
shrinkage=0.03


Tree=461
num_leaves=15
num_cat=0
split_feature=87 31 9 85 60 63 67 86 41 46 91 46 18 78
split_gain=27.0112 25.7839 55.2487 62.6532 41.0804 76.4177 122.441 89.3791 47.8201 39.3366 81.5532 75.2205 66.4101 45.3367
threshold=-77.829999999999998 7.4500000000000008e-05 1.1804550000000003 27.505000000000006 0.00026450000000000003 1.0822350000000003 1.0643950000000002 11.545000000000002 55.645000000000003 18.849250000000001 -0.00012255499999999997 20.569300000000002 48.475000000000001 -1.3936499999999998
decision_type=2 2 2 2 2 2 2 2 2 2 2 2 2 2
left_child=-1 2 3 -2 5 6 -3 -7 -9 13 12 -12 -11 -6
right_child=1 4 -4 -5 9 7 -8 8 -10 10 11 -13 -14 -15
leaf_value=-0.0080890923656234716 -0.0095320744115781654 -0.0022792004044501495 0.0072098002898796304 0.0053234902384329758 0.00468388558315004 -0.011077613729399789 -0.023145539193533928 0.0086878299637951732 -0.0039405313733969658 -0.019511625169266512 -0.0058322191593433298 0.0092694937165486036 -0.003680475466510244 3.3729511910859186e-06
leaf_weight=377.62799026817083 512.77617927640676 702.01368238404393 1280.7667618691921 505.06932587921619 1942.5086953844875 451.35182261839509 398.33225402794778 819.36905272677541 397.67271813750267 410.41046333312988 619.10584133863449 567.12351685762405 582.88029386103153 45020.552801063284
leaf_count=1401 1405 1793 2721 1171 5098 1530 1734 2438 1088 1150 1517 1179 1401 152190
internal_value=-0.000103615 -4.72859e-05 0.00306051 -0.0021331 -0.000185532 -0.00374035 -0.00987434 0.000290684 0.00453699 1.42116e-05 -0.00392412 0.0013642 -0.0102648 0.000197705
internal_weight=54587.6 54209.9 2298.61 1017.85 51911.3 2768.74 1100.35 1668.39 1217.04 49142.6 2179.52 1186.23 993.291 46963.1
internal_count=177816 176415 5297 2576 171118 8583 3527 5056 3526 162535 5247 2696 2551 157288
is_linear=0
shrinkage=0.03


Tree=462
num_leaves=15
num_cat=0
split_feature=55 6 44 19 79 73 90 19 11 90 19 19 10 10
split_gain=28.3529 31.7896 27.5957 94.0589 103.433 104.808 104.489 88.7516 124.383 71.9436 98.3792 61.8955 60.5544 146.28
threshold=96.645000000000024 1.1741150000000002 1.0000000180025095e-35 -397054.64999999997 3949380.5793510005 -1.4374999999999999e-05 1.5551000000000001 -1361080.4699999997 1.1084750000000001 2.0734765000000004 -550439.11499999987 349495.61500000005 1.1553650000000002 1.1447050000000003
decision_type=2 2 2 2 2 2 2 2 2 2 2 2 2 2
left_child=2 -2 -1 7 5 -5 -7 12 9 10 -9 -8 13 -4
right_child=1 -3 3 4 -6 6 11 8 -10 -11 -12 -13 -14 -15
leaf_value=0.00090794230926904734 -0.013192090290239889 0.00041575130424711135 -0.0018940908819833368 -0.016877196026345735 -0.026915740502563675 0.017541755847471318 -0.017989233433765392 -0.0068491795447600361 0.019396366345611083 -0.011365904658552301 0.014376432376393944 0.005577283433013812 0.00028467965814492271 -0.020845572389738727
leaf_weight=24282.034106027335 304.2751715220511 304.3762693926692 5979.0230414737016 383.95345516875386 224.19843612611294 260.99409915134311 210.41449420899153 325.90673891082406 487.00549256429076 297.78693211823702 487.37193917483091 187.48609172180295 20522.668003484607 390.10220185667276
leaf_count=83694 1442 704 28695 2176 1099 978 1436 1927 1348 1526 1460 684 48378 2021
internal_value=8.39487e-05 -0.00634831 0.000157068 -0.000454658 -0.00844955 -0.00442885 0.00279422 -9.77588e-05 0.0067674 0.00119239 0.00583584 -0.00682362 -0.00050708 -0.00306265
internal_weight=54647.6 608.651 54038.9 29756.9 1267.05 1042.85 658.895 28489.9 1598.07 1111.07 813.279 397.901 26891.8 6369.13
internal_count=177568 2146 175422 91728 6373 5274 3098 85355 6261 4913 3387 2120 79094 30716
is_linear=0
shrinkage=0.03


Tree=463
num_leaves=15
num_cat=0
split_feature=25 59 14 35 36 19 48 73 87 34 90 48 61 85
split_gain=28.0451 25.8069 36.3227 53.5529 89.3737 64.2466 67.7899 78.2117 55.3911 49.4482 62.0031 60.7401 54.7356 51.4838
threshold=6.0748810000000004 0.00010462500000000002 -0.097623999999999989 1.0779200000000002 1.0974450000000002 -5619228.3049999988 901280.04000000015 4.4890000000000006e-05 -1.0000000180025095e-35 1.1142850000000002 2.0392770000000007 -5604279.0599999996 2.5582000000000007 51.120000000000012
decision_type=2 2 2 2 2 2 2 2 2 2 2 2 2 2
left_child=1 2 3 4 -1 6 7 -5 -7 10 -10 -11 13 -13
right_child=-2 -3 -4 5 -6 8 -8 -9 9 11 -12 12 -14 -15
leaf_value=-0.0016752521879243177 0.0085388351967526244 0.0006544974312415933 -0.0015825660428064056 0.0021155003914555717 -0.021972489369275049 0.0055864998892879037 0.0054867373968195939 -0.013924716035450754 0.0068195339575587658 0.0099716655515779719 -0.0069230966259115805 -0.0019187890049148588 0.0066373102242667853 -0.011924083787697074
leaf_weight=2928.9264727216214 335.41631090827286 21616.26151142735 18037.698902819306 429.59461421519518 208.71716449782252 3137.6734841596335 467.39566786214709 737.26099723950028 1775.8223342224956 411.47578936815262 351.49105786904693 3066.5433480087668 557.06813633814454 547.14320820197463
leaf_count=14624 1861 67805 57882 980 610 9265 1126 1992 6907 842 1638 9243 1416 1756
internal_value=-9.47804e-05 -0.000148847 -0.00068152 0.00042821 -0.00304156 0.00137922 -0.00412119 -0.00799684 0.00229544 0.000751331 0.00453259 -0.000998189 -0.00208977 -0.00344486
internal_weight=54608.5 54273.1 32656.8 14619.1 3137.64 11481.5 1634.25 1166.86 9847.22 6709.54 2127.31 4582.23 4170.75 3613.69
internal_count=177947 176086 108281 50399 15234 35165 4098 2972 31067 21802 8545 13257 12415 10999
is_linear=0
shrinkage=0.03


Tree=464
num_leaves=15
num_cat=0
split_feature=14 46 41 86 18 46 14 90 90 83 91 77 77 61
split_gain=28.7407 75.9506 63.3642 80.9784 72.3068 55.1304 72.5164 66.818 56.5479 62.3981 59.5824 48.8812 123.669 77.4091
threshold=-0.063656999999999991 15.177900000000003 70.815000000000012 28.600000000000005 19.935000000000006 15.643050000000002 0.079912500000000011 1.9341345000000003 2.8569290000000005 0.018762000000000004 2.7550000000000003e-06 2143045.0500000003 2661404.7000000007 0.74250200000000011
decision_type=2 2 2 2 2 2 2 2 2 2 2 2 2 2
left_child=1 11 3 4 -3 8 -7 -8 -2 10 -10 -1 -13 -14
right_child=5 2 -4 -5 -6 6 7 -9 9 -11 -12 12 13 -15
leaf_value=0.00076861878267842304 -0.0014212415922843717 -0.016563798609464407 -0.014759740829867129 0.0072447126055490522 0 -0.0025027259155174656 0.010032829598236533 -0.0025269502592334264 -0.0067516425837265371 0.012731738142728186 0.0058352666344892593 0.013642763579955008 0.0094195657790141236 -0.0049652021705017145
leaf_weight=19191.370708220638 25857.551271734759 416.72697637975216 449.7171837836504 549.64502935111523 549.36610427498817 1257.4511517137289 1440.1109456568956 513.14170134067535 579.12130983360112 524.07769547402859 810.31266608461738 963.54628074169159 506.74686545133591 998.1100722849369
leaf_count=72882 82556 1133 1209 1167 1263 2979 2958 1217 1672 1281 2034 1881 1044 2412
internal_value=-1.94222e-05 0.000768146 -0.00487389 -0.00191319 -0.00715658 -0.000620958 0.00309794 0.00671828 -0.00105209 0.00391881 0.000566337 0.0012817 0.00525676 -9.83018e-05
internal_weight=54607 23625.2 1965.46 1515.74 966.093 30981.8 3210.7 1953.25 27771.1 1913.51 1389.43 21659.8 2468.4 1504.86
internal_count=177688 82991 4772 3563 2396 94697 7154 4175 87543 4987 3706 78219 5337 3456
is_linear=0
shrinkage=0.03


Tree=465
num_leaves=15
num_cat=0
split_feature=41 77 43 83 61 60 50 77 48 48 70 77 77 10
split_gain=32.1343 58.4301 57.5072 54.9122 35.8658 34.5967 85.4057 135.731 126.64 154.108 121.237 119.752 135.637 119.592
threshold=74.415000000000006 -718984.09999999986 1.2200050000000002 3.1264075000000005 0.065476500000000007 0.016893500000000002 812245.55277900014 -3032308.2399999998 -3007746.2249999992 745534.49000000011 71.27500000000002 -2088406.3499999999 -1129346.1049999997 1.0814950000000001
decision_type=2 2 2 2 2 2 2 2 2 2 2 2 2 2
left_child=2 -2 4 -3 -1 6 13 8 10 -10 -8 -9 -13 -6
right_child=1 3 -4 -5 5 -7 7 11 9 -11 -12 12 -14 -15
leaf_value=0.0084141715382157894 0.010418809760936558 0.0053387794581387831 -0.012823304286740325 -0.0060962275177402735 0.011427119854565536 0.00056975018191512093 -0.00068296416649582243 0.013081448964863162 -0.0083770974231569158 0.0059018615889992665 0.014096895081428192 -0.016261858776636561 0.0030758316341493079 -0.0037753354291585653
leaf_weight=441.06980724260211 735.66193923726678 827.78572569787502 320.41255628317595 693.63281808793545 486.96836734190583 27144.986362549476 2348.982582166791 1016.7225751485676 3479.2607430629432 842.22413554042578 632.29179725050926 346.01620882190764 5422.7276926338673 9859.8763365540653
leaf_count=1273 1770 1834 1227 1732 1858 85313 5455 3525 13208 5123 1246 2137 17364 34709
internal_value=-2.02399e-05 0.00348314 -0.00017195 0.000105138 -9.32051e-05 -0.000166696 -0.000986035 0.000532125 -0.00230366 -0.00558658 0.00244528 0.00358841 0.00190812 -0.00305591
internal_weight=54598.6 2257.08 52341.5 1521.42 52021.1 51580.1 24435.1 14088.2 7302.76 4321.48 2981.27 6785.47 5768.74 10346.8
internal_count=177774 5336 172438 3566 171211 169938 84625 48058 25032 18331 6701 23026 19501 36567
is_linear=0
shrinkage=0.03


Tree=466
num_leaves=15
num_cat=0
split_feature=48 12 63 66 19 3 67 6 48 50 14 70 61 43
split_gain=44.4292 84.4745 86.045 106.217 206.944 126.457 80.4053 55.2341 32.042 95.9532 30.7791 70.3839 111.218 38.3414
threshold=2973720.4050000007 48.105000000000011 1.0601250000000002 1.0630550000000001 -4996071.2299999995 1.0674050000000002 1.0877050000000001 1.0967550000000001 2957169.7500000005 58063.076384000007 -0.43288549999999998 60.615000000000002 1.8289625000000003 0.077104500000000006
decision_type=2 2 2 2 2 2 2 2 2 2 2 2 2 2
left_child=8 2 -2 -4 -5 7 -7 -6 10 -10 11 -1 -13 -12
right_child=1 -3 3 4 5 6 -8 -9 9 -11 13 12 -14 -15
leaf_value=0.00046739479643751971 -0.022872054073798703 -0.023251618582212242 0.024427366599133468 -0.032801319646376143 0.0062099824459283751 -0.025864122998358587 0.0032993027323283855 0.029782936976110105 0.023703288839629862 -0.0061117755074214051 -0.00044099205916162652 -0.00094191662936827939 -0.024647879463239604 0.0012093424247710133
leaf_weight=1542.9350874535739 154.761873267591 197.63736339099705 148.62102225609124 167.81592256203294 219.3280246052891 145.51051243767142 198.89452352002263 155.95536077022552 194.71038194932044 189.88197320327163 24849.492875030264 434.26211210340261 304.3849689476192 25810.572467409074
leaf_count=7397 2744 2859 413 2141 1566 1738 960 870 749 1308 83044 1482 1132 69274
internal_value=0.000170011 -0.00512463 -0.00207416 0.00102247 -0.00288621 0.00408356 -0.00897455 0.016139 0.00030853 0.00892744 0.000245184 -0.00316109 -0.0107715 0.000399245
internal_weight=54714.8 1388.52 1190.89 1036.13 887.504 719.688 344.405 375.283 53326.2 384.592 52941.6 2281.58 738.647 50660.1
internal_count=177677 13291 10432 7688 7275 5134 2698 2436 164386 2057 162329 10011 2614 152318
is_linear=0
shrinkage=0.03


Tree=467
num_leaves=15
num_cat=0
split_feature=73 74 90 89 62 76 78 43 78 49 68 90 60 49
split_gain=27.5132 78.946 108.335 114.466 105.175 80.2287 155.255 130.169 78.9708 74.8828 71.6159 77.34 70.6852 69.6081
threshold=-0.00025623999999999997 -0.013020499999999999 1.6939515000000001 0.027314000000000001 -0.00013536999999999997 66.885000000000005 2.7748500000000003 -0.076333499999999985 1.2638000000000003 1.9275500000000003 1.1537250000000003 2.7732545000000006 0.090272500000000019 0.87235000000000007
decision_type=2 2 2 2 2 2 2 2 2 2 2 2 2 2
left_child=1 2 5 4 -4 6 7 -1 -6 10 11 -3 -5 -10
right_child=-2 9 3 12 8 -7 -8 -9 13 -11 -12 -13 -14 -15
leaf_value=0.0057534403457965141 -0.00046582191712312511 0.0026865036155918958 0.011017490746052959 -0.027741337212850121 -0.023331286083318682 0.019155103734184189 0.019044447769276829 -0.020665025062613907 -0.012465201649167479 -0.0078954298807972639 -0.0097645481796221224 0.016084431624692835 -0.0017823708904422589 0.0083620839615455266
leaf_weight=316.6995861325413 40113.569475433789 10199.123642759398 328.77194272167981 350.54638298787177 243.4013447444886 234.53066282346845 262.86380568705499 352.18079225346446 314.47404213249683 628.93105102702975 395.8334728628397 403.30868076533079 132.72578871622682 264.05441577546299
leaf_count=1203 127578 29991 1392 2913 1934 920 955 2159 1793 2147 1106 1474 1048 1100
internal_value=-6.12104e-05 0.00106163 -0.00345545 -0.00844398 -0.00326037 0.00350914 -0.000413279 -0.00812178 -0.00901442 0.00215229 0.00273026 0.00320045 -0.0206923 -0.00290933
internal_weight=54541 14427.4 2800.25 1633.97 1150.7 1166.27 931.744 668.88 821.93 11627.2 10998.3 10602.4 483.272 578.528
internal_count=177713 50135 15417 10180 6219 5237 4317 3362 4827 34718 32571 31465 3961 2893
is_linear=0
shrinkage=0.03


Tree=468
num_leaves=15
num_cat=0
split_feature=90 72 31 64 91 91 66 88 42 77 5 8 45 3
split_gain=27.3419 25.7271 109.435 61.8397 129.84 152.842 116.204 101.144 109.391 143.785 89.2596 107.713 103.019 104.867
threshold=5.5593255000000008 0.16908050000000002 9.5500000000000017e-05 1.1033050000000002 -0.00056771499999999989 -0.00043161499999999994 1.0952950000000004 -0.00022813499999999997 0.0073535000000000015 -3680539.9949999996 1.2043450000000002 1.2125450000000002 0.040249500000000001 1.1917050000000002
decision_type=2 2 2 2 2 2 2 2 2 2 2 2 2 2
left_child=1 -1 -3 6 -5 -6 -4 8 9 -8 12 -12 13 -7
right_child=-2 2 3 4 5 10 7 -9 -10 -11 11 -13 -14 -15
leaf_value=-0.00064718547346677251 0.0088271594526133455 0.0060634103243766271 -1.7149335688321674e-05 0.010040990398690986 -0.01852989240444889 0.0027362987225483838 -0.021629038979501167 -0.013349723387126608 0.013330062171599348 0.0056122279473195371 -0.017211963656916497 0.0013109178855286625 0.010729676953224306 -0.01711345744636867
leaf_weight=28830.119876349345 314.26107311248779 2979.131573650986 13941.257840687409 1538.4013891220093 367.93206934630871 1569.5256797224283 331.91495172679424 1192.5723603703082 341.85980661213398 362.89792558923364 437.02378608286381 788.3792779147625 1298.566259726882 281.58680042624474
leaf_count=105046 689 6565 40932 3355 1099 5961 1046 4580 724 1275 1191 1794 2650 786
internal_value=1.74854e-05 -3.3146e-05 0.000661783 -5.38571e-05 0.00247066 7.29482e-06 -0.00103645 -0.00739465 -0.00050884 -0.0073703 0.00157695 -0.00527921 0.00425474 -0.000274611
internal_weight=54575.4 54261.2 25431 22451.9 6281.42 4743.01 16170.5 2229.25 1036.67 694.813 4375.08 1225.4 3149.68 1851.11
internal_count=177693 177004 71958 65393 16836 13481 48557 7625 3045 2321 12382 2985 9397 6747
is_linear=0
shrinkage=0.03


Tree=469
num_leaves=15
num_cat=0
split_feature=14 84 70 70 86 41 64 19 45 87 78 14 31 12
split_gain=29.9214 61.4163 60.392 52.865 91.0879 60.9887 92.6358 95.481 63.8726 53.3719 53.748 48.8802 92.4372 108.146
threshold=-0.36081849999999999 83.475000000000009 63.055000000000007 41.015000000000008 10.115 48.085000000000008 1.0923250000000002 -5336659.5749999983 -0.017490499999999996 -34.839499999999994 3.2286500000000005 -0.15478699999999998 0.011363000000000002 44.255000000000003
decision_type=2 2 2 2 2 2 2 2 2 2 2 2 2 2
left_child=1 2 3 4 -1 8 7 -7 -5 -6 -11 12 -2 -14
right_child=11 -3 -4 5 9 6 -8 -9 -10 10 -12 -13 13 -15
leaf_value=0.0089829885918869274 0.0033351604303517627 -0.013070921421225968 -0.0079254261287230645 0.020939075341349412 0.0071660818585436679 0.00036248740665952543 0.0068581932732668868 -0.022434539091224968 0.0040688121194932718 -0.015639126926608911 0.0040995412323024012 -0.00019058637434453421 -0.00015071939782193236 -0.017971384242843481
leaf_weight=343.96773369796574 8953.0386691130698 421.8450294341892 934.51794664189219 284.4519480522722 152.97743835859001 414.18843784555793 700.4455143250525 271.4290671274066 715.59156443178654 667.61755693331361 149.24424646981061 38908.061073225923 1366.6340122148395 395.3975683497265
leaf_count=1832 23349 2067 3244 1210 847 1423 2327 2195 3128 4724 845 120248 7891 2450
internal_value=7.82734e-05 -0.00211925 -0.00111331 0.000600851 -0.00421994 0.00326844 -0.000786317 -0.00863846 0.00891347 -0.00893788 -0.0119955 0.00030283 0.00209715 -0.00417459
internal_weight=54679.4 5056.28 4634.43 3699.91 1313.81 2386.11 1386.06 685.618 1000.04 969.839 816.862 49623.1 10715.1 1762.03
internal_count=177780 23842 21775 18531 8248 10283 5945 3618 4338 6416 5569 153938 33690 10341
is_linear=0
shrinkage=0.03


Tree=470
num_leaves=15
num_cat=0
split_feature=84 80 84 90 84 84 61 74 6 89 82 83 87 89
split_gain=29.4474 60.2107 47.2407 62.1547 43.3185 157.655 95.3896 84.1047 118.868 69.3882 67.3476 63.0261 56.0258 47.7849
threshold=1.3650000000000004 1.0000000180025095e-35 3.2400000000000007 1.7053745000000002 9.5400000000000009 11.135000000000002 1.4729415000000003 0.052457500000000004 1.1908750000000003 0.021285000000000002 0.13562000000000005 2.6643325000000004 -13.542499999999999 0.025206000000000003
decision_type=2 2 2 2 2 2 2 2 2 2 2 2 2 2
left_child=1 -1 3 -2 6 13 9 8 11 -4 -9 12 -8 -6
right_child=2 -3 4 -5 5 -7 7 10 -10 -11 -12 -13 -14 -15
leaf_value=-0.015075679514217146 -0.0014420283023561021 0.0025084261743795158 -0.0053969392129317173 0.012244138898954079 0.01823242833610975 -1.6998262148423231e-05 -0.0030156446382937959 -0.022762847081422958 0.015474056223376208 0.0091535915762502567 -0.0059116538688561565 0.00057233579794951331 -0.023227567524273504 0.0050373291300711718
leaf_weight=340.56243008188903 541.46713917329907 354.49656770378351 486.06115273945034 654.88067383505404 525.98920441791415 48359.272271105088 225.38248642347753 429.90732881426811 268.83346711099148 741.10745597630739 436.92337635159492 501.02508932724595 283.31689808797091 481.72039049118757
leaf_count=1454 1770 975 1956 1916 1625 157660 860 1299 517 1926 1076 2092 1437 1293
internal_value=5.65898e-05 -0.00607355 0.000136255 0.00602869 1.90973e-06 0.00022723 -0.00328649 -0.00710564 -0.00218351 0.00336624 -0.0143202 -0.00692508 -0.0143549 0.0119657
internal_weight=54630.9 695.059 53935.9 1196.35 52739.5 49367 3372.56 2145.39 1278.56 1227.17 866.831 1009.72 508.699 1007.71
internal_count=177856 2429 175427 3686 171741 160578 11163 7281 4906 3882 2375 4389 2297 2918
is_linear=0
shrinkage=0.03


Tree=471
num_leaves=15
num_cat=0
split_feature=90 49 67 64 13 64 76 76 70 88 50 76 49 41
split_gain=28.1304 26.7375 60.7262 80.64 52.7012 93.3606 45.743 51.5179 55.1705 77.1454 59.6363 34.7488 66.8222 92.3959
threshold=0.062735000000000013 -1.1592499999999999 1.1359250000000003 1.1046150000000001 0.00022750000000000003 1.0435050000000003 32.175000000000004 33.505000000000003 41.355000000000011 1.8625000000000002e-05 54913.486639500006 33.485000000000007 -0.33604999999999996 49.635000000000012
decision_type=2 2 2 2 2 2 2 2 2 2 2 2 2 2
left_child=-1 2 3 4 5 -2 -6 -8 -9 -10 -11 12 -3 -14
right_child=1 11 -4 -5 6 -7 7 8 9 10 -12 -13 13 -15
leaf_value=0.0085028936749916885 0.0015376787872443541 0.0018005360700312169 -0.011560675221957743 0.0088366105000055508 -0.012016041312786418 -0.016948045657602259 0.010357561191929217 0.008137944490389468 -0.016092804879705193 -0.0089173188743233538 0.006202985574381566 0.00051822709416276831 0.00065333997752072925 -0.0057154915992227674
leaf_weight=339.68702067434788 439.92985431849957 4122.6105129411444 562.29316830635071 627.1465068385005 273.98635596781969 548.2319560945034 423.000408411026 421.72678773943335 361.91282654553652 392.04896774142981 581.80425141751766 37206.595193154179 3693.3346805740148 4584.8905049338937
leaf_count=707 999 13534 1592 1722 1779 1569 991 2014 1959 1220 1620 119132 15711 13194
internal_value=-8.91865e-05 -0.000143705 -0.00232337 -0.00103723 -0.0028467 -0.00869463 -0.000477549 0.000963393 -0.00128518 -0.00428654 8.22518e-05 5.92587e-05 -0.00131531 -0.00287067
internal_weight=54579.2 54239.5 4632.08 4069.79 3442.64 988.162 2454.48 2180.49 1757.49 1335.77 973.853 49607.4 12400.8 8278.23
internal_count=177743 177036 15465 13873 12151 2568 9583 7804 6813 4799 2840 161571 42439 28905
is_linear=0
shrinkage=0.03


end of trees

feature_importances:
Column_48=486
Column_19=346
Column_77=278
Column_39=235
Column_90=186
Column_68=166
Column_41=154
Column_70=150
Column_10=148
Column_79=147
Column_78=141
Column_89=139
Column_71=136
Column_73=134
Column_60=125
Column_64=123
Column_35=120
Column_67=118
Column_76=117
Column_91=117
Column_38=111
Column_42=111
Column_84=110
Column_75=102
Column_61=96
Column_63=96
Column_74=96
Column_83=96
Column_43=90
Column_86=89
Column_88=88
Column_31=87
Column_72=85
Column_87=85
Column_85=82
Column_65=79
Column_46=76
Column_82=76
Column_13=75
Column_37=73
Column_3=72
Column_66=67
Column_34=64
Column_9=62
Column_2=61
Column_47=61
Column_50=61
Column_62=61
Column_45=59
Column_12=58
Column_1=53
Column_0=51
Column_6=50
Column_44=47
Column_14=38
Column_36=35
Column_49=33
Column_32=32
Column_5=31
Column_16=27
Column_8=25
Column_40=24
Column_55=23
Column_21=22
Column_11=16
Column_69=14
Column_7=12
Column_17=12
Column_33=11
Column_4=9
Column_15=8
Column_18=8
Column_59=7
Column_56=6
Column_53=4
Column_54=4
Column_80=3
Column_81=3
Column_25=2
Column_57=2
Column_58=1

parameters:
[boosting: gbdt]
[objective: binary]
[metric: binary_logloss]
[tree_learner: serial]
[device_type: cpu]
[data_sample_strategy: bagging]
[data: ]
[valid: ]
[num_iterations: 2000]
[learning_rate: 0.03]
[num_leaves: 15]
[num_threads: 0]
[seed: 0]
[deterministic: 0]
[force_col_wise: 0]
[force_row_wise: 0]
[histogram_pool_size: -1]
[max_depth: -1]
[min_data_in_leaf: 1000]
[min_sum_hessian_in_leaf: 0.001]
[bagging_fraction: 0.8]
[pos_bagging_fraction: 1]
[neg_bagging_fraction: 1]
[bagging_freq: 1]
[bagging_seed: 3]
[bagging_by_query: 0]
[feature_fraction: 0.8]
[feature_fraction_bynode: 1]
[feature_fraction_seed: 2]
[extra_trees: 0]
[extra_seed: 6]
[early_stopping_round: 0]
[early_stopping_min_delta: 0]
[first_metric_only: 0]
[max_delta_step: 0]
[lambda_l1: 1]
[lambda_l2: 1]
[linear_lambda: 0]
[min_gain_to_split: 0]
[drop_rate: 0.1]
[max_drop: 50]
[skip_drop: 0.5]
[xgboost_dart_mode: 0]
[uniform_drop: 0]
[drop_seed: 4]
[top_rate: 0.2]
[other_rate: 0.1]
[min_data_per_group: 100]
[max_cat_threshold: 32]
[cat_l2: 10]
[cat_smooth: 10]
[max_cat_to_onehot: 4]
[top_k: 20]
[monotone_constraints: ]
[monotone_constraints_method: basic]
[monotone_penalty: 0]
[feature_contri: ]
[forcedsplits_filename: ]
[refit_decay_rate: 0.9]
[cegb_tradeoff: 1]
[cegb_penalty_split: 0]
[cegb_penalty_feature_lazy: ]
[cegb_penalty_feature_coupled: ]
[path_smooth: 0]
[interaction_constraints: ]
[verbosity: -1]
[saved_feature_importance_type: 0]
[use_quantized_grad: 0]
[num_grad_quant_bins: 4]
[quant_train_renew_leaf: 0]
[stochastic_rounding: 1]
[linear_tree: 0]
[max_bin: 255]
[max_bin_by_feature: ]
[min_data_in_bin: 3]
[bin_construct_sample_cnt: 200000]
[data_random_seed: 1]
[is_enable_sparse: 1]
[enable_bundle: 1]
[use_missing: 1]
[zero_as_missing: 0]
[feature_pre_filter: 1]
[pre_partition: 0]
[two_round: 0]
[header: 0]
[label_column: ]
[weight_column: ]
[group_column: ]
[ignore_column: ]
[categorical_feature: ]
[forcedbins_filename: ]
[precise_float_parser: 0]
[parser_config_file: ]
[objective_seed: 5]
[num_class: 1]
[is_unbalance: 0]
[scale_pos_weight: 3.86749]
[sigmoid: 1]
[boost_from_average: 1]
[reg_sqrt: 0]
[alpha: 0.9]
[fair_c: 1]
[poisson_max_delta_step: 0.7]
[tweedie_variance_power: 1.5]
[lambdarank_truncation_level: 30]
[lambdarank_norm: 1]
[label_gain: ]
[lambdarank_position_bias_regularization: 0]
[eval_at: ]
[multi_error_top_k: 1]
[auc_mu_weights: ]
[num_machines: 1]
[local_listen_port: 12400]
[time_out: 120]
[machine_list_filename: ]
[machines: ]
[gpu_platform_id: -1]
[gpu_device_id: -1]
[gpu_use_dp: 0]
[num_gpu: 1]

end of parameters

pandas_categorical:null
