tree
version=v4
num_class=1
num_tree_per_iteration=1
label_index=0
max_feature_idx=91
objective=binary sigmoid:1
feature_names=Column_0 Column_1 Column_2 Column_3 Column_4 Column_5 Column_6 Column_7 Column_8 Column_9 Column_10 Column_11 Column_12 Column_13 Column_14 Column_15 Column_16 Column_17 Column_18 Column_19 Column_20 Column_21 Column_22 Column_23 Column_24 Column_25 Column_26 Column_27 Column_28 Column_29 Column_30 Column_31 Column_32 Column_33 Column_34 Column_35 Column_36 Column_37 Column_38 Column_39 Column_40 Column_41 Column_42 Column_43 Column_44 Column_45 Column_46 Column_47 Column_48 Column_49 Column_50 Column_51 Column_52 Column_53 Column_54 Column_55 Column_56 Column_57 Column_58 Column_59 Column_60 Column_61 Column_62 Column_63 Column_64 Column_65 Column_66 Column_67 Column_68 Column_69 Column_70 Column_71 Column_72 Column_73 Column_74 Column_75 Column_76 Column_77 Column_78 Column_79 Column_80 Column_81 Column_82 Column_83 Column_84 Column_85 Column_86 Column_87 Column_88 Column_89 Column_90 Column_91
feature_infos=[0.95389999999999997:1.23482] [0.95389999999999997:1.23482] [0.95462999999999998:1.2349399999999999] [0.95357000000000003:1.23448] [0.22:264424.3898] [0.96011999999999997:1.23421] [0.96126:1.2339] [0.95974999999999999:1.2342200000000001] [0.96328999999999998:1.2337100000000001] [0.97094000000000003:1.2329399999999999] [0.97475000000000001:1.23221] [0.96011999999999997:1.23421] [0.62:91.090000000000003] [5.3000000000000001e-05:0.054050000000000001] [-2.329758:3.296869] [-0.01457367:0.012870009999999999] [-0.198661:0.038996000000000003] [-20.353000000000002:6.4504999999999999] [0:100] [-37659802.030000001:1193346.3600000001] [-3.3092000000000001:4.3581000000000003] [37.371127000000001:362832589.30712497] [0:1] [0:1] [0:0.24564] [0:14.537974999999999] [0:100] [0:100] [0:100] [-100:6700] [-0.22740199999999999:0.059043680000000001] [1.4e-05:0.101086] [0.006705:10.180012] [-0.067480159999999997:0.010629960000000001] [0.95548:1.23353] [0.95615000000000006:1.2311300000000001] [0.95570999999999995:1.2332099999999999] [0.95667999999999997:1.2315100000000001] [0.95855000000000001:1.22584] [0.96486000000000005:1.2112000000000001] [0.95548:1.2335199999999999] [4.1500000000000004:99.760000000000005] [0.000195:0.086930999999999994] [-3.6768489999999998:2.3756409999999999] [-0.0122145:0.0150796] [-0.15094299999999999:0.19778200000000001] [-17.654299999999999:23.0304] [0.01:100] [-9077606.5500000007:3211572.1600000001] [-3.6793999999999998:4.3586] [77.409227999999999:306989728.04866099] [0:1] [0:1] [0:0.22248000000000001] [0:14.769584999999999] [0:100] [0:100] [0:100] [-100:34900] [-0.19489259:0.20695706] [6.0000000000000002e-05:0.53812400000000005] [0.013237000000000001:132.23729900000001] [-0.066524310000000003:0.066474060000000001] [0.96996000000000004:1.22845] [0.97058999999999995:1.2289000000000001] [0.97043000000000001:1.22227] [0.97635000000000005:1.2270700000000001] [0.96923000000000004:1.2237100000000001] [0.96884999999999999:1.21007] [0.96996000000000004:1.22845] [0.57999999999999996:99.75] [0.00053300000000000005:0.078666] [-2.490462:2.1984620000000001] [-0.011042:0.01488923] [-0.108429:0.223078] [-11.4411:25.6493] [0.070000000000000007:99.980000000000004] [-37679625.329999998:3228525.29] [-3.0727000000000002:4.3589000000000002] [1448.4302170000001:149855353.51292801] [0:1] [0:1] [0:0.24793000000000001] [0:14.637029] [0:100] [0:100] [0:99.400000000000006] [-93.370999999999995:10920] [-0.12169147:0.22781203] [0.00015799999999999999:0.55201699999999998] [0.027803999999999999:199.99576099999999] [-0.02699621:0.070348209999999994]
tree_sizes=6774 6871 6935 6901 6855 6860 6916 6886 6876 6884 6886 6895 6908 6902 6933 6878 6910 6895 6931 6903 6908 6909 6902 6899 6872 6886 6939 6893 6921 6931 6885

Tree=0
num_leaves=63
num_cat=0
split_feature=13 31 21 77 21 77 13 13 31 60 89 13 88 21 83 71 78 33 77 71 16 21 15 60 63 50 48 21 91 34 89 50 71 65 49 77 46 14 91 67 15 64 63 21 19 77 86 48 75 76 7 21 64 45 84 89 15 64 60 21 62 16
split_gain=141639 4993.03 4154.5 1574.32 1229.9 946.893 1090.88 465.866 645.834 443.724 337.41 255.014 250.525 257.558 246.132 267.677 230.276 219.261 197.018 190.348 182.533 381.542 205.584 179.938 205.823 177.07 175.043 421.595 204.419 166.717 165.304 170.093 163.642 162.017 154.48 145.133 174.619 143.242 153.492 140.515 137.626 292.502 179.455 197.642 131.377 135.307 130.905 129.408 152.346 129.362 127.066 126.408 126.181 119.741 119.569 115.77 149.033 115.344 115.188 114.964 193.442 192.912
threshold=0.0013375000000000004 0.0010525000000000003 487828.47027550003 852617.58500000008 621377.82430800016 698234.71000000008 0.0021995000000000005 0.00078450000000000015 0.00030450000000000003 0.0074815000000000012 0.029471500000000005 0.0023575000000000007 -0.00042259499999999995 129617.80039550002 6.615078500000001 0.0019965000000000004 4.3170000000000011 -1.3634999999999999e-05 -2619607.0399999996 0.044498000000000003 -9.4999999999999988e-06 321096.03105250007 8.8195000000000019e-05 0.024280000000000003 1.0688450000000003 603855.94221050013 -515723.9499999999 1229679.9588230003 0.00024076000000000002 1.1335750000000002 0.0010625000000000003 59207.595656000012 0.0072225000000000006 1.0335750000000001 -0.094549999999999981 -37517022.044999994 0.054250000000000007 -0.23398149999999998 -8.7474999999999985e-05 1.0913750000000002 -6.6284999999999979e-05 1.0819150000000002 1.1094150000000003 1181840.8797405001 -397054.64999999997 -369555.72499999992 33.385000000000005 -515723.9499999999 1.1996000000000002 99.515000000000015 1.1763850000000002 460158.58711800008 1.0791550000000003 0.0052480000000000009 13.095000000000001 0.024347000000000004 -1.8084999999999997e-05 1.1525150000000002 0.00037650000000000004 423614.68974100001 -0.00029239499999999993 -3.2499999999999997e-05
decision_type=2 2 2 2 2 2 2 2 2 2 2 2 2 2 2 2 2 2 2 2 2 2 2 2 2 2 2 2 2 2 2 2 2 2 2 2 2 2 2 2 2 2 2 2 2 2 2 2 2 2 2 2 2 2 2 2 2 2 2 2 2 2
left_child=1 7 3 11 32 6 10 12 33 25 14 47 13 -1 15 -4 23 19 59 57 21 -20 -22 24 -6 -5 27 -17 54 -23 -10 -32 -3 -9 58 36 -15 -26 -39 -40 41 -33 44 -44 -42 -46 53 -2 -49 51 -36 -37 -24 -29 -28 56 -35 -14 -34 60 -19 -62
right_child=2 4 5 9 16 -7 -8 8 30 -11 -12 -13 17 35 -16 26 -18 18 20 -21 22 29 52 -25 37 -27 28 46 -30 -31 31 40 34 55 50 49 -38 38 39 -41 42 -43 43 -45 45 -47 -48 48 -50 -51 -52 -53 -54 -55 -56 -57 -58 -59 -60 -61 61 -63
leaf_value=-1.4959156369768518 -1.5526901355707301 -1.5312721624272834 -1.5222941257218512 -1.4875454527495873 -1.542206725176261 -1.415123071405112 -1.5453866432673917 -1.4069681139211898 -1.5010226666094053 -1.5496177279857606 -1.5193368867578083 -1.5563038283870239 -1.4285793619099867 -1.5266644966172549 -1.5448165553180573 -1.536461183009642 -1.4049510835359298 -1.5230896842528736 -1.4424417629919306 -1.516539466887403 -1.4125425162897818 -1.4230033970447671 -1.407780685463953 -1.4059795850954222 -1.5192977096286788 -1.387033731575458 -1.5058779911329534 -1.4421801935042025 -1.521910817228824 -1.4136645911574355 -1.5270687570680732 -1.4886438790725132 -1.4454624938303764 -1.5180422752088865 -1.4381700946268667 -1.4459395829461603 -1.4156610395511675 -1.437689197436667 -1.4330409219163067 -1.4907202403366024 -1.4112355724231767 -1.4234223867751945 -1.5061204929910801 -1.4327708139065465 -1.526508954601365 -1.4008018840348744 -1.3923783698972696 -1.5391346723998109 -1.5021365796262403 -1.3964448545983204 -1.5204474704944602 -1.4243143064074311 -1.4444054489479299 -1.5371970512828983 -1.4326593796175098 -1.5516271968194881 -1.442427442990545 -1.4743942957807583 -1.5366950398269299 -1.4225160504994647 -1.4807166817665169 -1.4155979332140352
leaf_weight=48.526355668902397 395.98655290901661 348.20661866664886 68.124602362513542 22.801983058452606 31.315531328320503 118.01102776825428 382.66164498031139 15.506942883133886 30.983229830861092 26.582852780818939 181.32406266033649 8889.7190279811621 576.05956108868122 28.330469056963921 38.234535187482834 75.714068233966827 71.242437750101089 25.238999247550964 649.47796696424484 26.291356593370438 9486.8114770203829 3548.4810082614422 129.6277638822794 45.383931174874306 39.205281913280487 66.049182757735252 23.284426912665367 37.300303414463997 28.267796337604523 4140.5524469316006 14.974905192852018 101.47202628850937 13.821999326348303 66.085489898920059 52.174660086631775 289.41365505754948 21.376518905162811 179.62331852316856 51.081497430801392 160.57876911759377 662.73182927072048 170.60545898973942 42.277813822031021 179.10006935894489 19.181405067443851 11.341248318552969 32.382536217570305 402.01798932254314 131.672527551651 159.72049675881863 25.617965072393417 5092.4290398955345 335.42431342601776 16.215280696749687 262.81186437606812 36.887752145528793 36.185273349285126 60.540995508432388 76.597345322370529 4460.0656391084194 63.842350885272026 133.93774178624153
leaf_count=251 2647 2133 402 112 202 362 2485 41 164 177 1053 60226 1983 171 249 475 198 150 2471 150 28743 11716 373 126 227 152 126 139 167 12664 91 507 51 381 190 1126 63 659 179 812 1982 562 230 634 116 27 77 2545 705 413 149 16989 1292 103 931 247 135 279 481 14670 305 413
internal_value=-1.45519 -1.42284 -1.54692 -1.55344 -1.48587 -1.49573 -1.50413 -1.42059 -1.43789 -1.4438 -1.48342 -1.55474 -1.41977 -1.42566 -1.47231 -1.46712 -1.45587 -1.41837 -1.41787 -1.43608 -1.4164 -1.41985 -1.41353 -1.46329 -1.46922 -1.41184 -1.45917 -1.48523 -1.44602 -1.41796 -1.43064 -1.42886 -1.5196 -1.49614 -1.49533 -1.42506 -1.47839 -1.46381 -1.45834 -1.47631 -1.4276 -1.44743 -1.42181 -1.44652 -1.41409 -1.47844 -1.44007 -1.53968 -1.52993 -1.42459 -1.46462 -1.42546 -1.43391 -1.4713 -1.43844 -1.50703 -1.4905 -1.43281 -1.52175 -1.42362 -1.4461 -1.43616
internal_weight=42957.5 31758.3 11199.2 9934.83 1094.85 1264.33 1146.32 30663.5 1387.33 115.434 763.659 9819.4 29276.1 5639.8 582.335 544.101 578.431 23636.4 22973.5 662.892 18290.4 8338.51 9951.86 507.188 461.804 88.8512 475.976 161.612 314.364 7689.03 1232.67 1201.68 516.419 154.665 168.212 5591.27 49.707 430.489 391.284 211.66 1186.71 272.077 914.632 221.378 693.254 30.5227 85.8981 929.677 533.691 5541.56 77.7926 5381.84 465.052 53.5156 286.096 139.159 102.271 636.601 90.4193 4683.08 223.019 197.78
internal_count=177879 104746 73133 66564 5407 6569 6207 99339 5117 441 3722 66123 94222 19013 2669 2420 2403 75209 72797 2412 57259 26851 30408 2205 2079 264 2018 794 1224 24380 4313 4149 3004 804 871 18762 234 1877 1650 991 4058 1069 2989 864 2125 143 319 5897 3250 18528 339 18115 1665 242 1057 763 516 2262 532 15538 868 718
is_linear=0
shrinkage=1


Tree=1
num_leaves=63
num_cat=0
split_feature=13 31 21 77 21 13 32 77 48 60 79 69 75 13 21 66 39 10 19 83 78 18 21 13 91 89 88 71 77 89 77 38 21 48 77 39 72 87 35 50 77 60 41 89 84 77 84 74 78 76 19 78 6 45 21 71 78 60 67 39 79 60
split_gain=122289 3971.12 3888.12 1655.08 1029.07 833.466 653.28 540.947 439.308 371.178 309.935 308.852 305.342 302.926 251.045 238.104 235.557 228.833 222.428 214.449 190.464 187.401 347.921 189.182 172.244 180.14 168.066 165.857 164.218 209.934 163.466 162.857 161.49 170.437 178.937 158.366 151.87 198.931 145.576 142.57 140.324 140.045 135.406 133.551 131.872 128.139 130.42 127.878 127.715 138.701 143.543 178.657 126.322 125.188 140.353 143.101 121.14 118.464 114.454 141.054 173.176 113.64
threshold=0.0013375000000000004 0.0010525000000000003 487828.47027550003 852617.58500000008 621377.82430800016 0.0022785000000000006 0.24492100000000003 698234.71000000008 -515723.9499999999 0.0074815000000000012 1120863.462732 1.1815350000000002 -0.24189999999999998 0.0024415000000000005 525072.36079350009 1.0424800000000001 1.0727950000000002 1.1186650000000002 -2655790.9749999996 6.615078500000001 4.3170000000000011 67.095000000000013 451215.64215250005 0.00036750000000000004 0.00017480500000000002 0.0028725000000000005 0.0004495700000000001 0.0072225000000000006 -4997185.6249999991 0.042461000000000006 -1129346.1049999997 1.0867950000000002 260652.97944150004 137097.49500000002 303656.55500000005 1.1413250000000001 -0.20343749999999997 52.027500000000011 1.1576250000000001 540263.08031150012 -5645768.6449999986 0.0096585000000000022 48.085000000000008 0.031172000000000002 13.095000000000001 -6710077.0699999994 53.135000000000012 0.00063700000000000009 0.34850000000000009 34.015000000000008 -5695382.2049999991 2.5929500000000005 1.2096250000000002 -0.0072774999999999984 337453.43415350007 0.012462000000000003 4.3295500000000011 0.032690500000000004 1.0884250000000002 1.0837450000000002 3489920.7354245004 0.0065725000000000011
decision_type=2 2 2 2 2 2 2 2 2 2 2 2 2 2 2 2 2 2 2 2 2 2 2 2 2 2 2 2 2 2 2 2 2 2 2 2 2 2 2 2 2 2 2 2 2 2 2 2 2 2 2 2 2 2 2 2 2 2 2 2 2 2
left_child=1 6 3 13 18 8 17 -7 11 39 -10 28 14 32 16 -16 -8 42 27 24 40 22 30 -23 25 41 56 57 29 -4 45 -20 -2 -34 47 -29 37 -18 -37 -5 -6 -12 -1 44 -27 -14 -47 -35 -24 -50 51 -51 -28 -25 55 -55 -17 -3 -46 -60 -61 -13
right_child=2 4 5 9 20 7 12 -9 10 -11 19 61 21 -15 15 26 36 -19 31 -21 -22 23 48 53 -26 43 52 35 -30 -31 -32 -33 33 34 -36 38 -38 -39 -40 -41 -42 -43 -44 -45 58 46 -48 -49 49 50 -52 -53 -54 54 -56 -57 -58 -59 59 60 -62 -63
leaf_value=0.027260707830932727 -0.028212153500878089 -0.034783430456205161 -0.00024379604145983107 0.031311798102808104 -0.0060740977552644123 -0.026314210501647194 0 0.073201629927632281 0.0030068017931147288 -0.028339472412679742 -0.024020683387628281 0.088604113007150292 0.098720511783898401 -0.035635515425508961 0.013499305788124468 0.084355194157022945 0.066465702665009119 -0.028471031494295945 0.040972022874506325 -0.032845546150392486 0.1052871538081694 0.099145545013657965 0.095839316261545279 0.10505917382729987 0.0090686629964175196 0.007771494985174144 0.10785890655913437 0.11292779893050786 -0.026117499186212863 0.095517656092680314 0.082395639463612461 -0.017236089247303847 -0.019064755746214843 -0.019197885518114376 0.096627493710231577 -0.023510079006980086 0.098358342021462028 -0.029029832623841734 0.07557377414213369 0.11931669694595975 0.057419339272472267 0.07014254939061669 0.08797702532719727 0.0054483270278596957 0.11859876691466185 0.017036388218704936 0.068961883660626486 0.038291859684967865 0.094699606495020155 0.071699707992408893 0.087918479336841882 -0.012840927931354912 0.027527313867534316 -0.0040191205240116294 0.089164806747269662 0.079130280380073831 0.036605119387418332 0.059566162000795064 0.10693472794563122 0.080433660212001559 -0.0028685253970423931 0.018238961534989925
leaf_weight=86.792617186903954 575.15278372168541 38.009939193725586 83.724318042397499 23.284409582614899 32.372858867049217 345.84267657995224 56.466771006584167 56.198545917868614 82.014587119221687 24.353411078453064 26.001370653510094 52.560550108551979 47.597410082817078 8623.1523267924786 42.480477496981621 3048.0053347945213 79.841840624809265 39.907299712300301 48.578759536147118 17.679491549730301 75.049750208854675 6408.4450581669807 6108.5741132050753 512.04698269069195 38.11558598279953 17.635225147008896 415.15414470434189 31.986314073204994 137.11249157786369 26.062621340155602 2253.5423566699028 329.79470783472061 248.31546331942081 74.495086446404457 22.754053965210915 25.088947221636772 88.181534051895142 24.79231821000576 25.943465009331703 78.697015628218651 487.65031050145626 28.580780610442162 56.14537450671196 18.757821843028069 117.97211398184299 93.063176438212395 85.754604712128639 63.243169590830803 3769.0136096030474 205.65148377418518 5709.0015386790037 24.27399742603302 20.302222669124603 30.012436509132385 3377.3476632237434 45.061673656105995 53.016703531146049 16.211423397064209 84.768496826291084 64.41084823012352 33.067307949066162 36.660850614309311
leaf_count=425 3838 260 485 112 189 2298 316 193 462 165 168 166 140 59796 216 9856 295 258 227 122 192 18000 17736 1365 209 96 1076 79 898 84 7402 2085 1604 480 73 163 254 159 95 168 1994 108 180 106 275 474 315 304 11086 727 17820 141 94 168 10432 149 236 68 224 214 186 195
internal_value=0.0609021 0.0891845 -0.0259718 -0.0324083 0.0333172 0.0234311 0.0910812 -0.012182 0.0400108 0.0750075 0.0570461 0.0130212 0.0914002 -0.0338316 0.0832419 0.085296 0.0534085 0.0340291 0.00221828 0.0668655 0.0601643 0.0924856 0.0905803 0.0958344 0.0711083 0.077038 0.0861458 0.0348398 -0.00420675 0.0228755 0.0799035 -0.00959547 -0.017972 -0.00345821 0.0204712 0.0612713 0.0691183 0.0434941 0.0267692 0.100014 0.053405 0.025121 0.0517637 0.0852682 0.0898528 0.0547141 0.0423499 0.00706831 0.0922473 0.0899744 0.0869551 0.0626276 0.104254 0.0904509 0.0882458 0.0458793 0.0835606 -0.00546312 0.0945329 0.0782287 0.0521284 0.0605464
internal_weight=44791.8 33791.2 11000.6 9733.45 1110.69 1267.17 32680.5 402.041 865.124 126.335 529.004 336.121 32497.6 9607.11 3828.24 3578.96 249.282 182.845 515.614 446.989 595.073 28669.4 18296.5 10372.9 429.31 391.194 3536.48 137.24 246.899 109.787 2479.96 378.373 983.961 408.808 160.492 83.0187 192.816 104.634 51.0324 101.981 520.023 54.5822 142.938 336.612 317.854 226.415 178.818 137.738 15816.5 9707.94 5938.93 229.925 435.456 3964.47 3452.42 75.0741 3101.02 54.2214 300.219 182.247 97.4782 89.2214
internal_count=177701 104672 73029 66540 5352 6489 99320 2491 3998 445 2170 1828 98457 66095 12502 11478 1024 863 2977 1708 2375 85955 55841 30114 1586 1377 11262 665 1467 569 8331 2312 6299 2461 857 337 708 454 258 280 2183 276 605 1101 995 929 789 784 47510 29774 18688 868 1170 12114 10749 317 10092 328 899 624 400 361
is_linear=0
shrinkage=0.03


Tree=2
num_leaves=63
num_cat=0
split_feature=13 21 31 77 21 77 13 13 31 60 13 31 48 21 16 78 88 78 88 91 19 19 79 42 31 79 75 1 10 48 19 66 49 12 49 50 10 84 40 71 77 76 79 83 89 88 12 21 13 61 91 77 62 77 62 90 48 60 76 65 63 13
split_gain=106320 3885.73 3162.25 1408.09 880.825 790.138 890.956 362.282 550.689 330.665 298.201 269.244 216.182 203.438 205.624 194.243 178.554 172.455 171.964 170.152 170.115 155.411 275.034 206.504 154.703 151.835 170.309 158.5 160.854 141.781 138.021 208.371 137.493 135.86 133.944 131.713 124.356 156.758 121.3 157.031 194.862 156.593 250.88 146.789 141.451 121.974 120.115 140.062 136.089 156.372 135.693 119.664 118.753 116.515 122.013 115.862 171.835 125.504 138.899 135.812 156.321 120.47
threshold=0.0013375000000000004 487828.47027550003 0.0011775000000000004 852617.58500000008 621377.82430800016 698234.71000000008 0.0021995000000000005 0.00066450000000000005 0.00030450000000000003 0.0074815000000000012 0.0024415000000000005 0.0029795000000000004 390239.86000000004 140183.38908350005 -2.6499999999999997e-05 4.3170000000000011 -0.00068747499999999989 4.1857000000000015 -0.051952199999999997 0.0008218800000000002 -2655790.9749999996 -5564326.8549999995 2280183.4827590003 0.00075650000000000012 0.00037750000000000007 584655.1870090001 -4.4635499999999988 0.98310500000000012 1.0522450000000003 -515723.9499999999 -1303574.2949999997 1.1059550000000002 0.28165000000000007 56.395000000000003 0.93315000000000015 540263.08031150012 1.0647450000000003 38.310000000000009 1.0644650000000002 0.0024075000000000004 1753417.0500000003 22.515000000000004 3148743.7520380006 4.4893940000000008 0.0085085000000000004 0.17423402500000004 51.32500000000001 516131.81371250004 0.00022150000000000004 3.1674330000000004 4.8010000000000003e-05 341973.23500000004 0.00022373000000000003 -5645768.6449999986 8.4550000000000012e-06 2.5041205000000004 -5604279.0599999996 0.00020750000000000003 94.325000000000003 1.1163300000000003 1.0523250000000002 0.00024850000000000008
decision_type=2 2 2 2 2 2 2 2 2 2 2 2 2 2 2 2 2 2 2 2 2 2 2 2 2 2 2 2 2 2 2 2 2 2 2 2 2 2 2 2 2 2 2 2 2 2 2 2 2 2 2 2 2 2 2 2 2 2 2 2 2 2
left_child=2 3 7 10 20 6 11 13 18 35 29 17 -13 14 -1 53 -16 19 -9 24 -4 22 -10 -23 -3 26 -15 -27 -29 -2 -25 -32 51 -26 36 -5 37 -20 44 -40 41 42 43 -41 -30 55 47 48 -28 50 -50 -31 -34 -6 -55 56 -43 61 -59 60 -60 -58
right_child=1 5 4 9 15 -7 -8 8 21 -11 -12 12 -14 25 16 -17 -18 -19 34 -21 -22 23 -24 30 33 27 46 28 38 32 31 -33 52 -35 -36 -37 -38 -39 39 40 -42 45 -44 -45 -46 -47 -48 -49 49 -51 -52 -53 -54 54 -56 -57 57 58 59 -61 -62 -63
leaf_value=0.039237951260859695 -0.031569255987981479 -0.00058619238608938185 0.029912727633797202 0.023753258342001485 -0.013337941822035683 0.089934143001213884 -0.023253721206964222 -0.027791859404033128 0.074602443701380791 -0.033510218353696594 -0.035446123585984139 -0.0073979931018274877 0.067787272741171661 0.063095005119949865 -0.017132501833694497 0.098897449673649399 0.08214617549862778 -0.0069691527225842131 0.11930580948352125 -0.033449665643335832 -0.01075036332335302 -0.014543999616437462 0.016303826704015287 0.084112195349411278 0.065971019119471591 0.024142271956481644 0.083201612243416531 0.095750612341973795 0.042192826913660761 -0.021499118679449102 0.075015591454854008 0.019848574353971575 0.0010455354410538664 0.018801498354960509 0.072248122047058008 0.10661372446026531 0.0080805369732959657 -0.00077767820762771099 0.089306419801829143 0.077811257283348506 0.09093222156599659 0.020967366350717182 0.01738233412284277 -0.011069377714271172 0.083828285877531938 0.10616673398788222 0.089077310084922715 0.085992327073372538 0.078520549184621063 -0.0044696685308666965 0.051806851116161394 0.05896943925616583 0.062142671062532275 0.068638006305822952 0.03592341268088594 0.08496226089753145 0.0074914012607989388 0.079072295250390806 -0.0066446354992886047 0.04921771348294695 0.080392620281671517 0.073941916420197262
leaf_weight=183.2704384624958 399.0691733956337 42.354449898004532 124.28237518668175 23.96439391374588 25.265544891357422 140.74659195542336 373.46090897917747 36.070865646004677 263.81503558158875 23.683091193437576 8418.6687478721142 193.12231032550335 40.75374299287796 306.36434325575829 16.154894456267357 81.150591462850571 397.99088518321514 51.987102001905441 22.623956546187401 20.102551728487015 353.82170581817627 19.771667927503586 103.35540413856506 2008.414967238903 368.19406659901142 45.653135567903519 1335.5544622689486 739.52422578632832 170.54213164746761 381.99696946144104 303.16759489476681 80.369629889726639 141.96599090099335 67.927221894264221 82.768201068043709 81.380875989794731 114.41211925446987 15.839103221893309 1895.1487290859222 270.57921931147575 1148.9714586883783 55.048676386475563 103.50430925190449 16.949476644396782 141.09252172708511 150.48045080900192 9556.366765499115 8495.4029403477907 532.18542717397213 25.701076060533524 279.28093625605106 16.259776294231415 35.218558043241501 203.54887853562832 227.64775410294533 1533.3697287142277 50.575420618057251 3304.6923685818911 18.722047552466393 329.83965711295605 372.5978622585535 49.363964885473251
leaf_count=778 2767 239 600 117 154 381 2491 229 827 167 59771 1149 140 1059 98 189 1165 310 41 136 2192 112 491 5830 1342 204 3909 1916 681 2501 961 378 838 343 275 165 602 86 5181 818 3077 247 480 93 404 342 25828 23796 1629 135 1050 65 147 719 1008 4364 246 9941 99 1247 1107 152
internal_value=0.0567176 -0.0256265 0.0817536 -0.0322666 0.0294978 0.0230262 0.0147969 0.083287 0.0732347 0.0657455 -0.033623 0.0329569 0.00580841 0.0842564 0.0663619 0.0558059 0.0781693 0.0444036 0.0321208 0.0498235 -7.70703e-05 0.0772309 0.0583622 0.0800658 0.0534472 0.0845989 0.0861565 0.0815122 0.0817599 -0.0178225 0.0808661 0.0636151 -0.00819876 0.0587527 0.0414973 0.088447 0.0242922 0.0703286 0.0806705 0.0813081 0.0792452 0.0770797 0.0580302 0.0724477 0.0613471 0.0783346 0.0865013 0.0841827 0.0770571 0.0671311 0.0694385 -0.0179992 0.0136386 0.04788 0.051559 0.077578 0.0748429 0.0755492 0.0763885 0.0639563 0.0761457 0.0410185
internal_weight=46412.1 10820.9 35591.3 9522.21 1015.72 1298.65 1157.9 34575.5 3050.61 129.028 9393.18 784.441 233.876 31524.9 597.416 537.613 414.146 550.565 271.714 498.578 478.104 2778.89 367.17 2411.72 478.476 30927.5 20530.9 10396.7 10351 974.51 2391.95 383.537 575.441 436.121 235.643 105.345 152.875 38.4631 9611.48 9299.84 7404.69 6255.72 391.033 287.529 311.635 5864.69 20224.5 10668.1 2172.72 837.167 811.466 398.257 177.185 456.462 431.197 5714.21 4180.84 4125.79 4025.85 721.16 391.32 99.9394
internal_count=177809 73069 104740 66538 4862 6531 6150 99878 9832 449 66089 3659 1289 90046 2041 2070 1263 2370 1233 2060 2792 8599 1318 7281 1924 88005 57406 30599 30395 6318 7169 1339 3551 1685 1004 282 729 127 28479 27394 22213 19136 1391 911 1085 17745 56347 30519 6723 2814 2679 2566 985 1881 1727 17403 13039 12792 12394 2453 1206 398
is_linear=0
shrinkage=0.03


Tree=3
num_leaves=63
num_cat=0
split_feature=13 21 31 77 21 13 77 77 13 31 91 83 64 60 70 42 13 89 12 21 12 77 19 19 79 16 87 82 19 75 21 72 88 31 31 31 76 8 86 90 84 49 64 18 31 42 0 89 86 35 13 91 87 10 13 21 63 38 42 77 64 46
split_gain=93718.9 3774.35 2725.4 1043.07 911.027 864.433 478.815 436.619 305.022 441.772 270.379 289.528 275.677 234.608 189.769 234.876 188.649 178.394 171.25 165.57 199.302 164.641 164.059 150.678 274.173 147.705 144.201 202.609 161.219 141.009 151.87 153.336 139.375 137.849 133.881 141.323 122.5 118.589 219.957 187.435 158.071 118.028 117.855 115.657 118.306 113.752 112.977 112.783 111.706 109.852 107.863 106.135 104.209 102.751 101.67 180.415 140.676 140.164 138.582 121.823 106.988 103.354
threshold=0.0013375000000000004 415063.42615900008 0.0010525000000000003 852617.58500000008 641053.87460750015 0.0025245000000000003 341973.23500000004 698234.71000000008 0.00067950000000000009 0.00030450000000000003 -3.2789999999999996e-05 6.4409490000000007 1.2086400000000002 0.0074815000000000012 35.965000000000011 0.0036805000000000002 0.0023575000000000007 0.017448500000000002 56.395000000000003 140183.38908350005 43.905000000000008 -5645768.6449999986 -2655790.9749999996 -5564326.8549999995 2320964.0406415006 -0.00033049999999999996 326.97500000000008 0.015965000000000003 406720.06000000006 -0.34779999999999994 761642.31610000005 -0.19764149999999997 -0.0074748149999999984 0.0029795000000000004 0.00037750000000000007 0.0046085000000000006 62.355000000000011 1.0981750000000001 33.385000000000005 1.2569660000000002 86.725000000000009 -0.23054999999999998 1.0908550000000001 7.5450000000000008 0.0026725000000000004 0.00080550000000000012 1.0967750000000003 0.0075815000000000006 65.135000000000019 1.0864450000000001 0.00059650000000000013 -0.00092419499999999994 438.67550000000006 1.1752850000000004 0.00024250000000000001 506501.72456050006 0.99469000000000019 1.1365350000000003 0.0017385000000000002 -3540148.2699999996 1.0844750000000003 0.30535000000000007
decision_type=2 2 2 2 2 2 2 2 2 2 2 2 2 2 2 2 2 2 2 2 2 2 2 2 2 2 2 2 2 2 2 2 2 2 2 2 2 2 2 2 2 2 2 2 2 2 2 2 2 2 2 2 2 2 2 2 2 2 2 2 2 2
left_child=2 3 8 16 22 6 10 -7 19 17 11 18 26 -5 15 -11 -2 25 34 20 -1 -6 41 24 51 -10 28 36 -12 30 31 -21 -22 -30 -3 37 46 39 40 -36 -39 -4 -8 52 48 -25 -28 -44 -45 -33 -32 -16 -23 -43 56 57 -31 58 60 -58 -56 -57
right_child=1 5 4 13 21 7 42 -9 9 14 12 -13 -14 -15 23 -17 -18 -19 -20 29 32 43 -24 45 -26 -27 27 -29 33 54 50 49 -34 -35 35 -37 -38 38 -40 -41 -42 53 47 44 -46 -47 -48 -49 -50 -51 -52 -53 -54 -55 55 61 59 -59 -60 -61 -62 -63
leaf_value=0.019053737282077269 -0.019802735031445601 -0.0044797111176182128 -0.00097895357147918501 0.080701493404164132 -0.010325760924637158 -0.03104047493829698 0.10513208069778798 0.057894873594973952 0.012699241536587625 -0.0002033997070625973 -0.020717629971426205 -0.034751009741530864 0.10257037785982767 -0.027096578909571511 0.020621050265905286 0.068488520954257379 -0.035296617742620183 -0.0020935733768484375 0.0085740868270691491 0.029421534760012219 -0.0074548445188151865 -0.0075076249611993407 -0.0092652796967825218 0.010580208668968374 0.0056097739978928328 0.073416111690650709 0.035496633809426532 -0.011223670819483876 0.09588869939032231 0.026828385508760936 0.071211614058597009 0.037654678600402461 0.071844482684624136 -0.017020724513424207 0.00077744876004736264 -0.0025241170540790201 0.0053474079499676152 -0.018588343563975866 0.087617429853813711 0.090377244825285433 0.083147016954416203 0.077216776311083021 -0.017904374501590468 0.067932191164355005 -0.0019378906881365632 0.077313854329900858 0.11180515905607605 0.077871167612203682 0 0.095806722976580355 0.089077219970809723 0.078090086524057342 0.081320445342759742 0.0033050119363346861 0.057710242225551781 0.080546433361018355 0.071832336204692052 0.076953421211094553 0.064345648847145609 0.082787373207593773 0.0041495204145788906 0.075631605104987149
leaf_weight=86.049767777323723 789.48975755274296 30.816126763820648 65.78161533176899 87.480765044689178 32.540077075362206 369.82099358737469 86.849479496479034 56.235890030860901 62.094312429428101 73.308762714266777 235.5556285828352 42.837289154529572 25.37006177008152 21.855712473392487 36.354050531983376 110.77077227830887 8140.3736684471369 98.21277442574501 92.756599575281143 155.27673496305943 19.830490097403526 42.456741347908974 379.70868255198002 24.651521414518356 81.311197087168694 91.5075603723526 42.184566542506218 92.697410941123962 20.573523536324501 45.211036682128906 2186.5622686296701 51.54782871901989 530.43574374914169 16.557541996240616 24.600350186228752 29.174201413989067 41.450398504734039 54.351928979158401 51.765116810798645 177.65288686752319 17.227077603340149 51.637760624289513 16.465888410806656 506.75220046937466 23.872176304459572 2045.5999073386192 32.977249771356583 28.600750461220741 22.249502271413803 81.786592721939087 394.84346604347229 206.20143391191959 15.189757347106932 26.370990246534348 66.109995633363724 10003.222340852022 1130.7686378657818 828.63265307247639 736.59822332859039 9375.7871603369713 70.092276632785797 7541.5314787179232
leaf_count=398 5232 181 373 227 194 2608 172 197 310 369 1495 300 54 154 156 338 59185 537 505 645 115 234 2338 118 403 288 178 557 49 181 6456 202 1576 107 136 174 229 327 159 485 49 164 97 1650 125 5677 70 80 115 184 978 569 43 143 216 26460 3261 2322 2294 24093 331 20927
internal_value=0.0532874 -0.0253094 0.0756778 -0.0328008 0.0304687 0.0173477 0.0307686 -0.0191234 0.0771356 0.0674986 0.0237759 0.0389474 0.00808637 0.0588311 0.0712137 0.0411169 -0.0339325 0.0292115 0.0456687 0.0779516 0.0622675 0.0543611 0.00101474 0.0734971 0.0537833 0.049306 0.00284899 0.0215735 -0.0114403 0.0782543 0.0716361 0.0503022 0.0689239 0.0456272 0.0544692 0.0596722 0.0477734 0.0653276 0.0410938 0.0796841 0.00629144 0.028245 0.0844753 0.0578691 0.0621041 0.0765392 0.0703993 0.0425976 0.0650489 0.0739958 0.0739893 0.0697199 0.0163744 0.0529686 0.0788883 0.0775116 0.0813888 0.0678806 0.0591544 0.0816181 0.0305967 0.07844
internal_weight=47926.6 10625.7 37300.9 9039.2 1166.56 1586.52 1160.46 426.057 36134.3 2830.01 1028.55 521.182 507.366 109.336 2578.2 184.08 8929.86 251.815 478.344 33304.3 636.316 643.06 523.499 2394.12 323.867 153.602 481.996 209.31 272.687 32668 2870.02 288.611 550.266 37.1311 385.588 354.772 116.612 325.597 123.344 202.253 71.579 143.79 131.916 610.52 552.874 2070.25 75.1618 45.0666 529.002 133.334 2581.41 242.555 57.6465 78.0088 29798 19246.2 10551.8 1701.43 872.8 10506.6 136.202 17544.8
internal_count=177790 73007 104783 64798 5379 8209 5404 2805 99404 8765 5055 2316 2739 381 7630 707 64417 1135 2016 90639 2089 2361 3018 6923 1128 598 2685 1034 1651 88550 8465 1031 1691 156 1511 1330 477 1156 535 621 376 680 349 2167 1890 5795 248 177 1765 386 7434 725 277 307 80085 52550 27535 5163 2841 27354 547 47387
is_linear=0
shrinkage=0.03


Tree=4
num_leaves=63
num_cat=0
split_feature=13 21 31 13 21 32 48 64 31 70 88 75 63 85 48 19 68 33 66 10 87 71 39 19 31 79 61 76 48 90 48 78 16 21 88 48 10 84 84 86 21 36 70 18 4 64 79 79 86 31 70 69 68 66 21 73 67 72 84 48 85 45
split_gain=82879.1 3742.42 2458.08 989.751 768.001 452.837 447.472 302.6 270.338 259.684 238.957 230.166 224.657 222.864 200.881 330.982 481.368 191.199 185.588 179.633 167.545 195.694 190.354 166.411 178.839 162.723 158.028 178.227 151.98 194.497 147.563 141.778 141.753 258.247 139.827 138.365 156.786 135.484 124.321 122.259 121.677 159.647 152.034 140.227 135.407 117.88 153.84 112.755 111.75 111.144 115.837 120.645 110.397 175.991 109.406 107.313 127.892 187.534 106.143 104.475 135.49 133.115
threshold=0.0013375000000000004 371271.23846150009 0.0011775000000000004 0.0024415000000000005 611483.65302100021 0.24492100000000003 116512.23500000002 1.1234650000000002 0.0066185000000000003 36.375000000000007 -0.035714704999999992 -0.34779999999999994 1.1122450000000002 26.330000000000002 -68196.474999999991 -511379.47999999992 1.0907050000000003 -1.3634999999999999e-05 1.0444650000000002 1.1186650000000002 737.01900000000012 0.0059325000000000011 1.0850150000000003 -4619259.3449999997 0.0043675000000000007 567254.47404700017 2.0113270000000001 28.725000000000005 -205196.96999999997 2.3314310000000007 -3290639.9849999999 4.3170000000000011 6.5000000000000013e-06 210249.64029300003 0.00047603500000000003 -481784.39999999997 1.0647450000000003 13.845000000000001 69.925000000000026 38.995000000000005 1039058.6287735001 1.0697050000000001 39.745000000000012 37.275000000000013 659.74500000000012 1.0698950000000003 415533.54291600006 1283525.2855810001 57.170000000000009 0.00033650000000000005 64.075000000000003 1.1786600000000003 1.0447450000000003 1.0499250000000002 553606.51904650021 -1.9219999999999996e-05 1.0829350000000002 -0.28757549999999993 78.265000000000015 332443.96500000003 8.2450000000000028 -0.013203499999999998
decision_type=2 2 2 2 2 2 2 2 2 2 2 2 2 2 2 2 2 2 2 2 2 2 2 2 2 2 2 2 2 2 2 2 2 2 2 2 2 2 2 2 2 2 2 2 2 2 2 2 2 2 2 2 2 2 2 2 2 2 2 2 2 2
left_child=2 8 5 6 59 19 7 30 14 -9 13 18 23 -8 -2 -16 39 28 -7 25 -5 22 -22 -12 37 -1 -11 -28 29 52 -3 48 33 -19 40 36 -32 -25 -31 -17 41 -20 44 -44 -43 -15 -47 -27 -6 50 -34 -52 -13 -54 -30 -37 -57 -58 -36 -4 -61 -62
right_child=1 3 4 20 31 11 10 9 -10 26 12 17 -14 45 15 16 -18 32 34 -21 21 -23 -24 24 -26 47 27 -29 54 38 35 -33 49 -35 58 55 -38 -39 -40 -41 -42 42 43 -45 -46 46 -48 -49 -50 -51 51 -53 53 -55 -56 56 57 -59 -60 60 61 -63
leaf_value=0.076460928611569334 -0.032710225449760877 0.091179637195417648 -0.012133669200326979 -0.026801919186250137 0.045540521060492556 0 -0.028907523886747499 -0.0053672881957846971 -0.035380216193397825 0.083725901559611182 -0.025055725833777742 0.00054591966750341069 -0.033879775509970435 0.10464974006120634 -0.025171493770642709 0.067463281852918944 -0.025747712662911777 0.048771625364019001 0.022878253270173992 -0.02883635054579254 0.08477007190820425 -0.032237687706900463 -0.0053301024675418505 0.0087278905211080893 0.0044494584665605436 -0.022583697437062473 0.11282830816321035 -0.0064612580413720665 0.046977974736133972 0.08912106099501986 0.081754344245379723 0.084014352706135872 0.078223291470073106 0.071780414807014359 0.090588117226513401 -0.015238400387765532 -0.021283439234718225 0.081662006455432964 0.030893776394842858 -0.0059294294248991401 0.066244506526738051 0.080797922665756292 -0.0025019519139630932 0.05395888866225855 0.014415994260759801 0.0902067707630924 -0.033724118638027469 0.042181315560291657 -0.009136267217382579 0.067548677954371347 0.073963804957399792 0.058215532109808975 0.10445624931735267 0.043392920772475627 0.08812546565692797 0.1003255898204629 0.089503485073066907 -0.019060678108981273 0.045832454550240868 0.074760869165073907 0.077741651885525315 -0.015670216387755294
leaf_weight=67.239858031272888 676.4506678879261 13.973689571022986 346.01360939443111 437.14313381910324 451.81061844527721 39.544509261846542 58.358040332794189 74.805695593357086 7220.8903850764036 104.90537096560001 16.403465583920479 48.028627067804337 20.396195456385612 23.09832601249218 465.62353084981441 116.14788089692593 125.15573854744434 469.66141484677792 144.5608316808939 40.448525846004486 41.456008106470108 54.753921657800674 40.575382500886917 25.937633648514748 35.253834292292595 39.912892878055573 13.683552429080008 46.457333043217659 85.390986487269402 179.78314398229122 12.888643905520437 85.646618410944939 9316.2602991312742 15318.861369132996 314.78980769217014 46.492553994059563 275.262192055583 323.88983462750912 44.198255136609077 23.664283782243729 2748.8513909727335 254.79774294793606 53.631175592541695 139.39969758689404 32.818544581532478 14.175117343664168 20.921675220131874 57.231004551053047 35.042822688817978 1688.8517278879881 5212.5978294312954 523.51654542982578 46.785978093743324 536.96392424404621 253.47162225842476 22.724145457148552 20.458045318722725 41.489413425326347 63.603943139314651 29.644907742738724 15.826955959200857 73.316855132579803
leaf_count=196 4905 37 2166 3059 1718 199 374 433 53812 297 106 224 134 51 3268 403 867 1626 615 257 116 397 249 133 187 234 32 275 292 397 39 187 22572 40306 668 284 1795 857 165 147 7855 655 254 450 144 44 140 223 192 4688 13301 1551 80 1873 571 44 46 260 210 99 55 447
internal_value=0.0502897 -0.0248464 0.0704778 0.0146697 0.024844 0.0717312 0.0300439 0.0136445 -0.0330282 0.0406068 0.0504273 0.0719747 0.0609311 0.0119571 -0.0209202 -0.009933 0.0167265 0.0727779 0.0648066 0.0268411 -0.0177293 0.0110318 0.0403148 0.0658945 0.0699013 0.040814 0.0615317 0.0215909 0.0606663 0.0536791 -0.0012709 0.0480758 0.0732199 0.071101 0.0654877 -0.00463279 -0.0163041 0.0763802 0.0779528 0.0548741 0.0634588 0.0510769 0.0594306 0.0381853 0.0734035 0.0532391 0.0166111 0.0153071 0.0415328 0.075212 0.0760653 0.0725421 0.0449164 0.0485086 0.0780136 0.02071 0.0407467 0.0171682 0.0832849 -0.00374819 0.0203244 0.00126014
internal_weight=49171.9 10413.4 38758.5 1785.5 1037.3 37721.2 1211.57 673.141 8627.93 239.852 538.434 37516.4 421.881 116.553 1407.04 730.591 264.968 33724.4 3792 204.832 573.928 136.785 82.0314 401.485 385.081 164.384 165.046 60.1409 1194.62 855.76 433.289 572.5 32529.7 15788.5 3752.45 419.315 288.151 349.827 223.981 139.812 3374.06 625.208 480.647 193.031 287.616 58.1951 35.0968 97.1439 486.853 16741.2 15052.4 5736.11 631.779 583.75 338.863 131.164 84.6716 61.9475 378.394 464.802 118.789 89.1438
internal_count=177261 72791 104470 9389 4864 99606 5568 3542 63402 1037 2026 98696 1417 609 9590 4685 1417 87646 11050 910 3821 762 365 1283 1177 653 604 307 3602 2739 2505 2097 84044 41932 10851 2468 1834 990 562 550 9973 2118 1503 704 799 235 184 457 1910 42112 37424 14852 2177 1953 863 634 350 306 878 2767 601 502
is_linear=0
shrinkage=0.03


Tree=5
num_leaves=63
num_cat=0
split_feature=13 31 21 13 21 48 13 21 48 31 31 19 71 12 21 12 13 13 89 19 68 89 90 35 39 78 75 41 19 48 48 90 74 31 85 83 48 15 85 85 90 66 76 5 9 90 89 41 4 20 60 60 48 49 48 75 21 76 85 38 20 76
split_gain=75023.4 3248.38 2248.35 687.192 657.207 419.606 366.747 515.954 241.35 195.104 192.136 182.899 178.335 165.964 165.415 299.262 207.503 182.891 155.162 152.849 553.159 146.034 139.882 138.466 163.603 131.234 166.46 127.771 127.553 244.586 181.132 126.14 125.748 249.158 115.934 133.441 113.438 167.837 176.245 119.5 124.859 112.362 111.562 111.456 109.842 120.424 106.396 104.426 104.008 103.966 98.6771 121.649 96.8216 96.4764 95.1919 150.571 131.428 94.8542 94.6985 94.0206 89.928 87.8645
threshold=0.0015475 0.0014325000000000002 371271.23846150009 0.0024415000000000005 621377.82430800016 185617.38500000004 0.00078450000000000015 611483.65302100021 2274973.1600000006 0.0029795000000000004 0.0066185000000000003 -5564326.8549999995 0.023279000000000005 46.915000000000006 379941.38868250005 51.32500000000001 0.00021250000000000004 0.00045650000000000004 0.0099130000000000017 -603087.27499999979 1.0904350000000003 0.0024220000000000001 1.6869190000000003 1.1806550000000002 1.1458050000000002 0.34850000000000009 -5.349499999999999 35.855000000000011 -522218.74499999994 260950.43000000002 308108.46500000003 1.4143775000000003 -0.043232999999999994 0.00041650000000000004 14.31 3.8327040000000006 -1078383.1999999997 0.00013468500000000003 25.555000000000003 10.395000000000001 1.6616940000000002 1.1108150000000003 30.415000000000003 1.0640550000000002 1.1843050000000002 1.2030875000000003 0.023281500000000004 47.845000000000006 139.85500000000005 0.96525000000000005 0.0013640000000000002 0.016574500000000002 -25478.369999999999 -0.24734999999999999 260950.43000000002 12.624000000000001 1135480.9383460002 33.835000000000008 5.2150000000000007 1.1336250000000001 -0.47434999999999994 98.530000000000015
decision_type=2 2 2 2 2 2 2 2 2 2 2 2 2 2 2 2 2 2 2 2 2 2 2 2 2 2 2 2 2 2 2 2 2 2 2 2 2 2 2 2 2 2 2 2 2 2 2 2 2 2 2 2 2 2 2 2 2 2 2 2 2 2
left_child=1 6 10 5 8 9 14 13 36 50 19 12 49 -8 15 16 61 -17 21 -2 22 -7 60 24 31 26 -16 -18 -5 -30 -31 52 33 -13 -20 -36 -3 39 -39 40 -38 48 -33 -29 -11 -46 -19 -45 -15 -9 -4 -52 -6 -40 55 56 -34 -49 -44 -10 -21 -1
right_child=2 4 3 28 23 18 7 11 59 44 -12 32 -14 41 25 17 27 46 34 20 -22 -23 -24 -25 -26 -27 -28 43 29 30 -32 42 54 -35 35 -37 37 38 53 -41 -42 -43 58 47 45 -47 -48 57 -50 -51 51 -53 -54 -55 -56 -57 -58 -59 -60 -61 -62 -63
leaf_value=0.064024509213549852 -0.031927904035053384 -0.026037902157253785 -0.033554241313924732 -0.030800015058330674 -0.025523944687135904 -0.0059669451411432607 -0.015492992147381569 -0.0098282584544451684 0.014539863103329557 -0.019768792873474748 -0.035232653092405634 -0.036003788746554827 0.062153904115906801 -0.025403982142002561 0.018114361067946866 0.071825762042413407 -0.0078100152356913926 0.0046793982954573179 -0.013764434919911025 0.012508559798864423 -0.028635511546127184 0.072224764086700616 0.0092143342637466871 0.08147954088888637 -0.007245602957891977 0.066659337698035934 0.070882123511263717 -0.0054739828792901438 -0.03196386836192066 0.064550674480386983 -0.007502232176149249 -0.00066176465277952934 0.027828678428104058 0.05633735560448918 0.058391765264283434 -0.018627458885674315 -0.033510401145200854 -0.019768504454385039 0.1059103866149536 -0.029615431892992143 0.05563288224491842 -0.013327276363072307 0.0032884596017859449 0.063825311768779008 0.10924820365070938 -0.0096960714142847251 0.062916430770370291 0.016318280703800616 0.053658295178138513 0.052909627265618576 0.044974029606052679 -0.0063173411078401012 0.075352791294789445 0.014926092751091137 0.078266747079507634 0.080564395830143284 0.060044981063305282 0.046778901048772963 0.058777358460173144 0.088415937913026182 0.088205350250977865 0.033738698337676565
leaf_weight=935.75588567554951 678.57152228057384 276.08824348449707 21.927549511194229 320.89640884101391 38.86558373272419 23.150132641196251 95.264197707176208 82.846432656049728 36.390744134783745 225.43126899003983 7060.4332150965929 32.063935920596123 104.38211923837662 15.76860001683235 56.375087589025497 1848.0699677467346 45.834596052765846 62.313512310385704 48.02772082388401 20.964993089437485 412.65265832841396 198.03169357776642 76.359523624181747 63.000475868582726 72.675131663680077 20830.335277602077 12793.554038792849 38.695674180984497 122.28013578057289 60.082995668053627 62.892248407006264 37.501285463571548 145.01400080323219 125.17893755435944 88.351571246981621 24.958522170782089 21.596160113811493 27.814640179276466 29.851674020290375 130.52448254823685 36.052916273474693 36.201676592230797 32.077347695827484 210.3731278181076 12.185757681727411 16.970300585031509 52.819419592618942 137.20329374074936 130.00801917910576 31.9788788408041 157.43077048659325 54.816757872700691 9.8729429990053159 17.722296252846718 453.933927282691 279.36291454732418 671.10909715294838 312.87670010328293 283.53518959879875 28.350945770740509 52.925610423088074 103.81221288442612
leaf_count=2544 5022 1884 151 2356 234 132 550 426 189 1469 53922 196 296 96 224 4431 233 288 278 106 2988 520 420 165 387 53237 30716 197 893 183 397 191 573 376 301 153 149 183 89 885 147 212 154 590 30 108 153 559 451 104 610 319 24 95 1071 623 1923 1024 925 75 125 364
internal_value=0.0474915 0.0653604 -0.0273111 0.00730792 0.0154258 0.0240327 0.066798 0.0547517 -0.00599563 0.00551971 -0.033309 0.0602648 0.0339259 0.016268 0.0675048 0.0613539 0.0523186 0.069521 0.0475332 -0.0223251 -0.0106597 0.0639157 0.0383741 0.0395341 0.0337425 0.0681865 0.0706544 0.0400088 -0.0183748 -0.00193659 0.027696 0.0412293 0.0636084 0.0372096 0.0246339 0.04115 -0.0126301 0.00134691 0.0389762 -0.0136964 0.0217251 0.0330524 0.0474636 0.0431933 -0.0125593 0.040996 0.0319668 0.046094 0.044787 0.0076912 0.025272 0.0316189 -0.00338209 0.0736395 0.0662425 0.0611658 0.0543984 0.0376165 0.0532607 0.0482 0.0675823 0.0610643
internal_weight=50512.4 40773.1 9739.34 1437.43 1141.92 871.282 39631.1 2203.11 604.392 488.762 8301.91 1925.87 219.207 277.242 37428 3747.75 1784.55 1963.2 382.52 1241.47 562.903 221.182 150.25 537.528 474.527 33680.3 12849.9 744.983 566.152 245.255 122.975 401.852 1706.66 157.243 161.338 113.31 539.65 263.562 75.3886 188.174 57.6491 181.978 353.114 699.149 254.587 29.1561 115.133 660.453 145.777 114.825 234.175 212.248 48.7385 47.574 1549.42 1095.49 816.123 450.08 315.613 64.7417 73.8906 1039.57
internal_count=177716 107233 70483 7900 5776 4071 101457 6897 3696 2687 62583 5588 826 1309 94560 10383 5511 4872 1384 8661 3639 652 651 2080 1915 84177 30940 2603 3829 1473 580 1528 4762 572 732 454 3432 1548 367 1181 296 759 1270 2370 1607 138 441 2173 547 530 1080 929 258 184 4190 3119 2496 1583 1079 264 231 2908
is_linear=0
shrinkage=0.03


Tree=6
num_leaves=63
num_cat=0
split_feature=13 31 77 13 21 21 32 50 48 65 48 65 88 73 35 75 90 48 31 35 45 82 33 91 91 48 62 21 68 91 73 85 45 91 45 86 42 74 50 90 68 15 66 90 9 13 0 6 83 63 77 86 32 34 31 19 35 74 86 19 18 20
split_gain=67312.7 2975.44 2184.86 1342.48 1097.69 544.121 443.247 338.63 215.851 183.982 179.781 261.853 169.314 172.031 191.596 167.63 160.438 214.61 176.188 166.81 155.945 149.988 149.13 149.125 151.401 144.332 139.528 132.169 132.05 167.027 131.391 116.924 113.864 111.055 110.519 109.305 106.919 120.976 105.417 105.37 111.204 121.335 102.669 102.521 95.2528 94.9536 113.266 93.4929 90.133 185.871 154.61 105.381 104.229 216.362 132.035 96.4946 93.2738 98.4731 94.7366 94.5597 91.9599 93.5748
threshold=0.0016025000000000002 0.0010525000000000003 698234.71000000008 0.0022785000000000006 534522.31586600014 379941.38868250005 0.24492100000000003 540263.08031150012 -86172.894999999975 1.0967400000000003 -515723.9499999999 1.1867650000000003 -0.00039815499999999992 -0.00053627999999999998 1.0883250000000002 1.1996000000000002 1.3256370000000002 -25478.369999999999 0.0028045000000000006 1.0839750000000004 -0.0085004999999999994 0.04692000000000001 -1.3634999999999999e-05 -0.00013402499999999996 -0.00023697499999999997 -919727.72999999986 7.3950000000000012e-06 129617.80039550002 1.0922850000000002 0.00019200000000000003 -0.0012170199999999999 8.6250000000000018 -0.0076789999999999992 -0.00033975999999999993 -0.0072774999999999984 33.385000000000005 0.0070510000000000008 0.016795500000000001 79285.699107500011 2.3314310000000007 1.0447450000000003 9.8925000000000019e-05 1.0692950000000001 1.8294950000000003 1.1127450000000001 0.00098650000000000018 1.0874450000000002 1.0837450000000002 4.1815805000000008 1.1669550000000002 -926333.99499999988 6.285000000000001 0.42598350000000007 1.0443400000000003 0.00016950000000000003 -4087843.5149999992 1.1833350000000002 -0.0014784999999999998 72.610000000000014 -4983867.7849999992 15.985000000000001 -0.19484999999999997
decision_type=2 2 2 2 2 2 2 2 2 2 2 2 2 2 2 2 2 2 2 2 2 2 2 2 2 2 2 2 2 2 2 2 2 2 2 2 2 2 2 2 2 2 2 2 2 2 2 2 2 2 2 2 2 2 2 2 2 2 2 2 2 2
left_child=1 6 3 5 8 -2 21 -4 -3 20 11 -7 13 14 -8 31 17 -6 26 -20 -9 25 32 24 33 -1 28 -15 42 36 -16 44 -14 -12 -24 -13 37 -30 -17 40 -34 -42 -18 -40 -10 -27 -47 -25 52 50 -50 -52 53 54 -29 56 57 58 -54 60 61 -58
right_child=2 4 7 -5 16 10 12 9 15 -11 23 35 22 27 30 38 18 -19 19 -21 -22 -23 34 47 -26 45 -28 48 29 -31 -32 -33 39 -35 -36 -37 -38 -39 43 -41 41 -43 -44 -45 -46 46 -48 -49 49 -51 51 -53 55 -55 -56 -57 59 -59 -60 -61 -62 -63
leaf_value=0.0005384865678143818 -0.023328488944067943 -0.019754546500800416 -0.018057840243662596 -0.034219203490564509 -0.014660622744062697 -0.020476345542047383 0.053496445745853369 -0.0078118539622404771 0.00061814042277995751 -0.016112292972301729 0.045197859312966944 0.0078405780241047468 0.074908301958085829 0.014557565961007915 0.046234631654678997 -0.016268270275716448 0.02846634647714948 0.092574705204520616 0.070763051573613914 -0.019762816526781191 0.079327628310028278 -0.017664157414014611 0.069619634703918423 -0.019929373729865418 0.092444457549292189 0.081693380398391913 0.038323044079132229 0.057002451343561023 0.010329891463289369 -0.0074128712766363845 -0.010818709780354567 -0.016676563426606367 -0.0024615707956565126 -0.033751134312516633 0.063872490807505927 0.09326388784190387 0.087239709815462807 0.07791056166062918 0.094672456791954351 0.06905961928512773 0.048446163538377433 -0.011766285183262224 0.092205479244222774 0.011969767358852931 0.098741676597633832 -0.0067389947188555488 0.066189579718393607 0.026014804752503676 0.062484514327125054 0.012825545604468679 0.073668233217565146 0.0098141056195893486 0.066021791710619226 0.055682425170443813 -0.034250029383974465 0.069728009350985193 0.010848632728007545 0.054611680953743254 0.0062378505952540454 0.04577970969008037 0.07810835774123881 0.066924137863923927
leaf_weight=69.916092857718468 456.59077744185925 436.74849618971348 52.969016209244728 8053.9948853552341 84.750280514359474 167.4051418453455 384.1158304810524 19.315614491701126 21.161580979824066 22.379618093371391 92.425479754805565 26.237706199288368 177.36041454970837 58.653901517391205 60.906748726963997 15.71418024599552 29.742480501532555 19.843082532286644 24.300957784056664 64.938310578465462 218.94894373416901 59.075873866677284 3695.5899693667889 49.839303150773048 58.15960481762886 61.381655141711235 464.8799711316824 20.291942104697227 60.570758059620857 40.846562623977661 85.841450452804565 119.69346506893635 45.465396046638489 18.148973003029823 27240.30435718596 29.160932004451752 72.494150847196579 40.097498208284378 42.351498320698738 173.01056426763535 596.55173060297966 30.5167306214571 152.11473064124584 21.339275926351547 15.216676294803618 36.873536929488182 37.117053717374802 176.73604446649551 629.08550941944122 102.93192748725414 30.338902935385704 97.816054582595825 1401.9201152473688 427.49604135751724 42.037764474749565 1563.1232273429632 41.938355922698975 2358.568699285388 25.621594041585922 142.01128329336643 678.50687628984451 83.286014705896378
leaf_count=347 3240 2913 329 62629 473 1102 1092 105 120 146 346 131 388 262 180 99 118 38 76 387 475 362 8387 299 111 144 1738 54 270 208 394 761 208 117 65743 64 150 102 101 401 1776 141 313 108 42 206 117 786 1624 405 65 388 3411 1169 236 3631 161 6347 101 413 1408 195
internal_value=0.0450619 0.0612686 -0.0273387 -0.030017 0.0226591 0.00144942 0.0629152 0.0503732 -0.00725706 0.0644105 0.0198091 -0.00161676 0.0631705 0.0592358 0.0423511 0.0157812 0.0417459 0.00608362 0.0456302 0.00506704 0.0721349 0.023895 0.0641815 0.0319343 0.0532911 0.0360276 0.0497901 0.0603898 0.0630502 0.0463672 0.0128105 -0.00215056 0.0525846 0.0317844 0.0645622 0.0541943 0.0591951 0.0380448 0.0509879 0.0477836 0.0421714 0.045454 0.0821578 0.0680404 0.0440085 0.0539985 0.02984 0.0157336 0.0607356 0.0511768 0.0563265 0.0256163 0.0619353 0.0480809 -0.00363734 0.0630008 0.0607579 0.0585432 0.0649749 0.0695213 0.0736168 0.0486165
internal_weight=51626.8 42184.5 9442.31 9128.7 1726.8 1074.7 40457.7 313.613 672.225 260.644 618.113 222.804 40193.3 8234.49 530.864 235.477 1054.58 104.593 949.985 89.2393 238.265 264.364 31958.8 395.309 168.734 205.288 860.746 7703.63 395.866 214.009 146.748 156.072 1022.9 110.574 30935.9 55.3986 173.162 100.668 79.405 845.544 672.534 627.068 181.857 63.6908 36.3783 135.372 73.9906 226.575 7644.97 860.172 757.24 128.155 6784.8 489.826 62.3297 6294.98 4731.85 3786.11 1427.54 945.743 803.731 125.224
internal_count=177653 107773 69880 68825 8017 6196 99756 1055 4144 726 2956 1297 98580 21536 1666 1231 3873 511 3362 463 580 1176 77044 1659 574 814 2899 19870 1161 730 574 923 2914 463 74130 195 522 372 308 2526 2125 1917 431 209 162 467 323 1085 19608 2482 2077 453 17126 1459 290 15667 12036 9859 3512 2177 1764 356
is_linear=0
shrinkage=0.03


Tree=7
num_leaves=63
num_cat=0
split_feature=13 31 77 13 21 32 21 50 48 75 31 60 12 85 16 21 87 89 31 61 68 75 71 48 79 18 78 77 85 40 48 15 85 86 70 77 89 12 13 79 75 12 47 21 75 67 75 10 72 21 72 71 67 21 79 42 4 84 85 49 84 90
split_gain=61057.6 2801.86 1997.95 1080.9 772.603 522.143 382.479 319.726 253.004 246.125 228.877 219.949 174.131 164.158 163.432 208.529 159.188 146.215 174.614 144.551 184.384 161.153 139.434 154.087 129.719 126.49 126.204 142.879 133.716 122.494 122.236 111.807 110.065 109.789 105.226 99.6122 99.1965 142.93 98.7196 97.9156 96.3373 96.1298 95.612 94.7326 92.3092 161.191 89.7978 89.6939 112.328 88.0437 87.1537 85.4907 87.6736 84.7365 141.59 84.6934 87.0097 83.4934 83.1135 83.6859 82.5849 82.1148
threshold=0.0016615000000000002 0.0014325000000000002 698234.71000000008 0.0022785000000000006 572919.53494200006 0.24492100000000003 289566.51157450007 540263.08031150012 -542900.0199999999 1.1996000000000002 0.00085050000000000002 0.0040065000000000005 55.035000000000004 16.285000000000004 6.5000000000000013e-06 371271.23846150009 42.195000000000007 0.029471500000000005 0.0046085000000000006 2.0014725000000007 1.0778050000000003 11.981050000000002 0.011673500000000002 -919727.72999999986 491933.43467450008 9.2950000000000017 2.7513000000000001 341973.23500000004 16.080000000000002 1.1023450000000004 390239.86000000004 -0.00018700999999999996 5.4150000000000009 78.145000000000024 36.375000000000007 -3540148.2699999996 0.021570500000000003 45.225000000000001 0.00045650000000000004 69313.307484000004 -5.5077999999999987 55.655000000000008 98.675000000000026 591752.36729650002 -0.62709999999999988 1.0916150000000002 24.617400000000004 1.1859650000000002 0.11800900000000002 379941.38868250005 -0.26213549999999991 0.013242500000000003 1.0934050000000002 553606.51904650021 1415462.4509400001 0.00072850000000000009 405.63000000000005 49.715000000000011 5.2150000000000007 0.82895000000000008 38.310000000000009 1.7432070000000002
decision_type=2 2 2 2 2 2 2 2 2 2 2 2 2 2 2 2 2 2 2 2 2 2 2 2 2 2 2 2 2 2 2 2 2 2 2 2 2 2 2 2 2 2 2 2 2 2 2 2 2 2 2 2 2 2 2 2 2 2 2 2 2 2
left_child=1 5 3 6 8 22 -2 -4 -3 42 14 12 -12 -14 15 24 -9 18 26 20 -6 41 23 -1 47 -22 34 28 58 31 53 -17 -27 -33 -8 -31 37 -36 40 -35 -16 61 -10 51 45 -18 -42 -7 -49 -25 -39 52 -40 54 -13 -11 -57 60 -28 -60 -52 -21
right_child=2 4 7 -5 19 10 17 16 9 55 11 30 13 -15 38 29 44 -19 -20 21 25 -23 -24 49 -26 32 27 -29 -30 35 -32 33 -34 39 36 -37 -38 50 43 -41 46 -43 -44 -45 -46 -47 -48 48 -50 -51 57 -53 -54 -55 -56 56 -58 -59 59 -61 -62 -63
leaf_value=-0.006913171067510388 -0.026833502532044678 -0.025207402839448674 -0.023809636762724767 -0.03403109310970074 -0.019825036976052802 0.05491348069951861 -0.0016815735458697082 -0.025618186998095649 -0.012725646385959277 0.10649155652966937 0.010041706770288561 0.053993453104002352 -0.01164651743572573 0.07213200035228387 0.038896427518007905 0.0067925935701327669 -0.03514861778456816 -0.016386111584822428 -0.023590033631672294 0.036049112859492666 0.0047390774202216313 0.052878909232552597 -0.018916513547163019 0.013854351669667845 0.024390444517055104 0.0033571651908786619 -0.021320446842621157 0.10453006969502666 -0.02063093257299678 0.055282903006283669 0.0071648270582507188 0.055147374698199927 0.062394143714829889 0.062296408299495294 -0.013156432209774877 0.06152021112676137 0.091439958417270192 0.099407939122099886 0.046913406360908197 -0.028621182851505309 0.063050209622228098 -0.033944900655184351 0.048575179981806361 0.058720542617317906 0.076267303627574612 0.074987107502609382 0.029231459712021124 0.063525069609170162 0.025953445309316592 0.066013991498889438 0.01489381749399993 0.058353652025975027 0.003078945586258844 0.067030962543894193 -0.034160822316442248 0.00062118583122708934 0.065669913949675474 -0.00068550109760337073 -0.0032919953128966195 0.066512880628966944 0.087708078565048697 -0.020726223319352303
leaf_weight=66.78757381439209 320.30675382912159 352.36955790221691 46.488248780369759 7871.4783415645361 33.525622010231018 1024.2269252985716 39.95238371193409 16.914119362831116 197.65141420066357 19.8289475440979 234.87092110514641 67.004371836781502 25.756481349468231 96.712606862187386 164.69901441037655 45.951195895671844 19.952902570366859 118.79318664968014 68.960428357124329 65.079907640814781 47.009670913219452 74.763628870248795 69.699087873101234 46.763756275177002 207.89222563803196 32.160379812121391 20.994821265339851 12.371468871831892 100.90813598036766 3302.7336019724607 43.286049544811249 4825.5418088436127 358.61554278433323 16.300749376416206 35.316370904445648 10098.8020516783 43.161046177148819 29.505334809422493 85.36829799413681 26.505738586187363 15637.440572664142 50.853138044476509 24.778901234269142 4870.0878383815289 194.00587721168995 26.469095632433891 76.805147975683212 103.05314204096794 256.94022382795811 87.590473845601082 25.252227395772934 139.78786768019199 81.555560097098351 382.1290834993124 20.409584954380989 35.638083696365356 39.794375047087669 30.808715745806694 21.208745077252388 48.371341824531555 35.741532817482948 33.588796988129616
leaf_count=347 2356 2485 305 62705 196 2718 235 112 1246 37 1013 224 122 228 510 188 123 767 464 248 230 234 421 224 766 158 135 17 610 8321 188 12157 1042 35 203 23330 98 47 250 127 35167 310 108 11857 403 59 241 249 889 248 125 345 341 938 132 201 121 172 122 142 80 183
internal_value=0.0427642 0.0575749 -0.0277724 -0.0303805 0.0152417 0.0589469 -0.000149519 0.0477194 -0.00770936 0.0116228 0.0592161 0.0437393 0.0254092 0.0543179 0.059543 0.0575455 0.0607993 0.0133619 0.0203334 0.0373726 0.0468384 0.0172287 0.0171937 0.0298865 0.0469447 0.0520454 0.0272669 0.00965095 0.00285386 0.0584627 0.0563791 0.0542816 0.057633 0.0547222 0.0420193 0.0599895 0.0508727 0.038994 0.0614274 0.00594724 0.0626442 -0.000630624 -0.00557558 0.0576779 0.0670839 0.0272735 0.0628887 0.0502903 0.0369381 0.0483173 0.0544053 0.0408873 0.0258213 0.0608274 0.0329181 0.0517324 0.0357403 0.0387028 0.0292851 0.0450654 0.0587724 0.0164066
internal_weight=52597.3 43470.4 9126.96 8823.13 1365.66 42104.7 951.652 303.83 670.061 317.692 41833.9 870.169 357.34 122.469 40963.7 19907.9 257.342 631.346 512.553 695.597 471.311 224.285 270.841 201.142 1592.11 437.786 443.592 203.855 191.483 18315.8 512.829 4914.3 390.776 4868.35 239.738 13401.5 199.785 156.624 21055.7 42.8065 15878.9 149.522 222.43 5176.8 240.428 46.422 15714.2 1384.22 359.993 134.354 121.308 306.712 166.924 469.543 87.414 95.2614 75.4325 91.8025 90.5749 69.5801 60.9938 98.6687
internal_count=177655 108375 69280 68278 6799 101576 5573 1002 4198 1713 100336 2845 1363 350 97491 48780 697 3217 2450 2601 1626 975 1240 819 4622 1430 1986 1026 1009 44158 1482 12507 1200 12319 960 31651 725 627 48711 162 35918 741 1354 12793 585 182 35408 3856 1138 472 424 936 591 1294 356 359 322 377 399 264 205 431
is_linear=0
shrinkage=0.03


Tree=8
num_leaves=63
num_cat=0
split_feature=13 31 31 19 48 21 32 82 32 13 48 31 68 68 44 74 21 16 21 31 19 91 48 83 21 48 10 74 43 70 21 75 86 85 19 46 12 91 14 86 45 16 85 13 16 31 46 13 21 46 75 42 75 48 21 48 86 65 68 42 85 67
split_gain=54941.9 2521.6 1919.74 802.192 530.24 499.886 408.359 253.863 230.656 224.059 179.558 158.786 183.609 201.783 175.489 147.148 160.563 144.751 218.412 137.2 147.704 136.701 131.253 201.24 140.128 129.824 128.339 129.382 138.664 127.287 123.783 122.327 120.912 120.26 119.237 117.148 131.87 116.53 111.342 125.38 110.378 109.566 108.81 104.426 102.917 102.107 127.398 99.6603 116.92 103.618 95.4601 93.6133 98.1495 92.6726 89.8487 86.5978 83.8426 93.5357 85.8035 83.9271 81.0852 145.775
threshold=0.0016025000000000002 0.0014325000000000002 0.0046085000000000006 -603087.27499999979 116512.23500000002 371271.23846150009 0.24492100000000003 0.040130000000000006 1.1323025000000002 0.0019785000000000007 -2672629.5999999996 0.0066185000000000003 1.0925350000000003 1.0878350000000003 0.0025362350000000004 0.0089235000000000026 379941.38868250005 6.5000000000000013e-06 329356.29381000006 0.0031685000000000003 406720.06000000006 3.3950000000000005e-06 2274973.1600000006 2.9866645000000003 700519.88291500008 -492738.04499999993 1.1186650000000002 -0.00043449999999999994 -0.18100949999999996 42.525000000000013 210249.64029300003 0.09395000000000002 25.785000000000004 34.080000000000005 -5684522.8299999991 -0.83304999999999985 51.32500000000001 -0.00033975999999999993 0.27239450000000004 1.0000000180025095e-35 0.011891000000000001 -0.00079449999999999996 51.525000000000013 0.0009515000000000002 -0.00033049999999999996 0.0063605000000000007 0.56995000000000007 0.00045650000000000004 1181840.8797405001 0.066650000000000015 -6.7625499999999992 0.00078750000000000011 0.59425000000000006 350189.1750000001 47785.150657000006 -711570.97499999986 36.115000000000002 1.1125950000000002 1.1050200000000003 0.00074150000000000008 10.195000000000002 1.0706250000000002
decision_type=2 2 2 2 2 2 2 2 2 2 2 2 2 2 2 2 2 2 2 2 2 2 2 2 2 2 2 2 2 2 2 2 2 2 2 2 2 2 2 2 2 2 2 2 2 2 2 2 2 2 2 2 2 2 2 2 2 2 2 2 2 2
left_child=1 6 3 9 19 25 26 30 17 15 37 12 13 45 -14 16 -2 18 41 20 40 33 23 42 -25 -3 27 43 -29 38 -6 -9 -18 -12 -23 -15 -37 -10 -20 -40 -5 -8 -7 55 -41 -4 -47 50 49 -49 -19 52 -50 60 -43 -1 57 58 59 -27 -26 -62
right_child=2 5 11 4 7 22 8 31 10 -11 21 -13 14 35 -16 -17 32 47 29 -21 -22 34 -24 24 53 56 -28 28 -30 -31 -32 -33 -34 -35 -36 36 -38 -39 39 44 -42 54 -44 -45 -46 46 -48 48 51 -51 -52 -53 -54 -55 -56 -57 -58 -59 -60 -61 61 -63
leaf_value=-0.017668489135476969 -0.024402678742132939 -0.029059212954431212 -0.032865141870494829 -0.034657939524098541 0 -0.011228287139212159 -0.028485404664278395 -0.031803240191723092 0.019754330875900443 -0.027818404296452551 0.051082128188921196 -0.034359811309792307 -0.034368377180909855 -0.013309175605087291 0.11194386899359145 -0.021112968579699413 0.0091460862020907013 0.03423017765056012 0.050330931286746615 -0.026151104891765038 0.055315818851413776 0.075730267689318065 0.072682927787263707 0.011342634378802625 0.018706066101311571 0.093329478555400025 -0.024793600406170423 -0.010654777796171033 0.075174751505953041 0.055990893924999861 0.059918890014817899 0.080422325904503725 0.063319301392936525 0.0017718404753942246 -0.0017943567155010707 0.079462991136027894 -0.00072633810520259228 0.07021076035704904 0.092464727695367052 -0.0090982479205191265 0.062023634852044235 0.0039731301624053531 0.037013944397392917 -0.015551760309951892 0.037801527430182016 -0.030823341466642298 0.098085665622047555 0.057721511821397689 0.055438291937840299 0.041293888757099863 0.059270822986757017 0.058257555606414962 0.014596863444393073 -0.013294731152626428 0.044825455635016984 0.063927793038710434 -0.029136094126836869 -0.016981769455478076 0.082663411744728174 0 -0.017057440329274642 0.062349152583645387
leaf_weight=15.584868788719175 54.486045002937317 237.21114648878574 129.45189852267504 47.83025686442852 33.129102863371372 186.08839228749275 18.341877967119217 48.380656160414219 55.96737813949585 542.68752998113632 209.01329961419106 6814.9110105708241 398.25253662467003 36.208530060946941 6.4732706248760215 134.03623639047146 80.258723020553589 148.60331062972546 2250.9432289451361 148.40038557350636 50.287200413644314 18.972135841846466 49.977101936936378 187.63737767934799 72.64022396504879 9.4107197076082212 49.313152879476547 21.145701348781586 70.407373487949371 16794.825465515256 364.2487081438303 9.5547074154019338 71.11021326482296 58.195929914712906 162.41888147592545 50.291493929922581 27.655421935021877 191.1992279291153 21.574733659625053 75.541338935494423 12.47402638196945 52.344232395291328 53.274607747793198 71.104803308844566 91.017226621508598 13.167950466275217 12.246349371969698 561.73160302639008 121.76917724311352 1031.8309459090233 16099.049860388041 3624.5556555837393 99.062336415052414 22.805968806147575 1225.0542488694191 37.418506950139999 46.883554503321648 45.413446143269539 24.109280049800873 51.990494474768639 21.73623289167881 238.86368910968304
leaf_count=85 404 1739 997 351 185 1029 101 352 205 4107 610 55810 3159 224 20 945 393 464 5752 1076 179 34 113 980 302 17 312 110 162 39017 1001 30 210 250 728 114 171 420 28 338 32 221 204 417 270 102 35 1329 289 2886 35338 8370 344 114 3481 100 324 303 72 300 121 647
internal_value=0.0406027 0.05435 -0.0266117 0.00323254 0.0268635 0.0122685 0.0555654 0.0463327 0.0557951 -0.0158677 0.0384087 -0.0329793 -0.0189405 0.000166655 -0.0316841 0.00315099 0.0191204 0.05608 0.0542279 -0.007295 0.0177464 0.0268729 0.0256726 0.0225451 0.032621 -0.0145612 0.0181832 0.0282178 0.0551259 0.0550398 0.0548823 -0.0117354 0.0350411 0.0405013 0.00652041 0.0303915 0.0509831 0.0590321 0.0484582 0.0257457 -0.0134843 0.0421206 -0.000256965 0.0078462 0.0164241 -0.0219724 0.0315198 0.0578293 0.0541796 0.047136 0.0590458 0.0570776 0.037401 0.0436876 0.0431793 0.0394972 0.00466707 0.0171284 0.0355775 0.01558 0.0477052 0.0555714
internal_weight=53510.6 44425 9085.54 1596.88 714.305 1248.04 43177 455.313 42912 882.579 695.767 7488.66 673.747 269.022 404.726 339.891 205.855 42216.2 20529.6 258.992 110.591 448.6 833.024 783.046 543.683 415.019 264.974 215.661 91.5531 19233.9 397.378 57.9354 151.369 267.209 181.391 114.155 77.9469 247.167 2439.08 188.133 60.3043 1295.74 239.363 124.108 166.559 154.866 25.4143 21686.6 5438.95 1593.56 16247.7 3845.39 220.832 356.046 1277.4 53.0034 177.807 130.924 85.5105 61.4012 333.24 260.6
internal_count=177823 107926 69897 9265 3206 6265 101661 1568 100475 6059 2247 60632 4822 1643 3179 1952 1007 98228 49208 1638 562 1622 3510 3397 2164 2755 1186 874 272 45405 1186 382 603 860 762 509 285 625 6388 636 383 3803 1233 602 608 1134 137 49020 13218 4215 35802 9003 633 1184 3702 185 1016 692 389 317 1070 768
is_linear=0
shrinkage=0.03


Tree=9
num_leaves=63
num_cat=0
split_feature=31 32 77 31 31 21 48 60 49 32 63 75 21 1 63 87 90 62 33 35 72 31 48 9 19 79 19 89 79 71 64 67 65 16 21 71 60 34 10 35 86 31 76 42 19 41 12 87 79 62 76 86 44 48 84 10 63 10 46 10 73 60
split_gain=50266.7 2742.41 1845.22 973.756 812.296 512.787 298.14 271.312 269.093 185.225 179.947 166.409 166.032 195.976 148.788 134.292 123.304 120.933 115.802 115.347 110.052 117.531 109.523 108.282 165.515 124.546 116.166 105.415 119.271 99.9275 118.402 129.864 99.0613 98.8344 144.431 98.6523 122.161 95.0582 94.9599 194.816 94.4992 91.4211 89.8931 87.8115 92.5493 83.1471 82.6756 102.45 82.5788 82.3949 100.483 80.6349 89.3189 88.5728 131.254 117.514 135.398 78.4915 133.92 177.904 84.889 76.902
threshold=0.0025405000000000007 0.19020450000000003 698234.71000000008 0.0010525000000000003 0.0046085000000000006 553606.51904650021 -919727.72999999986 0.0074815000000000012 0.51675000000000015 0.10271350000000001 1.1988050000000003 -0.24189999999999998 792628.60663000017 1.0629550000000003 1.1269200000000004 800.80650000000014 2.4267255000000003 0.00040989500000000002 -1.8334999999999996e-05 1.1576250000000001 -0.21073199999999997 0.00054350000000000004 -3290639.9849999999 1.1860950000000001 -5558317.459999999 742206.88246450003 -2655790.9749999996 0.029826500000000002 754515.77865450014 0.0019965000000000004 1.0833250000000001 1.1061150000000002 1.0212250000000003 7.3500000000000011e-05 329356.29381000006 0.025891500000000001 0.051371000000000007 1.1809150000000002 1.0990750000000002 1.1128050000000003 44.655000000000008 0.00033650000000000005 65.405000000000015 0.04804350000000001 -511379.47999999992 48.095000000000006 43.905000000000008 1542.4810000000002 1726243.8648835004 0.00016965500000000003 66.585000000000022 66.720000000000013 0.00023840500000000002 -2317469.8649999998 46.735000000000007 1.1227550000000002 1.1108050000000003 1.1812750000000003 0.026550000000000001 1.0659950000000002 0.00088817000000000008 0.00023650000000000003
decision_type=2 2 2 2 2 2 2 2 2 2 2 2 2 2 2 2 2 2 2 2 2 2 2 2 2 2 2 2 2 2 2 2 2 2 2 2 2 2 2 2 2 2 2 2 2 2 2 2 2 2 2 2 2 2 2 2 2 2 2 2 2 2
left_child=1 9 4 11 6 19 10 38 17 -1 22 12 13 45 29 -16 -9 -8 35 -5 21 -15 -2 24 -7 26 -26 28 -11 -10 -31 -32 -14 34 48 -13 -37 -12 -4 -40 46 -35 -19 44 -42 -3 61 -48 -20 -30 -51 53 -53 54 -27 56 -55 58 60 -60 -43 -34
right_child=2 3 7 5 -6 23 8 16 14 27 37 18 32 20 15 -17 -18 42 33 -21 -22 -23 -24 -25 25 51 -28 -29 49 30 31 -33 40 41 -36 36 -38 -39 39 -41 43 57 -44 -45 -46 -47 47 -49 -50 50 -52 52 -54 55 -56 -57 -58 -59 59 -61 -62 -63
leaf_value=-0.034450351727209436 0.041191817059614812 -0.020832487924316384 0.075818215613693715 -0.0020531314016024155 -0.033662534554274898 -0.031053052381783807 -0.016259666223559198 -0.011264265637634044 -0.024723278785154151 0.046679416228525408 -0.0021854016556212847 0.046281103760950286 0.0028974836676098023 0.035288063804501751 -0.034686758359007856 0.070963733719872218 0.094677109761140896 0.00049368056784311815 0.045114227092480461 0.054089787324242605 0.05521064105951911 -0.024974692531451338 -0.031620464002166448 0.076559927043625561 0.050292911003901736 0.049226696406708591 -0.0166944938200504 -0.032419568536096947 -0.020117890285710857 0.096062063028953329 0.0053990020005057586 0.061849152463558765 -0.0019332393258852019 0.056739919847998616 0.053472620672354698 -0.014101422043416422 0.055785818656711984 0.087014397429278731 -0.019630757701764538 0.09209196257978032 0.046463942709955602 0.063541435790597081 0.086366446693024693 0 0.0071826212632516402 0.02512001738047261 0.056715357292342707 0.0011602822344572445 -0.0034864636164346811 -0.031152203782362709 0.070213870674639967 -0.035580777222660828 0.064692681150721881 0.04953951380849235 0.0040038744269717645 0.076163238836702049 -0.00049991916311806315 0.056450456993679871 0.066038262596209291 0.026031124267537949 0.026168035296783822 0.047150679992170888
leaf_weight=269.12967879325151 18.212133705615997 69.042774513363838 157.01352909207344 425.49293894320726 7213.5232889652252 29.580181568861008 306.17218814790249 79.865506209433079 16.967791177332401 61.511163629591465 24.217022679746151 800.40313421189785 40.971591204404831 248.8900111168623 46.841538019478321 12.916713789105414 10.254637882113455 28.312457367777824 1702.8718659132719 34.642835468053818 289.08972201496363 31.653966523706913 447.55770928412676 70.159374758601189 35.295105159282684 129.05459955334663 63.400544494390488 60.385478638112545 86.230311542749405 38.365470379590988 69.192773595452309 80.728775151073933 28.178727090358734 14664.308521106839 19413.823121041059 56.606227800250053 35.612646847963333 17.415589220821857 31.541282497346401 23.494490101933479 689.78271879255772 333.74519625306129 17.696514368057251 43.225147247314453 60.981493934988976 70.475205630064011 2390.8275575712323 31.412539556622505 30.7503951638937 12.703053668141363 22.940949976444244 22.88909587264061 10.994611263275145 416.87386012077332 107.03662799298763 136.13405698537827 53.717979967594147 829.90609538555145 128.09100069105625 486.60912230610847 71.322605043649673 1153.9892974346876
leaf_count=2162 75 356 259 2514 60247 181 2078 476 120 226 135 2137 176 748 340 40 16 164 4496 121 678 167 3321 141 98 382 325 453 571 73 373 266 110 31171 43733 245 83 35 181 27 1748 677 44 169 225 254 5397 123 135 94 68 135 31 1203 487 284 249 1835 256 1491 218 2920
internal_value=0.0390371 0.0515705 -0.0273221 0.0523527 -0.0299648 0.028797 -0.00621089 0.0453605 0.00775477 -0.0173359 -0.0232393 0.0531789 0.0480109 0.0342954 0.0305596 -0.0105646 0.00136815 -0.00935864 0.053867 0.00221685 0.0420912 0.0283175 -0.028627 0.0401323 0.0374858 0.0396247 0.00722451 0.00149981 0.0129468 0.0426712 0.0490015 0.0362031 0.0501869 0.0541254 0.0527188 0.0428816 0.0128744 0.0355904 0.063822 0.02832 0.0506198 0.0559216 0.0352959 0.0409359 0.043327 0.00217974 0.0527327 0.0560081 0.0442334 -0.00407557 0.0334054 0.0432256 -0.00126217 0.0450491 0.0289539 0.0512048 0.043775 0.0493905 0.0435659 0.0345102 0.0571154 0.0459547
internal_weight=54391 45750.7 8640.29 45237.8 8338.12 1535.27 1124.6 302.169 617.194 512.901 507.402 43702.6 5148.52 709.152 265.013 59.7583 90.1201 352.181 38554 460.136 569.634 280.544 465.77 1075.14 1004.98 975.396 98.6956 243.771 183.385 205.255 188.287 149.922 4439.37 37661.4 21147.4 892.622 92.2189 41.6326 212.049 55.0358 4398.4 16514 46.009 793.989 750.764 139.518 3604.41 2422.24 1733.62 121.874 35.644 876.701 33.8837 842.817 236.091 606.726 470.592 1849.67 1019.77 614.7 405.068 1182.17
internal_count=177543 109273 68270 105699 67311 6151 7064 959 3498 3574 3566 99548 13071 2203 1212 380 492 2286 86477 2635 1593 915 3396 3516 3375 3194 423 1412 959 832 712 639 10868 84012 48364 2465 328 170 467 208 10692 35648 208 2142 1973 610 8550 5520 4631 733 162 2771 166 2605 869 1736 1452 4477 2642 1747 895 3030
is_linear=0
shrinkage=0.03


Tree=10
num_leaves=63
num_cat=0
split_feature=13 31 77 13 4 4 32 50 32 31 90 31 89 48 62 64 77 85 15 10 71 1 79 39 48 42 39 79 86 42 77 49 84 75 33 84 39 15 13 90 43 32 67 33 75 12 74 76 46 15 4 10 38 87 85 77 47 68 74 15 37 34
split_gain=46663.4 1951.55 1802 1158.21 415.874 349.634 297.947 230.053 226.076 200.266 203.093 149.529 185.398 131.549 130.46 150.589 129.885 133.322 135.624 124.796 120.875 156.443 117.083 116.562 114.888 119.07 110.758 109.239 106.69 105.826 126.669 97.6279 96.1419 97.0726 96.021 92.742 92.4695 92.4417 115.69 90.3265 113.004 107.308 99.1711 103.453 90.3707 89.889 129.143 105.839 119.821 104.358 89.6691 95.6612 117.018 87.287 86.5948 84.5268 83.4351 82.6557 82.5743 82.0261 81.7418 111.988
threshold=0.0016025000000000002 0.0014325000000000002 698234.71000000008 0.0024415000000000005 395.59500000000008 599.00500000000011 0.24492100000000003 555192.89230900013 0.78558600000000012 0.0025405000000000007 1.5509400000000002 0.0046085000000000006 0.029471500000000005 -1056580.2449999999 8.4550000000000012e-06 1.1593150000000001 -1761429.8799999997 22.735000000000003 -0.00013120499999999999 1.1186650000000002 0.0019965000000000004 1.1846950000000003 557007.75593500014 1.0521650000000002 -542900.0199999999 0.00074150000000000008 1.0831150000000003 1244403.9353610002 1.0000000180025095e-35 0.0031825000000000004 1064801.1600000001 0.78870000000000007 35.195000000000007 -0.074849999999999986 -1.4854999999999998e-05 61.455000000000005 1.1493050000000002 -1.2794999999999997e-05 0.00070950000000000017 2.3659570000000003 -0.30279549999999994 1.2802475000000004 1.1938400000000002 4.7500000000000006e-07 7.2074500000000006 49.925000000000004 -0.016768999999999996 13.360000000000001 0.026550000000000001 8.8195000000000019e-05 139.85500000000005 1.0675150000000002 1.1552350000000002 461.93100000000004 19.175000000000004 -159347.55999999997 2.6350000000000002 0.99414000000000013 -0.063500999999999988 0.00022277500000000003 1.0887550000000001 1.0491550000000003
decision_type=2 2 2 2 2 2 2 2 2 2 2 2 2 2 2 2 2 2 2 2 2 2 2 2 2 2 2 2 2 2 2 2 2 2 2 2 2 2 2 2 2 2 2 2 2 2 2 2 2 2 2 2 2 2 2 2 2 2 2 2 2 2
left_child=1 6 3 5 24 -2 19 -4 16 10 56 12 20 -11 -12 59 17 18 36 22 21 -7 -1 54 -3 -26 -22 -24 -25 -9 -31 -28 -17 -34 -18 37 -8 38 -29 41 -41 44 43 -43 60 46 -36 55 -49 -47 51 -19 -53 -51 -20 -48 -6 -52 -59 -16 61 -10
right_child=2 4 7 -5 9 11 8 29 39 13 14 -13 -14 -15 15 32 34 50 23 -21 26 -23 27 28 25 -27 31 35 -30 30 -32 -33 33 -35 45 -37 -38 -39 -40 40 -42 42 -44 -45 -46 49 47 48 -50 53 57 52 -54 -55 -56 -57 -58 58 -60 -61 -62 -63
leaf_value=0.057373329699200289 -0.023945462314612326 -0.028642262953870123 -0.015400031085993578 -0.03381932497993919 0.065475807860085222 -0.033023506241126176 -0.0051317798812214781 0.073034904280522894 0.046416551607206966 -0.022292853878257472 0.05695756876986055 -0.021903822186094584 -0.018037935952135157 0.021170156784914594 0.0037595059317831569 0.10782480777242365 0.040118200108491868 -0.0065388446748628594 0.058370560129017063 -0.024446571806942638 0.047816249320910317 0.10170140499861352 -0.023181016920386391 0.012891437518392317 0.065270739500518579 -0.0057522044515957845 -0.001940428800803925 0.083607652479794028 0.044503346333016613 0.01285367949872826 0.068256436220169733 0.031135109072003477 -0.019243767920561421 0.078533698410954797 0.0013406264594661374 -0.022941696681858473 0.038285231572345937 0.089506065523981673 -0.014373714503145493 0.012119372777667111 0.057739981578831978 0.026553691820063348 0.064116465370583062 -0.013589749091350637 0.027826057521910575 0.054546275989988166 0 0.053841452742746203 0.048060181895929081 0.046364359331421093 0.0053612248832646371 0.060284960927406907 0.020890264572133839 0.013781273647995231 0.021310391427462515 0.040451036449994641 -0.0083733311919498444 0.038435107028960976 0.053026621891275619 0.051802484276427432 0.050056788806992741 0.0086407119473024853
leaf_weight=78.913825139403343 430.35189651697874 209.49296142160892 52.626934677362442 7163.8111667111516 14.503215000033377 58.120548374950886 79.290801867842674 125.39395014941692 180.33779099583626 117.1262673959136 245.0805381834507 114.22415279597044 123.28558883070946 132.41202738881111 164.69142255187035 27.843664586544037 637.68647852540016 41.55522333085537 848.85463343560696 48.247888281941414 163.03814435005188 7.8787410408258429 50.751858815550804 101.79765769839287 23.819205552339554 144.12369341403246 136.1184201464057 15.382659301161764 4803.0883737951517 95.764995768666267 62.175195023417473 188.99761848151684 16.794278040528297 17.392009049654007 49.253628328442574 21.053523853421211 95.092201411724091 27.53852204978466 30.386516943573952 57.288598567247391 457.85832679271698 230.85799826681614 45.448953241109848 75.162624537944794 349.51873283088207 13991.391176596284 54.107949122786522 7183.1147932708263 6440.8947971612215 619.20626318454742 35.806858122348785 144.81778809428215 135.71899889409542 88.317310720682144 65.228945761919022 343.47037872672081 122.05936875939369 399.41408734023571 6311.0491501241922 39.283478304743767 922.19496655464172 120.18138779699802
leaf_count=218 3300 1577 330 61507 31 403 321 193 439 763 691 834 826 603 753 41 1700 184 1793 309 543 15 302 329 64 892 772 20 11587 423 95 739 92 31 180 118 244 47 166 202 1011 798 94 368 1013 28806 197 15283 14792 1469 121 317 436 285 198 869 615 1063 13782 115 2195 427
internal_value=0.0371846 0.0491389 -0.0264822 -0.0292149 0.0124878 -0.00219196 0.0501719 0.0415217 0.0503621 0.023607 0.0323944 0.0096108 0.0149932 0.000642544 0.0410632 0.0261483 0.0508774 0.0483269 0.0449586 0.0186198 0.0224151 -0.0152149 0.0280956 0.0457444 -0.0138565 0.00447007 0.0275848 0.0116851 0.0438561 0.052217 0.0351447 0.0172317 0.0668258 0.0304654 0.0520076 0.0307987 0.018456 0.0467374 0.0189992 0.0413594 0.052758 0.0382655 0.0229801 0.0165841 0.0416467 0.0522687 0.0504909 0.0506613 0.0511142 0.0539649 0.0511719 0.0351864 0.0414749 0.0423647 0.0557849 0.0349756 0 0.0519253 0.0521684 0.013366 0.0455469 0.0314878
internal_weight=55176.7 46454.9 8721.79 8385.83 1274.62 1222.02 45180.3 335.961 44908 897.186 647.648 791.663 677.439 249.538 511.085 266.005 42469.2 13061.7 5993.35 272.275 554.153 65.9993 224.027 5818.97 377.436 167.943 488.154 145.113 4904.89 283.334 157.94 325.116 62.03 34.1863 29407.4 94.3612 174.383 73.3077 45.7692 2438.85 515.147 1923.7 351.47 306.021 1572.23 28769.8 14070.8 14021.6 13624 14698.9 7068.36 322.092 280.537 707.524 914.084 397.578 136.563 6746.27 6710.46 203.975 1222.71 300.519
internal_count=177931 107951 69980 68939 6268 7432 101683 1041 100503 3735 2369 4132 3298 1366 1723 1032 93956 30375 14472 1180 2472 418 871 13907 2533 956 2054 653 11916 711 518 1511 164 123 63581 351 565 233 186 6547 1213 5334 1260 1166 4074 61881 31321 31141 30075 30560 15903 937 753 1754 1991 1066 646 14966 14845 868 3061 866
is_linear=0
shrinkage=0.03


Tree=11
num_leaves=63
num_cat=0
split_feature=13 31 77 13 21 32 21 60 48 31 48 62 74 48 21 12 75 67 50 65 31 71 48 79 6 64 21 31 84 31 33 62 12 12 75 65 73 38 88 19 50 30 37 86 36 78 65 10 38 33 19 72 65 10 10 77 38 12 56 74 6 88
split_gain=42903.2 2201.68 1667.21 727.764 553.374 361.633 302.608 236.69 153.042 140.103 177.604 155.435 137.172 134.667 132.079 153.152 130.048 121.549 118.475 117.387 110.318 108.41 114.6 108.224 195 162.324 132.002 215.641 105.714 105.227 107.732 97.9233 93.7341 92.2819 103.351 91.905 91.613 91.0805 89.1237 88.1027 88.0446 83.5092 83.3403 83.5218 81.8439 80.6507 80.5238 80.016 174.013 79.9921 79.5464 77.9212 77.515 74.8927 119.518 74.5027 93.338 73.5671 71.99 69.6217 128.469 82.1441
threshold=0.0017815000000000003 0.0014325000000000002 698234.71000000008 0.0024415000000000005 371271.23846150009 0.24492100000000003 379941.38868250005 0.0074815000000000012 116512.23500000002 0.0025405000000000007 -919727.72999999986 7.915000000000003e-06 -0.0093444999999999986 -492738.04499999993 164630.61643400005 48.585000000000008 1.1996000000000002 1.1142700000000001 4586731.8330740007 1.1851400000000003 0.0019015000000000002 0.012462000000000003 -919727.72999999986 424025.94616850006 1.1134650000000001 1.0416050000000003 591752.36729650002 0.00056750000000000019 33.82500000000001 0.00013750000000000001 3.2850000000000003e-06 0.00079383500000000011 56.665000000000006 45.355000000000011 -3.4612999999999996 1.1342700000000001 0.0010336050000000002 1.0842050000000001 -0.00068747499999999989 -37538832.359999992 7779054.2748160008 -6.6424999999999988e-05 1.1005950000000002 7.5650000000000004 1.0826850000000003 4.3445500000000008 1.0502750000000003 1.0990750000000002 1.1059350000000003 -6.9834999999999984e-05 -4391144.1399999997 0.071701500000000015 1.0729850000000003 1.0918950000000003 1.0853650000000001 -532265.51499999978 1.1161450000000002 60.735000000000007 3.8050000000000002 0.017904000000000003 1.2153650000000003 0.0005644300000000002
decision_type=2 2 2 2 2 2 2 2 2 2 2 2 2 2 2 2 2 2 2 2 2 2 2 2 2 2 2 2 2 2 2 2 2 2 2 2 2 2 2 2 2 2 2 2 2 2 2 2 2 2 2 2 2 2 2 2 2 2 2 2 2 2
left_child=1 5 3 6 13 21 -2 47 19 11 12 17 18 -3 15 -7 44 36 -11 37 -13 22 58 24 25 -16 27 46 -22 31 51 -27 -18 -10 -35 53 49 -8 -17 -28 -30 -26 -36 -44 -15 -9 -25 -4 -49 -6 -46 -31 -48 54 -12 -54 57 -57 -1 60 61 -41
right_child=2 4 7 -5 9 14 8 45 33 10 35 20 -14 16 23 38 32 -19 -20 -21 28 -23 -24 26 41 29 39 -29 40 30 -32 -33 -34 34 42 -37 -38 -39 -40 59 -42 -43 43 -45 50 -47 52 48 -50 -51 -52 -53 55 -55 -56 56 -58 -59 -60 -61 -62 -63
leaf_value=0.046420981313958776 -0.023797081275381798 -0.028432048926336564 0.066587041394559135 -0.033819563600024916 0.01320684568681699 0.01946015602682594 0.017163845604470505 -0.011855858430949259 -0.0052699311157434836 -0.019964478843092263 0.05530290919943457 -0.00018933128393209579 -0.028548777411396428 0.048291960008341406 0.074650406498483049 0.00052287872357109036 0.010388278770742677 -0.0004822707193796512 0.079852958649353281 0.044467335192282659 0.057417447272166473 -0.01719632912218922 0.03866747131072959 -0.011552365052545399 0.047165005933259473 0.052855817899351849 0.016710613925607951 0.0043808009060051041 0.0012058162935262736 -0.0091792713202123507 0.035178491882958081 -0.009312318789315311 0.083392876271214667 -0.025128487279686942 0.075463354054747342 -0.033106077866310334 -0.0056794434779044939 -0.023815645700989822 0.04727532798256423 0.047198406685669381 0.064929745843367498 0.051216350048180585 0.061287178718347213 -0.0018918075784227282 0.045972883964939516 0.064774317978767496 0.062659078938507043 -0.035588290509777694 0.070457912017846319 0.063089745863674135 -0.026524043153595658 0.037469391817292946 0.030817588897659086 0.061560130108886557 -0.020738071125087167 0.028008768973958684 0.057036831755632914 0.060118641175300143 -0.022705390547901654 0.045409751397629136 0.072576454039977617 0.054260767435636466
leaf_weight=16.649274051189423 402.18591418117285 272.51625088602304 168.30323350429535 6982.6930525153875 35.216509103775024 315.71394360810518 68.181689523160458 81.039978981018066 46.304387919604778 18.756928630173206 35.444986902177334 167.99927923083305 130.54421575367451 16.865627579391003 71.879584118723869 40.146987937390804 47.768512837588787 43.371652975678444 21.930101379752159 38.482014045119286 87.220467880368233 70.321621589362621 164.26456940919161 23.838872626423836 6988.2470096498728 163.20513454079628 89.01505146920681 156.2070886567235 100.97315357625484 147.39229872822762 147.3464168459177 25.238265916705132 23.855183906853199 17.025004036724567 65.872847452759743 16.867635488510132 21.513638734817505 161.0179548561573 691.1136621683836 7667.8121645152569 23.513935685157776 16552.576150968671 33.857419572770596 38.917230203747749 13.93794361501932 13.551516003906725 162.09856264293194 23.967804364860058 30.105546355247498 247.21349988877773 136.24967804551125 40.129099041223526 508.2433420419693 66.932752251625061 36.481716677546501 299.79769752919674 370.62557224929333 85.995225831866264 56.218967244029045 9011.5677666515112 215.42938032746315 2002.1309370696545
leaf_count=54 3113 2127 267 61497 146 1079 327 483 246 115 118 772 900 77 105 179 249 208 47 140 244 430 574 100 15252 358 288 677 477 579 390 97 66 116 137 113 107 1130 1565 17383 50 34157 84 207 60 38 314 153 45 612 966 108 1394 164 226 840 724 160 321 20432 332 4095
internal_value=0.0356383 0.0465302 -0.0278671 -0.0305925 0.0115048 0.0477189 -0.00470314 0.039458 0.0115998 0.0239309 0.00746988 0.0312721 -0.0134635 -0.0140536 0.0479371 0.037181 0.00228831 0.045817 0.0337419 -0.00318399 0.0178038 0.0150882 0.0248201 0.0481873 0.0495846 0.0323771 0.0465458 0.038118 0.032157 0.0263821 0.0160705 0.0443661 0.03593 0.0312598 0.0422812 0.0306178 0.0525021 -0.0114733 0.0447538 0.0472555 0.013903 0.050017 0.0508942 0.027527 -0.0120849 -9.39956e-07 0.0417248 0.0563017 0.0231159 0.0570442 -0.0193381 0.000790092 0.0426434 0.0387544 0.0165675 0.0400067 0.0460926 0.0353807 -0.00609034 0.0473969 0.0492005 0.0486692
internal_weight=55819.9 47648.4 8171.51 7854.54 1565.17 46083.2 871.844 316.968 469.659 1053.98 326.958 727.022 171.231 511.193 45775.8 1046.97 238.677 347.315 40.687 267.682 379.707 307.454 237.133 44728.8 24136 595.191 20592.8 1606.81 211.708 523.311 334.868 188.443 71.6237 201.977 155.673 155.727 303.944 229.2 731.261 18986 124.487 23540.8 138.647 72.7746 167.053 94.5915 1450.6 222.377 54.0734 282.43 150.188 187.521 1426.76 138.859 71.9267 1264.66 756.418 385.793 72.8682 18896.9 9885.37 9669.94
internal_count=177814 109831 67983 66997 7844 101987 5500 986 2387 4299 1683 2616 1062 3545 100608 2823 1418 1073 162 1597 1543 1379 949 97785 51046 1637 46739 4209 771 1532 1077 455 315 790 544 621 865 1457 1744 42530 527 49409 428 291 1103 521 3532 465 198 758 1026 687 3432 508 344 3118 1724 1000 375 42242 21810 21478
is_linear=0
shrinkage=0.03


Tree=12
num_leaves=63
num_cat=0
split_feature=13 31 77 13 21 21 60 13 21 12 90 35 19 91 19 79 88 31 60 61 79 77 45 47 21 88 12 35 34 74 82 65 42 10 71 85 35 77 18 37 60 6 15 79 6 64 90 6 34 75 85 87 46 91 63 33 77 82 21 68 13 46
split_gain=39431.5 1952.44 1511.27 673.611 527.791 232.684 213.68 202.411 325.559 149.511 121.703 121.052 133.513 129.186 116.973 170.713 140.641 119.948 112.925 103.39 130.751 98.9164 97.7606 172.256 94.2232 146.298 107.698 92.6711 92.3337 92.1709 91.6176 87.6655 109.115 86.428 102.949 89.0914 85.1475 84.9631 84.0103 83.9335 87.4111 81.8564 80.5299 80.2635 152.296 162.012 99.0547 95.3852 138.159 103.149 89.7573 88.7274 83.3904 123.046 81.1916 81.1825 80.1719 153.397 91.2418 127.907 86.6334 120.499
threshold=0.0017815000000000003 0.0014325000000000002 698234.71000000008 0.0024415000000000005 534522.31586600014 379941.38868250005 0.0074815000000000012 0.00078450000000000015 621377.82430800016 46.915000000000006 2.4267255000000003 1.1806550000000002 -5028171.5399999991 -7.1919999999999989e-05 -5564326.8549999995 3949380.5793510005 -0.019253794999999997 0.00042850000000000006 0.029984500000000001 1.3431545000000003 184000.64258100002 -369555.72499999992 0.00027550000000000008 65.975000000000009 140183.38908350005 -0.00057662499999999999 42.865000000000002 1.0833350000000002 1.1170950000000002 0.055057000000000002 0.00014500000000000003 1.0844750000000003 0.00074150000000000008 1.1859650000000002 0.0019965000000000004 4.7650000000000006 1.1058850000000002 -18231396.379999999 3.2450000000000006 1.0868150000000003 0.022132000000000002 1.1795050000000002 2.7355000000000002e-05 424025.94616850006 1.0951250000000001 1.0416050000000003 1.5127720000000002 1.0734650000000003 1.0644650000000002 0.59425000000000006 20.960000000000004 71.346500000000006 -0.063749999999999987 -0.0017888749999999999 0.99469000000000019 5.1050000000000011e-06 1753417.0500000003 0.052225000000000008 621377.82430800016 1.0831950000000001 0.00044150000000000005 0.12265000000000002
decision_type=2 2 2 2 2 2 2 2 2 2 2 2 2 2 2 2 2 2 2 2 2 2 2 2 2 2 2 2 2 2 2 2 2 2 2 2 2 2 2 2 2 2 2 2 2 2 2 2 2 2 2 2 2 2 2 2 2 2 2 2 2 2
left_child=1 7 3 5 18 -2 -4 24 9 -9 -8 12 -6 39 15 30 17 -16 19 20 -3 37 -22 -24 25 -1 -27 -21 -19 33 -10 -15 -33 34 -7 -36 -23 -11 -37 -14 41 42 -41 44 45 -26 -47 49 50 52 -49 -48 53 -45 -46 -53 58 -58 59 -50 -61 -62
right_child=2 4 6 -5 11 29 10 8 14 21 -12 -13 13 31 16 -17 -18 28 -20 27 22 36 23 -25 43 26 -28 -29 -30 -31 -32 32 -34 -35 35 38 -38 -39 -40 40 -42 -43 -44 47 54 46 51 48 56 -51 -52 55 -54 -55 -56 -57 57 -59 -60 60 61 -63
leaf_value=-0.011356862322399649 -0.022306584301000763 0.086014587230459724 0.052741891500735008 -0.033448101074919238 -0.020422763448965767 -0.031575961929758208 -0.015796482451314261 -0.017044857654132956 -0.0060281691232228745 0.081899412529979163 0.082128031283614358 0.058770293508686101 0.067478630026040612 0.053236723128534023 -0.0028983231907546759 -0.035143876888583392 0.048270306279949916 0.040685385074008457 0.037970684356488572 0.030324414847211798 -0.017403679857814328 0.069402484625902663 0.075447306980711865 -0.027857485658676448 0.070228469006443389 0.0018933560031159449 0.042515971858790809 -0.021860591295697378 -0.013425324336533718 -0.026925189766252695 0.041482229228658768 0.053596661038668794 0.0023074802728003268 0.077054671424259771 -0.027518244798986038 -0.033409028261285598 0.0040610672010417031 0.0023948702748569782 0.025774315562171388 0.0028481190686440866 0.060185398459168003 -0.015407048270061738 0.049502735303788528 -0.027459670274725807 0.017958887181334388 -0.020067286769415389 0.038450958142144644 0.036174864262754083 0.047093827368104295 -0.0033840563477689008 -0.0075961897198305916 -0.0097782292424017456 0.05497490377402179 0.044911980718671404 0.047818964991935553 0.040291631301437154 0.050274754314802828 0.0090080478467272889 0.043842164957214082 0.034387809691336882 0.025212036376165124 -0.020727846118227054
leaf_weight=54.251261174678802 390.70700047165155 16.594527319073677 221.53518467396498 6781.7380108982325 57.468146689236164 44.364614441990852 78.756070375442505 116.3367675319314 43.725651577115059 12.330631293356417 12.318384215235708 97.029888719320297 79.2869843095541 45.427674137055874 84.126998588442802 38.195605024695396 1589.332096144557 348.09533041715622 44.02409141510725 31.550442509353161 103.87566222250462 59.759836703538895 32.662867292761803 24.295750573277473 77.532155960798264 65.964221313595772 693.64690774679184 447.08854656666517 29.545579731464386 55.218028657138348 187.08309020102024 42.056296691298485 293.5298824980855 17.79925648868084 35.998484015464783 22.017602846026421 27.085145309567451 142.68958176672459 293.68999457359314 56.840865790843964 69.155635744333267 42.897295296192169 85.057081587612629 20.519064769148827 87.038069486618042 42.069639027118683 241.47649934887886 90.995245605707169 430.44145648181438 30.790174797177315 75.583969935774803 84.044618204236031 1645.7635323554277 877.63953463733196 24136.011361196637 42.988635495305061 2592.2395109832287 86.027114257216454 12234.26582056284 386.04261365532875 166.81126871705055 72.530105218291283
leaf_count=256 3060 46 464 61207 334 320 491 645 185 19 18 237 169 121 371 198 3548 855 183 148 707 131 98 177 111 258 1654 3234 122 419 481 105 1349 42 241 158 118 662 1248 253 166 228 239 89 253 169 611 222 935 108 274 331 3218 1967 49767 101 5207 268 27143 980 522 322
internal_value=0.0342764 0.0444337 -0.0276281 -0.0302762 0.0114783 -0.00521249 0.0368958 0.0455349 0.0374216 0.0106537 -0.00147764 0.0270935 0.023001 0.0265605 0.041535 0.0225737 0.043995 0.0291426 -0.00786709 -0.0110417 0.00836894 0.0241156 0 0.0311446 0.0460246 0.0356292 0.0390349 -0.0183021 0.0363484 0.00897866 0.032365 0.014447 0.00896441 0.0138946 0.0107937 0.0162977 0.0496436 0.00939551 0.0214597 0.0402362 0.0313818 0.0201753 0.0311747 0.0462179 0.047376 0.0304944 0.0227658 0.0446844 0.0438016 0.0501856 0.0162083 0.027778 0.0508468 0.0431965 0.0477137 0.00711368 0.0440865 0.0489643 0.0430977 0.0344092 0.0255694 0.0111373
internal_weight=56436 48481.8 7954.14 7641.53 1568.84 859.795 312.61 46913 2678.31 358.202 91.0745 868.75 771.72 714.252 2320.1 269.004 2051.1 461.768 700.092 656.068 177.429 241.865 160.834 56.9586 44234.7 813.862 759.611 478.639 377.641 469.088 230.809 381.014 335.586 413.87 396.071 351.706 86.845 155.02 315.708 333.238 253.951 184.795 141.898 43420.8 24711.2 488.112 410.579 18709.6 16134.9 2574.71 166.579 368.51 2543.92 898.159 24223 127.033 15968.4 2678.27 13290.1 1055.83 625.384 239.341
internal_count=177563 109895 67668 66695 7794 5488 973 102101 7335 1575 509 3201 2964 2630 5760 864 4896 1348 4593 4410 1028 930 982 275 94766 2168 1912 3382 977 2428 666 1575 1454 2009 1967 1647 249 681 1406 1055 886 720 492 92598 51343 1323 1212 41255 35873 5382 496 1043 5274 2056 50020 432 35377 5475 29902 2759 1824 844
is_linear=0
shrinkage=0.03


Tree=13
num_leaves=63
num_cat=0
split_feature=31 32 77 31 31 4 4 32 68 91 60 62 77 15 88 85 86 50 84 33 68 82 67 71 46 19 64 14 84 84 72 83 68 67 67 49 78 86 68 78 60 84 85 16 84 18 34 71 87 8 5 91 64 42 19 87 4 74 83 61 16 64
split_gain=36288.4 1888.35 1446.24 771.797 713.357 407.22 254.757 210.494 205.73 234.73 159.072 144.328 111.64 126.233 116.328 124.02 118.964 113.214 105.437 104.973 103.192 116.169 102.655 98.0995 100.466 91.4973 90.5479 87.9907 88.7787 95.6355 97.0519 87.4323 96.9347 91.8604 251.797 87.1595 84.8813 82.6323 91.0248 122.239 109.213 94.6769 83.1932 86.0694 82.5417 81.2901 96.0278 100.643 80.6957 80.5894 134.416 87.3241 195.831 132.448 109.843 103.376 112.323 99.3702 93.2366 150.112 145.002 108.63
threshold=0.0025405000000000007 0.14085650000000002 698234.71000000008 0.0046085000000000006 0.00085050000000000002 425.99500000000006 530.65500000000009 0.24492100000000003 1.0823650000000002 -2.0549999999999995e-05 0.0074815000000000012 -1.6914999999999996e-05 -1761429.8799999997 9.3155000000000012e-05 -0.00042259499999999995 34.385000000000012 60.295000000000009 13448.123093000002 12.720000000000002 -9.1849999999999993e-06 1.0559050000000003 0.063230000000000022 1.1938400000000002 0.0072225000000000006 0.054250000000000007 -3693081.9949999996 1.0791550000000003 0.62077850000000012 70.27500000000002 72.070000000000007 0.05113850000000001 6.4409490000000007 1.1376600000000001 1.1061150000000002 1.0856350000000001 0.60465000000000013 2.9677500000000001 34.140000000000008 1.1235650000000001 3.9176500000000005 0.013866500000000002 49.025000000000013 35.730000000000011 0.00026250000000000009 25.815000000000001 74.615000000000023 1.1335750000000002 0.071028000000000022 50.182500000000012 1.1862350000000002 1.1844250000000003 -7.6634999999999987e-05 1.0912350000000002 0.00074150000000000008 -4891955.2799999993 23.103000000000005 1778.4550000000002 0.017442500000000003 4.613750500000001 1.8706240000000003 0.0005055000000000002 1.0606950000000002
decision_type=2 2 2 2 2 2 2 2 2 2 2 2 2 2 2 2 2 2 2 2 2 2 2 2 2 2 2 2 2 2 2 2 2 2 2 2 2 2 2 2 2 2 2 2 2 2 2 2 2 2 2 2 2 2 2 2 2 2 2 2 2 2
left_child=1 -1 3 6 7 22 -2 20 -8 11 -4 -10 17 14 15 16 -14 -9 -13 -17 -3 -22 23 -6 -25 -11 -15 28 37 30 -30 32 33 34 -20 48 -12 38 -19 40 -40 -42 43 -43 -21 46 47 -16 -29 50 51 58 54 57 -53 -55 -57 -54 -7 60 -60 -61
right_child=2 4 10 -5 5 49 8 12 9 25 36 18 13 26 45 19 -18 27 31 44 21 -23 -24 24 -26 -27 -28 35 29 -31 -32 -33 -34 -35 -36 -37 -38 -39 39 -41 41 42 -44 -45 -46 -47 -48 -49 -50 -51 -52 52 53 55 -56 56 -58 -59 59 61 -62 -63
leaf_value=-0.026871398265682512 -0.024096105070685252 -0.034818532267493194 0.05093217157276974 -0.033014441861107087 -0.018685620206143033 0.048398057565248308 -0.032629206463146404 0.017392086069227888 -0.021603627069306033 0.029991748115717507 -0.027925119877701521 -0.032300968934016822 0.042800101129923197 0.050112995756375289 0.04289529550569296 -0.030992577920198407 -0.017988479663104223 0.047468032449349495 0.080731918946278514 0.052469048696858457 0.032923675344677522 -0.019751917222454549 0.060507051035194354 0.037084558218416427 -0.010991375598090316 -0.014184484065541354 0.026284699982091837 0.02016862851606634 0.040706071447833829 0.038593005500544779 -0.0038468383821149543 -0.022654854876295996 0.0078749548510031724 0.082680761288234789 -0.018423121521457534 0.046921548725853773 0.029519912090300221 0.040226104586519353 0.046009671330733214 0 0.039859341600269223 -0.0051790703982908925 -0.037229016043580927 0.038709816888904923 0.021153341096815846 0.048644797280042576 0.04694505961613122 -0.005130435890210918 -0.040116521669129823 0.059536775419383708 -0.0069243365763060876 -0.012786153823824359 0.0038502440992745895 -0.032450021868998126 0.050584185803585098 0.0025288871649582394 0.039906688821736043 0.083593921001792137 -0.0035840070286606712 0.061236761886939252 0.059009143119320498 -0.020130368121875235
leaf_weight=349.05438723415136 425.83781685680151 28.310815028846264 217.37185372412205 6541.0715378895402 216.0529241040349 456.52863471955061 106.42946379631758 176.19779555499554 38.12874024361372 49.898869350552559 40.999582968652248 15.741968750953673 2803.5310092791915 201.44464319944382 9828.8661152943969 26.954935349524021 28.069087967276573 5287.7881512269378 51.860368631780148 101.68779665231705 225.27046260982752 43.759876310825348 21.36583761125803 75.460253812372684 78.031985081732273 239.86786281317472 561.27803187072277 55.065926358103752 75.631890282034874 2288.0571541562676 100.47252286970615 14.784182474017141 41.574145160615444 84.644381888210773 39.603405527770519 54.870935305953026 50.283486716449261 4718.3246347159147 1075.6795314848423 68.377972096204758 253.21423484385014 69.429985761642456 25.895596042275429 90.533680751919746 329.41787245869637 7599.7327693104744 10435.627398997545 38.106490880250931 30.006732761859894 93.686806201934814 80.453879103064537 25.934510245919228 23.421390920877457 50.569867990911007 263.77345525473356 267.44255970418453 99.307478539645672 38.018684685230255 44.129059553146362 17.148514926433563 123.44090999662876 77.14539822936058
leaf_count=2838 3335 194 454 60252 1354 1173 803 545 246 193 298 114 6096 394 20948 122 112 10868 111 195 830 292 40 275 467 1577 1513 168 166 5296 344 112 225 186 260 123 191 10674 2261 237 564 240 113 204 901 14623 20889 130 149 193 344 125 91 292 644 1173 284 55 188 28 281 385
internal_value=0.0328962 0.0425424 -0.0265191 -0.0290913 0.0430414 0.0256728 -0.00590272 0.0438046 0.00542302 0.0125491 0.0370193 0.0317822 0.0439667 0.0449749 0.0452737 0.0398164 0.0421808 0.0417196 0.0401572 0.0250751 0.018385 0.0242031 -0.00180054 -0.00563749 0.0125367 -0.00639702 0.0326747 0.0420182 0.042256 0.0369431 0.0152398 0.0453097 0.0501453 0.0598539 0.0377389 0.0177975 0.00337051 0.0433798 0.0455349 0.0390332 0.0408033 0.0279044 0.0113304 0.0195603 0.0287137 0.0459145 0.0448887 0.0427063 -0.000965573 0.0321538 0.0304609 0.0325072 0.0253072 0.0133903 0.0447836 0.00719152 0.0128125 0.054224 0.0401216 0.0254492 0.042424 -0.00453061
internal_weight=56980.7 49022.6 7958.1 7649.44 48673.5 2051.91 1108.37 46621.6 682.533 576.104 308.655 286.337 46324.3 31954.7 31192 3289.66 2831.6 14369.5 248.208 458.061 297.341 269.03 390.911 369.545 153.492 289.767 762.723 14193.3 14053.4 2464.16 176.104 232.466 217.682 176.108 91.4638 139.944 91.2831 11589.2 6870.92 1583.13 1514.75 439.073 185.859 159.964 431.106 27902.3 20302.6 9866.97 85.0727 1661 1567.31 1486.86 768.468 478.76 289.708 417.32 366.75 61.4401 718.393 261.864 167.57 94.2939
internal_count=177778 109421 68357 67414 106583 7392 7162 99191 3827 3024 943 1254 97875 65923 64016 7426 6208 31952 1008 1218 1316 1122 2136 2096 742 1770 1907 31407 30967 5806 510 894 782 557 371 440 489 25161 14487 3619 3382 1121 557 444 1096 56590 41967 21078 317 5256 5063 4719 2664 1895 769 1749 1457 146 2055 882 469 413
is_linear=0
shrinkage=0.03


Tree=14
num_leaves=63
num_cat=0
split_feature=13 31 77 13 21 32 60 48 4 32 21 79 75 90 48 35 91 41 48 31 61 77 88 45 41 63 66 21 19 90 48 79 73 78 43 73 67 43 88 78 71 78 18 84 77 32 73 19 71 84 85 89 77 66 42 18 46 63 89 71 73 46
split_gain=33772.6 1736.44 1614.91 481.924 453.875 270.25 186.001 167.032 167.007 162.203 163.179 213.019 142.919 136.858 136.631 132.893 151.59 124.341 111.374 107.347 116.459 106.76 106.463 115.661 105.502 105.459 103.059 100.835 103.459 100.498 99.4941 146.476 191.119 98.5017 97.7066 94.0181 110.876 109.652 111.187 93.8266 148.745 103.633 102.426 93.3734 92.3709 91.6277 88.4024 88.3707 87.2003 86.1 84.3037 82.2456 82.7062 106.169 80.3315 121.285 100.83 79.7443 79.4519 100.166 77.6773 121.561
threshold=0.0018455000000000001 0.0014325000000000002 698234.71000000008 0.0024415000000000005 371271.23846150009 0.19020450000000003 0.007841500000000003 -503860.88499999995 475.68500000000006 0.78558600000000012 611483.65302100021 491933.43467450008 1.1996000000000002 2.4267255000000003 137097.49500000002 1.1806550000000002 -7.1919999999999989e-05 66.855000000000004 901280.04000000015 0.0025405000000000007 1.2865795000000002 -230712.72999999995 -0.00042259499999999995 -0.0072774999999999984 45.865000000000002 1.0020850000000003 1.0557200000000002 2575112.1433940004 -6273833.044999999 1.4143775000000003 -4548700.9899999993 3489920.7354245004 0.00045009000000000005 4.3295500000000011 -0.0099344999999999972 0.00017687000000000003 1.1259650000000001 0.026414500000000004 0.012522445000000002 2.8443500000000004 0.0053035000000000009 1.6705500000000002 46.675000000000004 82.175000000000026 -5453840.5199999986 0.43370250000000005 0.00034807500000000004 -435345.64999999997 0.012338000000000002 39.225000000000001 33.810000000000009 0.025206000000000003 -6971372.4849999994 1.0677650000000003 0.0023115000000000006 9.2950000000000017 0.65440000000000009 1.1823300000000001 0.020074500000000006 0.0073340000000000011 -0.00046776999999999995 -0.17034999999999997
decision_type=2 2 2 2 2 2 2 2 2 2 2 2 2 2 2 2 2 2 2 2 2 2 2 2 2 2 2 2 2 2 2 2 2 2 2 2 2 2 2 2 2 2 2 2 2 2 2 2 2 2 2 2 2 2 2 2 2 2 2 2 2 2
left_child=1 5 3 8 7 58 -4 -3 -2 22 11 26 43 -8 57 16 17 29 19 20 49 -16 27 25 -17 -24 -11 28 45 -6 -25 51 39 60 -13 36 37 38 -31 40 41 -33 -43 -9 -22 -7 -23 -19 -34 -18 -44 -32 53 -53 55 -12 -57 -10 59 -1 61 -30
right_child=2 4 6 -5 15 9 13 12 14 10 54 34 -14 -15 21 24 18 47 -20 -21 44 46 23 30 -26 -27 -28 -29 33 35 31 32 48 -35 -36 -37 -38 -39 -40 -41 -42 42 50 -45 -46 -47 -48 -49 -50 -51 -52 52 -54 -55 -56 56 -58 -59 -60 -61 -62 -63
leaf_value=1.6510568991397434e-05 -0.030358541424584592 -0.028596211293401844 0.050235296428809584 -0.033129743314050664 -0.0081470523905841034 -0.028965353988453717 -0.017851998334574046 -0.017094486788351296 -0.017324256107033763 -0.0035388203299297014 -0.01658720495935952 0.017111242525171259 0.036735586058130744 0.079904104231811782 -0.0032657911639133149 -0.0083779648037819003 -0.0046297654621286219 -0.015572145186257685 0.05156919060661732 -0.016264996568593187 0.040263598974534812 0.050574951665810552 0.009718968517140868 0.04459421723787807 0.066871751358451068 0.048137263632085037 0.037354222662113377 0.043268914823313756 -0.020344782054424877 0.052842394031204651 0.038413076467325322 0.045285343711464504 -0.0078391326967746366 0.0045151722998506161 -0.026377381976361483 0.064159883487136554 -0.019996251407983064 0.066098990878515132 -0.010975927255745694 0.050040397986502096 -0.0052950460411872735 -0.03077255764971519 0.040783654755988184 0.059237463431053856 -0.0069988671050671232 0.025470533834555553 -0.010113085659634209 0.053186742107856622 0.033875995302033883 0.055907784631581837 -0.018085028780880221 0.032811219697652896 0.043187432194962287 -0.025651781772154717 0.044111346158991004 0.037418232118387802 -2.9308100530346903e-05 0.030133111776973247 -0.031354077594478495 0.056253347014245191 0.038580668747699311 0.031556746947625336
leaf_weight=104.63583568483591 206.86822383850813 273.24749816209078 245.99136555194855 6469.8368383049965 36.272568300366402 37.017274379730225 72.548637717962265 163.61400157213211 271.29519787430763 62.311563387513161 43.153140991926193 86.097732752561569 84.566089667379856 14.622838377952574 104.53343498706818 19.556056663393974 27.830521211028099 73.946954272687435 46.069753050804138 168.7439801171422 44.408127322793007 97.969782657921314 67.84317909181118 11261.478011727333 88.080651886761189 4348.8033490478992 413.95214888453484 3454.4909088462591 49.716156482696533 43.501933164894581 5526.8360932767391 329.52732068300247 149.88625980913639 83.806367926299572 97.961869090795517 126.36778525263071 31.634590394794941 78.915758490562439 52.946183912456036 302.58517874777317 93.475298255681992 32.909302920103073 97.219429492950439 14.701723419129847 204.11460548639297 100.43244487047195 26.260276429355145 20.690821006894112 63.03351092338562 75.280262395739555 26.74759615957737 270.19247849285603 13926.781010970473 29.845820486545563 1130.2084288448095 752.93786324560642 69.036335930228233 34.766871757805347 40.382593512535095 38.739626683294773 5017.4939870089293 195.47940930724144
leaf_count=521 1770 2252 484 61353 189 179 458 1152 1914 208 182 326 354 19 611 109 131 410 123 1077 134 311 218 22413 157 8265 1032 7274 208 107 12097 670 523 283 490 283 173 172 264 586 323 139 208 59 1002 269 154 52 148 174 102 632 28251 118 2413 1796 242 143 288 116 11299 509
internal_value=0.031642 0.0405732 -0.0275163 -0.0305028 0.0105081 0.0416146 0.0369372 -0.0122 -0.00753347 0.0417533 0.0344425 0.0213604 0.00477281 -0.000393112 0.00127936 0.0212305 0.0178385 0.0305497 0.00733173 0.00326639 0.0127438 0.0188239 0.0421789 0.0429115 0.0529725 0.0475563 0.031945 0.0391776 0.0365875 0.0383864 0.0422702 0.0410114 0.0301684 0.0372507 -0.00589002 0.0435485 0.0305736 0.0399278 0.0177477 0.0363227 0.0290392 0.0356963 0.0152047 -0.0103385 0.00145367 0.0104901 0.0375286 0 0.00447075 0.0393925 0.0277988 0.0416096 0.0428465 0.0268302 0.0387438 0.0316542 0.0342404 -0.0117551 0.00508621 0.0157037 0.0377654 0.0208714
internal_weight=57524.2 49979.5 7544.69 7211.53 1674.49 48305 333.163 536.129 741.694 48121.3 2655.66 660.323 262.882 87.1715 534.826 1138.36 1030.72 464.277 566.447 520.377 351.634 228.763 45465.6 36527.2 107.637 4416.65 476.264 8938.44 5483.95 369.639 32110.5 20849 1095.38 5346.5 184.06 333.366 206.998 175.364 96.4481 882.464 579.879 486.404 156.876 178.316 248.523 137.45 124.23 94.6378 212.92 103.111 123.967 19753.7 14226.8 300.038 1995.34 865.127 821.974 306.062 183.758 143.375 5262.69 245.196
internal_count=177919 110702 67217 66256 8374 102328 961 3817 4903 101403 6689 2056 1565 477 3133 4557 4291 1650 2641 2518 1441 1076 94714 74693 266 8483 1240 20021 12747 1188 66210 43797 2699 12299 816 999 716 543 371 2028 1442 1119 449 1211 1136 448 465 462 671 305 310 41098 29001 750 4633 2220 2038 2057 925 637 12016 717
is_linear=0
shrinkage=0.03


Tree=15
num_leaves=63
num_cat=0
split_feature=13 77 31 21 13 32 50 48 49 48 31 60 12 63 61 63 65 82 67 84 45 77 15 12 77 15 64 21 13 76 61 91 77 75 73 90 10 47 12 72 64 76 88 48 13 84 39 9 45 91 57 30 85 77 18 13 73 50 65 75 47 13
split_gain=31395 1624.01 1571.34 497.07 455.971 290.728 214.489 172.831 135.699 134.245 133.005 124.322 160.098 112.345 109.195 121.943 116.991 106.992 103.633 101.38 98.2841 97.4641 91.9974 91.5342 109.592 108.954 150.558 103.852 136.997 109.578 96.0402 102.585 91.1376 90.4821 88.9614 113.325 99.6501 128.734 86.3787 83.3967 82.6174 82.6104 79.7158 79.5573 79.0727 79.0513 86.6284 83.2562 78.675 78.1499 75.9281 75.7393 75.3755 74.7908 82.1177 74.0668 73.079 111.651 72.4662 70.9256 93.7777 70.5175
threshold=0.0018455000000000001 698234.71000000008 0.0014325000000000002 371271.23846150009 0.0025245000000000003 0.24492100000000003 540263.08031150012 154939.26000000004 1.0163500000000003 -503860.88499999995 0.00085050000000000002 0.0042105000000000016 54.095000000000006 1.1823300000000001 1.8706240000000003 1.0700350000000003 1.0844750000000003 0.054825000000000006 1.0825850000000001 72.405000000000015 -0.0085004999999999994 -464846.79499999998 -4.6914999999999994e-05 58.245000000000012 -37517022.044999994 8.8195000000000019e-05 1.0811950000000004 506501.72456050006 0.00022750000000000003 31.005000000000006 3.0009910000000004 -0.00011574499999999998 -95201.019999999975 1.1996000000000002 0.0036840800000000006 1.5474060000000003 1.1859650000000002 1.7850000000000004 56.665000000000006 0.37067100000000003 1.0616750000000001 10.435 -1.8794999999999995e-05 -1339190.9399999997 0.00070950000000000017 67.515000000000015 1.0803850000000002 1.1127450000000001 -0.0055509999999999995 -0.00076928999999999984 21.965000000000003 7.4115000000000018e-05 47.745000000000005 -3963823.6899999995 13.695000000000002 0.0011955000000000002 -1.4374999999999999e-05 3445721.1849040003 1.0951800000000003 -0.09909999999999998 28.025000000000002 0.00085950000000000013
decision_type=2 2 2 2 2 2 2 2 2 2 2 2 2 2 2 2 2 2 2 2 2 2 2 2 2 2 2 2 2 2 2 2 2 2 2 2 2 2 2 2 2 2 2 2 2 2 2 2 2 2 2 2 2 2 2 2 2 2 2 2 2 2
left_child=2 4 5 9 7 17 -3 13 32 44 23 12 53 -2 15 -5 18 22 40 -14 -8 34 61 24 41 -25 39 28 59 51 31 -31 -9 45 35 36 37 -17 -35 -27 -16 -7 -18 -23 -4 46 -11 -47 -34 -13 -29 -30 56 54 -12 -54 57 -37 -22 60 -26 -1
right_child=1 6 3 14 -6 10 20 8 -10 33 11 49 19 -15 16 21 42 -19 -20 -21 58 43 -24 25 27 26 -28 50 29 30 -32 -33 48 38 -36 52 -38 -39 -40 -41 -42 -43 -44 -45 -46 47 -48 -49 -50 -51 -52 -53 55 -55 -56 -57 -58 -59 -60 -61 -62 -63
leaf_value=0.037784848434981727 -0.025124098301727273 -0.028151790448796832 0.04736764081265378 -0.015445622210866801 -0.03326561414748385 -0.026491630851318063 -0.01379634874820625 -0.022987338154958584 0.033598903315485297 0.047023187251079054 -0.036892037607721674 0.0042424278295553428 0.046799378601175813 0.023911998271645869 0.047487898961688403 0.060654114819158306 0.0095498363990005313 -0.025956495497941868 0.060379361759432745 -0.015328253222075152 0.054872285826490022 -0.024459511642835996 0.034108071110075473 0.043824956169173146 0.046239381932679541 0.053558493648635949 0.026756734664979413 0.038695338084971012 -0.0087856996217184086 0.040552197093524672 0.003614699087362571 0.027056538109085405 -0.0072462996141847641 0.0055294042234509035 -0.017839563929224592 0 0.076454982405149835 -0.01655039270060803 0.07158134383558197 0.028870864731487322 -0.016553554744104977 0.025673356700946719 -0.023038888682345156 0.023416296842391722 -0.031801698882453669 -0.010626902645095764 -0.02939810897829441 0.073405679274314975 0.053460597861438225 0.041785815697563879 0.041804417415308777 0.03347010192121861 0.043000397695485734 -0.016853984466782615 0.026890532292408609 -0.03430302462508223 0.067569553456585954 0.061849469765546651 0.00012605743860918004 0.040999883712564689 0.0084954684812277442 -0.014943550788557828
leaf_weight=29.965851441025734 434.48663695901632 39.536020897328854 10.716460190713404 50.795539058744907 6236.2405200824142 34.15045627951622 22.321825005114079 122.15209440141916 117.1739721223712 13.78409507870674 20.536664068698883 57.38847354054451 157.59677822887897 45.132508866488934 28.383504390716553 25.26132246106863 227.87683307379484 55.269161149859428 64.492312394082546 26.478817269206047 252.82912789285183 38.251337096095085 158.24211248010397 9887.4760887771845 100.59299556910992 437.08392970263958 871.58381932973862 14245.425499305129 104.90579988062382 980.94512860476971 104.95586204528809 1122.6762744039297 43.401134520769119 55.230957210063934 22.163181886076927 45.307251840829849 19.506687730550766 73.325710132718086 26.280957721173763 186.30339026451111 45.647631466388702 117.13208313286304 94.839631102979183 145.7444629445672 258.86274985224009 23.128688551485538 122.96966069191694 17.546241007745266 32.224249541759491 524.65654568374157 15783.287139981985 58.232202887535095 28.263766072690487 114.98525018244982 108.29025357961655 16.75170524418354 192.68622970581055 59.029783971607685 25.009093947708607 3137.5556590557098 149.46574674546719 85.566133640706539
leaf_count=88 3460 280 62 301 60741 144 116 925 496 60 111 211 366 213 84 48 1024 370 129 111 438 260 507 19035 206 749 2192 29890 392 2109 333 2855 285 282 124 220 26 377 73 445 252 311 570 517 2205 159 940 55 97 1283 31806 140 83 539 313 105 380 125 149 6461 444 496
internal_value=0.0303857 -0.0274382 0.0388483 0.0105245 -0.0305369 0.0398409 0.0365092 -0.00906779 0.00811524 -0.0135966 0.0400326 0.0290853 0.0166257 -0.0204072 0.0213714 0.0287132 0.00985475 0.0115661 0.0328085 0.0376658 0.0451909 0.0321428 0.0193172 0.040265 0.039503 0.0426646 0.034946 0.0396112 0.0358424 0.0302261 0.0319816 0.0333803 -0.0069248 0.00172901 0.0392564 0.0421043 0.0162106 0.00334117 0.0277988 0.0462865 0.00790574 0.013604 0 0.0132227 -0.0283802 -0.0101682 -0.021192 0.0257946 0.0185897 0.0381492 0.0403318 0.00622678 0.0508838 0.000529092 0.0162858 0.013461 0.0563905 0.0350151 0.0500701 0.0397556 0.0239222 -0.000802916
internal_weight=57738.1 7370.51 50367.6 1706.85 7030.81 48660.7 339.696 794.571 314.951 528.52 48331.7 1009.93 427.888 479.619 1178.33 717.087 461.24 329.043 138.523 184.076 300.16 666.291 273.774 47321.8 35939.3 11382.4 1494.97 35788 5759.33 2371.72 2208.58 2103.62 197.777 258.941 482.296 460.132 118.094 98.587 81.5119 623.387 74.0311 151.283 322.716 183.996 269.579 177.429 136.754 40.6749 75.6254 582.045 30028.7 163.138 342.039 243.812 128.827 45.0155 297.023 104.337 277.838 3387.61 250.059 115.532
internal_count=177568 67200 110368 8461 66217 101907 983 5476 1803 3836 100446 2934 1440 3673 4625 2566 2059 1461 465 477 703 2265 1091 97512 75091 22421 3386 74636 12940 5829 5297 4964 1307 1569 1488 1364 451 425 355 1194 336 455 1594 777 2267 1214 1000 214 382 1494 61696 532 913 963 424 188 725 345 587 7111 650 584
is_linear=0
shrinkage=0.03


Tree=16
num_leaves=63
num_cat=0
split_feature=13 31 13 21 48 32 50 48 32 35 45 48 48 70 13 66 64 21 79 60 16 16 21 13 21 48 48 42 44 76 72 88 41 36 45 76 50 48 83 48 48 74 44 34 48 50 44 35 85 41 65 76 83 49 42 78 76 79 0 73 48 14
split_gain=29108.5 1734.78 799.518 548.874 529.78 277.302 272.859 179.552 131.662 124.157 145.271 133.513 197.007 120.227 116.472 115.571 144.784 112.04 214.387 99.0581 95.754 94.0728 182.963 95.7055 98.051 91.4898 86.6874 115.81 86.6629 85.8217 100.267 87.8836 86.5173 95.6368 88.4088 85.1452 85.0228 86.2368 78.5119 81.6537 117.413 98.3693 90.9419 76.3059 73.1831 72.4996 83.4905 78.0911 77.4021 77.347 72.2579 71.4583 71.3405 100.752 78.9248 70.6582 70.595 70.5336 85.9419 106.968 86.3378 84.4083
threshold=0.0019785000000000007 0.0014325000000000002 0.0031005000000000004 371271.23846150009 154939.26000000004 0.19020450000000003 555192.89230900013 823061.00000000012 0.78558600000000012 1.1806550000000002 -0.00059649999999999992 -1339190.9399999997 -2600218.0999999996 70.665000000000006 0.00058650000000000011 1.0956250000000003 1.1723300000000003 543895.82018700009 491933.43467450008 0.00052850000000000011 -0.00061449999999999992 6.5000000000000013e-06 329356.29381000006 0.00019150000000000002 87544.30282300002 -515723.9499999999 -492738.04499999993 0.00072850000000000009 0.0015762300000000003 27.695000000000004 0.18451250000000002 -0.0028603649999999997 37.215000000000011 1.1583850000000002 -0.023957999999999997 33.235000000000007 6063695.7382855015 -2221737.1699999995 6.4409490000000007 -424550.63499999995 -265395.10999999993 -0.011033499999999998 0.0011584450000000004 1.1796750000000003 3081899.5900000003 4586731.8330740007 -0.00020121499999999998 1.0812450000000002 10.195000000000002 28.205000000000002 1.0831450000000002 66.845000000000013 3.7961185000000004 0.97165000000000012 0.010293500000000002 -1.2795499999999997 68.77500000000002 2924719.0391065008 1.2064750000000002 3.4550000000000006e-05 -711570.97499999986 0.31177650000000007
decision_type=2 2 2 2 2 2 2 2 2 2 2 2 2 2 2 2 2 2 2 2 2 2 2 2 2 2 2 2 2 2 2 2 2 2 2 2 2 2 2 2 2 2 2 2 2 2 2 2 2 2 2 2 2 2 2 2 2 2 2 2 2 2
left_child=1 5 4 14 28 -1 -6 15 21 11 -11 12 13 -5 -3 50 -17 18 -10 20 -13 22 23 -7 -25 -21 -16 -28 -2 30 31 -24 34 57 -31 -15 52 -38 39 -27 -41 42 56 -20 55 47 49 -36 -48 -47 -8 -37 -19 -54 -55 -23 -42 61 59 60 -59 -34
right_child=2 3 -4 9 6 8 7 -9 17 10 -12 19 -14 35 26 16 -18 36 43 25 -22 44 29 24 -26 38 27 -29 -30 32 -32 -33 33 -35 45 51 37 -39 -40 40 41 -43 -44 -45 -46 46 48 -49 -50 -51 -52 -53 53 54 -56 -57 -58 58 -60 -61 -62 -63
leaf_value=0.0024473185308634816 -0.027879370854649081 0.095342081270689397 -0.032603895818067677 0.0029284105110528925 -0.012122110686610704 0.034894842458371975 -0.0051334719697797015 -0.029664097698363215 0.030996069282158638 -0.022081060215555105 0.062956538603328005 -0.0080586351631428601 -0.025824626227550402 0.082903164178393843 -0.028338925296993878 -0.013686725676601987 0.11378050942285527 0.041707681553900165 -0.018142215372502504 -0.0056539831386134493 0.063078027760114619 0.045319938430425769 -0.0086846104371595973 -0.012288287190720578 0.022877149779493008 0.054406328457476977 0.052711994398816707 -0.011398912034845093 0.036629560659253581 -0.025794647641650278 -0.0055716645121346277 0.034054417221200513 0.03713590694664997 0.042039711380871647 -0.011548920007015863 -0.01468924834100689 0.028188187163302847 -0.011325040546959861 -0.021978415216369993 -0.035327153226803021 -0.0050765800717828815 0.038429868614019203 0.080522024133841838 0.046352430887586893 0.060015454510829666 0.029626488631117266 0.001016005100289815 0.039836133666743635 0.036195308121575787 -0.011574755654824419 0.050228473898513551 0.057105330337949539 0.036460044125949165 -0.0016011115385972839 0.047144423972633867 0.039482196001306043 0.062050286976511673 0.0099843687807153851 0 0.059109642422869119 0.045823546835614008 0.014439337346907393
leaf_weight=195.20943663269281 572.44450599700212 7.3602142930030814 5801.1493593305349 156.37250419706106 222.2754013761878 677.14626431465149 21.941289693117142 39.875518620014191 424.03440348803997 20.779885545372963 102.7767478749156 19.755532443523407 141.87280159443617 35.038605064153671 296.41454742848873 62.433252990245819 8.1701858565211278 1243.5775185972452 135.16327010095119 108.49097395688295 90.901109740138054 2184.3546678870916 42.983973383903503 78.586843408644199 634.74180095642805 82.978054538369179 27.136951752007008 249.26549974828959 18.149674959480762 22.489013686776161 61.591104611754417 1607.4792279452085 9987.3182810544968 7102.9045594781637 26.152159616351128 24.360364831984043 229.29390545189381 61.569751873612404 29.817875690758228 29.114648893475533 142.1294968649745 234.37477691471577 13.338832959532736 17.628978654742241 175.18196178972721 70.406076014041901 67.803341463208199 839.56344808638096 392.83600915968418 94.280352577567101 247.67445350438356 22.965094387531281 439.13831977546215 133.95470291376114 37.080264613032341 21471.024639874697 14.618019625544546 91.740748286247253 34.373405575752258 405.05768491327763 195.74192276597023 155.80706331133842
leaf_count=1013 5037 22 57588 722 1702 1545 142 354 1060 131 178 117 953 51 2557 449 24 2572 658 573 180 3912 158 326 1733 190 91 1679 113 90 209 3567 20816 13733 101 131 608 224 182 187 708 645 15 43 260 160 208 1702 847 324 599 40 984 463 68 42967 27 270 105 624 378 480
internal_value=0.0293961 0.0372403 -0.0280038 0.00869183 -0.00560064 0.0383099 0.0141519 0.0295869 0.0384517 0.0197439 0.0483515 0.0165943 0.0019783 0.0186646 -0.0154358 0.036686 0.00202776 0.0319367 0.0200191 0.0238101 0.0501509 0.0388323 0.0374126 0.0267556 0.0189492 0.0192437 -0.0170751 -0.00482908 -0.0257877 0.0381089 0.0315139 0.0329186 0.0386852 0.0392759 0.0316289 0.0477871 0.0351172 0.0197111 0.0242436 0.027007 0.0215811 0.0258286 0.00816597 -0.0102528 0.0401751 0.0325318 0.0245361 0.0382377 0.0310955 0.00593087 0.0456099 0.0199897 0.0375064 0.0288407 0.00900511 0.0400244 0.00134705 0.0374635 0.0467336 0.0490286 0.0345649 0.0367917
internal_weight=58180.2 51186.1 6994.11 1849.86 1192.96 49336.2 602.37 380.095 49141 1269.69 123.557 1146.13 380.609 238.737 580.177 340.219 70.6034 2721.44 576.827 765.519 110.657 46419.6 22589 1390.47 713.329 654.863 572.817 276.402 590.594 21198.5 1712.05 1650.46 19486.5 17972.9 1513.53 82.3641 2144.61 290.864 546.372 516.554 433.576 404.461 170.086 152.792 23830.6 1491.04 625.326 865.716 460.639 164.686 269.616 47.3255 1853.75 610.173 171.035 23655.4 156.748 10870 726.914 692.54 287.483 10143.1
internal_count=177595 111587 66008 9379 8420 102208 3270 1568 101195 5030 309 4721 1897 944 4349 1214 473 6680 1761 2824 297 94515 47376 3604 2059 2527 4327 1770 5150 43772 3934 3725 39838 36406 3432 222 4919 832 1954 1772 1582 1395 750 701 47139 3342 1539 1803 1055 484 741 171 4087 1515 531 46879 735 22673 1377 1272 648 21296
is_linear=0
shrinkage=0.03


Tree=17
num_leaves=63
num_cat=0
split_feature=13 31 13 48 4 50 48 65 13 4 31 48 68 88 90 73 30 31 88 42 65 39 10 10 60 31 68 46 86 86 72 48 50 60 84 10 87 62 63 87 75 4 86 78 16 31 19 90 39 18 4 78 19 37 15 68 35 90 65 16 61 74
split_gain=27210 1512.19 1016.8 521.356 315.497 261.533 208.293 157.47 151.5 222.293 134.894 119.699 117.815 115.708 114.386 111.884 105.199 102.967 123.569 95.8624 92.4404 101.605 89.9917 89.0499 88.4421 95.655 117.907 102.992 86.4162 109.743 85.0633 84.9965 84.1965 83.8733 83.8726 82.7564 81.9758 81.8849 76.9023 76.599 75.6157 86.8059 69.8438 76.9948 78.7063 69.5342 177.313 69.205 68.6945 67.2276 72.4421 71.0941 68.7496 66.402 82.3909 64.9403 109.813 85.9226 86.1 64.2913 63.1104 64.7647
threshold=0.0018455000000000001 0.0014325000000000002 0.0031005000000000004 137097.49500000002 475.68500000000006 460761.42751750007 439605.27000000008 1.1851400000000003 0.00066450000000000005 390.7000000000001 0.0025405000000000007 -1078383.1999999997 1.1021450000000002 0.017030000000000003 1.5509400000000002 0.0044421050000000009 5.0955000000000009e-05 0.00031450000000000006 -0.045374774999999999 0.0011835000000000003 1.1259300000000001 1.1562950000000003 1.0990750000000002 1.1859650000000002 0.00048650000000000006 0.0019015000000000002 1.0826500000000003 0.16845000000000002 58.840000000000011 62.82500000000001 0.4014060000000001 2087331.0000000002 140950.85833550003 0.032179000000000006 60.165000000000006 1.1859650000000002 -45.381499999999996 6.4550000000000009e-06 1.0826550000000001 566.94000000000017 1.4991500000000004 2061.6450000000004 65.940000000000012 1.2826500000000001 -0.00045649999999999993 0.0031685000000000003 702817.56500000006 1.7432070000000002 1.1851350000000003 62.515000000000008 21.542400000000004 4.3544500000000008 -5010989.379999999 1.1759550000000003 -1.2104999999999998e-05 1.1017850000000002 1.0907850000000001 2.5911600000000008 1.0212250000000003 0.00076350000000000018 1.9530115000000003 0.038282000000000004
decision_type=2 2 2 2 2 2 2 2 2 2 2 2 2 2 2 2 2 2 2 2 2 2 2 2 2 2 2 2 2 2 2 2 2 2 2 2 2 2 2 2 2 2 2 2 2 2 2 2 2 2 2 2 2 2 2 2 2 2 2 2 2 2
left_child=1 8 3 7 11 28 38 45 16 42 14 -3 22 36 33 24 49 18 -11 30 37 -22 40 -9 -16 26 -26 47 -5 -30 31 48 -15 35 -29 -6 -13 -14 -7 -8 41 -12 43 -10 -45 46 -2 -27 59 50 53 -52 -51 54 -1 57 -57 58 -21 -19 -46 -62
right_child=2 4 -4 5 10 6 39 23 9 17 12 13 20 32 15 -17 -18 19 -20 55 21 -23 -24 -25 25 27 -28 34 29 -31 -32 -33 -34 -35 -36 -37 -38 -39 -40 -41 -42 -43 -44 44 60 -47 -48 -49 -50 52 51 -53 -54 -55 -56 56 -58 -59 -60 -61 61 -63
leaf_value=-0.009776909827086587 -0.020101264521707782 -0.027315952003673882 -0.032495161236884978 -0.017964888338640118 -0.014543174781295949 -0.0084983864051565629 -0.024320444811208059 -0.0024320872275026303 -0.015648522117026966 -0.018766526051022882 -0.026297136275015148 0.033371584950124482 -0.012661310673931728 -0.032023196232478277 0.060546286247668064 -0.035449021039290818 0.039408462433771246 -0.0074120190985394983 0.026250168364099769 0.013837013483688394 -0.026421522321460337 0.042856341779816655 -0.031119626126078187 0.077489931654625019 0.04641594783942498 0.043356916059558069 -0.0057061815039447447 0.059387754760793374 0.089578701536247765 -0.021499604005939307 0.038179545707178936 0.048830931580523228 0.046649757491060699 0.062110267071622982 0.013421112708450025 0.058106745808135331 -0.017711301663696128 0.049659420496745037 0.041592337016427748 0.034036181233515872 0.066109982545191029 0.055465802079255312 0.045469199639490081 -0.024778671967271945 0.044916948207167191 -0.031499917868560642 0.085906786708743701 -0.010280096107741386 0.047158889288581217 0.039676749659784606 0.035557724087899034 0.01038561415396431 0.034166581316710132 -0.011897846880488732 0.03408483090699968 -0.0004068371935638337 0.033181688957612261 0.017807792271402077 0.041949486707932443 0.024452117080854114 -0.036158993803120681 0.035442278019657693
leaf_weight=45.28837913274765 106.51820047944784 232.75980664044619 5655.5492405369878 214.63936918973923 126.02838592231274 28.625985227525234 80.715769551694393 32.120351433753967 124.18889417499304 66.407257363200188 44.3977315351367 32.076818913221359 22.763187937438488 13.809073455631731 88.420078605413437 21.308255538344383 16406.063781768084 185.69409462809563 283.90475118160248 107.1112494468689 59.645718120038509 26.669359259307384 114.94474173337221 18.839097015559673 54.78785152733326 33.864139713346958 127.23915699869394 164.52811364084482 15.273861177265646 14.483780473470686 210.82437768578529 52.407330960035324 65.095438443124294 17.151709601283073 48.743988260626793 14.792562842369078 184.98539996892214 87.974094338715076 338.59806173294783 25.653666093945503 16.224436894059181 14.661381766200064 36.325079627335072 31.354279644787312 71.890056326985359 516.61745280772448 15.323055811226366 54.904808416962624 33.834043607115746 8122.4237512648106 17089.632322967052 105.97627741098404 2944.1773094385862 46.85108445584774 213.82462257146835 94.091738522052765 994.99413664638996 164.54235948622227 2287.9583091884851 80.764496237039566 21.969799816608429 21.494075521826744
leaf_count=172 786 2002 57582 1653 630 178 665 201 632 347 301 156 134 97 145 130 31940 665 857 312 405 83 830 50 128 88 572 347 57 126 459 99 227 31 187 24 1335 249 991 122 24 38 97 176 182 4800 30 254 59 15526 35321 296 6259 175 492 332 2231 443 4601 208 129 56
internal_value=0.0283969 0.0359684 -0.026817 -0.00397145 0.00784009 0.0138857 0.0268919 -0.0226053 0.0369088 0.0318162 0.016736 -0.0112633 0.00225707 0.00130952 0.0241421 0.0301713 0.0374588 0.0334811 0.017602 0.03479 0.0185354 -0.00442701 -0.0144571 0.0274595 0.0327236 0.0274653 0.0099859 0.0378327 -0.0112024 0.0355975 0.0230523 0.0138428 0.0322773 0.0012434 0.0491336 -0.00634421 -0.00990643 0.0365816 0.0375937 -0.00978095 0.0106648 -0.00491448 0.00696608 0.00154455 0.016309 -0.0266849 -0.00593441 0.0101025 0.00749527 0.0363368 0.0351443 0.0354049 0.0382167 0.0203293 0.0262951 0.0365878 0.0302546 0.039258 0.0407111 0.00218925 0.0278519 -7.47477e-05
internal_weight=58574.7 51511.8 7062.96 1407.41 1667.78 717.99 473.593 689.418 49844 4869.76 1139.05 528.727 387.281 295.967 751.769 593.796 44974.2 4562.53 350.312 4212.22 197.052 86.3151 190.228 50.9594 572.488 484.068 182.027 302.041 244.397 29.7576 563.524 352.7 78.9045 157.973 213.272 140.821 217.062 110.737 367.224 106.369 75.2836 59.0591 307.222 270.897 146.708 638.459 121.841 88.7689 300.293 28568.2 17501.6 17195.6 11066.6 305.964 259.113 3648.7 1089.09 2559.61 2395.07 266.459 115.354 43.4639
internal_count=177724 110483 67241 9659 8417 3792 1956 5867 102066 11885 4600 3817 2064 1815 2536 1851 90181 10613 1204 9409 871 488 1193 251 1721 1576 700 876 1836 183 1490 1031 324 685 534 654 1491 383 1169 787 363 339 1272 1175 543 5616 816 342 932 58241 36456 35617 21785 839 664 7919 2563 5356 4913 873 367 185
is_linear=0
shrinkage=0.03


Tree=18
num_leaves=63
num_cat=0
split_feature=13 31 77 21 32 42 68 66 61 13 8 32 13 21 35 10 72 19 90 21 19 15 63 71 84 77 13 88 45 33 58 50 89 32 74 88 63 79 35 13 84 85 50 19 55 62 18 67 49 90 18 44 13 66 75 41 42 66 31 1 19 73
split_gain=25502.9 1744.31 1185.57 561.771 316.883 145.483 141.352 140.843 157.368 132.973 129.771 114.406 113.659 112.722 151.423 111.629 105.527 100.001 102.7 99.1759 92.9733 90.6264 96.2376 81.5503 79.2697 85.6133 78.8773 76.6268 121.559 139.012 84.0811 81.1858 78.833 76.0696 132.979 79.041 80.0469 79.8846 89.5931 78.5815 74.6537 73.7244 73.1079 174.614 72.304 71.7507 67.901 66.6534 65.6824 64.5581 64.5551 69.5124 64.5087 64.4365 151.31 87.0958 87.7214 68.0503 67.3933 66.6393 63.9168 81.4762
threshold=0.0021235000000000004 0.0014325000000000002 698234.71000000008 371271.23846150009 0.24492100000000003 0.0031825000000000004 1.0818950000000003 1.0844950000000002 1.8706240000000003 0.0027035000000000006 1.1862350000000002 0.78558600000000012 0.00057750000000000011 690683.81587500009 1.1282350000000003 1.0647450000000003 0.64982000000000018 -4187082.4899999998 1.4037165 36148.373984000005 -2228716.0949999993 -6.9114999999999978e-05 1.1094150000000003 0.0028415000000000007 31.155000000000005 -4119874.5449999995 0.00078450000000000015 -0.00012388499999999998 -0.0080934999999999983 -1.3634999999999999e-05 -62.112999999999992 19917.278868000005 0.075230000000000005 0.39375650000000006 -0.050869999999999992 -0.00030842999999999995 1.1141600000000003 1155460.9736725001 1.0845750000000003 0.0006175000000000001 7.1950000000000012 5.2150000000000007 6063695.7382855015 -5568926.1999999993 83.155000000000015 0.00015508000000000001 70.855000000000004 1.1499050000000002 1.5742500000000004 2.0311425000000005 41.565000000000005 0.00014781000000000004 0.00085950000000000013 1.1849800000000001 0.059650000000000009 70.975000000000009 0.0089345000000000015 1.1813350000000002 0.00015950000000000003 1.2124950000000003 1.0000000180025095e-35 -0.00045237499999999992
decision_type=2 2 2 2 2 2 2 2 2 2 2 2 2 2 2 2 2 2 2 2 2 2 2 2 2 2 2 2 2 2 2 2 2 2 2 2 2 2 2 2 2 2 2 2 2 2 2 2 2 2 2 2 2 2 2 2 2 2 2 2 2 2
left_child=1 4 9 12 21 -4 10 -8 16 48 15 19 -3 14 44 -5 17 -9 -19 46 24 52 -23 -7 -10 -26 -16 30 -29 32 31 -21 47 34 39 36 37 -36 -39 -32 -20 -42 -15 -44 -13 -25 -6 -30 -2 -14 -50 -52 -1 57 58 59 -57 -31 -55 -56 -35 -62
right_child=2 3 5 6 11 23 7 8 20 -11 -12 13 49 42 26 -17 -18 18 40 27 -22 22 -24 45 25 -27 -28 28 29 53 33 -33 -34 60 35 -37 -38 38 -40 -41 41 -43 43 -45 -46 -47 -48 -49 50 -51 51 -53 -54 54 55 56 -58 -59 -60 -61 61 -63
leaf_value=0.028538903537647143 -0.021961768839938264 0.092822417867319013 0.056536371588676575 0.057716797105166431 -0.014129389487521739 0.046665457700880764 0.046770988568144808 0.053614697966123587 0.038527127549087506 -0.032952676955742076 0.044838087343432073 -0.0010248897134028385 -0.01058402902979597 0.03594925721317959 0.035887764309364946 -0.031778266116541228 -0.026944120918673028 -0.015349190707187649 -0.024255354399316611 -0.0064042446303773743 -0.013861039255632479 0.028429761773467298 -0.022562153245687864 -0.025933424915086274 -0.009547307627828034 0.059635833898286479 -0.0039363563477683621 0.041962150438268515 0.028874199150194162 0.036495114191001654 0.028912642341193603 0.026773350498981833 -0.015155279442422068 0.035314620930673189 -0.0025113833844112687 -0.0025840269309716523 0.046718060801866093 0.053513606094282622 0.0033185660841337041 -0.037759640711924662 -0.0095915261525890919 0.033273457984907148 -0.026527014815986228 0.030944780114817105 0.034008280438362987 0.021980887866909413 0.036318789444008487 -9.7181137414361943e-05 -0.028761222125313596 -0.031084483042692037 -0.0022898893376961794 0.06009987559780551 -0.021251824425017107 0.024228576823127203 0.018546528923324406 0.040925659805698233 -0.039897162337380394 0.050968205592724372 -0.0087862534317013526 0.049182074139826018 -0.024845764064338433 0.026117097999370089
leaf_weight=28.04636500030756 417.94202982634306 7.4795702546834937 120.79530910402536 12.927113980054854 59.978351622819901 43.198949456214905 168.4146024286747 116.67687831073999 80.741193242371082 5672.6188105270267 31.424879297614098 292.56278078258038 431.94148895144463 1645.1851743757725 401.10537600517273 115.39667674899101 31.372138641774654 55.646288752555847 22.903525076806545 77.049733936786652 180.46643217653036 185.23217394948006 39.118844404816628 54.217996142804623 108.65341437608004 17.860148280858994 48.652473047375679 3682.824366569519 714.38822867721319 29077.995661139488 22.685404643416405 411.34418140351772 42.620383948087692 11209.957252025604 83.144629597663879 61.092842742800713 210.61437726765871 84.033476874232292 53.672386676073074 46.0635646879673 37.828013755381107 430.408811442554 58.333109766244888 233.22210791707039 63.359826058149338 56.182136580348015 38.288954943418503 77.105129197239876 31.592547602951527 209.0607021972537 38.148055374622345 25.644123822450638 114.23547362536192 102.19389885663986 88.871558219194412 22.038573190569878 24.377054333686829 311.61703543365002 118.28596937656403 286.43148775398731 30.50727778673172 244.47225080430508
leaf_count=91 3587 20 170 29 233 79 424 221 255 59650 74 1070 3193 3472 880 806 203 328 136 251 1012 618 239 336 577 39 212 6674 1656 56904 52 944 160 22913 285 192 383 152 164 227 204 1324 252 561 165 249 81 245 269 1822 287 112 734 234 218 39 100 496 380 468 125 585
internal_value=0.0273182 0.0342585 -0.0289126 0.00717369 0.0353667 0.0319663 0.0178038 0.0212027 0.0171579 -0.0316226 -0.00859221 0.035571 -0.015897 0.0295165 0.0199498 -0.0221541 0.0256954 0.0282664 0.0227146 0.0359216 0.00175392 0.00745134 0.0193448 0.0122089 0.0154959 0.000375221 0.0315141 0.0359846 0.0367302 0.0361036 0.0339243 0.0214755 0.0238621 0.0344247 0.023393 0.0288646 0.0333825 0.0203766 0.0343308 -0.0152303 0.0271107 0.0297335 0.0334684 0.0192922 0.00520532 -0.00130231 0.00539292 0.0260175 -0.0168306 -0.0173549 0.00533552 0.0228679 -0.0110971 0.0364418 0.026766 0.0372912 -0.000835245 0.0366513 0.00642119 0.0420759 0.0349592 0.0202848
internal_weight=58810.2 52349.9 6460.34 2059.2 50290.7 274.394 1410.72 1250.97 1082.56 6185.95 159.749 49924.1 648.482 2742.42 805.68 128.324 694.836 663.464 546.787 47181.7 387.721 366.633 224.351 153.599 207.255 126.514 449.758 47083.4 34548.7 30865.9 12534.6 488.394 834.114 12046.2 561.307 492.558 431.465 220.85 137.706 68.749 491.14 468.237 1936.74 291.555 355.923 110.4 98.2673 791.493 513.327 641.002 95.3847 63.7922 142.282 30031.8 642.199 421.719 46.4156 29389.6 220.48 375.303 11484.9 274.98
internal_count=177861 113122 64739 10667 102455 834 5632 4723 4299 63905 909 100773 5035 6612 2327 835 2416 2213 1992 94161 1883 1682 857 664 871 616 1092 93847 67574 60900 26273 1195 2061 25078 1455 1176 984 601 316 279 1664 1528 4285 813 1235 585 314 1901 4255 5015 668 399 825 58839 1439 825 139 57400 614 686 23623 710
is_linear=0
shrinkage=0.03


Tree=19
num_leaves=63
num_cat=0
split_feature=13 32 13 48 50 32 6 91 48 79 89 50 16 13 79 35 60 39 42 63 39 13 10 89 88 14 13 14 89 91 91 48 68 86 49 39 29 46 87 14 46 36 48 43 33 79 69 46 71 87 32 85 79 84 68 90 71 90 73 72 79 50
split_gain=24004.6 1237.82 756.276 404.835 241.215 210.888 205.969 218.001 184.781 153.218 121.779 118.206 117.239 115.744 159.602 114.017 137.518 119.979 124.529 104.154 100.832 99.6764 97.6081 97.4254 98.1761 96.1614 94.1892 246.607 100.726 92.9268 91.1448 83.9558 90.6669 82.9589 74.8974 71.9844 71.6419 71.3605 70.4573 77.6426 121.034 70.448 67.375 95.933 66.8409 79.4807 65.3497 76.7472 79.9578 64.1827 64.1657 63.8254 68.4731 67.1385 65.9417 66.5284 65.2604 63.0954 63.0721 73.3985 62.3914 62.2092
threshold=0.0019105000000000001 1.2074580000000001 0.0032015000000000004 137097.49500000002 555192.89230900013 0.14085650000000002 1.1104050000000003 -7.1919999999999989e-05 439605.27000000008 1304715.7051700002 0.0030725000000000006 2620338.5969985006 6.5000000000000013e-06 0.00078450000000000015 731707.57023550011 1.1806550000000002 0.024280000000000003 1.0964450000000003 0.00074150000000000008 1.1823300000000001 1.1132650000000002 0.0011065000000000001 1.1859650000000002 0.0035330000000000001 -0.024669054999999999 0.21047500000000002 0.00078450000000000015 0.24612000000000003 0.0028725000000000005 -0.0016898449999999997 -0.00023697499999999997 -492738.04499999993 1.0848050000000002 29.365000000000006 0.97165000000000012 1.1815350000000002 -72.054499999999976 0.058750000000000004 122.61150000000002 -0.20139249999999997 9.3468000000000018 1.0301950000000002 -4845608.4149999991 -0.50791099999999989 -2.3524999999999996e-05 399470.91077550006 1.1919950000000001 14.398650000000002 0.0030705000000000003 23.103000000000005 0.74627650000000012 67.725000000000009 1343658.2539580001 9.5400000000000009 1.0910550000000001 1.7545850000000003 0.036863000000000007 0.17036250000000003 -7.3749999999999988e-06 0.61559350000000013 1392660.5281720001 28459.696800500005
decision_type=2 2 2 2 2 2 2 2 2 2 2 2 2 2 2 2 2 2 2 2 2 2 2 2 2 2 2 2 2 2 2 2 2 2 2 2 2 2 2 2 2 2 2 2 2 2 2 2 2 2 2 2 2 2 2 2 2 2 2 2 2 2
left_child=1 5 3 19 -5 -1 7 9 23 11 -11 -3 26 20 21 16 17 -16 -19 -2 37 44 -21 -6 33 -20 36 28 57 -30 -12 -9 -33 -25 -29 -17 -7 -8 42 40 -40 -31 46 -44 -15 -46 50 48 -48 -27 -14 53 -53 -41 55 -55 -57 -28 -51 -60 -61 -38
right_child=2 6 -4 4 8 12 13 31 -10 10 30 -13 38 14 15 35 -18 18 25 22 -22 -23 -24 24 -26 49 27 34 29 41 -32 32 -34 -35 -36 -37 61 -39 39 51 -42 -43 43 -45 45 -47 47 -49 -50 58 -52 52 -54 54 -56 56 -58 -59 59 60 -62 -63
leaf_value=-0.012091484149115154 -0.027582320996821008 -0.024325128397959271 -0.032535637428027807 -0.013755741012255645 -0.033060952896037936 0.01561939366873372 0.037512473561799806 -0.025773186139734675 -0.01342640104203484 -0.034073234033478339 0.0039556167974285237 0.065192255826090867 0.041605253702823933 -0.021730722839045095 0.064970081181913816 0.056379076630078247 0.04449720616046348 0.040927386599567309 -0.017540337677238962 -0.014889863305775842 0.0374159132585309 -0.027579698494192919 0.072958658202859281 -0.034389951448456316 0.045381464892514711 -0.029606707649436965 0.055052828394933792 -0.027226197094657865 -0.0071570396872050294 0.0082789117694253619 0.049937563096431804 0.050286282885170397 -0.0070162727448672109 0.040167565647652705 0.02245460181691172 0.0011134339423226696 0.029648938138952714 -0.019775430178281244 0.025373693708605174 0.04455161032056712 -0.033147404137700946 0.035701695903273926 0.044276914117239614 0.034888416369187075 -0.0041811689823370588 0.054716941841228446 -0.029027801954768041 0.041358894345679818 0.02265535317014299 0.037072608985469414 0.019360090000091264 0.0044046587633994987 0.041073858734178091 0.04134534940529698 0.029766660151603831 0.033920284436366376 0.010171843116003842 -0.011938403387690259 -0.026517061962810985 0.073317203779802095 0 0.034061087130245388
leaf_weight=87.113463863730431 593.52353017032146 91.345922008156776 5291.8817919120193 256.74234288185835 17.328483365476131 215.55233007669449 29.573343485593796 233.3316588550806 94.968054480850697 21.660088859498501 53.156007900834084 14.410686127841471 4068.0819457471371 36.607744976878166 29.324145771563053 102.9534110352397 107.6084642931819 66.702918216586113 203.01008048653603 28.239285603165627 379.86830139160156 121.99225150048733 17.371299870312214 27.971222393214703 255.76956095546484 27.547158122062683 14.069264844059942 97.515643082559109 51.760219722986221 95.884061343967915 161.13418594002724 26.569536931812763 248.70599386841059 24.03952894359827 36.300009205937386 28.103140912950039 3604.0737565606833 53.273833774030209 182.16970387101173 543.22414046525955 37.199852854013443 1015.1020336002111 1105.2450509667397 12792.091301076114 38.058000423014164 41.550153270363808 35.079310595989227 135.11000528931618 102.67401933670044 84.080805987119675 128.01391085982323 138.78547790646553 69.331847384572029 1379.1838838979602 2826.6141405031085 2073.4914742410183 114.61475586891174 77.422642692923546 43.441060580313206 15.923425272107123 26.921468742191792 19235.201640769839
leaf_count=524 5551 657 56837 2031 131 576 85 1813 756 157 239 33 7091 232 58 179 281 184 1121 210 899 946 56 215 597 206 24 527 172 284 391 66 1394 91 112 121 7752 229 422 939 142 2250 1880 25011 186 119 128 235 230 286 302 386 130 2499 6095 4194 293 305 286 39 131 38616
internal_value=0.0264119 0.033189 -0.0274736 -0.00708546 0.00904686 0.0341715 0.0115769 -9.17103e-05 0.0230542 0.0183744 0.0318156 -0.0113498 0.0342526 0.0185 0.0125564 0.0194738 0.0138575 0.00708654 0.00326184 -0.0242033 0.0308899 -0.00867206 0.0187721 0.033811 0.0377681 -0.00301628 0.0327409 0.0250169 0.0291534 0.031537 0.0387422 -0.0125687 -0.00121486 0 -0.0134602 0.0448535 0.0332035 0.000519914 0.0356862 0.0331389 0.0152084 0.0333715 0.0367041 0.0356404 0.0109854 0.026485 0.0399967 0.0253076 0.00916352 0.0117442 0.0409385 0.033683 0.016902 0.0341796 0.0332868 0.0360586 0.0326952 -0.000828564 0.0187392 0.000310573 0.0281801 0.0333675
internal_weight=59155.6 52547.8 6607.84 1315.95 676.819 50260.9 2286.85 850.314 420.077 341.707 235.95 105.757 50173.8 1436.54 973.824 735.616 604.56 496.951 467.627 639.134 462.715 238.208 45.6106 325.109 307.78 400.924 24442.9 1388.05 1254.24 1162.75 214.29 508.607 275.276 52.0108 133.816 131.057 23054.8 82.8472 25730.9 7364.62 219.37 1110.99 18366.3 13897.3 116.216 79.6082 4468.96 272.863 137.753 197.914 4196.1 7145.25 208.117 6937.13 6393.9 3567.29 2188.11 91.4919 170.367 86.286 42.8449 22839.3
internal_count=177932 111457 66475 9638 3821 101119 10338 4750 1790 1477 787 690 100595 5588 4375 2892 2592 2311 2253 5817 1213 1483 266 1034 903 2069 50618 3674 3035 2706 630 3273 1460 306 639 300 46944 314 49977 15100 564 2534 34877 26891 537 305 7986 593 358 948 7393 14536 516 14020 13081 6986 4487 329 742 456 170 46368
is_linear=0
shrinkage=0.03


Tree=20
num_leaves=63
num_cat=0
split_feature=13 77 31 13 21 32 21 60 48 75 21 39 10 72 75 41 66 60 68 50 63 66 68 77 77 78 12 78 78 10 32 90 73 15 12 21 13 12 41 91 60 79 32 91 57 46 9 13 6 88 13 89 86 9 79 74 72 59 61 77 73 73
split_gain=22357.4 1306.79 1006.29 550.49 306.378 179.777 174.321 139.526 107.369 93.6952 163.713 98.0664 100.401 115.809 84.4192 84.0601 83.8361 82.0362 119.855 110.496 103.688 88.9157 111.444 110.689 118.554 77.1616 77.1393 77.091 76.6393 80.7082 74.852 114.85 97.128 79.2917 77.1564 87.6237 91.4696 98.6795 103.312 81.9711 74.7693 92.5396 73.9596 98.7955 73.1722 72.6524 71.7546 71.7219 71.1883 70.6895 70.5965 69.1988 78.6742 71.546 91.2021 68.8622 67.4876 67.0032 65.2462 63.5146 63.3769 63.0647
threshold=0.0017815000000000003 698234.71000000008 0.0014325000000000002 0.0024415000000000005 371271.23846150009 0.19020450000000003 379941.38868250005 0.007841500000000003 -492738.04499999993 -0.34779999999999994 926965.03889450012 1.0727950000000002 1.0807550000000001 -0.31589799999999996 1.1996000000000002 48.085000000000008 1.0444650000000002 0.024762500000000003 1.0778050000000003 2710376.2756910003 1.0700350000000003 1.0848550000000003 1.0821450000000004 -693664.53999999992 -791899.24499999988 3.4014000000000002 56.915000000000006 4.3445500000000008 4.0577500000000013 1.1859650000000002 0.80472750000000015 2.3659570000000003 0.0061722800000000013 0.000104345 58.245000000000012 460158.58711800008 0.00022450000000000001 53.235000000000007 70.715000000000018 -0.00011574499999999998 0.0099420000000000012 13396835.720615001 1.2802475000000004 -6.6579999999999989e-05 21.965000000000003 0.032650000000000005 1.1402050000000001 0.00057750000000000011 1.1862850000000003 0.00050232000000000011 0.00078450000000000015 0.0055055000000000008 32.165000000000006 1.0982650000000003 2188317.6954850005 -0.013020499999999999 0.17280000000000004 -0.00019999999999999996 1.3431545000000003 -4822215.7349999985 0.00015954000000000003 -0.00081511999999999991
decision_type=2 2 2 2 2 2 2 2 2 2 2 2 2 2 2 2 2 2 2 2 2 2 2 2 2 2 2 2 2 2 2 2 2 2 2 2 2 2 2 2 2 2 2 2 2 2 2 2 2 2 2 2 2 2 2 2 2 2 2 2 2 2
left_child=2 3 5 6 8 -1 -2 -3 -4 10 11 15 -13 26 -10 -7 -12 18 -6 21 -21 22 -20 24 60 49 -14 -9 29 51 33 32 42 34 35 36 -11 38 39 61 41 47 46 45 -37 -44 -32 -27 -45 -18 -15 -8 53 54 -53 -35 -57 -16 -25 -47 -23 -38
right_child=1 7 4 -5 17 9 28 27 14 30 16 12 13 50 57 -17 25 -19 19 20 -22 23 -24 58 -26 40 -28 -29 -30 -31 31 -33 -34 55 -36 44 37 -39 -40 -41 -42 -43 43 48 -46 59 -48 -49 -50 -51 -52 52 -54 -55 -56 56 -58 -59 -60 -61 -62 -63
leaf_value=0.0021945870113766123 -0.021699682773436441 0.041415707654786568 -0.026336150598184973 -0.032414939130071659 -0.032820056916294235 -0.024523393028898211 -0.017245162915406214 -0.015945068027373104 -0.010283611481498438 0.032663211112808274 -0.0071031019173730349 0.048336492957833967 -0.011867521058120199 0.03439563348896478 -0.020160215890004364 0.015620786979323294 0.031934028913573956 0.042150202494885332 -0.03331136682811961 -0.033652335228012156 0.036856721105328345 -0.0047703389206502139 0.048245227262758421 0.012306088142786536 0.060625545980838073 -0.0065309823754560745 0.030138709796340812 0.055750008475732492 -0.025761694636757634 0.068792647515628996 0.035244559305942925 0.040459755710235835 -0.025445932244607273 0.048871236956570287 0.0362610132739778 0.032149861455277332 0.0051762142544218527 0.03509170749479016 -0.0044869859749551086 0.014531814937251504 0.035478523797469921 0.051304940180887666 0.043449100207102354 -0.016363774095476343 0.035305492620738524 0.030962795249712453 0.019959004012139226 0.022763302711082012 0.05182838002471081 0.045417811220153897 -0.00011880042684176144 -0.0084419914130896122 0.033871053311823072 -0.022131860448876571 0.044138205801590287 0.0102467154076683 0.028126563100808102 0.043973234101513783 -0.021747148247047907 -0.029142685581139496 0.023368381234097565 0.034661627314491912
leaf_weight=173.54951644688845 346.16436098515987 261.50592040270567 232.99335666745901 5572.5633823350072 45.087839044630527 83.42248560488224 76.065993040800095 70.838543407618999 152.03555910289288 2905.2722796201706 48.661943808197975 111.43466812372208 151.16417384147644 269.88665555417538 18.145075567066669 104.35488606989384 3458.6573106795549 106.03297588229179 16.907048091292381 18.955140516161919 270.87512833625078 148.15985375642776 89.437099188566208 72.205726221203804 45.424221739172935 169.70066301524639 52.00903744995594 15.581053808331488 56.249578759074211 19.953931555151939 594.90068346261978 474.92750190198421 34.533430933952332 100.35658013820648 9881.598543971777 13126.48770827055 78.607122346758842 520.315533593297 141.86384715139866 596.73489898443222 208.16155044734478 47.007270500063896 93.082259356975555 116.86634191870689 14686.47580434382 31.125278785824776 552.26555444300175 132.22625435888767 14.482610344886778 409.63041439652443 64.252405732870102 60.811730653047562 115.06343410164118 67.26922345906496 55.175661228597164 290.19796195626259 596.04199467599392 57.808829814195633 158.47589539736509 30.107121974229813 136.2405756637454 488.55745390057564
leaf_count=864 3035 512 2121 61463 303 369 499 453 1072 5841 177 196 566 554 109 305 7245 253 118 132 734 746 205 289 62 533 119 34 418 45 1228 932 135 159 18198 26088 227 1003 446 1590 419 73 210 509 27891 75 1349 332 25 668 247 353 461 460 154 775 1310 202 924 130 512 1011
internal_value=0.0255396 -0.0259835 0.0321444 -0.0290793 0.00844764 0.0328749 -0.00570075 0.0305245 -0.0120485 0.0329793 0.0291404 0.016849 0.0223719 0.0168515 0.00247298 -0.00209029 0.0314275 0.0170068 0.0142762 0.0165591 0.0320424 0.00974682 0.03481 0.00488467 0.0160509 0.0318595 -0.000872727 -0.00218574 0.00654479 0.0112825 0.0334275 0.0275338 0.0233051 0.0336899 0.0338883 0.0331659 0.029317 0.0239617 0.0194802 0.0224286 0.0211999 0.012519 0.0245179 0.0106384 0.0338185 0.0268869 0.0279358 0.00623195 -0.0082834 0.033381 0.0276887 0.00796228 0.0145261 0.002099 0.0164777 0.0251013 0.0223238 0.0281993 -0.0109515 0.000934294 0.0086389 0.0306442
internal_weight=59124.9 6717.24 52407.7 6369.32 1568.78 50838.9 796.754 347.926 460.983 50665.4 5310.57 836.524 648.747 537.312 227.989 187.777 4474.05 1107.8 1001.77 956.681 289.83 666.85 106.344 560.506 329.825 4425.38 203.173 86.4196 450.59 394.34 45354.8 1942.29 1467.36 43412.5 42425.9 32544.3 4731.35 1826.08 1305.76 1163.9 557.096 348.934 1432.83 285.664 27813 154.315 1147.17 301.927 131.349 3868.29 334.139 374.386 298.32 183.257 115.987 986.597 886.24 75.9539 230.682 61.2324 284.4 567.165
internal_count=177468 67887 109581 66888 7782 101799 5425 999 3504 100935 11803 2356 1682 1486 1383 674 9447 4278 4025 3722 866 2856 323 2533 1320 9270 685 487 2390 1972 89132 4593 3661 84539 82295 64097 10118 4277 3274 2828 1357 938 3526 949 53979 415 2577 865 534 7913 801 1927 1428 967 507 2244 2085 311 1213 205 1258 1238
is_linear=0
shrinkage=0.03


Tree=21
num_leaves=63
num_cat=0
split_feature=31 31 32 77 31 21 21 32 74 88 6 48 75 90 61 77 10 41 50 19 75 21 62 48 77 68 8 67 38 65 91 15 75 78 85 48 49 48 60 42 16 59 38 18 10 60 73 65 5 66 60 19 85 67 79 33 57 12 21 15 76 61
split_gain=20591.2 1099.66 1083.33 560.911 365.313 250.852 200.644 153.868 140.046 122.724 114.42 154.339 105.804 102.471 108.892 114.813 119.378 102.723 99.2176 95.9699 90.9464 108.11 109.83 93.5317 90.8705 88.9634 87.6173 146.09 87.1091 86.5266 109.006 107.688 85.4665 83.8362 83.0477 80.4912 93.4353 101.783 73.1063 72.6668 73.7648 72.4428 70.9813 87.006 69.5084 70.7732 69.0419 67.697 65.8474 63.499 63.5012 74.5477 68.5043 79.1372 64.2685 63.4025 62.3057 74.8584 93.0749 68.669 75.7522 62.101
threshold=0.0026725000000000004 0.0066185000000000003 0.14085650000000002 698234.71000000008 0.0010525000000000003 371271.23846150009 451215.64215250005 0.32826000000000005 0.019582500000000003 -0.060251604999999993 1.1838050000000002 390239.86000000004 -0.69234999999999991 1.2980880000000001 1.4078770000000003 193038.68500000003 1.1227550000000002 70.925000000000026 540263.08031150012 406720.06000000006 -0.34779999999999994 926965.03889450012 2.5085000000000005e-05 3081899.5900000003 -3892986.0849999995 1.1586700000000001 1.1862350000000002 1.0811350000000002 1.0853150000000003 1.1014050000000004 3.3950000000000005e-06 -5.0514999999999993e-05 11.801250000000001 4.3544500000000008 37.025000000000013 332443.96500000003 0.29735000000000006 439605.27000000008 0.00024550000000000006 0.0020205000000000002 -0.0015424999999999998 -0.0012040049999999997 1.0853150000000003 8.4150000000000009 1.0807550000000001 0.032690500000000004 0.0035702800000000008 1.0774050000000002 1.1381350000000003 1.0444650000000002 0.00024550000000000006 -696007.60499999986 40.435000000000009 1.1373000000000002 167644.40479550001 -6.9834999999999984e-05 21.965000000000003 51.195000000000007 329356.29381000006 9.8925000000000019e-05 98.995000000000019 0.50308600000000003
decision_type=2 2 2 2 2 2 2 2 2 2 2 2 2 2 2 2 2 2 2 2 2 2 2 2 2 2 2 2 2 2 2 2 2 2 2 2 2 2 2 2 2 2 2 2 2 2 2 2 2 2 2 2 2 2 2 2 2 2 2 2 2 2
left_child=2 3 -1 6 7 38 35 9 10 25 11 12 28 17 32 16 39 41 -5 29 21 22 23 -9 26 -4 27 -18 34 31 -31 -11 -15 46 -8 42 48 55 -6 -16 -41 -7 43 -2 -40 -46 49 -29 -37 -23 61 54 53 -53 -52 -38 57 58 -22 -58 -61 -51
right_child=1 -3 4 18 5 13 8 20 -10 19 -12 -13 -14 14 15 -17 24 -19 -20 -21 56 33 -24 -25 -26 -27 -28 47 -30 30 -32 -33 -34 -35 -36 36 37 -39 44 40 -42 -43 -44 -45 45 -47 -48 -49 -50 50 51 52 -54 -55 -56 -57 59 -59 -60 60 -62 -63
leaf_value=-0.02550756187960598 -0.029105393459303415 -0.032446419690676361 -0.034946692559579592 -0.010715345334323903 0.04663267674456581 0.037355892228402417 0.043608383224976711 -0.0012534046237652249 -0.025405666202919015 0.0069092814675727971 0.057094774383188336 0.035516650532551153 -0.028864713798719722 0.041175657554847568 -0.025918803257647852 0.046450666847791922 -0.038605472091595115 0.042769070906761603 0.042140069186532063 0.070770523996926613 0.019458683416119095 -0.004949225492982815 0.02887493511948374 0.044371782100996161 0.055326709697544448 0.041663591216514466 0.057053842790201655 0.056116456567778687 -0.013991494911681689 0.020998008459701654 -0.0226843217666832 0.035827416842179292 -0.0050130041295673141 -0.016793934634488687 -0.026694775539518024 -0.026812756692125021 0.091941001385259291 -0.0082317669689143495 0.052192792388475996 -0.037724571102514808 0.013504223665549564 -0.030135471913311538 -0.029408314420434147 0.035011376475696639 -0.018045734471679439 0.038041513727202159 0.0044097700086405253 0.014285416306612937 0.069695784149255813 0.022085877035704891 0.0013489209616483334 0.018714409664758392 0.041495962624262452 -0.026854729137806243 0.034083596818556355 0.0079331477340596358 0.033734478221877015 0.032995224699366318 0.030186335682152295 0.025820076038117808 -0.016949561797937027 -0.020773005646861003
leaf_weight=303.35264386236668 38.624110847711563 4916.0010829567909 58.263873942196369 35.547278545796871 20.711797125637531 16.151473961770535 70.465451143682003 300.49177448451519 127.36947097629309 174.67931962758303 41.481361098587513 107.46525817364454 113.38899387419224 427.10883891582489 65.688998937606812 121.7610934600234 41.371035896241665 32.409059278666973 235.21734326332808 35.067454725503922 808.99854277074337 42.680053368210793 341.60084809362888 45.532243445515633 77.068615280091763 16.50890189409256 46.69062976539135 41.790124833583832 79.614499248564243 130.10926358401775 83.277542397379875 364.37318632006645 37.898541405797005 33.08249406516552 17.889588102698326 110.18145445734262 20.134254969656467 46.425579898059368 14.068283118307589 26.690663799643517 270.31240118294954 79.730229467153549 593.96621951460838 35.602384023368359 259.5497810319066 20.717299774289131 94.672269627451897 218.27882151305676 5.6495110094547263 178.80068475008011 56.886078476905823 310.1994620859623 105.98301926255226 37.16186098754406 3362.3383206725121 14.784194372594355 22431.210812777281 10745.494405210018 10259.560299798846 508.00217745453119 38.676715493202209 35.096543595194817
leaf_count=2839 370 55744 390 199 60 45 223 976 1035 748 115 359 912 975 365 235 234 84 452 43 2009 154 786 75 141 46 67 61 528 354 342 850 162 118 124 975 59 357 56 151 1012 452 5794 212 1883 89 258 761 36 412 166 760 191 145 6591 102 42608 20437 20609 1126 129 122
internal_value=0.0246441 -0.0252641 0.0309023 -0.00439392 0.0312298 0.0179626 -0.0119445 0.0317056 0.00203874 0.0190163 0.0102719 0.00506598 -0.00654304 0.0230664 0.0254597 0.0193172 0.0150324 -0.00234557 0.0350767 0.022521 0.0319246 0.027994 0.0168153 0.00477439 0.0258053 -0.0173095 0.0190442 0.0128884 0.00842946 0.0201416 0.00378407 0.0265422 0.0373442 0.0297883 0.0288986 -0.0209824 -0.00393446 0.020377 -0.00628614 0.0022842 0.00868865 -0.0181885 -0.0259547 0.00130572 -0.0102568 -0.0136726 0.0301642 0.0213113 -0.0212926 0.0307462 0.0311275 0.0320147 0.0203336 0.0136901 0.0335483 0.0584191 0.0323572 0.0311772 0.0294068 0.0334746 0.022714 0.01485
internal_weight=59329.9 6609.81 52720.1 1693.81 52416.7 1818 1423.04 50598.7 557.675 862.28 430.305 388.824 281.359 1502.95 1374.66 909.652 787.891 128.291 270.765 787.507 49736.5 4944.53 687.625 346.024 425.199 74.7728 348.131 301.44 167.97 752.439 213.387 539.053 465.007 4256.9 88.355 865.368 197.175 81.344 315.047 362.692 297.003 95.8817 668.193 74.2265 294.335 280.267 4223.82 260.069 115.831 4129.15 4086.47 3872.57 453.344 347.361 3419.22 34.9184 44791.9 21814.1 11068.6 22977.9 546.679 213.897
internal_count=177713 67596 110117 11852 107278 6833 11201 100445 3296 2773 2261 2146 1787 4745 4164 3027 2792 581 651 2337 97672 10754 1837 1051 1264 436 1123 1056 875 2294 696 1598 1137 8917 347 7905 1529 518 2088 1528 1163 497 6376 582 2028 1972 8799 822 1011 8541 8387 7853 1096 905 6757 161 86918 43055 22618 43863 1255 534
is_linear=0
shrinkage=0.03


Tree=22
num_leaves=63
num_cat=0
split_feature=31 31 32 77 31 21 21 77 32 45 65 1 15 21 38 42 33 88 90 84 84 39 60 90 46 77 75 1 5 43 15 39 21 71 9 45 39 60 42 78 32 76 72 39 46 35 88 10 36 79 72 72 20 62 33 90 88 19 19 78 84 90
split_gain=19380.3 1076.31 1014.84 467.147 406.749 276.319 177.13 133.128 152.979 125.883 165.315 134.742 119.54 111.894 97.7244 95.4136 94.7222 94.3801 94.3501 92.6926 89.1748 94.7589 87.2113 84.587 83.5393 103.462 83.0456 81.4934 92.6009 81.3872 80.9615 90.2232 105.302 80.0001 78.8776 75.9188 75.4632 75.0311 86.7676 87.8303 78.0699 74.3768 93.6518 87.4561 85.1598 94.1277 79.2933 77.9003 106.713 73.6411 92.4941 73.3101 72.6081 72.5832 71.2895 71.2692 71.7144 71.0144 86.8861 70.8745 67.6298 67.4722
threshold=0.0026725000000000004 0.0066185000000000003 0.14085650000000002 698234.71000000008 0.00085050000000000002 388743.34835600009 371271.23846150009 -1761429.8799999997 0.24492100000000003 -0.011165 1.1851400000000003 1.0946050000000003 8.8195000000000019e-05 38955.299501500005 1.0872550000000001 0.0053280000000000011 3.1435000000000007e-05 -0.019253794999999997 1.2030875000000003 36.605000000000011 70.27500000000002 1.0461450000000003 0.005689500000000001 1.7840155000000002 4.8488000000000007 -4997185.6249999991 19.632150000000006 1.1794750000000003 1.1736650000000002 0.082716500000000012 -2.8049999999999998e-06 1.1346750000000003 388743.34835600009 0.0048130000000000004 1.0806550000000004 -0.0087184999999999988 1.1225650000000003 0.00020750000000000003 0.0005995000000000001 0.055850000000000004 0.39375650000000006 10.435 0.12907100000000002 1.1636550000000001 7.953450000000001 1.2136900000000004 0.11123990000000002 1.2136450000000003 1.2060900000000003 114725.84657800001 0.16590350000000004 -0.37390499999999993 -0.37474999999999997 7.915000000000003e-06 -5.5549999999999993e-06 2.4016950000000006 0.052639830000000006 406720.06000000006 -435345.64999999997 2.2060500000000007 65.015000000000015 1.7510210000000004
decision_type=2 2 2 2 2 2 2 2 2 2 2 2 2 2 2 2 2 2 2 2 2 2 2 2 2 2 2 2 2 2 2 2 2 2 2 2 2 2 2 2 2 2 2 2 2 2 2 2 2 2 2 2 2 2 2 2 2 2 2 2 2 2
left_child=2 3 -1 6 7 33 -2 8 19 11 14 -8 17 -10 23 16 27 60 -12 -4 37 -22 -20 -11 -16 -26 -23 28 29 57 31 32 36 -6 -35 -5 -19 40 39 -39 -15 -33 47 59 45 46 49 48 -43 50 -45 -17 -53 -25 -51 56 61 58 -7 -44 -9 -14
right_child=1 -3 4 35 5 15 9 12 13 10 18 -13 55 20 24 51 -18 30 22 -21 21 26 -24 53 25 -27 -28 -29 -30 -31 -32 41 -34 34 -36 -37 -38 38 -40 -41 -42 42 43 44 -46 -47 -48 -49 -50 54 -52 52 -54 -55 -56 -57 -58 -59 -60 -61 -62 -63
leaf_value=-0.024926179333665349 -0.0214998509712001 -0.032322227752298573 0.025336553911077701 -0.028409731551909886 -0.023533049659973965 0.025509119678489661 -0.011689642356933233 -0.0041744633101887182 -0.019982819622123872 -0.012916279733824787 0.085237809712627816 0.054356011805939256 0.019389500251204152 -0.031501600037089614 -0.024328349925530887 -0.015676001276872631 -0.0025205887841922266 0.022694175773124461 0.052262688534946346 -0.017245737976579373 0.037600570411043983 0.019184550889090615 -0.028789502693453439 -0.018954503275086524 0.087878150574453667 -0.029839002763773919 0.035388987919122553 0.034017489149654197 -0.024477109981200954 0.0024631409681813367 0.03363916521216697 0.0048551680979771255 0.029826970678669427 0.065079313359280258 -4.3278769088419978e-07 0.036549550047742303 -0.00089534094487767025 0.055214621015305249 0.029690230884339502 0.033326889300430144 0.020439804661046786 0.037697564873052827 0.031020887406998331 0.03703989122447645 -0.022481504002300454 -0.0088360450201574476 0.043631268436666773 0.054465594969374774 -0.011921526085078975 -0.0075765367896118169 -0.021560715427979785 0.021536333029037201 0.04085204937622882 0.050323223442964811 0.030636785022794558 0.04288461755240805 0.029107475072073417 0.056558194121485605 -0.02199489688650904 0.042923466396077664 0.038526297926364507 -0.0030215828552493116
leaf_weight=300.98062193393707 728.71635480970144 4798.2304282039404 80.472497582435608 16.088245071470737 141.7305708155036 317.16475221514702 44.42916564643383 109.50176583975554 40.865487471222878 75.224139980971813 23.242092661559582 69.29311990737915 309.8669975027442 26.76843386888504 336.21835738420486 28.248517341911793 188.01954070478678 810.31783642619848 22.37983550131321 104.48092819005251 396.04366920888424 2000.3619751855731 23.095502883195877 17.023569129407406 12.885191865265371 11.780004069209097 339.96454580128193 288.43367719650269 48.678349405527115 208.54144242405891 17743.162458792329 83.11640553176403 8662.9117382615805 17.120304740965366 211.33054314553738 245.48042789846659 140.71692889928818 245.47869376838207 11647.428779877722 582.82950933277607 358.13925169408321 1938.796877451241 2281.4268813803792 36.109073206782341 34.94969230890274 68.538960069417953 203.39817082881927 265.18387612700462 38.447792574763298 47.393664687871933 68.754080682992935 326.74207828938961 414.20931263267994 51.617775917053223 413.03708413243294 119.68363916128874 316.20416074991226 57.792278677225113 37.437652610242367 594.61492604762316 46.336824357509613 194.0520725697279
leaf_count=2854 6951 55856 319 94 1021 902 300 352 166 514 65 147 742 103 2687 138 747 1880 38 629 739 4652 151 112 25 102 626 680 228 804 32612 223 17076 49 1267 555 419 323 23565 1118 813 3401 4418 62 119 208 320 345 118 141 228 989 903 141 796 208 641 94 192 965 91 598
internal_value=0.0238926 -0.0250909 0.0298857 -0.00438168 0.0302002 0.0177776 -0.011206 0.0307631 0.0284568 -0.00023108 -0.00600353 0.0284147 0.0318183 0.0287777 -0.0120087 0.022365 0.0167953 0.0321159 0.0372151 0.00115693 0.0289087 0.0239101 0.0107196 0.00870971 -0.0203521 0.0315159 0.0215654 0.0206161 0.0147566 0.017915 0.0322248 0.0306213 0.0287785 -0.00587239 0.00500833 0.0323469 0.019175 0.0299679 0.0303742 0.0399085 0.0166775 0.033528 0.0339199 0.0309539 0.0224744 0.0244114 0.0274224 0.0388482 0.036712 0.0214706 -0.000939249 0.0305921 0.0324152 0.0326856 0.0266305 0.0211273 0.0178672 0.0256313 0.0203617 0.0335062 0.00849553 0.010711
internal_weight=59411.5 6475.7 52935.8 1677.47 52634.8 2285.45 1415.91 50349.4 15822.8 687.189 573.466 113.722 34526.5 15637.9 504.749 1915.27 1146.07 33586.7 68.7174 184.953 15597 2736.37 45.4753 143.865 360.884 24.6652 2340.33 958.048 669.614 620.936 33430.9 15687.7 9613.95 370.181 228.451 261.569 951.035 12860.6 12475.7 828.308 384.908 6073.77 5990.65 3748.22 872.181 837.231 768.692 2242.43 1977.24 565.294 104.863 769.2 740.951 68.6413 460.431 939.807 820.123 412.395 354.602 2876.04 155.839 503.919
internal_count=177622 67738 109884 11882 107030 8014 11233 99016 33053 4282 3835 447 65963 32105 3581 5677 3647 63774 254 948 31939 6017 189 767 2814 127 5278 2900 2220 1992 63331 30719 19375 2337 1316 649 2299 25922 25006 1441 916 11344 11121 7257 1874 1755 1547 3864 3519 1227 290 2030 1892 253 937 2189 1981 1188 1094 5383 443 1340
is_linear=0
shrinkage=0.03


Tree=23
num_leaves=63
num_cat=0
split_feature=13 31 77 21 32 68 8 13 60 37 19 39 69 85 18 84 21 16 13 21 77 79 61 32 89 79 16 91 31 13 60 62 19 12 36 19 87 85 88 62 68 31 13 55 18 13 40 90 46 88 4 41 70 74 6 37 70 60 60 84 83 90
split_gain=18674.4 1325.54 747.395 450.201 240.61 154.189 114.763 112.482 103.01 96.3128 94.3064 101.295 158.678 153.153 112.515 90.7876 86.3798 101.965 81.9151 148.952 107.231 101.384 89.266 81.0508 85.642 100.677 91.099 79.8268 86.9424 77.1513 92.0379 79.5072 76.5564 75.116 73.039 78.9492 72.0853 71.3394 67.8004 67.513 86.5006 66.9885 64.7682 64.5766 64.1926 63.3083 81.5386 60.4578 59.3311 76.4131 67.6065 65.555 67.6958 83.2574 107.603 108.564 67.7958 63.6442 73.9161 62.2693 60.6841 60.2301
threshold=0.0022785000000000006 0.0014325000000000002 698234.71000000008 371271.23846150009 0.24492100000000003 1.0818950000000003 1.1862350000000002 0.00057750000000000011 0.007841500000000003 1.0581050000000003 -4087843.5149999992 1.0844250000000002 1.0896150000000002 37.600000000000009 23.665000000000003 21.985000000000003 140183.38908350005 -1.4499999999999998e-05 0.00024250000000000001 525072.36079350009 -3620417.3299999996 1608766.8764345001 3.0954225000000002 0.10271350000000001 0.020941500000000005 519115.87460400007 6.5000000000000013e-06 0.0043324250000000009 0.00017150000000000002 0.0009515000000000002 0.0099420000000000012 1.6435000000000004e-05 -37538832.359999992 56.395000000000003 1.0826850000000003 -4289022.3299999991 85.302500000000023 1.0900000000000003 -0.00068747499999999989 -0.00076824999999999994 1.1507800000000004 0.00085050000000000002 0.0027965000000000004 16.710000000000004 9.2950000000000017 0.0009515000000000002 1.0859150000000002 2.4267255000000003 -0.28804999999999997 -0.051952199999999997 1816.5000000000002 61.785000000000004 33.545000000000009 -0.014147999999999999 1.1213950000000004 1.0971550000000001 37.685000000000009 0.0014475000000000002 0.00060050000000000001 30.870000000000001 4.3358705000000013 1.7350385000000002
decision_type=2 2 2 2 2 2 2 2 2 2 2 2 2 2 2 2 2 2 2 2 2 2 2 2 2 2 2 2 2 2 2 2 2 2 2 2 2 2 2 2 2 2 2 2 2 2 2 2 2 2 2 2 2 2 2 2 2 2 2 2 2 2
left_child=1 4 42 7 23 6 9 -3 -4 -5 -7 13 15 -12 -14 -13 17 -6 20 21 37 22 -20 -1 25 -25 45 32 -29 31 -31 -16 -21 -17 44 36 -36 -18 -19 40 43 -23 -2 -34 -9 46 -27 -10 49 50 59 -50 60 -54 55 -55 -56 58 -51 -41 -53 -59
right_child=2 3 8 5 16 10 -8 34 47 -11 11 12 14 -15 29 33 18 38 19 27 -22 41 -24 24 -26 26 -28 28 -30 30 -32 -33 39 -35 35 -37 -38 -39 -40 48 -42 -43 -44 -45 -46 -47 -48 -49 51 57 -52 52 53 54 56 -57 -58 61 -60 -61 -62 -63
leaf_value=-0.031279669602249392 -0.019199783903473436 0.094844199985568076 0.037438927482068174 0.05038421902684366 0.0056392069965797154 0.035714429377597272 0.035183941895498595 -0.023958414056844783 -0.014868966360406567 -0.034597152422652259 0.044669598149728124 -0.01616742929268751 -0.020508407294447802 -0.023119659719960939 0.052875538612366206 0.043414352658361577 -0.0033133126018865706 -0.012986870963633098 0.025336615306092412 0.0023046343529665625 0.032665596301951753 0.010042959034719388 -0.0017979450190055795 0.051280461918976152 -0.014395882197305867 0.047413663981971173 0.036795267029199878 -0.024893628016924043 0.021206105715575619 -0.0088948530805181818 0.019316633701459276 -0.012056928352040953 0.045367438685332502 0 0.039328497577874988 -0.021680110586418007 -0.031739280205811397 0.026254502564338669 0.029667729876788996 0.018615417970621072 -0.0049759939693288686 -0.03641981759941379 -0.032499436303760058 0.032898939571917217 0.051032338129363808 -0.024434402842665383 -0.026820397186216566 0.063838686536722422 0.03136569676613371 0.034349877792689186 0.030555885356569983 0.032927559472226933 0.038475558769213061 0.032090133574024265 -0.012050021709907658 -0.02757458001688657 0.028200757557679961 0.033271109199487219 0.0055686323020883608 -0.022250236554498187 -0.04108691516911403 0.023748945316689751
leaf_weight=45.064832456409931 370.94591245055199 7.3104992508888236 154.31875775754452 12.23044069111347 292.48141978681087 229.36849102377892 34.017100416123867 15.354487501084803 68.130109153687954 115.42768289148808 176.15783768892288 33.430805087089539 151.20272736251354 34.828243114054203 60.60318248718977 198.75795319676399 74.232574075460434 34.009749956429005 2664.4750280082226 93.648573905229568 13594.39651890099 212.65873563289642 111.49273854494095 66.556580856442451 87.357716053724289 32.566884413361549 65.808472834527493 45.936477795243263 164.50145311653614 232.74078068137169 185.78995445370674 22.03292778134346 500.83709454536438 44.188713625073433 37.104979701340199 577.81613736599684 18.068407483398914 1948.765297845006 588.73133876919746 56.761036425828934 46.779221832752228 30.991577580571175 4938.2267996147275 1869.781583994627 25.572202548384666 73.37673345208168 20.697809293866158 9.0061439126729947 13750.419337317348 119.03727431595325 73.864826112985611 15.667652025818823 719.12499660253525 47.3255455493927 36.228145986795425 62.384854018688202 11515.364770233631 1221.0885771811008 254.30679407715797 78.170197054743767 23.222622156143188 1280.4777206480503
leaf_count=353 3592 17 314 26 928 576 79 132 444 888 403 172 916 180 124 408 212 145 5817 278 24855 599 332 156 518 66 188 155 353 1269 775 122 761 194 209 5001 150 4015 1187 133 134 186 59098 3477 114 448 95 11 26234 225 153 30 1305 94 114 238 22813 2315 683 280 109 2754
internal_value=0.0231743 0.0285439 -0.0292761 0.0057802 0.0295131 0.0148159 -0.0127212 -0.0144717 0.0233415 -0.0258939 0.0180965 0.0144964 0.0101655 0.0332816 0.00203135 0.0291808 0.0296912 0.0204059 0.0298582 0.0290362 0.0316961 0.0226055 0.0242357 0.00596776 0.0109764 0.0196718 0.00837669 0.0296418 0.010931 0.00891867 0.00357319 0.035267 0.0297645 0.0355846 -0.0158408 -0.0183842 0.0153702 0.0251536 0.0272731 0.0298446 0.0347652 0.0038857 -0.0315796 0.0355638 0.0222821 -0.0063284 0.018052 -0.004596 0.0294358 0.0254028 0.00763242 0.0299089 0.0282912 0.0284161 0.0277899 -0.00150878 0.0280709 0.0266799 0.0148927 -0.00482825 -0.0104388 0.0284204
internal_weight=59671.2 54130.6 5540.63 2212 51918.6 1530.78 161.675 681.227 231.455 127.658 1369.1 1139.73 928.747 210.986 652.37 276.377 51527.2 915.223 50611.9 34994.5 15617.4 3019.62 2775.97 391.429 346.364 259.006 192.45 31974.9 210.438 501.167 418.531 82.6361 31764.5 242.947 673.916 632.99 55.1734 2023 622.741 31670.8 2417.4 243.65 5309.17 2370.62 40.9267 126.641 53.2647 77.1363 29253.4 3083.71 208.796 26169.7 12419.3 12380.4 11661.3 109.71 11551.6 2874.91 373.344 134.931 38.8903 2501.57
internal_count=177952 114493 63459 11755 102738 6132 993 5623 769 914 5139 4563 3980 583 3206 774 100914 2260 98654 69572 29082 6934 6149 1824 1471 953 797 62638 508 2290 2044 246 62130 602 5606 5360 359 4227 1332 61852 4372 785 62690 4238 246 609 161 455 57480 6543 566 50937 24703 24564 23259 332 22927 5977 908 413 139 5069
is_linear=0
shrinkage=0.03


Tree=24
num_leaves=63
num_cat=0
split_feature=13 31 77 4 32 68 67 19 35 10 12 14 77 13 48 75 4 41 31 90 49 10 6 79 79 75 78 78 86 9 86 36 19 14 57 34 78 8 84 64 48 90 32 35 4 71 13 78 84 20 33 9 41 48 36 78 64 82 77 31 13 53
split_gain=17440.2 1077.42 872.023 345.741 204.543 135.287 119.475 135.044 207.352 120.123 103.824 111.67 142.082 101.894 107.504 109.732 101.012 95.6095 93.5745 92.0776 92.4273 90.1632 113.722 87.1928 86.7573 99.2861 85.3599 74.2377 73.3094 71.9921 87.2456 125.33 102.128 91.9948 71.0402 72.2326 69.3497 66.4142 65.7591 71.6514 64.8552 64.9285 79.5311 67.9268 67.1952 65.9934 146.088 68.9888 64.6149 65.9439 64.0093 71.888 63.7608 63.7594 87.6478 60.2268 59.6034 83.2217 58.4439 71.3098 57.8591 57.8539
threshold=0.0022785000000000006 0.0014325000000000002 698234.71000000008 475.68500000000006 0.14085650000000002 1.0818950000000003 1.0884250000000002 -4247433.2999999998 1.0873350000000002 1.1119950000000003 51.685000000000009 0.51608300000000018 -37598420.254999988 0.0010265000000000003 -86172.894999999975 1.1996000000000002 21.542400000000004 45.865000000000002 0.0066185000000000003 0.83838000000000013 0.82895000000000008 1.0647450000000003 1.1865450000000002 184000.64258100002 452335.59456100006 -8.175049999999997 3.9176500000000005 3.1703500000000004 14.085000000000003 1.1117250000000003 12.935 1.1663650000000001 -4968345.1399999997 -0.050952999999999991 12.825000000000001 1.1848350000000003 -0.98254999999999992 1.0829850000000001 90.985000000000014 1.1435950000000001 -1078383.1999999997 2.7374635 0.47262750000000003 1.1331150000000003 308.88500000000005 0.012732000000000002 0.00023650000000000003 -1.2795499999999997 67.515000000000015 -0.28294999999999992 -1.5349999999999999e-06 1.0904650000000002 29.805000000000003 260950.43000000002 1.1024950000000002 -1.4826999999999997 1.0971250000000003 0.020015000000000002 -8581117.0599999968 0.00045450000000000004 0.0018455000000000001 0.011475000000000001
decision_type=2 2 2 2 2 2 2 2 2 2 2 2 2 2 2 2 2 2 2 2 2 2 2 2 2 2 2 2 2 2 2 2 2 2 2 2 2 2 2 2 2 2 2 2 2 2 2 2 2 2 2 2 2 2 2 2 2 2 2 2 2 2
left_child=1 4 -2 13 55 21 -7 27 26 53 11 12 -6 23 -15 48 -14 -11 -4 -13 36 -5 -23 -3 25 -12 37 -8 -22 -26 31 32 -31 -34 50 40 -21 -9 -37 -40 -36 43 -43 44 45 47 -47 -42 -16 -50 51 -18 -46 -10 -55 -1 -25 -58 59 -32 -17 -56
right_child=2 3 18 5 10 6 7 8 9 17 24 19 16 14 15 60 34 -19 -20 20 28 22 -24 56 29 -27 -28 -29 -30 30 58 -33 33 -35 35 38 -38 -39 39 -41 41 42 -44 -45 52 46 -48 -49 49 -51 -52 -53 -54 54 61 -57 57 -59 -60 -61 -62 -63
leaf_value=0.040590574745929218 -0.031468395972961583 0.05709542887935444 0.033673297602983231 0.056119800586439207 -0.032761336928843358 0.033915034488188278 0.044015229656139618 0.011365693623175785 -0.027646868022791343 0.048256133809317078 -0.0050690004531753234 0.051776331217779754 0.01103633357700225 -0.030255209715679573 -0.03038101680188857 0.038323317982421952 0.0079245055648567934 0.0041412382820540114 -0.018680764028172134 0.045079121338342854 0.052816351451643713 -0.030276559877693475 0.032211313291339048 -0.02785996523596921 0.032748300854983321 0.031812678521156185 -0.010331956476519581 -0.014279818061081497 -0.01224181672655851 0.021118116859684739 -0.023953902431428812 0.028773817659168092 -0.021961960002798948 0.010740104409617559 0.026557692712309067 0.033804152349600096 -0.017086288078595867 0.047188574237040003 0.024207063973108772 -0.037322503776124075 -0.019091743148346985 0.042135757275228836 0.0015547303872342313 0.035880580877356967 -0.0013606575857334911 0.027642991211131972 -0.010467946934338172 0.032013928490964259 -0.022287003512476575 0.066147525429927106 0.027349123531994844 0.023430954241286276 0.03173534350059723 -0.030856972292544135 0.037864792854337602 -0.0232367866936425 -0.015715866339401759 0.054643479375040126 0.028932755542563811 0.037002638099737271 -0.018658848830491074 -0.021677622391398862
leaf_weight=14.436662442982195 5170.4273958951235 28.486721642315388 211.7258070781827 15.467619508504866 33.924234792590141 314.80503953248262 156.35516261309385 68.876368299126625 164.16813910752535 50.448318399488926 64.347040511667728 36.481358572840691 336.20501590520144 279.27755811065435 101.83028645813465 64.358655415475368 307.75296430289745 332.85017102211714 34.472104929387569 16.86183862388134 44.465696856379509 125.99698668718338 31.727620050311089 43.179640606045723 2234.7971922010183 13484.89969342947 38.645298168063164 21.140950798988342 22.232811041176319 788.4208916425705 40.901631206274033 1136.0357871055603 101.44779407978058 313.52721573412418 10361.677053153515 3016.1959980875254 153.89968071877956 167.05556869506836 55.752913996577263 23.171910062432289 23.900912687182426 61.875038832426071 146.48497499525547 1941.5937510505319 51.653180807828903 210.38331051170826 156.16254674643278 395.28420276194811 14.536743625998499 13.447275325655935 5837.5657214224339 2645.9289997220039 2503.4559712633491 45.559157140552998 53.037201195955276 87.745019294321537 29.895351395010948 28.063689902424812 5548.4616397023201 28.341785043478012 19.784192562103271 18.727021910250187
leaf_count=55 62652 101 502 28 144 846 328 270 1233 91 207 55 929 2773 872 252 852 1534 268 31 67 991 74 352 4249 24370 210 108 89 1687 139 2221 354 788 20868 5388 638 414 112 88 84 105 393 3395 158 415 492 811 116 44 11652 5627 4944 293 181 638 229 112 10876 48 167 105
internal_value=0.0224931 0.0276001 -0.0288385 0.00714624 0.0284718 0.0145151 0.0175518 0.0128866 0.0082899 -0.000734967 0.0285552 0.0273131 0.0274993 -0.0117852 -0.018023 -0.00185038 0.0275744 0.010136 0.0261755 0.00806027 0.00102934 -0.0103717 -0.0173939 0.011677 0.0300376 0.0316349 0.0301726 0.0368627 0.0308267 0.0279083 0.0265413 0.0215969 0.0147785 0.00263982 0.0277733 0.0288249 -0.0105464 0.0369494 0.0330948 0.00552601 0.0279873 0.0306744 0.0138928 0.0313279 0.0286631 0.0208195 0.0113403 0.0289901 -0.0192235 0.0199898 0.0255005 0.0218287 0.0310543 -0.0156273 0.00102936 -0.0136222 -0.00125564 0.0181922 0.0285908 0.000740509 0.0245112 0.0218304
internal_weight=59870.6 54454 5416.63 2227.72 52226.3 1604.86 1431.67 1116.86 939.367 664.79 52124.1 28382.9 28109 622.86 493.235 213.957 28075 383.298 246.198 273.941 237.46 173.192 157.725 129.625 23741.2 13549.2 274.577 177.496 66.6985 10191.9 7957.14 2339.43 1203.4 414.975 27738.8 18947.6 170.762 235.932 3095.12 78.9248 15852.5 5490.79 208.36 5282.43 3340.84 785.731 366.546 419.185 129.814 27.984 8791.25 2953.68 2555.11 281.492 117.323 102.182 101.139 57.959 5617.71 69.2434 84.1428 71.7642
internal_count=178115 114693 63422 11724 102969 6706 5613 4767 4331 3437 102276 57337 56457 5018 4224 1451 56313 1625 770 880 825 1093 1065 794 44939 24577 894 436 156 20362 16113 5050 2829 1142 55384 37253 669 684 5588 200 31665 10797 498 10299 6904 1802 907 895 1032 160 18131 6479 5102 1812 579 693 693 341 11063 187 419 286
is_linear=0
shrinkage=0.03


Tree=25
num_leaves=63
num_cat=0
split_feature=13 13 4 13 48 48 48 13 21 60 44 21 70 41 87 61 68 63 68 41 30 82 91 83 45 61 49 82 78 12 64 65 61 63 87 0 83 79 76 18 21 78 14 45 64 67 48 35 67 70 90 84 79 85 45 14 67 78 50 90 13 82
split_gain=16320 964.292 562.422 321.456 234.297 183.358 149.227 132.565 176.489 126.399 97.1736 94.8698 86.7858 78.9148 76.0318 127.38 102.031 135.119 108.333 98.9287 75.9919 73.8438 73.209 71.4137 97.4717 67.1486 67.1598 66.087 64.3663 62.7803 82.6234 69.33 64.608 59.7665 88.2964 59.4295 59.3362 58.1568 86.1565 58.048 97.6441 61.4401 58.1831 56.8528 55.6139 69.734 83.5235 55.4793 81.3481 55.7781 55.3031 54.7915 65.6429 54.4543 58.6998 100.796 54.426 53.7284 68.4539 53.2972 52.6915 52.4465
threshold=0.0022785000000000006 0.0011505000000000003 834.5150000000001 0.0034205000000000004 137097.49500000002 -515723.9499999999 439605.27000000008 0.00078450000000000015 621377.82430800016 0.0074815000000000012 0.0025362350000000004 107905.11714050001 36.375000000000007 70.975000000000009 193.07950000000002 1.9530115000000003 1.0821450000000004 1.0319400000000003 1.0881700000000001 47.025000000000013 5.0255000000000006e-05 0.13032500000000002 -3.2199999999999997e-06 3.5800655000000003 -0.012000499999999999 2.0409950000000001 -0.89094999999999991 0.087695000000000009 1.6705500000000002 42.725000000000001 1.0847450000000003 1.1538250000000001 1.5548255000000004 0.99469000000000019 30.572000000000006 1.1394150000000003 4.4893940000000008 1120863.462732 33.365000000000002 62.515000000000008 178660.80772300003 -0.69679999999999986 -0.45516699999999993 0.010469500000000001 1.0625850000000001 1.0825850000000001 -46450.18499999999 1.1128050000000003 1.0930500000000001 71.415000000000006 1.7622120000000001 52.225000000000001 1034191.9793830001 7.8750000000000009 0.00027550000000000008 0.034656000000000006 1.1056650000000003 4.1857000000000015 105458.06375650001 1.8174015000000001 0.0013375000000000004 0.014175000000000002
decision_type=2 2 2 2 2 2 2 2 2 2 2 2 2 2 2 2 2 2 2 2 2 2 2 2 2 2 2 2 2 2 2 2 2 2 2 2 2 2 2 2 2 2 2 2 2 2 2 2 2 2 2 2 2 2 2 2 2 2 2 2 2 2
left_child=1 7 5 4 10 -3 9 20 25 47 -2 -7 43 -11 16 57 17 -4 -18 28 33 27 23 24 56 26 -9 29 -20 30 -10 32 -32 34 -1 -8 -25 -29 -39 40 -35 -41 -42 -13 -17 -46 -47 48 49 -6 -33 52 -21 -24 60 -56 -14 58 -16 -48 -55 -28
right_child=3 2 14 -5 6 11 35 8 21 13 -12 12 22 -15 15 44 18 -19 19 51 -22 -23 53 36 -26 -27 61 37 -30 -31 31 50 -34 39 -36 -37 -38 38 -40 41 42 -43 -44 -45 45 46 59 -49 -50 -51 -52 -53 -54 54 55 -57 -58 -59 -60 -61 -62 -63
leaf_value=-0.017013488968275484 -0.03055732936627651 -0.027792184946955227 0.029389292185681481 -0.031861375232192735 0.041277022143563026 -0.029505646494147476 -0.024938018770784068 -0.020338994115688638 -0.011854079480052324 -0.01595351115475677 0.080673284821079827 -0.027162487595939002 -0.0030352294183497689 0.061556049087179973 -0.018516563080767937 0.042952599985816547 0.043711647615673879 -0.0251562203640249 0.017085105857776884 -0.010226842737692393 0.029495664920790955 0.03782107345312398 -0.035083861737322392 0.06937569926965792 -0.015257386609066285 -0.013694163769675709 -0.002538290861692214 -0.013427663309177978 -0.033395140380760753 0.027145308397768495 0.044527600848261378 -0.02877383919730522 0.007819110733789306 0.013177109073912207 0.028584068727605133 0.050661296147193155 0.019213134330699769 -0.02770970873941957 0.028006999263793301 0.032801526511162075 0.034855043071337001 0.027563360015142341 0.026051875168638043 0.021034795247283338 -0.037927294189570367 -0.0078894947033185184 0.041034843035940891 0.074033688676281018 -0.032568417979570267 -0.013491867460326604 0.021882794359341293 -0.001836000803827686 0.039158231785757849 0.022459546375934468 -0.013398583230283801 0.055381314196454118 0.063599306996139984 0.0038691060090713689 0.036288390291211052 -0.0038866737724523939 -0.023884400516272379 0.027535115187329359
leaf_weight=68.268705070018768 383.88792718946934 325.98621791601181 59.202414952218533 4424.9653749540448 110.81987953186035 84.071364365518093 148.66544339805841 47.628879465162754 89.654306970536709 108.36730828136206 6.1256975159049025 101.32121416926384 15.546207457780836 12.172138027846811 19.916838936507702 35.586375042796135 117.1716865003109 125.03375463932753 33.830868363380432 28.105177611112595 18242.901908278465 322.0967910438776 34.351969584822655 42.987862274050713 66.11162805557251 139.50870790332556 73.440614968538284 79.862836122512817 62.265626721084118 1355.1181399673223 117.37855640053749 37.200612172484398 72.157151825726032 528.63070648908615 83.289050862193108 8.8226703703403455 47.265905164182186 29.376009255647659 132.26744993031025 2742.3444646149874 733.74750277400017 9108.4904856309295 17508.452776633203 26.56223701685667 31.231650471687317 121.4589456319809 78.722879305481911 24.549559578299522 18.157947316765785 18.272197529673576 38.132256880402565 65.700327694416046 131.2314722687006 30.820086464285851 32.443311609327793 42.94098424911499 30.56271555274725 59.02974197268486 604.74251677840948 31.975192226469517 68.845452710986137 164.54509057104588
leaf_count=222 4452 3086 145 55567 230 722 1598 257 310 891 31 811 82 40 101 89 233 752 144 136 34303 555 247 103 433 822 399 284 405 2953 183 146 200 1392 161 75 210 115 271 4793 1280 17666 34764 134 192 573 192 54 173 143 81 311 337 116 195 136 70 240 1403 138 478 627
internal_value=0.0217947 0.0266873 0.00867498 -0.0286279 -0.0115383 -0.0095954 0.00315966 0.0275765 0.0210378 0.0158833 -0.0285317 -9.30211e-06 0.00457555 -0.00743765 0.0195037 0.0247264 0.0111852 -0.00740259 0.0190657 0.00987218 0.0279354 0.0243565 0.0113201 0.0241417 0.00771236 0.00320597 0.0115845 0.0221002 -0.0153216 0.0241827 0.0127296 0.0211769 0.0308243 0.0270086 0.00787126 -0.0202206 0.0439327 0.00719533 0.0175888 0.027102 0.0260392 0.0287807 0.0264095 -0.0168333 0.00822113 0.00327039 0.0090802 0.0323679 0.0247665 0.0332501 -0.00278851 0.0207835 0.0302507 -0.000990577 0.0056908 0.0255997 0.0409083 0.0318778 0.0344662 0.027872 -0.00917446 0.0181574
internal_weight=59534.3 54269.5 2555.02 5264.81 839.841 949.817 449.827 51714.5 2698.37 292.339 390.014 623.831 539.76 120.539 1605.21 982.664 622.541 184.236 438.305 321.133 49016.1 2273.24 411.876 202.474 112.221 425.123 285.615 1951.15 96.0965 1709.64 354.523 264.869 189.536 30773.2 151.558 157.488 90.2538 241.506 161.643 30621.7 18770.8 11850.8 18242.2 127.883 298.975 263.389 232.157 171.8 147.25 129.092 75.3329 225.037 159.337 209.402 175.05 75.3843 46.1089 683.689 624.659 110.698 99.6655 237.986
internal_count=177252 113998 12214 63254 7687 6823 3204 101784 7203 1531 4483 3737 3015 931 5391 2928 2463 897 1566 1333 94581 5098 2070 898 585 2105 1283 4543 549 3873 920 610 383 60278 383 1673 313 670 386 59895 37436 22459 36044 945 1184 1095 903 600 546 373 227 784 473 1172 925 331 152 1744 1504 330 594 1026
is_linear=0
shrinkage=0.03


Tree=26
num_leaves=63
num_cat=0
split_feature=13 31 77 21 21 13 68 91 15 21 9 42 13 37 14 76 75 66 13 31 4 60 42 75 13 21 38 42 64 16 48 88 91 67 12 50 64 77 64 63 62 14 34 48 42 70 38 34 48 88 43 88 86 36 67 13 66 41 60 41 8 83
split_gain=15348.3 1064.86 807.42 388.693 141.483 114.737 113.891 119.483 110.339 113.459 107.97 107.491 100.281 93.1126 88.1127 87.1332 83.7489 121.695 79.6924 77.3837 72.8376 86.9938 92.0141 72.2658 80.5732 106.194 84.2178 101.704 104.174 85.1279 78.2973 80.6595 76.3939 87.7074 104.037 115.958 85.6056 75.9655 80.8585 86.9929 76.7941 86.2735 71.9634 71.6888 97.4149 71.6773 86.0092 121.924 102.31 70.3151 70.0134 70.0033 69.9525 76.0356 74.347 78.8833 68.8784 78.5696 116.651 77.5264 69.8583 68.6066
threshold=0.0022785000000000006 0.0014325000000000002 698234.71000000008 289566.51157450007 140183.38908350005 0.00066450000000000005 1.0818950000000003 -3.2789999999999996e-05 -0.00016062999999999996 650913.33035650011 1.1857750000000002 0.0031825000000000004 0.00030350000000000006 1.0581050000000003 -0.24194999999999997 30.415000000000003 -0.24189999999999998 1.0424800000000001 0.0013375000000000004 0.00069250000000000008 1973.5200000000002 0.0007375000000000002 0.0034715000000000002 -0.21374999999999997 0.00023050000000000005 506501.72456050006 1.1365350000000003 0.0018245000000000004 1.0837350000000001 3.9500000000000005e-05 -440868.54999999993 0.16814172500000002 -0.00056771499999999989 1.0710050000000002 51.565000000000005 143253.05494900004 1.0600850000000002 -3540148.2699999996 1.0981500000000002 1.0830850000000003 -2.9674999999999996e-05 -0.023637999999999996 1.0480650000000002 -467803.84999999992 0.00072850000000000009 28.615000000000006 1.0853150000000003 1.1023450000000004 260950.43000000002 0.00047603500000000003 -0.19740199999999997 0.013892940000000001 28.015000000000004 1.1296150000000003 1.140395 0.00074450000000000004 1.0387200000000003 64.085000000000022 0.018388500000000006 65.545000000000016 1.1709450000000003 6.8989590000000005
decision_type=2 2 2 2 2 2 2 2 2 2 2 2 2 2 2 2 2 2 2 2 2 2 2 2 2 2 2 2 2 2 2 2 2 2 2 2 2 2 2 2 2 2 2 2 2 2 2 2 2 2 2 2 2 2 2 2 2 2 2 2 2 2
left_child=1 4 -2 5 12 -3 10 45 9 -6 13 -4 -1 -5 -9 -11 17 -10 49 -20 21 51 -23 -18 37 26 27 28 -26 -29 31 32 33 34 35 -27 -37 38 39 -25 -41 -42 -17 -7 -45 -8 -47 -48 50 -19 -49 -16 54 -54 -34 -56 57 -33 -59 -60 -61 -14
right_child=2 3 11 6 8 43 7 14 16 15 -12 -13 61 -15 20 42 23 18 19 -21 -22 22 -24 24 25 30 -28 29 -30 -31 -32 56 52 -35 -36 36 -38 -39 -40 40 41 -43 -44 44 -46 46 47 48 -50 -51 -52 -53 53 -55 55 -57 -58 58 59 60 -62 -63
leaf_value=0.020101680239004514 -0.031125034974679382 0.072722936690882672 0.045127180490533131 0.047660235559058108 -0.023036558902756511 -0.030636855769112029 -0.02845053316758523 -0.024187014569017028 -0.01852268481688019 -0.021318514870532147 0.035860044078167792 0.0052232650137712536 -0.011735647993343494 -0.031181658076921658 -0.016387267850437068 -0.011859215895323676 0.040225431022368453 0.023158451262490866 -0.032113468614646305 0.022465193723649846 0.029372935655035553 -0.013544121847747007 0.012244427432658026 0.022985822805212566 0.020157963468136548 -0.0076377871690166453 0.026232273957676827 0.010561049743198053 -0.019049912474621018 0.02633632017535445 0.030191576502354579 0.034934069310324972 0.0266238479853107 0.02519261383269307 0.023530512682471787 0.021760117490950671 -0.0081248255459396724 0.029957105808105178 0.033732815418299686 -0.045430029200697428 -0.021740900407706969 0.019245434247096536 0.026347741681368043 0.043815237348060428 -0.014474820230984679 0.04629094345305438 -0.017438354664835242 -0.02536099644908588 0.044267696726447571 0.033492600997980099 0.019967299384435373 0.042885760598969612 0.023991744021741084 0.031250378801290231 0.021038843221892721 -0.013607737936831826 0.041222328471201435 -0.02299603782436133 -0.025639934270292389 -0.0095888454703730325 0.029472801899481718 0.032251156538046832
leaf_weight=733.22759494185448 4915.6665643826127 11.416737616062163 116.83014784753323 13.94669935852289 66.180147029459476 254.15443134307861 21.18792587518692 71.941348873078823 59.855098754167557 43.902321353554726 34.409909889101982 130.01549904793501 169.26946468651295 123.55267953872681 21.398644149303436 48.020446069538593 401.10336253046989 5221.2094469070435 43.962966047227383 47.406386829912663 144.55773404240608 229.64353159815073 269.48444500565529 722.59840328991413 107.68063528835773 251.58197239041328 1371.2986231222749 569.68582859635353 137.63908839225769 697.10942976921797 5480.6169581338763 779.68293169140816 5920.6035130769014 3902.7238195315003 1060.2015068233013 492.51150743663311 102.3584910184145 12076.048766791821 407.27412644028664 25.755681872367859 61.790544554591179 170.57599188387394 409.61693432182074 27.760522536933422 238.63839340209961 147.89326550066471 66.379661798477173 33.527828484773636 167.67624083161354 692.02311429381371 249.66415291279554 82.848194487392902 1917.9577379971743 4529.8068377077579 2177.3090906590223 59.088310360908508 546.53972935676575 49.543776869773865 25.470020890235901 42.92963133752346 538.85060459375381 38.120759852230549
leaf_count=1686 62697 37 164 29 409 2682 150 443 224 178 74 620 745 997 138 188 637 11179 262 128 403 1426 1124 1471 250 709 2777 1496 539 1418 10089 1310 11455 7655 2116 1019 303 21747 711 101 201 361 864 93 1847 307 398 222 356 1216 910 179 3858 8151 4510 189 832 161 85 123 988 93
internal_value=0.0209654 0.0256563 -0.0284631 0.00524011 0.02652 -0.0170605 0.0123333 0.0149818 0.0267325 0.0134383 -0.0106506 0.0243364 0.0148921 -0.0226817 0.00718518 0.0183473 0.0268805 0.023521 0.0239481 -0.00353427 0.0102711 0.00560398 0.000316045 0.0273359 0.0272174 0.0263552 0.0208087 0.0158563 -0.00170625 0.0192797 0.026927 0.0261255 0.0255532 0.022595 0.0172518 0.00933378 0.0165625 0.0291829 0.0224091 0.0176465 0.00255254 0.0081714 0.0222561 -0.0192228 -0.00814728 0.0242278 0.0259911 0.0200509 0.0256631 0.0243784 0.0144248 0.0303937 0.0267262 0.0290999 0.0248428 0.0201044 0.0319866 0.0284256 0.0206123 0.0242515 0.0265275 -0.00339043
internal_weight=59571.7 54409.2 5162.51 2210.08 52199.1 531.97 1678.11 1506.2 51258.5 567.72 171.909 246.846 940.618 137.499 819.874 501.54 50690.8 6064.46 6004.6 91.3694 747.933 603.375 499.128 44626.3 44225.2 30761.2 2883.41 1512.11 245.32 1266.8 27877.8 22397.2 20414.1 5809.38 1906.65 846.452 594.87 13464 1387.99 980.721 258.122 232.367 457.637 520.553 266.399 686.329 665.141 517.248 450.868 5913.23 283.192 104.247 14604.8 6447.76 8157 2236.4 1983.02 1436.48 656.794 607.25 581.78 207.39
internal_count=177730 114249 63481 11815 102434 4659 7156 6056 99910 1639 1100 784 2524 1026 3713 1230 98271 13009 12785 390 3270 2867 2550 85262 84625 60033 6480 3703 789 2914 53553 43464 39965 11802 4147 2031 1322 24592 2845 2134 663 562 1052 4622 1940 2343 2193 1886 1488 12395 1132 317 28163 12009 16154 4699 3499 2667 1357 1196 1111 838
is_linear=0
shrinkage=0.03


Tree=27
num_leaves=63
num_cat=0
split_feature=31 31 32 21 31 68 44 90 68 68 46 68 68 8 75 66 21 1 72 48 75 34 90 31 72 38 35 32 31 68 32 36 86 78 50 19 10 19 86 86 12 41 46 85 45 12 62 61 10 32 79 71 78 85 75 32 90 72 43 9 82 20
split_gain=14396.3 787.332 774.257 301.133 186.299 162.627 143.079 132.53 131.52 105.769 124.377 104.741 111.535 100.241 94.8618 129.872 114.061 89.3494 106.493 87.6369 102.934 102.428 95.1998 113.89 99.7693 82.4173 80.7986 89.4678 79.1095 77.0599 76.3018 74.0638 67.0065 76.1674 93.9664 77.0359 71.9145 70.5103 70.2678 68.2862 75.161 96.1559 77.0531 72.7912 71.6583 77.3959 76.9376 68.2058 65.4343 64.5254 65.9721 84.9907 63.9147 62.7926 61.807 61.5337 67.4728 91.4267 87.5226 81.2979 97.8344 72.222
threshold=0.0046085000000000006 0.0014325000000000002 0.14085650000000002 371271.23846150009 0.0066185000000000003 1.0925350000000003 0.0025362350000000004 2.0311425000000005 1.0818950000000003 1.0874050000000002 -0.83304999999999985 1.0901750000000001 1.0872050000000002 1.1862350000000002 -0.24189999999999998 1.0444650000000002 611483.65302100021 1.0629550000000003 -0.21073199999999997 207734.42000000001 -0.82779999999999987 1.1813250000000002 1.5474060000000003 0.0028045000000000006 -0.11720899999999998 1.0859050000000001 1.1167450000000001 1.3991375000000004 0.0002065 1.0826500000000003 3.2591450000000006 1.0826850000000003 1.2350000000000001 3.1173000000000006 38181.309880000008 -5194397.4549999991 1.2109450000000002 -37538832.359999992 36.455000000000005 47.760000000000012 42.445000000000007 67.885000000000005 0.064150000000000013 31.715000000000003 -0.0022544999999999996 57.275000000000013 0.0010394400000000002 0.94635350000000018 1.0647450000000003 0.497477 3391866.6684185006 0.0070155000000000009 -1.5293499999999998 11.120000000000003 -0.21374999999999997 0.78558600000000012 2.3659570000000003 0.64982000000000018 -0.30279549999999994 1.1807350000000001 0.012815000000000002 -0.099049999999999985
decision_type=2 2 2 2 2 2 2 2 2 2 2 2 2 2 2 2 2 2 2 2 2 2 2 2 2 2 2 2 2 2 2 2 2 2 2 2 2 2 2 2 2 2 2 2 2 2 2 2 2 2 2 2 2 2 2 2 2 2 2 2 2 2
left_child=1 2 52 7 5 9 -7 11 13 48 -11 12 -3 -5 15 -4 17 -17 28 21 -21 22 -10 24 -24 -25 29 -28 -19 -26 31 -13 -18 34 -34 47 37 -36 -38 40 41 42 -39 44 45 46 -41 -35 -2 -37 51 -51 -1 -29 -16 -56 57 61 -58 60 -59 -57
right_child=4 3 14 8 -6 6 -8 -9 19 10 -12 30 -14 -15 54 16 32 18 -20 20 -22 -23 23 25 26 -27 27 53 -30 -31 -32 -33 33 35 36 49 38 39 -40 43 -42 -43 -44 -45 -46 -47 -48 -49 -50 50 -52 -53 -54 -55 55 56 58 59 -60 -61 -62 -63
leaf_value=0.028769978172534023 0.064717879437965864 -0.010385447108194114 -0.015820348997750935 -0.024201004879988795 -0.03179090402064827 -0.032092400182535161 0.09306565127020805 -0.031334704859368206 -0.011289797843643019 -0.022639245708920116 0.042967120973740551 0.031201960938794203 0.043767382481893678 0.031901899270511305 0.037870613782232075 -0.012153336884343755 0.037991922630116172 0.014702526831990741 0.030536570375142805 0.0020798032757289742 0.034052111160603922 0.045133192811837808 0.040765875345511189 0.020140774485771909 0.050519396562443863 -0.022318494414234797 -0.017913089456389801 -0.0016368596443386728 -0.021712945633261978 -0.017226599222268085 0.056130349773156889 -0.017770205811616233 0.0059522022749320331 -0.025944008397699937 -0.0074328252221625545 -0.00085691036295809154 -0.027260178497405835 0.021269214692871741 0.026986950106148922 -0.017538998566835284 0.031523875969078248 -0.0068315247835911055 0.048225027724199482 -0.0078869244566572589 0.029478428015698898 0.032604102641549129 0.042484658134043646 0.013885871832322233 -0.02047090501033751 -0.0069038910665551951 0.035794937143708988 0.023560246749534341 -0.02890390178074043 0.041305118389782361 0.026446301765475518 0.015426325092505612 -0.0091095101007884587 -0.037164367264059958 0.034613667035095469 -0.047271825842229512 0.03615950336724056 0.02912371938292372
leaf_weight=17.257185108959675 7.6060911417007437 57.847192607820034 77.644464299082756 123.25927916169167 4207.088879942894 275.17083209007978 7.4118820726871482 181.17671886086464 170.86216646432877 35.072933979332447 89.664208270609379 29.331227622926235 79.257365956902504 35.962062776088715 427.60760287940502 124.94339709728956 305.59658402204514 150.75831409543753 232.87102217227221 118.57934659719467 415.82312839478254 74.773570626974106 157.61014231294394 62.95977783203125 16.47472058236599 112.74926994740963 38.222617909312248 37.591234847903252 81.898932211101055 106.13979989290237 13.819096617400644 297.78413611650467 226.84409772604704 68.860530912876129 52.562711611390114 118.73782157897949 44.167924255132675 806.06021519750357 39.900628864765167 106.33529478311539 2461.5032197460532 94.731224879622459 110.93462777137756 83.721886947751045 372.83949230611324 67.762439012527466 22.263191550970078 85.048200897872448 117.49910733103752 108.95794777572155 234.17385272681713 316.47459767758846 252.4626704454422 137.06587065011263 43388.853432580829 1063.7308357805014 43.587283700704575 24.578875258564949 470.28322713077068 32.879871919751167 43.850383907556534 531.51970586180687
leaf_count=87 7 455 293 955 55741 3196 22 1850 1003 252 307 163 206 80 688 536 513 383 520 525 971 136 384 222 23 869 196 161 368 542 65 2617 581 246 165 366 151 1743 76 356 4556 271 164 247 705 122 35 213 1162 328 409 653 2745 294 82581 2642 141 114 869 141 77 1033
internal_value=0.02049 0.0248165 0.0255616 0.00748377 -0.0296696 -0.0128228 -0.0283872 -0.00955478 0.0144888 0.00470455 0.0242483 -0.00118938 0.0207922 -0.0112222 0.0258229 0.0223544 0.0228308 0.0101649 0.0162324 0.0173408 0.0270309 0.0116218 0.00855181 0.0136748 0.0210686 -0.00690691 0.0116323 0.0228028 0.00171726 -0.00754638 -0.0101518 -0.0132059 0.0241293 0.0233356 0.0249692 0.0154175 0.0259726 0.0265255 -0.00114616 0.026967 0.0286588 0.0216343 0.0246119 0.0178916 0.0217431 0.00682867 -0.00666848 -0.00379325 -0.0145816 0.0192547 0.0229163 0.0156898 -0.0250104 0.0319353 0.0263037 0.0261937 0.0212126 0.0182635 0.0308362 -0.00909419 0.00923451 0.0200243
internal_weight=59699 54959.5 52692.2 2267.29 4739.51 532.425 282.583 659.216 1608.07 249.842 124.737 478.039 137.105 159.221 52422.5 6395.59 6317.95 590.472 465.528 1448.85 534.402 914.449 839.676 668.813 493.104 175.709 335.494 212.88 232.657 122.615 340.934 327.115 5727.48 5421.88 4489.63 932.253 4262.78 4178.71 84.0686 4126.15 3473.23 1011.73 916.995 652.922 569.2 196.361 128.598 153.909 125.105 778.344 659.606 425.433 269.72 174.657 46026.9 45599.3 2210.43 1696.56 513.871 101.309 68.4293 1595.25
internal_count=177522 116835 105118 11717 60687 4946 3218 5356 6361 1728 559 3506 661 1035 102286 14000 13707 1807 1271 5326 1496 3830 3694 2691 1600 1091 1216 651 751 565 2845 2780 11900 11387 9172 2215 8591 8364 227 8199 6734 2178 1907 1465 1218 513 391 459 1169 1756 1390 981 2832 455 88286 87598 5017 4007 1010 332 191 3675
is_linear=0
shrinkage=0.03


Tree=28
num_leaves=63
num_cat=0
split_feature=13 13 77 21 64 10 13 21 77 91 10 91 73 88 69 4 42 41 7 48 48 75 15 69 14 21 13 75 4 49 15 61 48 35 70 78 68 64 42 72 1 75 42 39 10 69 73 35 4 79 90 47 91 12 33 85 91 62 50 78 65 65
split_gain=13795.8 766.398 701.776 428.018 135.404 127.81 124.383 160.837 118.905 113.056 169.984 131.534 109.126 96.8093 93.7117 109.433 92.5765 88.5361 81.6267 81.0119 78.3863 94.0693 75.6706 163.938 74.0298 72.5475 126.532 85.9552 69.8233 75.409 74.7424 68.7055 85.4464 68.5172 67.3815 65.8934 77.3384 83.3867 87.9501 85.3738 74.4558 74.2052 68.7857 67.0903 70.9756 80.9062 73.8324 70.5142 81.7177 65.4218 74.7827 64.1401 62.7506 64.9026 78.298 65.9607 62.6446 62.2993 61.9223 75.6123 110.271 71.9948
threshold=0.0022785000000000006 0.0011505000000000003 394337.48500000004 289566.51157450007 1.0950450000000003 1.1139550000000003 0.00078450000000000015 371271.23846150009 1064801.1600000001 -3.2789999999999996e-05 1.1130750000000003 -0.00024708499999999992 0.0016270200000000001 -0.0002866299999999999 1.1108050000000003 1074.4150000000002 0.0029285000000000005 34.045000000000009 1.1874450000000001 -265395.10999999993 -411792.86999999994 1.7435500000000002 -6.6284999999999979e-05 1.0931150000000003 -0.37515199999999993 572919.53494200006 0.00046650000000000006 -0.09909999999999998 963.18000000000018 1.41205 -0.00029866499999999993 1.8370645000000003 260950.43000000002 1.1554650000000002 40.905000000000008 0.34850000000000009 1.0495650000000001 1.1593150000000001 0.0015205000000000004 0.08655450000000002 1.0874350000000002 -5.349499999999999 0.00041150000000000003 1.1369450000000001 1.2207950000000003 1.0252300000000003 0.0068892250000000014 1.1953050000000003 410.83500000000004 3662603.4965260006 3.3705980000000006 99.905000000000015 -0.00029666499999999994 39.595000000000006 1.2750000000000003e-06 6.7550000000000008 -0.0014026649999999998 0.00023480500000000001 24959835.677935001 3.0656000000000003 1.1014050000000004 1.1076450000000002
decision_type=2 2 2 2 2 2 2 2 2 2 2 2 2 2 2 2 2 2 2 2 2 2 2 2 2 2 2 2 2 2 2 2 2 2 2 2 2 2 2 2 2 2 2 2 2 2 2 2 2 2 2 2 2 2 2 2 2 2 2 2 2 2
left_child=1 6 -2 20 5 16 25 -8 9 11 19 28 -12 31 18 -16 -4 -15 22 -11 -3 -22 23 24 -9 26 27 -1 -5 30 -30 -13 -33 -19 -21 41 49 38 58 40 -39 -27 -42 47 45 -45 -47 -40 -49 52 -51 -29 53 -37 55 -55 -44 -32 59 -38 -61 -62
right_child=2 3 4 8 -6 -7 7 14 -10 10 12 13 -14 17 15 -17 -18 33 -20 34 21 -23 -24 -25 -26 35 -28 51 29 -31 57 32 -34 -35 -36 36 37 39 43 -41 42 -43 56 44 -46 46 -48 48 -50 50 -52 -53 -54 54 -56 -57 -58 -59 -60 60 61 -63
leaf_value=0.014445099264178718 -0.031262807741093905 -0.029658827128251769 0.044691471865572166 -0.011160223028328286 -0.032137187652442528 0.10990624009386167 -0.0066865143303864796 0.031689539036110936 0.047510900722131745 -0.021377166920326207 0.027773196116750127 0.048410567030092694 -0.0075383603476868932 0.035322777760017986 -0.0092674793358600883 0.018393541292504412 0.0050396226887159728 -0.028456939209439591 0.043742938936553843 -0.012659527533084598 -0.017643467629428613 0.01922268541731402 0.025709789721826776 0.031875949335293911 -0.013519652699190345 -0.0024092963264460759 0.010615643252645888 0.024100194019847559 -0.026840703415207754 -0.0095507190274455762 0.031673490231754191 -0.0026183704949095114 0.046473985233483769 0.048332525574241975 0.0134635941094653 0.0010509945425460274 0.024682916031764375 -0.02150996826704836 0.026278336321542518 0.015155302496743977 -0.010353320438904289 0.02772627447770586 0.0024012975735956763 -0.00898098325629265 0.041883384803391863 0.03048753839140066 0.0099626522071064594 -0.048072263692486551 0.023668521681050363 0.010297260994885437 -0.049980685360335675 0.035595102169887087 0.025237424166101689 -0.010287678339118832 0.027517392885568492 0.016401854528834154 0.027113804342544567 -0.0093989982026845779 0.041566192837034679 0.02288963189358616 -0.020413394942899697 0.0098799488692608139
leaf_weight=817.01063743233681 4612.6102315858006 225.30505193024874 83.948302894830704 116.68328467011452 41.745034918189049 14.358240604400633 207.51833261549473 37.909649714827538 91.905071400105953 190.79546689242125 331.62988802045584 236.40470105409622 101.1207622885704 57.23678457736969 176.93582248687744 455.56936950981617 147.10861671715975 57.345272175967693 175.62500411272049 149.49565030634403 193.46220110356808 90.148476772010326 1248.4006066843867 183.63683217018843 194.13403091579676 71.950380325317383 710.47426021844149 7939.6870488673449 24.61903415620327 85.636399433016777 249.77913531661034 66.81816228479147 58.08342719823122 11.574052616953848 214.6598991304636 196.35115520656109 2863.2212847992778 29.447425231337547 8955.0406591445208 1286.4435524642467 45.843235850334167 13370.32811499387 99.22195790708065 47.531669795513153 463.44732446968555 4318.1190110594034 169.54097317159176 24.066032364964485 31.84248298406601 168.67411023378372 19.722119554877281 479.13742531836033 2231.3055245876312 91.907687798142433 638.82326591014862 732.46791096031666 2275.631555557251 36.618692092597485 154.33194077014923 776.08597281575203 83.45553882420063 419.11683958768845
leaf_count=1936 61985 2452 134 724 497 42 1274 74 112 1273 986 472 569 144 687 1054 747 329 253 727 1538 450 2731 379 706 210 2022 15528 148 381 660 312 114 18 769 502 5576 101 16871 2804 137 24222 250 134 671 7588 394 93 60 399 80 766 4246 264 1180 1569 4310 167 234 1566 270 989
internal_value=0.0197939 0.024108 -0.0284276 0.00815596 0.0169598 0.0255294 0.0248987 0.0185446 0.0141959 0.0126179 0.00536732 0.0197312 0.0194544 0.0309044 0.0206764 0.0106059 0.0197058 0.00789968 0.0241148 -0.00557907 -0.0164553 -0.00579342 0.0220002 0.0107525 -0.00590068 0.0252417 0.0229129 0.0238544 0.00902333 0.0150493 0.0219278 0.0388102 0.0201607 -0.0146253 0.00265189 0.0258258 0.0249298 0.0256406 0.0264839 0.0214953 0.0248043 0.0275626 0.0253887 0.0276489 0.0304872 0.0293071 0.0297212 0.0260679 -0.00698749 0.0210765 0.00359813 0.0247621 0.0219139 0.0174148 0.019588 0.0133811 0.0260954 0.0263032 0.0226723 0.0219512 0.0157963 0.00475941
internal_weight=59679 54779.3 4899.77 2589.32 287.16 245.415 52190 2679.73 2080.41 1988.5 987.702 1000.8 432.751 487.462 2472.21 632.505 231.057 126.156 1839.71 554.951 508.916 283.611 1664.08 415.681 232.044 49510.2 9946.31 9235.84 513.337 396.653 311.017 361.306 124.902 68.9193 364.156 39563.9 26121.6 22042.4 18305.8 3736.59 2450.14 13442.3 2420.7 14009.6 4998.64 4535.19 4487.66 9010.95 55.9085 4079.25 188.396 8418.82 3890.86 1659.55 1463.2 824.376 2374.85 286.398 4296.21 4141.88 1278.66 502.572
internal_count=177880 114475 63405 12345 1420 923 102130 7158 7905 7793 4324 3469 1555 1389 5884 1741 881 491 4143 2769 4440 1988 3890 1159 780 94972 20252 18230 2080 1356 975 898 426 347 1496 74720 50288 42048 34446 7602 4798 24432 4697 25811 8787 8116 7982 17024 153 8240 479 16294 7761 3515 3013 1833 4560 827 8635 8401 2825 1259
is_linear=0
shrinkage=0.03


Tree=29
num_leaves=63
num_cat=0
split_feature=32 21 32 32 18 21 68 21 48 74 77 32 88 72 8 90 77 12 21 77 77 65 74 72 48 38 74 20 9 77 15 77 87 7 61 50 75 90 12 66 88 91 77 66 14 35 61 59 73 65 84 48 80 73 91 73 73 71 49 90 68 77
split_gain=11508.4 1472.71 700.907 296.464 241.135 191.043 142.406 163.782 165.793 148.185 114.551 100.115 140.927 135.915 97.8894 96.4015 96.9726 84.1545 156.277 119.954 90.5166 78.3896 76.8318 77.8376 76.4184 74.4395 69.6185 68.0225 66.5873 66.0543 88.0192 71.333 70.7617 65.8549 65.6908 119.666 68.6427 63.4246 62.3335 61.8425 59.8696 72.51 82.2002 70.9929 60.1067 89.3318 64.8095 59.7299 59.2165 59.0629 128.696 86.2806 104.117 86.5429 81.5097 80.669 82.5464 67.2391 62.7203 61.6894 72.0443 67.5622
threshold=1.5669895000000003 253502.71472300004 0.14085650000000002 1.1323025000000002 3.6250000000000004 354221.11276700004 1.0792850000000003 690683.81587500009 154939.26000000004 0.00063700000000000009 852617.58500000008 0.32826000000000005 -0.060251604999999993 0.78861100000000006 1.1862350000000002 1.4353250000000004 105010.66000000002 50.215000000000011 379941.38868250005 -1084372.7649999999 -37598420.254999988 1.1851400000000003 -0.047852499999999999 -0.08198649999999999 -919727.72999999986 1.0867950000000002 0.099342500000000014 0.8519500000000001 1.1843050000000002 -451033.84999999992 9.3155000000000012e-05 2044794.0350000001 -83.500999999999991 1.1780750000000002 1.8795565000000003 812245.55277900014 -2.6366999999999994 1.7840155000000002 49.005000000000003 1.0777950000000003 -0.00042259499999999995 -0.0024136649999999993 3032173.5050000004 1.0223300000000002 0.45995950000000008 1.0960950000000003 0.15976300000000002 0.00046132000000000004 0.00011838000000000002 1.1179550000000003 70.640000000000015 -2811267.1599999997 1.0000000180025095e-35 -0.0011737549999999999 4.2550000000000008e-06 -0.00053627999999999998 -0.00019689999999999999 0.0065195000000000001 -1.1772499999999997 1.8682655000000004 1.1061350000000003 -718984.09999999986
decision_type=2 2 2 2 2 2 2 2 2 2 2 2 2 2 2 2 2 2 2 2 2 2 2 2 2 2 2 2 2 2 2 2 2 2 2 2 2 2 2 2 2 2 2 2 2 2 2 2 2 2 2 2 2 2 2 2 2 2 2 2 2 2
left_child=2 10 -1 11 33 48 -6 8 21 -10 38 12 -4 22 15 -7 34 18 19 -13 -20 25 -14 27 -25 37 -27 -24 -23 49 31 32 -31 -3 36 -36 -17 -8 -2 -9 41 42 47 -43 46 -46 -45 -22 -5 59 51 -51 53 -53 57 -55 -57 -54 -52 60 61 -19
right_child=1 4 3 5 6 14 7 39 9 -11 -12 17 13 -15 -16 16 -18 29 20 -21 40 28 23 24 -26 26 -28 -29 -30 30 -32 -33 -34 -35 35 -37 -38 -39 -40 -41 -42 43 -44 44 45 -47 -48 -49 -50 50 58 52 54 55 -56 56 -58 -59 -60 -61 -62 -63
leaf_value=-0.02513912172835326 -0.031832956821388023 -0.028587164555767982 -0.026074770447263158 -0.026895675130633737 -0.022127118027003061 -0.010689316531910466 -0.026254597674951263 0.047920312957890211 -0.0060242040541077227 0.031126269473970385 0.024914981016868662 -0.0051121532316962068 0.053630456508385216 -0.034404359065511925 0.045884585126992464 0.053187307208183737 0.036826324776367318 0.030727835709776195 -0.025955658563747316 0.017810741990877604 -0.0090275621420219786 0 -0.0077508853852150325 0.011635987087625829 0.035837260505318047 -0.022713256975679736 0.031629348195632956 0.025217872632174843 0.070703321846758121 -0.0072847094663925447 0.015238422050026238 0.025425626872015904 0.030327034502193519 0.027816731337512911 0.015385366195805949 -0.023487374919448141 0.014742946045280959 0.031879947174505673 -0.021833594170437492 0.017814311558303354 0.02492423743744291 -0.021820417649218504 0.030578135161478552 0.041546910691191333 -0.036628913976296085 0.027662573357795425 0.022217240284736525 0.0272119771890523 0.00088630452660936341 0.027376842142365812 -0.038385333373925593 0.053729006900316414 0.020939341365031044 -0.024760784575076127 -0.039679862539811352 0.054565301739912718 0.018029013773407768 -0.020262100165858995 0.010393281647939017 0.023405380139526685 -0.01270267016434908 0.01923924602647761
leaf_weight=261.79967502504587 3461.5335310548544 245.02486148476601 70.314597137272358 129.78827175498009 141.1979843378067 132.42943564802408 23.656241670250893 71.250153623521328 162.59015411883593 232.08849390596151 32.980405703186989 228.82581538707018 58.686817348003387 41.373177535831928 88.713520847260952 47.827909663319588 171.65937563031912 3088.2410502433777 31.336818754673004 1826.9061049222946 195.46433787047863 33.450306795537472 157.70237721502781 224.07810940593481 260.66564567387104 359.34589269012213 21.242498114705086 85.83233480900526 17.298075452446938 43.703106999397278 542.66728257387877 6189.4776779860258 6189.2694313675165 18.837207920849323 191.93097916245461 111.93088714033365 348.95380982011557 50.839273884892464 707.63550895452499 513.1786890104413 17001.027672342956 31.366161182522774 100.73294262588024 165.22063751518726 37.308303952217102 38.296244770288467 5298.8931919559836 50.603259563446045 141.89259691536427 1975.8557118326426 23.494446128606796 68.095444425940514 106.20044034719467 35.699505537748337 41.174239233136177 59.521157771348953 942.04585096240044 51.904662624001503 603.55364437401295 5381.5967243090272 36.215923465788364 567.58854392915964
leaf_count=2858 48118 2758 433 1196 1309 594 249 137 1252 862 107 796 111 175 134 116 346 5348 115 4117 560 205 655 574 628 3265 93 225 47 118 1225 11325 10651 60 591 566 1099 241 8147 1756 32135 104 177 243 149 75 10774 93 886 3652 91 94 213 130 153 74 2009 163 1424 10448 141 1171
internal_value=0.0192497 -0.0198128 0.0237005 0.0239418 0.00216588 0.0100941 0.00650039 0.00925573 0.00118852 0.0157696 -0.0297035 0.0243056 0.0142719 0.0177602 0.0156982 0.0129601 0.0165929 0.0244817 0.0232219 0.0152433 0.0239345 -0.0101379 0.0205809 0.0178067 0.0247587 -0.014133 -0.0195266 0.00380168 0.0246889 0.0256937 0.0272339 0.0277543 0.0300574 -0.0243574 0.0115475 0.000937683 0.0195745 0.0129186 -0.0301486 0.0216115 0.0240052 0.021356 0.00788221 0.0221878 0.0224463 -0.0037355 0.0228147 -0.00137358 -0.0123257 0.0241511 0.0210054 0.023391 0.0173153 0.0209138 -0.00250011 0.018681 0.0202825 0.00718234 0.00845965 0.0255001 0.028538 0.0289581
internal_weight=59570 6092.15 53477.9 53216.1 1890 1365.13 1626.14 1484.94 900.511 394.679 4202.15 51850.9 898.653 828.338 1093.45 1004.73 872.303 50952.3 25006 2055.73 22950.2 505.832 786.965 728.278 484.744 455.084 380.588 243.535 50.7484 25946.3 12965.1 12422.5 6232.97 263.862 700.644 303.862 396.782 74.4955 4169.17 584.429 22918.9 5917.89 346.801 5571.08 5539.72 75.6045 5464.11 246.068 271.681 12981.2 3907.55 3280.5 1304.64 1105.36 199.279 1037.27 1001.57 158.105 627.048 9073.64 3692.05 3655.83
internal_count=177561 68606 108955 106097 12234 5528 9416 8107 6214 2114 56372 100569 2801 2368 3446 3312 2718 97768 49338 4913 44425 4100 2193 2082 1202 3848 3358 880 252 48430 23319 22094 10769 2818 2372 1157 1215 490 56265 1893 44310 12175 830 11345 11241 224 11017 653 2082 25111 8003 6488 2836 2307 529 2213 2083 376 1515 17108 6660 6519
is_linear=0
shrinkage=0.03


Tree=30
num_leaves=63
num_cat=0
split_feature=13 31 77 21 32 64 68 78 10 64 61 78 88 42 6 10 21 12 13 21 1 48 73 49 73 91 9 48 2 90 14 32 3 15 34 78 42 68 65 12 77 34 77 79 89 68 12 78 78 37 79 78 48 31 12 68 89 14 78 84 76 89
split_gain=12294.5 861.181 705.257 320.471 145.965 122.585 108.502 99.9751 98.813 93.6726 138.618 111.724 91.9762 90.7123 86.0903 103.933 85.5666 85.4226 78.4966 135.789 120.038 87.6016 101.502 84.4316 79.9192 76.5949 84.2613 94.3109 81.2756 79.3989 75.8832 72.3135 71.1106 116.397 77.4643 69.9118 68.9792 80.3958 79.9864 68.3344 68.0197 82.9755 68.7398 77.7792 66.9531 66.627 63.1074 62.8415 62.2062 61.8642 61.3646 61.3218 73.6295 64.4044 63.2503 73.8785 97.4375 64.0354 59.679 59.315 58.7144 58.6703
threshold=0.0023575000000000007 0.0014325000000000002 394337.48500000004 289566.51157450007 0.14085650000000002 1.0950450000000003 1.0818950000000003 -1.1507999999999998 1.1139550000000003 1.0908550000000001 1.8706240000000003 3.9176500000000005 0.00036624000000000004 0.0031825000000000004 1.1865450000000002 1.0647450000000003 140183.38908350005 52.945000000000007 0.00045150000000000002 572919.53494200006 1.2163550000000003 260950.43000000002 0.00010544000000000001 -0.93244999999999989 0.00012704500000000003 -9.3419999999999997e-05 1.1830650000000003 -1025653.1899999998 1.1020650000000003 2.1752420000000003 -0.11870799999999999 0.40632950000000007 1.0233450000000002 -6.6284999999999979e-05 1.0480650000000002 2.5707500000000008 0.00078750000000000011 1.0888350000000002 1.1920700000000004 33.595000000000006 -532265.51499999978 1.2161450000000003 -3620417.3299999996 698004.45081650012 0.035841000000000005 1.0972450000000002 31.165000000000003 2.7066000000000003 -1.4826999999999997 1.1071550000000003 13396835.720615001 3.0656000000000003 -6954646.6499999994 4.9500000000000004e-05 39.775000000000013 1.1610150000000001 0.0033775000000000007 -0.29445099999999996 2.5504500000000005 75.65000000000002 79.500000000000014 0.0024220000000000001
decision_type=2 2 2 2 2 2 2 2 2 2 2 2 2 2 2 2 2 2 2 2 2 2 2 2 2 2 2 2 2 2 2 2 2 2 2 2 2 2 2 2 2 2 2 2 2 2 2 2 2 2 2 2 2 2 2 2 2 2 2 2 2 2
left_child=1 4 -2 7 48 8 14 12 13 -8 11 25 -3 -4 15 -5 17 -6 51 39 21 23 32 -21 -24 -11 27 -27 29 -29 -30 49 33 34 -23 40 37 44 -39 -20 41 42 -22 -44 -25 -42 -37 -35 -1 -26 -12 53 -53 -18 59 57 -57 -56 -34 -54 -33 -41
right_child=2 3 5 6 16 -7 9 -9 -10 10 50 -13 -14 -15 -16 -17 18 -19 19 20 35 22 24 36 31 26 -28 28 30 -31 -32 60 58 47 -36 46 -38 38 -40 61 45 -43 43 -45 -46 -47 -48 -49 -50 -51 -52 52 54 -55 55 56 -58 -59 -60 -61 -62 -63
leaf_value=0.040850082562335847 -0.031343682847002695 -0.029724548209278771 0.040798576729838269 0.046456636851884801 0.0060274537417916241 -0.031781329349119924 0.025671953685026342 -0.01986918697831987 0.099629546004024072 0.032620849031038568 -0.0080597628594364784 -0.013876837152642209 0.065655189186369756 0.0024149135912397333 0.030788003140269249 -0.030808526252766921 0.010381492727203226 0.024345410681222073 -0.031767221861219601 0.0060691309183202105 0.034127036070473175 -0.014028432730544254 -0.034440956506296277 -0.020423265362889974 -0.030662064009958086 -0.020335927200522418 0.056586908858751908 -0.020929039392856712 -0.019087602604708237 0.029529844518917932 0.043935360332535679 0.026466123498497824 0.029369710214412217 0.033342141599975249 0.051737090906933222 0 0.021481208985932813 0.028131607386046895 -0.014709138157206238 -0.012071583630627209 0.0048686549353611644 0.030692591036643176 0.0047304296380453904 -0.04288711187665515 0.0097875341309389945 0.041983074465538998 0.038971605964218531 0.0041102690509699485 -0.02152668475444712 0.022847431463487385 0.039827595161224777 -0.031385305268228816 0.014667329836392322 0.024982203864926372 -0.0055341419681880916 0.029921814786650944 -0.041286622145111945 0.023972643974973108 0.043135401513408278 -0.017218904386810341 0.010067985748397191 0.014693584225640155
leaf_weight=15.907331034541128 4322.2121609076858 13.225028268992899 104.92057467252016 16.648383393883705 508.41468219459057 37.209886603057384 405.39568584412336 481.00585260987282 14.572066783905028 287.88333894312382 387.59352624416351 92.539649493992329 23.505003489553928 120.22460012882948 33.894122660160065 128.37243878096342 283.22795784473419 426.07751346379519 31.265056274831295 371.97986686229706 41.807167544960976 106.17567297816277 23.393337234854698 98.682861730456352 44.260968893766403 83.920994125306606 33.029157631099224 71.833359658718109 19.335840463638306 44.577206991612911 101.56858398020267 773.88136765360832 826.56020545959473 397.4887363165617 17.90008208155632 38.675957977771759 8503.5439282059669 256.05029458552599 44.657402202486992 78.545092456042767 57.179371610283852 147.4586913138628 103.88607928156853 42.340097457170486 194.30436588823795 215.92230714857578 744.44946943223476 82.619821771979332 89.444929182529449 32.663084834814072 24.536496587097645 23.034633442759514 419.87180319428444 32928.199585288763 65.717543303966522 30.993118405342102 36.247206419706345 2888.3803422451019 471.0192531645298 58.311983853578568 274.60602480173111 869.22811631858349
leaf_count=58 61340 127 186 30 1472 466 1174 4625 47 778 2191 523 82 672 71 1092 635 851 144 915 68 374 85 329 208 583 40 433 97 138 242 1454 1469 699 30 98 17225 485 144 278 137 252 249 161 454 305 1117 211 699 65 90 78 904 61049 179 53 136 5505 679 178 626 2382
internal_value=0.0187417 0.0226882 -0.0283674 0.00448893 0.0234647 0.0179228 0.0106923 -0.0161759 0.0258627 0.0132513 0.00881595 0.0166294 0.03064 0.0205362 -0.0112918 -0.0214756 0.0235356 0.0144286 0.0236996 0.0218357 0.022598 0.0216569 0.0261225 0.0202125 0.0189807 0.021087 0.0115644 0.00668092 0.0164059 -0.00126432 0.0335363 0.0201474 0.0304086 0.0217033 -0.00396297 0.0310211 0.0207868 0.0107708 0.0216423 0.0109604 0.0231879 0.0139227 0.000520048 -0.00905121 -0.000320767 0.034368 0.037033 0.0283931 -0.0115307 -0.00755453 -0.00504663 0.0244538 0.0206194 0.0248589 0.0209792 0.0225939 -0.00806736 0.0233044 0.0344191 0.0106885 0.0222136 0.0124335
internal_weight=59512.4 54913.2 4599.14 2248.86 52664.4 276.927 1731.13 517.736 239.717 1552.21 1146.82 734.688 36.73 225.145 178.915 145.021 52559 934.492 51624.5 14890.5 13911.5 12519.8 3050.57 9469.22 1148.8 642.148 354.265 321.236 237.315 116.411 120.904 1125.41 1901.76 604.184 124.076 1391.72 9097.24 593.695 300.708 979.038 608.594 335.492 188.033 146.226 292.987 273.102 783.125 480.109 105.352 76.9241 412.13 36734 3522.56 33211.4 3499.52 3021.34 67.2403 2954.1 1297.58 478.184 1048.49 947.773
internal_count=177467 114756 62711 12316 102440 1371 7482 4834 905 6289 5115 2834 209 858 1193 1122 101683 2323 99360 30643 27839 25452 5900 19552 2438 2311 1533 1493 910 571 339 2353 3462 1314 404 2387 18637 1412 629 2804 1172 730 478 410 783 442 1215 910 757 273 2281 68717 7033 61684 6955 5873 189 5684 2148 1082 2080 2660
is_linear=0
shrinkage=0.03


end of trees

feature_importances:
Column_21=107
Column_13=104
Column_48=93
Column_31=84
Column_77=81
Column_32=50
Column_19=47
Column_90=46
Column_79=45
Column_75=44
Column_78=44
Column_60=43
Column_68=43
Column_10=38
Column_12=38
Column_84=37
Column_88=37
Column_91=37
Column_85=33
Column_42=32
Column_50=30
Column_64=29
Column_86=29
Column_71=27
Column_73=27
Column_89=27
Column_15=26
Column_35=26
Column_65=26
Column_72=24
Column_4=23
Column_67=23
Column_76=23
Column_46=22
Column_61=22
Column_63=22
Column_16=21
Column_39=21
Column_41=21
Column_74=21
Column_45=20
Column_66=20
Column_49=19
Column_62=19
Column_87=19
Column_18=18
Column_14=17
Column_33=17
Column_83=15
Column_34=14
Column_38=14
Column_6=13
Column_9=13
Column_70=13
Column_82=12
Column_36=10
Column_1=9
Column_8=9
Column_37=8
Column_43=8
Column_44=8
Column_20=7
Column_69=7
Column_47=6
Column_0=4
Column_5=4
Column_30=4
Column_57=4
Column_7=3
Column_40=3
Column_59=3
Column_55=2
Column_2=1
Column_3=1
Column_29=1
Column_53=1
Column_56=1
Column_58=1
Column_80=1

parameters:
[boosting: gbdt]
[objective: binary]
[metric: binary_logloss]
[tree_learner: serial]
[device_type: cpu]
[data_sample_strategy: bagging]
[data: ]
[valid: ]
[num_iterations: 2000]
[learning_rate: 0.03]
[num_leaves: 63]
[num_threads: 0]
[seed: 0]
[deterministic: 0]
[force_col_wise: 0]
[force_row_wise: 0]
[histogram_pool_size: -1]
[max_depth: -1]
[min_data_in_leaf: 50]
[min_sum_hessian_in_leaf: 0.001]
[bagging_fraction: 0.8]
[pos_bagging_fraction: 1]
[neg_bagging_fraction: 1]
[bagging_freq: 1]
[bagging_seed: 3]
[bagging_by_query: 0]
[feature_fraction: 0.8]
[feature_fraction_bynode: 1]
[feature_fraction_seed: 2]
[extra_trees: 0]
[extra_seed: 6]
[early_stopping_round: 0]
[early_stopping_min_delta: 0]
[first_metric_only: 0]
[max_delta_step: 0]
[lambda_l1: 1]
[lambda_l2: 1]
[linear_lambda: 0]
[min_gain_to_split: 0]
[drop_rate: 0.1]
[max_drop: 50]
[skip_drop: 0.5]
[xgboost_dart_mode: 0]
[uniform_drop: 0]
[drop_seed: 4]
[top_rate: 0.2]
[other_rate: 0.1]
[min_data_per_group: 100]
[max_cat_threshold: 32]
[cat_l2: 10]
[cat_smooth: 10]
[max_cat_to_onehot: 4]
[top_k: 20]
[monotone_constraints: ]
[monotone_constraints_method: basic]
[monotone_penalty: 0]
[feature_contri: ]
[forcedsplits_filename: ]
[refit_decay_rate: 0.9]
[cegb_tradeoff: 1]
[cegb_penalty_split: 0]
[cegb_penalty_feature_lazy: ]
[cegb_penalty_feature_coupled: ]
[path_smooth: 0]
[interaction_constraints: ]
[verbosity: -1]
[saved_feature_importance_type: 0]
[use_quantized_grad: 0]
[num_grad_quant_bins: 4]
[quant_train_renew_leaf: 0]
[stochastic_rounding: 1]
[linear_tree: 0]
[max_bin: 255]
[max_bin_by_feature: ]
[min_data_in_bin: 3]
[bin_construct_sample_cnt: 200000]
[data_random_seed: 1]
[is_enable_sparse: 1]
[enable_bundle: 1]
[use_missing: 1]
[zero_as_missing: 0]
[feature_pre_filter: 1]
[pre_partition: 0]
[two_round: 0]
[header: 0]
[label_column: ]
[weight_column: ]
[group_column: ]
[ignore_column: ]
[categorical_feature: ]
[forcedbins_filename: ]
[precise_float_parser: 0]
[parser_config_file: ]
[objective_seed: 5]
[num_class: 1]
[is_unbalance: 0]
[scale_pos_weight: 4.57427]
[sigmoid: 1]
[boost_from_average: 1]
[reg_sqrt: 0]
[alpha: 0.9]
[fair_c: 1]
[poisson_max_delta_step: 0.7]
[tweedie_variance_power: 1.5]
[lambdarank_truncation_level: 30]
[lambdarank_norm: 1]
[label_gain: ]
[lambdarank_position_bias_regularization: 0]
[eval_at: ]
[multi_error_top_k: 1]
[auc_mu_weights: ]
[num_machines: 1]
[local_listen_port: 12400]
[time_out: 120]
[machine_list_filename: ]
[machines: ]
[gpu_platform_id: -1]
[gpu_device_id: -1]
[gpu_use_dp: 0]
[num_gpu: 1]

end of parameters

pandas_categorical:null
