tree
version=v4
num_class=1
num_tree_per_iteration=1
label_index=0
max_feature_idx=91
objective=binary sigmoid:1
feature_names=Column_0 Column_1 Column_2 Column_3 Column_4 Column_5 Column_6 Column_7 Column_8 Column_9 Column_10 Column_11 Column_12 Column_13 Column_14 Column_15 Column_16 Column_17 Column_18 Column_19 Column_20 Column_21 Column_22 Column_23 Column_24 Column_25 Column_26 Column_27 Column_28 Column_29 Column_30 Column_31 Column_32 Column_33 Column_34 Column_35 Column_36 Column_37 Column_38 Column_39 Column_40 Column_41 Column_42 Column_43 Column_44 Column_45 Column_46 Column_47 Column_48 Column_49 Column_50 Column_51 Column_52 Column_53 Column_54 Column_55 Column_56 Column_57 Column_58 Column_59 Column_60 Column_61 Column_62 Column_63 Column_64 Column_65 Column_66 Column_67 Column_68 Column_69 Column_70 Column_71 Column_72 Column_73 Column_74 Column_75 Column_76 Column_77 Column_78 Column_79 Column_80 Column_81 Column_82 Column_83 Column_84 Column_85 Column_86 Column_87 Column_88 Column_89 Column_90 Column_91
feature_infos=[0.95389999999999997:1.23482] [0.95389999999999997:1.23482] [0.95462999999999998:1.2349399999999999] [0.95357000000000003:1.23448] [0.22:264424.3898] [0.96011999999999997:1.23421] [0.96126:1.2339] [0.95974999999999999:1.2342200000000001] [0.96328999999999998:1.2337100000000001] [0.97094000000000003:1.2329399999999999] [0.97475000000000001:1.23221] [0.96011999999999997:1.23421] [0.62:91.090000000000003] [5.3000000000000001e-05:0.054050000000000001] [-2.329758:3.296869] [-0.01457367:0.012870009999999999] [-0.198661:0.038996000000000003] [-20.353000000000002:6.4504999999999999] [0:100] [-37659802.030000001:1193346.3600000001] [-3.3092000000000001:4.3581000000000003] [37.371127000000001:362832589.30712497] [0:1] [0:1] [0:0.24564] [0:14.537974999999999] [0:100] [0:100] [0:100] [-100:6700] [-0.22740199999999999:0.059043680000000001] [1.4e-05:0.101086] [0.006705:10.180012] [-0.067480159999999997:0.010629960000000001] [0.95548:1.23353] [0.95615000000000006:1.2311300000000001] [0.95570999999999995:1.2332099999999999] [0.95667999999999997:1.2315100000000001] [0.95855000000000001:1.22584] [0.96486000000000005:1.2112000000000001] [0.95548:1.2335199999999999] [4.1500000000000004:99.760000000000005] [0.000195:0.086930999999999994] [-3.6768489999999998:2.3756409999999999] [-0.0122145:0.0150796] [-0.15094299999999999:0.19778200000000001] [-17.654299999999999:23.0304] [0.01:100] [-9077606.5500000007:3211572.1600000001] [-3.6793999999999998:4.3586] [77.409227999999999:306989728.04866099] [0:1] [0:1] [0:0.22248000000000001] [0:14.769584999999999] [0:100] [0:100] [0:100] [-100:34900] [-0.19489259:0.20695706] [6.0000000000000002e-05:0.53812400000000005] [0.013237000000000001:132.23729900000001] [-0.066524310000000003:0.066474060000000001] [0.96996000000000004:1.22845] [0.97058999999999995:1.2289000000000001] [0.97043000000000001:1.22227] [0.97635000000000005:1.2270700000000001] [0.96923000000000004:1.2237100000000001] [0.96884999999999999:1.21007] [0.96996000000000004:1.22845] [0.57999999999999996:99.75] [0.00053300000000000005:0.078666] [-2.490462:2.1984620000000001] [-0.011042:0.01488923] [-0.108429:0.223078] [-11.4411:25.6493] [0.070000000000000007:99.980000000000004] [-37679625.329999998:3228525.29] [-3.0727000000000002:4.3589000000000002] [1448.4302170000001:149855353.51292801] [0:1] [0:1] [0:0.24793000000000001] [0:14.637029] [0:100] [0:100] [0:99.400000000000006] [-93.370999999999995:10920] [-0.12169147:0.22781203] [0.00015799999999999999:0.55201699999999998] [0.027803999999999999:199.99576099999999] [-0.02699621:0.070348209999999994]
tree_sizes=6726 6877 6849 6867 6898 6911 6880 6872 6851 6868 6868 6901 6950 6894 6883 6907 6867 6908

Tree=0
num_leaves=63
num_cat=0
split_feature=13 31 21 31 13 77 33 42 77 42 21 34 65 34 62 64 41 21 60 31 71 46 21 1 13 49 77 31 39 31 19 19 89 71 19 19 77 82 89 21 76 6 9 91 10 84 37 63 89 71 31 14 38 84 63 16 65 72 77 19 72 39
split_gain=141458 4449.34 4313.62 1144.37 995.346 771.574 541.639 502.692 462.065 384.717 384.428 293.545 361.232 291.395 284.934 275.573 274.883 249.713 275.313 247.352 235.359 231.289 210.482 297.474 209.131 396.932 266.55 201.14 199.444 197.086 309.704 429.443 200.393 190.051 184.637 482.161 195.279 184.166 181.902 178.701 170.02 169.493 167.939 170.645 167.027 188.687 163.76 219.532 159.043 157.516 148.823 147.392 146.702 142.681 141.836 139.322 132.699 151.405 129.053 128.377 128.222 127.919
threshold=0.0013375000000000004 0.0017565000000000002 415063.42615900008 0.00076150000000000013 0.0019785000000000007 779389.6050000001 -0.00014058499999999998 0.0015885000000000003 -501271.61499999993 0.0031825000000000004 460158.58711800008 1.1097850000000002 1.1179550000000003 1.0932250000000001 -0.000189815 1.2052800000000004 56.335000000000008 824709.40489900007 0.012149500000000002 0.0050975000000000005 0.0044350000000000006 4.0758500000000009 641053.87460750015 1.1766850000000002 0.00027950000000000007 -0.14984999999999996 -1061969.6349999998 0.0017565000000000002 1.0878750000000001 0.0038175000000000006 -550439.11499999987 -435345.64999999997 0.0138335 0.0058295000000000005 -4228084.1349999988 -3693081.9949999996 27476.270000000004 0.18070000000000003 0.0048035000000000013 1064542.7966645004 38.790000000000013 1.0803250000000002 1.1603650000000003 -0.00038267999999999999 1.0484450000000003 28.440000000000001 1.2134750000000001 1.0878850000000002 0.0028725000000000005 0.0039795000000000013 0.00031950000000000007 1.0387695000000001 1.0895650000000001 1.3650000000000004 1.1898650000000002 -6.8499999999999985e-05 1.0907350000000002 -0.19430649999999997 -1002165.2699999999 -5695382.2049999991 -0.10412099999999998 1.0976450000000002
decision_type=2 2 2 2 2 2 2 2 2 2 2 2 2 2 2 2 2 2 2 2 2 2 2 2 2 2 2 2 2 2 2 2 2 2 2 2 2 2 2 2 2 2 2 2 2 2 2 2 2 2 2 2 2 2 2 2 2 2 2 2 2 2
left_child=1 3 5 6 7 29 39 -4 -6 41 14 21 20 28 -5 24 42 18 -11 38 -13 -12 -9 50 26 34 48 -25 60 30 -2 32 52 49 -26 40 -37 51 -10 54 -36 -3 -17 -44 -42 -46 55 -48 -8 -14 -24 59 -32 -43 61 -28 -16 -58 -57 -27 -7 -1
right_child=2 9 4 10 8 13 15 22 19 17 11 12 33 -15 56 16 -18 -19 -20 -21 -22 -23 23 27 25 37 46 -29 -30 -31 31 -33 -34 -35 35 36 -38 -39 -40 -41 44 53 43 -45 45 -47 47 -49 -50 -51 -52 -53 -54 -55 -56 58 57 -59 -60 -61 -62 -63
leaf_value=-1.4711899063924689 -1.5558961010037426 -1.451100470675422 -1.5291852354657696 -1.4163287065749275 -1.547059192561256 -1.4396526329770496 -1.4398127104990048 -1.4973621628228433 -1.5383355685656348 -1.4604853283550385 -1.4196092903849853 -1.5502069000936176 -1.4427048843127097 -1.5503259691134335 -1.4728135037818417 -1.3696670833234983 -1.5210783516815747 -1.4360103653017195 -1.5446026201037062 -1.5308504787435993 -1.4738542412685625 -1.5176031840762674 -1.5392390761456338 -1.4173159996349012 -1.4296401728408097 -1.4073568849876721 -1.4181468400516966 -1.5350700340329573 -1.413858909761456 -1.5608489527713523 -1.3863550041771853 -1.5441531859932713 -1.5413837260420058 -1.4099282761442733 -1.5226058661697028 -1.428995113532693 -1.5390213943075759 -1.4399336505409208 -1.4591190794448061 -1.4374749086725329 -1.5181332267441261 -1.4442234186353891 -1.5481939628861272 -1.4438714220293505 -1.525497675775072 -1.4337757650836085 -1.3920318323977514 -1.5124539214655832 -1.4105054035203881 -1.5402236920308097 -1.4430979764639651 -1.4842251164368179 -1.4989684339943969 -1.5457181923881906 -1.3999034752869843 -1.4678568111385637 -1.4658564005036416 -1.5525588125073742 -1.4256495732020897 -1.4219443680200667 -1.5481034510471516 -1.5443053490504408
leaf_weight=32.598748415708542 584.4846363067627 19.011518716812134 153.88132634758949 31.299694746732712 475.6526612341404 14.873830646276472 202.72501343488693 174.92895558476448 31.405813604593277 63.111485183238983 310.60173830389977 40.917799323797226 43.097567349672318 41.358111381530762 45.627004235982895 27.040231674909592 46.723069489002228 68.179788738489151 75.640007793903351 121.97898295521736 264.43425878882408 24.182827949523926 14.264865398406981 15.282920658588408 6638.8531700074673 670.06895595788956 3602.5873711407185 63.720360189676285 47.550679296255112 8735.9943040907383 33.641799360513687 128.79599177837372 15.879342943429945 128.07174861431122 66.240457534790039 657.93048331141472 14.118094712495802 544.98234170675278 130.82907935976982 53.452728778123856 43.494114398956299 11.969638973474501 14.177425622940062 222.62026944756508 23.714407026767731 113.32903251051903 19.358164638280869 43.962535321712494 2666.088878184557 21.397298097610474 359.54193398356438 36.474117159843445 16.697522968053818 279.90112781524658 9.2684357166290265 74.028733670711517 22.093703120946884 82.04170024394989 5528.6842135488987 8776.6324142515659 24.245272040367126 58.439728677272797
leaf_count=143 3896 72 919 91 3061 51 734 897 196 261 962 268 157 271 203 44 268 238 483 734 1194 136 90 43 22371 1865 11058 391 137 59338 71 820 101 362 383 2203 89 1980 539 188 246 42 93 830 140 391 42 242 7651 135 1335 173 85 1792 20 321 93 541 18054 27814 158 373
internal_value=-1.45939 -1.42704 -1.55112 -1.42559 -1.50454 -1.55857 -1.42454 -1.48079 -1.52896 -1.51435 -1.45717 -1.44854 -1.46355 -1.48574 -1.49726 -1.42425 -1.45322 -1.48272 -1.50637 -1.4988 -1.48423 -1.42655 -1.46889 -1.45805 -1.42395 -1.42613 -1.42079 -1.5116 -1.45465 -1.55955 -1.54497 -1.51239 -1.4508 -1.43128 -1.43144 -1.44459 -1.43137 -1.42214 -1.47462 -1.48144 -1.48095 -1.53537 -1.44138 -1.45031 -1.46593 -1.44975 -1.42337 -1.47368 -1.41254 -1.47525 -1.44687 -1.42113 -1.42189 -1.54119 -1.5058 -1.42303 -1.51498 -1.53349 -1.42619 -1.42089 -1.50651 -1.51815
internal_weight=42904.2 31719.2 11185 31201.4 1541.49 9643.52 30187.6 781.62 759.867 517.814 1013.77 832.703 497.919 128.028 181.062 30033.8 310.561 206.931 138.751 284.214 305.352 334.785 627.739 452.81 29723.3 17585.8 12137.4 79.0033 86.6698 9515.49 779.499 195.015 66.2187 192.567 7557.68 918.827 672.049 10028.2 162.235 153.76 246.778 310.882 263.838 236.798 180.538 137.043 9268.62 63.3207 2868.81 64.4949 373.807 9483.18 50.3393 291.871 100.307 9205.3 149.762 104.135 5602.71 9446.7 39.1191 91.0385
internal_count=177879 104746 73133 101858 8205 64928 97716 3675 4530 2888 4142 3214 2116 617 928 96992 1235 982 744 1469 1462 1098 2756 1859 95757 57655 38102 434 346 64311 4973 1077 257 654 25823 3452 2292 31832 735 724 1160 1906 967 923 777 531 29717 284 8385 292 1425 29852 156 1834 536 29433 837 634 18375 29679 209 516
is_linear=0
shrinkage=1


Tree=1
num_leaves=63
num_cat=0
split_feature=13 32 21 32 32 13 77 21 39 19 31 67 40 77 48 1 42 42 66 39 48 13 75 31 78 43 71 66 87 31 10 12 12 48 13 49 89 13 89 91 12 60 61 88 60 85 69 62 19 39 89 67 43 21 46 71 69 66 75 79 18 15
split_gain=122084 5386.69 2793.13 777.506 755.201 712.442 606.673 577.885 383.515 349.918 300.249 290.39 280.843 251.497 222.174 218.237 222.051 210.427 207.151 201.54 197.384 188.478 187.859 187.726 184.618 198.898 184.323 174.145 167.531 165.475 168.661 167.13 160.757 186.079 167.927 147.557 219.759 187.376 187.503 176.893 156.14 151.531 149.028 148.099 140.156 250.285 166.727 137.092 136.1 134.675 134.404 146.487 128.177 126.879 152.838 159.326 126.606 230.485 121.372 131.708 121.009 120.329
threshold=0.0014935000000000003 1.5313060000000003 423614.68974100001 0.90916750000000002 0.24492100000000003 0.0019785000000000007 779389.6050000001 661548.79444100009 1.1108750000000003 -550439.11499999987 0.0020565000000000006 1.1182350000000001 1.0931950000000004 -2387357.4849999999 -2768447.7599999993 1.1785750000000002 0.0011405000000000002 0.0018245000000000004 1.1915450000000003 1.1554650000000002 137097.49500000002 0.00078450000000000015 12.784150000000002 0.0050975000000000005 1.8365000000000002 0.082716500000000012 0.0014900000000000002 1.0914900000000001 1091.2880000000002 0.00094150000000000017 1.1097450000000002 49.375000000000007 44.865000000000002 3131303.0050000004 0.00036350000000000005 -0.20304999999999998 0.10648750000000003 0.00026350000000000006 0.00053150000000000018 -0.0020228799999999995 58.095000000000006 0.00022750000000000003 0.094845000000000013 -0.093920464999999995 0.0047905000000000005 3.1150000000000007 1.0822350000000003 4.4275000000000012e-05 -5695382.2049999991 1.1845750000000002 0.0049270000000000008 1.1259650000000001 1.0097545000000003 641053.87460750015 -1.5901499999999997 0.017352000000000003 1.1240600000000003 1.1601850000000002 -3.8816999999999995 2028190.2318200001 24.145000000000003 -1.0104999999999997e-05
decision_type=2 2 2 2 2 2 2 2 2 2 2 2 2 2 2 2 2 2 2 2 2 2 2 2 2 2 2 2 2 2 2 2 2 2 2 2 2 2 2 2 2 2 2 2 2 2 2 2 2 2 2 2 2 2 2 2 2 2 2 2 2 2
left_child=1 3 6 4 13 15 -2 10 56 -7 17 14 47 20 22 16 -4 -3 -13 28 -1 -20 -10 50 25 -19 61 -25 53 30 -16 -32 34 35 -6 37 48 40 39 -39 41 -34 -40 -44 45 -9 -46 -8 -37 -24 -11 58 -28 -18 -55 -56 -5 -58 -52 -60 -47 -12
right_child=2 7 5 8 32 9 12 44 11 23 26 18 -14 -15 29 -17 19 24 21 -21 -22 -23 49 27 -26 -27 52 -29 -30 -31 31 -33 33 -35 -36 36 -38 38 42 -41 -42 -43 43 -45 46 60 -48 -49 -50 -51 51 -53 -54 54 55 -57 57 -59 59 -61 -62 -63
leaf_value=0.082448275509207525 -0.034485926746767634 -0.0060177784690938112 -0.018048085632574654 0.09863468858904885 0.09866400997090452 -0.024364991706824407 0.094529565222808518 0.10234950367983882 0.086993301709364868 -0.021097151223316433 0.10162683436351441 0.11184263049275066 -0.034750721523533291 -0.0076193942499299472 0.10612561919463469 -0.0049618904764195584 0.012000051312706541 0.0026683368995350527 -0.033534445887935624 0.12624158960975465 0.0056802102735521772 0.072326608961690492 -0.010610154407836246 0.038396235223646658 0 0.10614225537930688 -0.024712241277014668 -0.034172490388333504 0.09664777308824847 -3.8647642432439024e-05 0.060963221084283578 -0.0062450610885243785 0.11251275634020307 0.018428274929504516 0.090654797202618542 0.10722927942408252 -0.011101332358877138 0.072511380071184989 0.016140454953261017 -0.012291499999659781 0.083914747635072312 0.092973223175959033 0.019715336200382835 0.085242790299922905 -0.0085096422511251706 0.056783635952768502 0.080815286315720131 0.019340631372866228 0.092415706446267148 0.10511976558450235 0.12793483628210442 -0.018328957604733832 0.091991983563535606 -0.021679161905628866 0.0717852738467296 -0.0051801347138226922 0.018787734363678442 0.10636001493416426 -0.026147016455111114 0.059026971921235176 -0.0022003898331897373 -0.019496266550721893
leaf_weight=99.442132592201233 9199.754290536046 91.419592201709747 39.961012601852417 296.58389323949814 5844.438112616539 393.54137773811817 47.266480401158333 34.725728020071983 115.7707371711731 30.323533922433853 17.971945181488994 100.83074779808521 40.013008683919907 76.80597060918808 30.819741725921631 79.589007213711739 103.90956053137779 23.690529435873032 19.524340078234673 32.842284470796585 44.530568987131119 55.773517310619354 38.13017638027668 43.279135599732399 40.642161518335342 61.701606035232544 344.4607016146183 88.885103046894073 55.801835015416145 147.10452723503113 66.56082609295845 63.901347041130066 442.79529681801796 33.919119849801064 4636.9886750876904 665.82074059545994 17.430784434080124 55.623894661664963 30.203731521964073 35.046543151140213 1757.5031888633966 3661.8830165714025 33.130872949957848 5062.5766911059618 20.763157099485397 41.786450088024139 141.81712967157364 43.189261004328728 9587.2549647837877 10.684123069047926 19.156167507171631 25.582383796572685 7.6184880286455146 21.295032069087029 170.13993455469608 27.208481475710869 60.915687218308449 49.976856559514999 18.180233135819435 105.41796942055225 113.12923969328403 11.033261239528654
leaf_count=334 63667 549 255 858 16595 2590 143 102 375 198 51 253 277 452 81 475 564 134 130 72 244 200 224 210 233 173 2256 607 167 838 258 366 1093 170 14242 1714 101 195 152 205 5683 10970 165 16334 122 173 486 218 28856 26 44 166 22 131 623 158 308 132 117 427 665 72
internal_value=0.0610743 0.0887068 -0.02792 0.0907268 0.0915654 0.0140703 -0.0335727 0.0182404 0.065168 -0.00524398 0.000231676 0.0505967 0.0303648 0.0358333 0.0380949 0.0404473 0.0485175 0.0283342 0.0835945 0.0550874 0.0591139 0.0444044 0.066258 0.0174164 0.053339 0.0781457 -0.0157578 -0.0100736 0.0485154 0.0228018 0.0436913 0.0280188 0.0919495 0.0903834 0.0951326 0.0904955 0.0932096 0.0879685 0.0836657 0.039629 0.0917773 0.0951153 0.0844309 0.0848266 0.0486707 0.0306069 0.0692419 0.0595617 0.093391 0.0157195 0.035814 0.046307 -0.0218486 0.0398228 0.052794 0.0610502 0.0881256 0.0591206 0.0581457 0.0461485 0.0137795 0.0554389
internal_weight=44678.1 34092.7 10585.3 33142 32085.4 1255.11 9330.22 950.76 1056.58 724.366 598.538 649.1 130.469 220.779 472.971 530.747 451.158 217.454 176.129 411.197 143.973 75.2979 164.585 330.825 126.034 85.3921 381.084 132.164 378.355 308.386 161.282 130.462 31864.6 21383.2 10481.4 21349.3 10270.5 11078.8 5216.58 90.6704 5862.18 4104.68 5125.91 5095.71 352.222 189.641 162.58 90.4557 10253.1 48.8143 198.66 168.337 352.079 322.553 218.643 197.348 407.476 110.893 142.754 123.598 154.916 29.0052
internal_count=177701 106592 71109 101554 97505 6804 64305 5038 4049 4359 3490 2751 638 1030 2168 2445 1970 1089 583 1715 578 330 625 1769 540 307 2401 817 1643 1543 705 624 96475 65638 30837 65468 30671 34797 17051 400 17746 12063 16651 16499 1548 940 608 361 30570 250 952 754 2278 1476 912 781 1298 440 588 544 838 123
is_linear=0
shrinkage=0.03


Tree=2
num_leaves=63
num_cat=0
split_feature=13 31 21 31 13 13 21 40 66 77 77 60 71 19 35 75 41 42 77 77 38 31 56 67 33 63 63 86 10 19 16 49 10 40 49 42 37 84 66 8 65 13 46 65 71 13 49 90 78 44 83 77 78 45 14 36 41 84 84 31 49 12
split_gain=106419 5395.52 1887.22 744.219 586.637 575.859 468.126 412.867 465.037 410.209 382.901 345.675 327.937 304.589 234.632 213.859 213.765 207.816 203.501 198.566 205.766 198.391 195.35 194.32 190.222 186.872 175.515 172.796 170.883 170.763 158.896 158.396 157.893 152.414 148.996 143.217 133.386 170.413 132.913 138.706 178.807 145.837 143.052 130.863 129.169 124.812 182.816 144.529 150.027 125.914 123.155 150.611 123.048 122.942 120.853 118.537 115.836 115.072 164.521 114.934 114.078 130.391
threshold=0.0016025000000000002 0.0017565000000000002 329356.29381000006 0.00060050000000000001 0.0010665000000000004 0.0022785000000000006 516131.81371250004 1.1097850000000002 1.0993300000000004 779389.6050000001 -258446.63999999998 0.017246000000000001 0.0033995000000000002 -1031595.2849999999 1.1006050000000003 -1.0957999999999999 80.950000000000003 0.0017785000000000003 -5990578.0649999985 -433213.75499999995 1.1004250000000002 0.00025850000000000005 25.050000000000004 1.1056650000000003 -0.00020597499999999998 1.0946650000000002 1.0872050000000002 28.015000000000004 1.1317350000000002 -2807166.3249999997 5.9500000000000003e-05 -0.20304999999999998 1.0942250000000002 1.0796850000000002 -0.24734999999999999 0.0015885000000000003 1.0958250000000003 44.685000000000009 1.2043650000000004 1.2118450000000003 1.1179550000000003 0.00028350000000000006 0.028550000000000002 1.0729850000000003 0.0029005000000000003 0.0005235000000000002 0.086650000000000019 2.5911600000000008 2.8969500000000004 0.002122755 3.3065245000000005 -1250462.5499999996 2.4555000000000002 0.034430000000000009 -0.038449499999999991 1.1219350000000003 70.25500000000001 31.155000000000005 76.335000000000022 0.00024950000000000005 1.9701000000000002 48.065000000000005
decision_type=2 2 2 2 2 2 2 2 2 2 2 2 2 2 2 2 2 2 2 2 2 2 2 2 2 2 2 2 2 2 2 2 2 2 2 2 2 2 2 2 2 2 2 2 2 2 2 2 2 2 2 2 2 2 2 2 2 2 2 2 2 2
left_child=1 3 9 4 24 13 14 28 11 -2 -7 18 -10 54 19 27 -16 43 -9 20 -3 -6 -11 44 59 26 -12 -14 34 -19 45 -32 -23 -27 50 -28 37 -37 39 -33 41 -41 -43 -8 -15 -26 47 48 49 -47 51 -5 -44 -31 55 -4 -13 -46 -59 -1 61 -20
right_child=2 6 5 7 21 10 17 8 12 22 25 56 15 23 16 -17 -18 29 60 -21 -22 32 -24 -25 30 33 35 -29 -30 53 31 38 -34 -35 -36 36 -38 -39 -40 40 -42 42 52 -45 57 46 -48 -49 -50 -51 -52 -53 -54 -55 -56 -57 -58 58 -60 -61 -62 -63
leaf_value=0.012677674195687577 -0.034982577203612426 -0.010877199126809952 -0.012997366701660393 0.020214881218299004 -0.00082964018054824235 -0.027991357344676764 0.060402954102860215 0.097844499510377173 -8.9734508849739463e-05 -0.016734253433064655 -0.018130293488766325 0.078173251857045642 0.0087882846652735571 0.022894366278657426 -0.026812161080408767 0.090564320062279838 0.10187502911704351 -0.010467810158829522 0.025287594734795835 0.091190553831177953 0.11252483915023243 0.074211626684179091 0.069624306505062405 0.0078672815536823277 0.087333533684630829 0.076111724124628924 0.12743636390955518 0.079817901468577354 0.017780481742613909 0.065057474633276324 0.078532156525371613 0.087439786248703869 0.0074321950772506216 -0.032303259738387373 0.08952856248787712 -0.0060590978677898038 -0.015580035924475617 0.090201037286674488 0.03892999617791465 0.086142593251913147 0.084966648400120498 0.095991187143932399 0.061174222431049995 -0.011559092391353528 0.10035137812964745 0.073959897518657183 0.085983579897184276 0.10466836892816128 0.039478809458069003 0.0085704574627629097 0.0051653765335814431 0.11080988267635017 0.019083340691539396 0 -0.014050122577385953 0.05047343425437182 0 0.018813168525532935 0.094299017110247518 0.085099379626200553 0.042913327335092594 -0.020872387791367887
leaf_weight=57.210735350847244 8521.5651162862778 98.177504852414131 42.521434098482132 30.117927923798561 81.000230193138123 593.39634957909584 27.427582666277885 21.436174049973488 53.057675153017044 43.965185567736626 40.10162290930748 120.63399131596088 64.903798967599869 84.52481409907341 354.27916978299618 338.67847785353661 10.95553222298622 37.954259246587753 82.923940286040306 29.152041241526604 12.840970754623411 118.65816666185856 48.027603551745415 119.63004089891911 16187.754632338881 12.467252045869825 19.172627285122871 60.116151407361031 39.148864731192589 211.80448563396931 6968.5823512226343 5959.906067147851 45.17403718829155 83.064834535121918 609.46159327030182 23.504991963505745 28.728874772787094 49.948312163352966 60.337728187441826 136.81003540754318 722.5961876809597 47.44706167280674 118.76688323915005 111.96688003838062 67.169968888163567 725.57827654480934 1836.3649648725986 100.62246984243393 170.28999871015549 28.87985298037529 37.962884560227394 39.960862010717392 139.50941115617752 29.755461364984512 198.40325707197189 65.234836220741272 19.108219102025032 68.180293634533882 43.040869116783142 30.513383761048317 54.18476639688015 158.15750068426132
leaf_count=293 60507 604 261 140 457 4048 110 53 296 277 256 389 333 429 2383 949 28 224 395 89 27 388 168 660 44968 42 40 187 191 777 21256 16510 229 569 1679 137 185 154 252 379 2047 118 411 690 184 2309 5188 234 692 140 195 93 638 164 1243 275 103 342 122 88 234 980
internal_value=0.0569939 0.0810724 -0.0288331 0.0829478 0.0839433 0.00174619 0.00947475 0.0635926 0.0504852 -0.0343001 -0.0147396 0.0282165 0.0700045 0.0221375 -0.00991216 0.0780723 -0.0226025 0.032904 0.0106819 0.0228678 0.00400541 0.0372415 0.0282931 0.0399497 0.0842848 0.015733 0.0353909 0.0435435 0.0803229 0.0477886 0.0844026 0.0818912 0.0561371 -0.0172021 0.0836641 0.0533257 0.0380292 0.0593273 0.0851333 0.0855148 0.075576 0.0600177 0.0479863 0.00271603 0.0543487 0.0862627 0.0801667 0.0696461 0.065694 0.0715112 0.0497899 0.0731289 0.0387156 0.057071 -7.88014e-05 0.0252623 0.0673843 0.0688744 0.0488723 0.0388817 0.00394375 -0.0048321
internal_weight=46342.8 36190.2 10152.6 35265.9 33536 1539.09 924.314 1729.85 973.201 8613.56 850.385 456.445 516.756 688.706 505.405 463.698 365.235 418.909 316.702 140.171 111.018 244.832 91.9928 382.546 33291.2 256.989 161.456 125.02 756.652 279.514 33203.4 14154 163.832 95.5321 717.503 121.355 102.182 73.4533 7185.37 7125.04 1165.13 442.533 305.723 139.394 262.916 19049.5 2861.74 1025.37 924.748 754.458 108.042 70.0788 258.276 241.56 306.16 107.756 139.742 178.391 111.221 87.7241 295.266 241.081
internal_count=177809 107910 69899 102814 96597 8947 5096 6217 3919 60952 5431 2154 1765 3516 3131 1469 2411 1965 1662 720 631 1074 445 1737 95523 1383 772 520 2298 1165 95142 41611 617 611 2107 516 476 291 20355 20103 3593 1546 1167 800 1077 53531 8563 3375 3141 2449 428 233 1049 941 1779 536 492 648 464 381 1609 1375
is_linear=0
shrinkage=0.03


Tree=3
num_leaves=63
num_cat=0
split_feature=13 31 21 31 19 13 21 77 34 68 12 35 13 31 67 33 83 49 12 60 79 63 77 34 65 31 21 3 42 65 64 41 5 91 72 31 88 61 45 77 63 49 37 70 87 68 12 50 83 1 50 87 65 76 37 13 19 83 61 21 67 79
split_gain=94249 4743.77 1955.42 666.604 448.204 439.519 408.427 390.44 351.548 491.079 296.925 279.984 277.781 256.5 264.687 188.167 181.903 175.383 212.368 167.162 163.926 163.72 162.274 160.541 153.677 153.391 152.688 173.245 150.256 150.06 146.854 282.013 163.043 148.433 146.347 146.779 144.815 177.063 156.904 213.489 147.901 186.962 142.776 140.86 138.94 142.717 142.386 137.706 144.637 146.573 136.411 136.165 133.028 211.313 132.291 138.583 124.921 123.726 159.946 132.137 123.166 118.264
threshold=0.0016025000000000002 0.0017565000000000002 388743.34835600009 0.00060050000000000001 -550439.11499999987 0.0010665000000000004 582395.29033650004 779389.6050000001 1.1023450000000004 1.0989650000000002 43.905000000000008 1.1006050000000003 0.0021995000000000005 0.0050975000000000005 1.0910350000000002 -0.00015466499999999998 0.16699600000000001 2.4594500000000004 58.585000000000008 0.0045595000000000002 2471776.7277295007 1.1814150000000001 -501271.61499999993 1.0932250000000001 1.0821800000000004 0.00025850000000000005 641053.87460750015 1.1779450000000002 0.0012095000000000003 1.0729850000000003 1.2015100000000001 52.705000000000005 1.1601650000000003 -0.00017526499999999997 -0.19041499999999997 0.00069250000000000008 -0.00039815499999999992 0.10930450000000001 -0.0072774999999999984 325515.84000000008 1.0020850000000003 -1.1053499999999998 0.99444500000000013 41.355000000000011 1901.1110000000001 1.1483750000000001 52.945000000000007 2710376.2756910003 6.839871500000001 1.0788850000000003 76558.170560500017 800.80650000000014 1.0866750000000003 62.885000000000012 1.1836350000000002 0.00027550000000000008 -5296034.8449999997 2.9866645000000003 2.4786585000000003 329356.29381000006 1.1015250000000003 4420332.2102645012
decision_type=2 2 2 2 2 2 2 2 2 2 2 2 2 2 2 2 2 2 2 2 2 2 2 2 2 2 2 2 2 2 2 2 2 2 2 2 2 2 2 2 2 2 2 2 2 2 2 2 2 2 2 2 2 2 2 2 2 2 2 2 2 2
left_child=1 3 7 5 12 15 11 -2 20 10 51 22 26 28 -15 61 -11 18 -12 29 21 34 50 -9 -13 -7 -4 56 -6 -8 36 32 -32 -34 -5 -36 37 -17 39 40 -38 -42 -39 -27 46 -46 -40 48 49 -30 -3 -10 -21 -54 55 -44 -28 58 -18 -59 -43 -1
right_child=2 6 4 8 13 25 19 23 9 16 17 24 -14 14 -16 30 57 -19 -20 52 -22 -23 -24 -25 -26 43 27 -29 47 -31 31 -33 33 -35 35 -37 38 42 44 -41 41 60 54 -45 45 -47 -48 -49 -50 -51 -52 -53 53 -55 -56 -57 -58 59 -60 -61 -62 -63
leaf_value=0.023805334009062602 -0.034366216323779786 0.10039690118116358 -0.021845133654679036 0.017001491007025697 -0.029168052842301225 0.0018125330981437113 0.06459584693399846 0.046273307472411228 0.077553916784620258 0.013258763610401174 -0.000279438254076965 0.037937275757739884 -0.028304107104321047 0.043397777767218933 -0.032002813293507106 0.028247074940946124 0.1007170742314034 0.067995156642165405 0.054433980574581133 -0.0011441600530170369 0.09167171430869582 0.11363238917543279 0.079984107819108585 -0.030467726763273108 -0.027526398439758612 0.074429697859191651 -0.026607278366173139 -0.018714541304088211 0.06615227143960685 -0.006215268940731925 0.12234092402484358 0.014916631824367969 0.019099068436227742 0.074233515142576201 0.0088119329784813877 0.074779335689570001 0.10802752475381855 0.017106814488131086 0.080347399224791977 0.032158127708422246 0.03151390504437341 0.074111915627621927 0.09246744903242482 0.015997136234925869 -0.0087391279316389129 0.091131760837051434 0.075509292176451637 0.087810551968791645 0.090216702694923517 0.01633838998522431 -0.0019934398452449756 -0.0067879409725109929 0.092600534099873053 0.028402721676591896 0.069211011962386701 0.08176644107885632 0.052803459705210443 -0.024096153557916885 0.01194073811517711 0.065727997620495041 0.04382897708663578 0.10108633618857583
leaf_weight=95.650430053472519 8569.6181225329638 12.007940277457235 88.176618859171867 78.940925151109695 26.908133834600449 77.493708178400993 32.905345186591148 76.240393936634064 129.02119116485119 47.526219710707664 320.69733719527721 34.240145117044449 362.00763568282127 64.384739354252815 115.30403016507626 56.965714603662491 201.17246487736702 53.75208206474781 78.386668816208839 39.003584951162338 324.16352744400501 47.931879997253418 36.553686767816544 34.650855764746666 356.75957718491554 104.37539276480675 19.497156769037247 57.279557287693024 69.430069729685783 127.96952687203884 52.915442243218422 98.063945293426514 56.870244532823563 236.50426809489727 37.180598527193069 204.90509951114655 106.22092527151108 31.388263270258904 14026.761297404766 129.86757260560989 109.34143161773682 2391.4607603251934 1579.7987045496702 60.636196106672287 33.672736406326294 19.26029334962368 10293.549537464976 52.872942253947258 37.973598688840866 233.29388362169266 112.35305319726467 18.938957259058952 88.823149681091309 101.32454843819141 621.76859563589096 4905.3360316157341 129.18830798566341 14.812508538365362 21.251491487026215 215.68771961331367 137.97250212728977 21.825806751847267
leaf_count=441 62167 26 571 352 181 432 120 302 382 222 1736 165 2512 291 809 231 443 176 295 213 780 81 111 241 2442 313 129 370 238 763 73 453 251 685 172 593 202 136 37237 515 433 6770 3651 285 170 43 28938 151 113 1172 661 101 232 450 1836 12952 523 93 100 717 500 47
internal_value=0.053675 0.0751938 -0.0285778 0.0768845 0.00637939 0.0777978 0.00866389 -0.0336407 0.0588943 0.0481974 0.0297486 -0.00789856 -0.0107195 0.0251099 -0.00472915 0.0780779 0.0701819 0.0175268 0.0105014 0.0321379 0.0757526 0.0614751 0.0252213 0.0219675 -0.021635 0.0370889 0.0108432 0.0250204 0.0379135 0.00839268 0.078207 0.060401 0.073115 0.0637489 0.0532658 0.0648491 0.078434 0.0823706 0.0773905 0.0705143 0.0723056 0.070816 0.0827943 0.0533641 0.0781974 0.0280597 0.0783041 0.0426382 0.0353036 0.0280422 0.00837577 0.0665836 0.0485689 0.0588758 0.0830777 0.0843917 0.0420817 0.0760465 0.0924606 0.0597469 0.0724899 0.0391486
internal_weight=47920.8 37984 9936.83 37042.1 1256.32 35247.7 941.941 8680.51 1794.37 1101.25 600.796 551.914 656.149 600.167 179.689 35005.2 500.45 452.836 399.084 390.026 693.122 368.959 160.915 110.891 391 242.505 294.142 205.965 420.479 160.875 34887.7 444.354 346.29 293.375 321.027 242.086 34443.4 7195.26 27248.1 2874.86 2745 2638.77 7138.29 165.012 24373.2 52.933 24320.3 393.57 340.698 302.724 124.361 147.96 229.151 190.148 7106.9 6485.13 148.685 452.924 222.424 230.5 2529.43 117.476
internal_count=177790 108020 69770 102837 7060 96594 5183 62710 6243 4265 2690 3405 4105 2955 1100 95564 1575 2207 2031 1778 1978 1198 798 543 2607 1030 1593 1022 1855 883 95076 1462 1009 936 1117 765 93614 18806 74808 8420 7905 7703 18575 598 66388 213 66175 1674 1523 1410 687 483 895 682 18439 16603 652 1353 543 810 7270 488
is_linear=0
shrinkage=0.03


Tree=4
num_leaves=63
num_cat=0
split_feature=13 32 21 13 32 32 21 13 39 68 37 64 12 19 19 48 70 8 3 48 39 68 67 19 72 33 45 70 61 63 79 64 43 2 49 13 12 67 71 66 48 39 75 90 10 86 48 63 67 0 64 71 87 13 85 76 73 63 3 48 90 14
split_gain=82950.3 3237.42 2579.98 593.918 516.965 496.687 467.888 287.766 280.291 379.327 263.411 356.311 249.107 246.631 231.66 230.689 229.179 221.12 211.459 202.529 168.978 167.561 163.095 147.646 146.044 140.852 137.251 135.838 192.884 135.268 123.137 124.023 117.249 117.167 115.58 149.926 155.127 138.341 136.541 132.977 123.854 151.165 135.414 113.894 141.62 111.289 109.892 105.444 104.765 124.591 106.396 106.209 109.799 108.382 104.379 99.3787 99.1552 98.9718 107.512 98.0658 96.8389 122.884
threshold=0.0014935000000000003 1.6254020000000002 415063.42615900008 0.0021235000000000004 0.24492100000000003 0.90916750000000002 582395.29033650004 0.0033105000000000005 1.1108750000000003 1.0989650000000002 1.0948450000000003 1.1057050000000002 43.905000000000008 -550439.11499999987 -550439.11499999987 137097.49500000002 40.135000000000012 1.1367950000000002 1.1789050000000001 -2882856.2899999996 1.1562950000000003 1.0930750000000002 1.0864550000000002 -1031595.2849999999 -0.19430649999999997 -6.564999999999999e-06 0.011891000000000001 39.475000000000001 1.5086860000000002 1.1055650000000001 16888452.422755506 1.1785500000000002 -0.5464794999999999 1.0804750000000003 0.048550000000000003 0.00060650000000000016 44.865000000000002 1.1249250000000002 0.018925500000000001 1.2043650000000004 -4924591.919999999 1.1808150000000002 12.953700000000001 1.7934535000000003 1.1842450000000002 66.720000000000013 -411792.86999999994 1.0684450000000003 1.0934050000000002 1.2147950000000003 1.0932350000000002 0.0026275000000000005 110.06350000000002 0.00074450000000000004 25.555000000000003 2.7350000000000008 -0.0033243999999999995 1.1440650000000001 1.2243350000000002 -132414.69999999998 0.49433150000000009 -0.22204749999999998
decision_type=2 2 2 2 2 2 2 2 2 2 2 2 2 2 2 2 2 2 2 2 2 2 2 2 2 2 2 2 2 2 2 2 2 2 2 2 2 2 2 2 2 2 2 2 2 2 2 2 2 2 2 2 2 2 2 2 2 2 2 2 2 2
left_child=1 4 7 18 17 25 26 10 55 12 11 13 -10 -2 -5 -15 24 27 20 -14 23 59 -21 60 -11 47 46 28 -1 -25 34 -32 -8 -23 35 36 -27 38 -37 57 41 42 -38 -34 -45 -44 -3 56 49 50 51 -49 -53 -54 -40 -7 -6 58 -36 -16 -4 -62
right_child=2 6 3 14 5 8 32 -9 9 16 -12 -13 19 15 21 -17 -18 -19 -20 22 -22 33 -24 29 -26 30 -28 -29 -30 -31 31 -33 43 -35 39 37 40 -39 54 -41 -42 -43 45 44 -46 -47 -48 48 -50 -51 -52 52 53 -55 -56 -57 -58 -59 -60 -61 61 -63
leaf_value=0.084439961470728339 -0.019642411010172469 -0.025194607465463509 0.071620643328508732 -0.025580758576316625 0.017229989443828045 0.0080893663547314427 0.07759728378422262 -0.035190381727782161 0.061697888082328484 0.069360122807923849 -0.029131784013467187 -0.028831509099103477 0.052993484677735077 -0.028741697462259033 -0.032840207799957777 0.065209554899068808 0.082338190374075429 0.083571388615470005 -0.011849882628602088 0.025270854586133758 0.092211752902333174 0.036277531554381716 -0.023104607020252143 0.056799915378006015 0.0015450166779701169 0.076109524710435555 0.026799723172520638 -0.0081545389608259078 -0.0054540429767849299 0.015652395457549151 0.00235699166635157 0.0604686543430136 0.049551999270985914 -0.0271825836224781 0.074470644246935017 0.071818633001882251 0.061925403941255279 0.023700923197621248 0.056956664657107109 0.04561169952616307 0.071935139076176713 0.027956957899241529 0.07847698630220834 -0.00076387450643985392 0.072688789057080913 0.024215235841177751 0.0074299212474521073 0.023484579151871562 0.067916003615948087 0.016453779501322565 0.014826813952148436 0.072365899414915433 0.056369870887273014 0.005635841127107119 0.007392329323535147 0.073661378616017126 0.075954944655962503 0.080295289037229461 0.048778766401404119 0.040610594356337432 0.044146662838485798 -0.01195042384800781
leaf_weight=43.978425472974777 71.520375579595566 268.16479079425335 20.555527329444885 337.56263707578182 28.499724894762039 23.092463150620461 57.673019245266914 7332.9375004321337 111.85804097354412 48.944139659404755 904.53840224444866 207.03732439875603 74.690557047724724 27.9470274746418 17.320819348096848 122.59470418095589 234.10766762495041 49.880689203739166 85.965369507670403 106.66261051595211 47.689570352435112 32.803862690925598 148.8756393045187 247.82331295311451 69.11692850291729 6277.5729621499777 89.541125997900963 113.37930990755558 39.778822273015976 105.65567423403263 39.05763104557991 265.76039855182171 145.70766200125217 112.31574848294258 8526.3751930594444 444.14173527061939 2228.4915947467089 97.938448339700699 108.25941227376461 143.03979578614235 9540.5463351905346 101.63785780966282 854.00843484699726 129.46138477325439 27.684591457247734 38.263354316353798 139.50960063934326 67.678935915231705 1971.7868190705776 71.039671897888184 50.217488393187523 528.99152091145515 278.89596736431122 45.651420474052429 61.647552818059921 482.21985940635204 1191.0764459818602 3516.4306150525808 163.73213820159435 138.45227850973606 47.996035143733025 122.44571073353291
leaf_count=116 501 1822 69 2354 116 111 183 54653 356 147 6551 1495 266 203 119 451 576 130 541 493 120 146 897 888 351 15656 431 619 217 522 175 776 557 764 21706 1205 6491 387 336 507 25290 383 2117 713 83 148 779 274 5459 292 208 1395 854 206 273 1298 3035 8409 537 586 196 722
internal_value=0.0502596 0.0699909 -0.0269075 0.0121968 0.0712857 0.0715681 0.0122934 -0.0328522 0.0531556 0.0418519 -0.0199566 -0.000522986 0.0231605 0.0257466 -0.00852757 0.0474956 0.0650986 0.0276796 0.0317367 0.00986936 0.0381241 0.0105259 -0.00277577 0.0331713 0.0302573 0.0722188 -0.00652539 0.0130357 0.041832 0.0446643 0.0729133 0.0531527 0.0382763 -0.0124822 0.0730983 0.0716067 0.0721246 0.0576316 0.0629473 0.0754756 0.0701565 0.0648603 0.0660433 0.0304589 0.0123645 0.0762134 -0.0139659 0.0668804 0.0637143 0.0556808 0.0584987 0.0608282 0.0637232 0.0493649 0.0392972 0.0707459 0.0746224 0.0758194 0.0739957 0.0320947 0.0116231 0.00383677
internal_weight=49028.2 39045.1 9983.16 1316.59 38187.3 37940.3 857.742 8666.58 1299.57 794.256 1333.64 429.099 442.087 222.062 638.455 150.542 352.169 247.017 678.131 330.229 592.166 300.893 255.538 544.476 118.061 36640.7 497.216 197.137 83.7572 353.479 32406.9 304.818 360.527 145.12 32102.1 19752.5 19040.5 711.987 614.049 12349.6 12762.9 3222.4 3120.76 302.854 157.146 892.272 407.674 4233.84 3014.26 1042.48 971.435 921.218 853.539 324.547 169.907 505.312 1219.58 12206.5 8690.11 155.773 190.997 170.442
internal_count=177261 106380 70881 7027 101812 100730 4568 63854 4495 3086 9201 2650 2012 1155 3969 654 1074 1082 3058 1656 2517 1615 1390 2397 498 96235 3032 952 333 1410 84396 951 1536 910 83445 52286 50085 2201 1814 31159 34429 9139 8756 1353 796 2265 2601 11839 8688 3229 2937 2729 2455 1060 609 1409 3151 30652 22243 705 987 918
is_linear=0
shrinkage=0.03


Tree=5
num_leaves=63
num_cat=0
split_feature=13 31 21 31 13 42 13 4 75 19 68 19 4 82 13 48 48 37 89 61 18 63 68 45 60 31 64 5 24 48 9 12 68 0 19 63 63 49 13 31 76 12 89 62 67 90 75 15 71 15 60 45 17 85 60 18 85 31 84 64 50 70
split_gain=74634.6 3504.08 1895.83 471.984 459.857 411.146 369.356 352.476 305.886 236.182 233.466 221.189 196.505 179.988 174.307 209.134 329.304 333.505 210.287 160.634 158.908 153.165 146.097 144.269 143.076 144.245 140.198 158.12 137.662 135.232 133.613 132.79 131.106 128.559 124.534 166.592 140.91 121.626 222.241 170.709 131.595 121.721 110.466 109.337 108.606 108.347 106.146 105.911 103.655 102.049 98.8537 151.232 93.3609 91.2145 100.1 122.543 167.25 145.581 112.62 155.833 119.131 104.513
threshold=0.0016025000000000002 0.0017565000000000002 371271.23846150009 0.00060050000000000001 0.0026125000000000007 0.0017785000000000003 0.0010665000000000004 246.04500000000004 12.784150000000002 -1031595.2849999999 1.0795750000000002 -2902821.7349999999 824.42000000000019 0.0060350000000000013 0.0034205000000000004 137097.49500000002 332443.96500000003 1.0985450000000003 0.014315000000000003 0.44157700000000005 7.5450000000000008 1.1034650000000001 1.0898350000000001 0.034430000000000009 0.071830500000000019 0.00045450000000000004 1.2052800000000004 1.1601650000000003 0.0028150000000000002 -352785.24499999994 1.1750450000000001 51.065000000000005 1.0841950000000002 1.0788850000000003 -550439.11499999987 1.0943250000000002 1.0939750000000001 0.40905000000000008 0.00033950000000000007 0.00011550000000000002 21.395000000000003 51.32500000000001 0.0048035000000000013 -0.0015555749999999998 1.1389150000000001 2.8139715000000005 -4.4635499999999988 5.3535000000000002e-05 0.071028000000000022 0.00022277500000000003 0.00013250000000000005 0.00015150000000000002 -0.0058499999999999984 71.985000000000014 0.0054060000000000011 68.065000000000012 9.2500000000000018 0.00085050000000000002 28.755000000000006 1.1378450000000002 1070010.8494355001 37.185000000000009
decision_type=2 2 2 2 2 2 2 2 2 2 2 2 2 2 2 2 2 2 2 2 2 2 2 2 2 2 2 2 2 2 2 2 2 2 2 2 2 2 2 2 2 2 2 2 2 2 2 2 2 2 2 2 2 2 2 2 2 2 2 2 2 2
left_child=1 3 14 6 9 10 26 19 28 20 30 -7 13 31 15 -2 17 18 22 -5 32 -11 -17 -14 25 -8 37 -28 45 -12 -3 -13 -4 -15 -6 36 -36 38 41 40 -40 -1 -21 44 47 53 -23 -41 50 -44 51 -43 -29 54 55 58 -57 -58 -9 60 -60 -56
right_child=2 5 4 7 34 11 24 8 -10 21 29 12 23 33 -16 16 -18 -19 -20 42 -22 46 -24 -25 -26 -27 27 52 -30 -31 -32 -33 -34 -35 35 -37 -38 -39 39 43 -42 48 49 -45 -46 -47 -48 -49 -50 -51 -52 -53 -54 -55 61 56 57 -59 59 -61 -62 -63
leaf_value=0.071234586844829695 -0.033095316151176217 0.079315748587816301 -0.011114736276203572 0.074495616020011632 -0.030592248775800326 -0.017352365486653695 -0.0011786402964693531 0.087418534682867491 0.0054103154258349929 0.044338522095385691 -0.032900444468404934 0.07937797035054614 0.061680779628631 0.072722388701046234 -0.035010035790036614 0.036083162815440141 -0.027553374679653297 -0.032566827590844623 -0.027916972422217128 0.054010323643919812 -0.0085943357692624626 0.049687172885324447 0.10783548112035427 -0.013601180152285321 0.068507830055592828 0.053970180943595805 0.10203953358941949 0.055155175581673113 0.008659735440991476 0.026126648021764117 -0.024490573970126415 -0.012128233035412711 0.077124686898213293 -0.007313757905457712 0.012149925309479491 -0.025784706881087433 0.11313985576648745 0.070559289654029383 0.071005811539788966 0.04111524091319519 -0.024724238738993376 0.08353815927128154 -0.023049424617859301 0.063940469257779353 0.077810058483572267 0.00074399962428645995 -0.0071701229573437686 -0.035607371633163062 0.019338825313304112 0.079628298396744304 0.066382032570389327 -0.031343342409563962 0.022364170775082164 0.016377353959624863 0.04329511298591468 0.070559252072966941 0.050791217277390145 -0.0054708648447684615 -0.0016509906895704107 -0.0081515139008899867 0.068716160545694974 0.074123549227675015
leaf_weight=9092.3328821063042 702.87278504669666 32.01940830051899 23.276980623602867 28.212933644652367 280.54883395135403 95.908577680587769 125.74244967103004 130.42093300819397 103.03163973987103 325.48365612328053 281.06094098091125 52.950392037630081 196.8882742524147 19.003228679299355 7035.492111235857 64.194645538926125 299.66866612434387 66.258454993367195 24.930514544248581 24.387085020542145 297.08270415663719 38.776807680726051 45.585215345025063 24.826865047216415 66.957846492528915 62.810281500220299 44.46684592962265 190.28447131812572 48.98491932451725 38.540069594979286 15.711250737309454 18.350515246391296 38.68845833837986 184.76520147919655 93.976464673876762 113.1791013032198 13.596717879176138 10751.951688617468 19.017144188284874 241.08211109042168 35.06391142308712 16.915894404053688 109.39641061425209 9765.5441752374172 75.17658543586731 27.732940644025803 112.12016615271568 16.185926169157028 45.706579446792603 8.3827685266733152 7263.6602944880724 22.990303695201874 142.59564092755318 41.520267769694328 125.9947924464941 85.738622114062309 71.09206423163414 94.866066291928291 23.385767862200737 32.772079557180405 193.17372326552868 743.11609637737274
leaf_count=21779 5300 96 145 75 2050 612 670 280 489 1280 1995 151 619 59 53734 267 2210 497 181 82 1828 162 116 141 187 199 61 584 230 194 102 111 124 1120 483 791 22 26062 46 790 202 32 660 25957 168 142 652 88 173 19 18769 119 569 176 431 234 230 507 117 164 537 1846
internal_value=0.0475573 0.0652355 -0.0278181 0.0665994 0.00529895 0.00855303 0.0673329 0.0518334 0.0559089 0.0189382 -0.0163092 0.0240139 0.032079 0.0149014 -0.0331948 -0.0225383 -0.00762057 0.0219424 0.0490166 0.0103861 0.000470228 0.0327645 0.066853 0.0530931 0.0309933 0.017222 0.0675774 0.0487942 0.0590992 -0.0256296 0.0447294 0.0555703 0.0438515 0.000322515 -0.0173638 -0.000354662 0.0261154 0.0677651 0.0666316 0.0630652 0.00907174 0.0688279 -0.00255839 0.0633505 0.0457906 0.0606475 0.00747422 0.0360529 0.0658371 -0.01488 0.0661213 0.0174723 0.0413074 0.0617042 0.0629266 0.0534009 0.0366344 0.0186105 0.0643093 0.0518006 0.0610068 0.0697437
internal_weight=50406.5 40830.7 9575.73 39870.7 1336.73 960.025 37978.5 1892.21 1721.83 835.429 367.332 592.693 496.784 275.069 8239 1203.51 500.637 200.969 134.71 170.379 359.048 476.381 109.78 221.715 255.511 188.553 37723 377.347 1618.8 319.601 47.7307 71.3009 61.9654 203.768 501.301 220.752 107.573 37345.6 26593.7 10152.1 54.0811 16441.6 142.166 10098 332.445 1569.81 150.897 257.268 7349.27 117.779 7303.57 39.9062 332.88 1542.08 1500.56 631.449 251.697 165.958 379.753 249.332 216.559 869.111
internal_count=177716 107874 69842 102674 7537 5200 96455 6219 5383 4191 2387 2813 2201 1441 62305 8571 3271 1061 564 836 2097 2094 383 760 1056 869 95399 1214 4894 2189 198 262 269 1179 3346 1296 505 94185 68123 27251 248 40872 761 27003 1046 4664 814 878 19093 679 18920 151 1153 4522 4346 2069 971 737 1098 818 654 2277
is_linear=0
shrinkage=0.03


Tree=6
num_leaves=63
num_cat=0
split_feature=13 31 21 32 32 77 4 35 48 77 49 77 50 48 74 13 3 36 48 65 34 2 44 41 46 65 34 13 36 77 90 64 49 13 65 89 77 70 64 71 70 86 89 42 82 46 39 91 62 73 15 44 89 86 63 43 48 86 90 19 21 70
split_gain=67612.1 3921.59 1147.52 555.992 525.247 457.181 423.91 295.695 252.758 236.278 232.736 217.098 185.831 173.616 154.652 154.21 146.98 150.267 198.09 146.083 142.13 235.347 159.145 141.152 125.53 124.547 119.878 116.386 135.018 117.807 113.302 122.205 111.867 109.747 121.945 110.065 109.472 109.321 129.251 192.991 133.112 107.222 113.37 105.36 100.102 99.3127 95.6152 95.6051 101.954 94.8503 93.5011 92.033 90.9244 215.557 94.9936 149.923 127.028 90.8632 89.4334 93.9025 93.7974 88.5719
threshold=0.0017815000000000003 0.0019015000000000002 329356.29381000006 0.24492100000000003 0.9754965000000001 -584249.0199999999 755.58500000000015 1.1006050000000003 -352785.24499999994 -2387357.4849999999 -0.27304999999999996 779389.6050000001 82223.909786500022 137097.49500000002 -0.0023394999999999996 0.0022785000000000006 1.1783850000000002 1.1444850000000002 -352785.24499999994 1.1027150000000001 1.1097850000000002 1.1142850000000002 -0.0003077349999999999 80.950000000000003 0.20205000000000004 1.0860250000000002 1.1122650000000003 0.00019450000000000004 1.2149250000000003 -3748846.4849999994 1.7432070000000002 1.0620200000000002 0.048550000000000003 0.00078450000000000015 1.0015400000000001 0.048969500000000006 -5085734.9449999994 37.345000000000006 1.0923250000000002 0.020777500000000004 70.665000000000006 6.4600000000000009 0.0038765000000000002 0.0005995000000000001 0.0015750000000000002 4.0758500000000009 1.0034850000000002 0.00011600000000000001 2.3625000000000002e-05 9.1930000000000009e-05 1.4565000000000002e-05 0.00051708000000000017 0.097517500000000021 14.085000000000003 1.0662250000000002 -0.86246699999999998 2339304.0300000003 2.7850000000000006 1.8631255000000002 -5194397.4549999991 621377.82430800016 62.815000000000005
decision_type=2 2 2 2 2 2 2 2 2 2 2 2 2 2 2 2 2 2 2 2 2 2 2 2 2 2 2 2 2 2 2 2 2 2 2 2 2 2 2 2 2 2 2 2 2 2 2 2 2 2 2 2 2 2 2 2 2 2 2 2 2 2
left_child=1 3 11 9 27 15 7 12 -7 13 30 -2 -3 -1 -14 24 17 18 36 25 45 22 -22 -9 58 -10 -27 28 29 -5 41 -32 33 34 -29 -35 -8 -23 39 43 44 -6 -43 -39 -40 57 -36 48 -44 -45 61 -18 54 -54 -52 -56 -57 -12 59 -4 -61 -48
right_child=2 6 5 4 10 8 16 23 19 -11 20 -13 14 -15 -16 -17 51 -19 -20 -21 21 37 -24 -25 -26 26 -28 32 -30 -31 31 -33 -34 35 46 -37 -38 38 40 -41 -42 42 47 49 -46 -47 50 -49 -50 -51 52 -53 53 -55 55 56 -58 -59 -60 60 -62 -63
leaf_value=0.058633762993310551 -0.034291646252997819 0.092315096514221137 -0.031565277057436593 0.077984298385890091 -0.022531435573581313 -0.030269476880013566 0.035448863828590256 -0.027019700017584573 -0.0033128568472032306 -0.016803506941896366 0.01333988909687704 0.0133501515265495 -0.0061461967855472076 0 0.062551980737296842 -0.02814606791686057 -0.025483079774769504 0.073052195805554138 0.050149475016429253 -0.013559141549334054 0.051171190373531114 -0.0069792618757033558 -0.026029329562899529 0.076463092291086152 -0.023195445090698635 0.048030213775098259 -0.007178829945883018 0.091905982589981658 0.014787881603451892 0.065801900097528537 0.059540906865224827 -0.0098205589938972892 0.06468419685111608 0.050723357561543642 0.0087224648293391226 0.0001995900477549029 -0.019649653324358352 0.081173460567857361 0.022623477616534556 0.076005003910435617 -0.0089307183626772726 -0.020030523669532251 0.087896101057630932 0.026187300617125084 0.075136875224352917 0.014320684314442391 0.060688121635995317 0.0024185380095966369 0.011421480039195535 -0.024187487566657315 0.066013246642331019 0.032095365881852238 0.073825297469117798 -0.0012059041743511785 0.0055525366839356879 0.057927399895871923 0.027800986037162599 0.074701711633168813 -0.011256049933770605 0.0044322697089308688 0.076550155844293241 0.066362232587374934
leaf_weight=140.03400234878063 7655.5677853375673 26.345120564103127 13.375453054904936 871.02366128563881 20.843080192804337 81.80502824485302 49.589332267642021 429.87101492285728 66.487531989812851 96.010399892926216 25.043021693825722 85.663672313094139 141.15582409501076 66.322590991854668 36.072352021932602 489.28347213566303 66.154388517141342 78.069526329636574 144.77439777553082 67.926832735538483 36.019787162542343 27.698707103729248 67.427312508225441 11.113329127430914 106.85928183794022 285.41374409198761 39.058284223079681 123.76710630953312 46.600236937403679 6730.6157015860081 26.909800216555595 124.38994342088699 14231.109405368567 406.29599599540234 32.946700721979141 44.220827281475067 89.527632996439934 18.551923811435699 39.923223316669464 69.669420316815376 20.044941917061806 17.72148285806179 76.590038999915123 84.841549769043922 290.44097431004047 32.818010538816452 7089.0291958302259 22.953930407762527 21.251777246594429 53.9515360891819 1283.8299380689859 38.615497842431068 61.80495896935463 74.582796588540077 53.17882052063942 4138.8022529929876 136.74118489027023 332.50338533520699 50.267652258276939 26.009669303894043 47.332823231816292 4401.1116311699152
leaf_count=434 59747 57 95 1748 119 580 199 3079 383 564 99 431 853 351 123 3609 427 224 494 431 127 145 425 32 698 1089 245 205 175 15936 76 685 34153 1215 130 195 545 43 175 179 105 98 150 366 710 141 17918 115 97 311 3100 170 135 314 213 10907 474 763 307 148 151 10440
internal_value=0.0452091 0.0610216 -0.0294173 0.0625132 0.0628116 -0.00300303 0.00537199 -0.0103572 0.0178779 0.0217378 0.0446734 -0.0337589 0.0194043 0.039809 0.00794056 -0.0184472 0.0271339 0.036178 0.0257116 0.0265735 0.0511766 0.0429217 0.000796858 -0.0241768 0.000926786 0.0336396 0.0412906 0.0634533 0.0668983 0.0672118 0.0214823 0.00262887 0.062629 0.0609848 0.0613726 0.045842 0 0.0500603 0.0528557 0.0346783 0.0644145 0.0390669 0.0486459 0.0158257 0.0689688 0.0659359 0.0611468 0.0590492 0.0718725 0.0063581 0.0612447 -0.0038747 0.0579814 0.0328665 0.0585804 0.0563542 0.0569776 0.0705367 0.0199931 0.0383711 0.051782 0.0628697
internal_weight=51564 42548.9 9015.05 41437.6 41135.3 1273.82 1111.29 644.558 540.691 302.367 1409.59 7741.23 203.573 206.357 177.228 733.128 466.731 361.961 283.891 458.886 1098.93 708.569 103.447 440.984 243.845 390.96 324.472 39725.7 7648.24 7601.64 310.66 151.3 32077.4 17846.3 17395.8 450.517 139.117 605.122 577.424 227.014 350.409 159.36 138.517 157.345 330.364 390.364 17272 120.796 97.8418 138.793 17239.1 104.77 5748.94 136.388 5612.55 4328.72 4275.54 357.546 136.986 86.7179 73.3425 11490.1
internal_count=177653 109739 67914 103536 102187 7736 6203 4144 2728 1349 4929 60178 1033 785 976 5008 2059 1462 1238 2148 3589 2586 552 3111 1399 1717 1334 97258 17859 17684 1340 761 79399 45246 43836 1410 744 2034 1889 899 990 579 460 720 885 1003 43631 362 247 677 43501 597 15143 449 14694 11594 11381 862 701 394 299 28358
is_linear=0
shrinkage=0.03


Tree=7
num_leaves=63
num_cat=0
split_feature=13 31 21 32 32 19 4 31 77 66 77 42 35 83 13 9 48 65 75 68 69 20 56 78 4 86 77 89 48 90 87 33 65 12 71 79 66 66 69 87 13 77 90 19 35 51 68 12 60 18 67 69 0 78 75 67 16 49 67 86 49 10
split_gain=61225.5 3103.74 1531.19 511.813 429.83 409.641 325.111 282.777 229.497 225.676 219.853 192.8 190.791 193.54 185.987 172.76 158.226 158.14 240.756 157.066 154.332 151.591 129.053 127.976 189.052 125.359 123.447 117.489 127.191 114.128 110.88 109.475 123.436 130.097 108.343 105.978 110.97 105.207 103.245 103.137 101.051 119.969 125.749 93.3239 208.171 92.7266 91.0732 89.9789 135.052 93.404 84.5764 145.562 100.411 128.913 123.144 139.953 103.337 176.373 102.189 126.126 98.2267 90.6784
threshold=0.0016615000000000002 0.0020565000000000006 345780.48171950009 0.9754965000000001 0.24492100000000003 -550439.11499999987 755.58500000000015 0.0050975000000000005 779389.6050000001 1.0914900000000001 -2387357.4849999999 0.0021305000000000004 1.1828150000000002 0.87679050000000014 0.0021995000000000005 1.0917050000000001 137097.49500000002 1.1221650000000001 -3.7479999999999998 1.1050200000000003 1.1019250000000003 -0.47434999999999994 25.050000000000004 1.5440000000000003 938.59000000000015 4.9650000000000007 -6114354.5699999994 0.0048035000000000013 -2882856.2899999996 2.3427300000000004 624.56900000000007 -6.8749999999999994e-06 1.2095450000000001 55.945000000000007 0.0029005000000000003 16888452.422755506 1.1758800000000003 1.0861150000000002 1.0872150000000003 -5.2049999999999992 0.00078450000000000015 -4923771.9549999991 1.5600490000000002 -3602196.5549999992 1.1339550000000003 1.0000000180025095e-35 1.0878350000000003 39.945000000000007 0.017758500000000003 94.75500000000001 1.1458350000000002 1.2155800000000003 1.1958950000000002 2.0122000000000004 -4.0908999999999986 1.1977500000000003 -0.00012349999999999999 0.76980000000000015 1.1477000000000002 49.900000000000006 -0.76624999999999988 1.1849250000000002
decision_type=2 2 2 2 2 2 2 2 2 2 2 2 2 2 2 2 2 2 2 2 2 2 2 2 2 2 2 2 2 2 2 2 2 2 2 2 2 2 2 2 2 2 2 2 2 2 2 2 2 2 2 2 2 2 2 2 2 2 2 2 2 2
left_child=1 3 8 4 10 14 15 17 -2 38 16 12 13 -5 47 20 -1 18 -7 34 -3 26 -10 43 27 -23 -15 -25 -29 39 -30 -6 35 -34 -20 50 -37 -26 -9 -8 -27 -42 -43 44 -13 -41 -40 -4 -49 -50 51 -33 53 54 -52 56 -56 58 -58 -60 -54 -61
right_child=2 6 5 11 31 7 29 9 22 -11 -12 23 -14 21 -16 -17 -18 -19 19 -21 -22 25 -24 24 37 40 -28 28 30 -31 -32 32 33 -35 -36 36 -38 -39 46 45 41 42 -44 -45 -46 -47 -48 48 49 -51 52 -53 60 -55 55 -57 57 -59 59 61 -62 -63
leaf_value=0.057158680031120325 -0.033753737302219304 0.047063823514718835 0.044823760439161003 -0.016295695303346534 0.055059019023518084 0.10171943091883423 -0.021732277845412783 -0.015008240727597245 -0.02121556116405331 -0.031466874223716468 -0.015612365244761478 0.076390078314717683 0.075708590838814857 0.063820866827878159 -0.027420839341823103 -0.026133680497743124 -0.0012465697697558052 -0.010673871153672116 0.003936886512005593 -0.034594202353547814 -0.027795747607287043 -0.023341736791910272 0.048034952662302934 0.058372432222606518 0.019511741878166889 0.060733619201256153 -0.0040563616615152277 0.047229934121553137 -0.016582457039326825 -0.021051278804910183 0.04806236553935446 0.060007900398306252 0.050489956780818614 0.002306960784863268 0.046634822847810203 -0.011036515059817394 0.048520186660493451 0.065274481482176627 0.10692853434674252 0.045477619954535843 0.074634063512704851 0.053639167984228221 -0.032696070558930611 0.077503222180406964 -0.022599802022106607 -0.0012756107705661167 0.023164154824809831 -0.020524515084326084 0.011037748263867638 0.091396463326512856 0.090603808608534023 0.018555990394019003 0.082517571006232762 0.068404354757899535 0.062607439309057517 -0.016636343937781326 0.067423270271284794 0.065049630643861614 0.019331416002975509 0.015899364733380144 0.065710684242950013 0.081527413048667147
leaf_weight=142.50784760713577 7621.9659172073007 62.052597627043724 40.567078739404678 93.07974599301815 4488.9261454045773 48.18539696931839 29.609463393688202 27.331043660640717 47.548540785908699 145.30880579352379 90.755956143140793 47.299066334962845 69.236119136214256 27.992578342556953 418.49650844931602 376.51711639761925 57.410146102309227 65.208698779344559 72.133388310670853 29.612103372812271 39.477858498692513 22.434407263994217 46.823656111955643 66.10183821618557 57.561699032783508 195.53782123327255 139.35342766344547 63.92338602244854 115.29154834151268 44.928861901164055 28.980671554803848 30273.747254788876 281.51869685947895 63.120314717292786 227.62492422759533 29.592471688985825 323.09962908923626 279.21988414227962 18.902367770671844 194.02585203945637 25.706546723842621 22.916565850377083 40.526463970541954 215.56373037397861 30.412234932184219 45.866463467478752 33.178039029240608 149.32498855888844 75.98856084048748 15.152950331568716 78.361210212111473 79.637165069580078 395.386858060956 892.42738810181618 548.41976962983608 25.81659346818924 71.409166321158409 260.2600269317627 328.59935812652111 30.470260202884674 2587.7294764071703 58.572758331894875
leaf_count=410 60823 234 156 543 11464 102 179 168 306 1077 530 98 156 64 3129 2702 300 401 374 199 272 130 167 178 229 576 743 199 622 267 92 71531 777 252 784 134 869 696 32 711 67 77 253 491 178 239 155 969 391 47 118 273 707 1904 1241 125 155 569 1129 106 5681 104
internal_value=0.0428352 0.057646 -0.0279929 0.058739 0.0593783 0.00124923 -0.0011419 0.0180677 -0.0331768 -0.00921159 0.0227562 0.0416414 0.0288078 0.0229105 -0.0147588 -0.0167489 0.0403145 0.0319701 0.0394233 0.0299385 0.0176765 0.030683 0.0129726 0.050603 0.0425102 0.04319 0.00743117 0.0237044 0.0123276 0.0224691 -0.00314897 0.0596378 0.0602012 0.0417843 0.0365071 0.0603756 0.0434212 0.0576226 0.0310234 0.0298864 0.0486013 0.0212794 -0.000696546 0.0671618 0.0374744 0.0364459 0.055573 0.00402061 -0.00289582 0.0255705 0.0605413 0.0599007 0.0642079 0.0592689 0.0533875 0.0510947 0.052477 0.044949 0.0340798 0.0281596 0.0679753 0.0598288
internal_weight=52524.7 43441.4 9083.35 42648.9 41107.8 1367.01 792.478 667.485 7716.34 224.72 290.674 1541.14 636.784 567.548 699.53 478.048 199.918 442.765 377.556 329.37 101.53 474.468 94.3722 904.354 611.079 307.122 167.346 274.297 208.196 314.431 144.272 40817.1 36328.2 344.639 299.758 35983.5 352.692 336.782 79.4115 269.502 284.687 89.1496 63.443 293.275 77.7113 239.892 52.0804 281.034 240.466 91.1415 35630.8 30353.4 5277.45 2294.34 1401.91 1323.55 1297.73 749.312 489.052 417.642 2983.12 89.043
internal_count=177655 108375 69280 103771 98379 7984 4604 3292 61296 1432 1240 5392 2609 2453 4692 3208 710 1860 1459 1357 506 1910 473 2783 2016 1103 807 1091 913 1396 714 97139 85675 1029 1158 84646 1003 925 355 1129 973 397 330 767 276 950 187 1563 1407 438 83643 71804 11839 5451 3547 3429 3304 2063 1494 1339 6388 210
is_linear=0
shrinkage=0.03


Tree=8
num_leaves=63
num_cat=0
split_feature=13 31 21 32 32 19 21 31 67 63 6 39 38 48 65 71 41 90 48 21 90 60 60 6 50 85 91 37 78 63 71 86 19 63 38 48 90 78 14 45 21 60 65 33 48 39 17 90 44 41 31 78 32 34 71 43 88 48 1 18 13 49
split_gain=56004.6 3104.4 1056.45 523.06 523.429 406.561 328.488 310.291 231.366 195.451 189.045 183.189 245.379 157.331 147.564 175.061 134.799 133.489 162.167 206.918 126.372 125.658 122.587 122.983 138.924 119.226 197.557 113.393 108.756 103.424 106.312 103.396 103.317 102.609 97.0003 147.208 242.142 141.56 130.344 123.247 112.535 107.624 105.601 118.334 114.949 152.409 134.231 105.05 115.951 123.134 103.244 113.453 101.474 112.146 133.591 105.954 105.398 183.274 218.28 126.157 122.008 117.784
threshold=0.0017815000000000003 0.0020565000000000006 297203.56273050007 0.19020450000000003 0.9754965000000001 -550439.11499999987 469414.68257100007 0.0050975000000000005 1.0913750000000002 1.2006650000000001 1.0916250000000003 1.1112750000000002 1.1161450000000002 154939.26000000004 1.1221650000000001 0.0029005000000000003 80.950000000000003 1.4037165 -2882856.2899999996 858125.94402950013 2.3427300000000004 0.00026450000000000003 0.0051850000000000012 1.0803250000000002 10400018.037129501 10.955000000000002 1.0700000000000001e-06 1.1106450000000001 1.7740500000000001 1.0649450000000003 0.0072225000000000006 2.7850000000000006 -3462244.6549999993 1.0872050000000002 1.1713850000000001 -3746495.1899999995 1.8294950000000003 -1.5293499999999998 -0.083519999999999983 0.00040050000000000009 12124232.077004002 0.029576500000000002 1.1973400000000003 -3.4499999999999993e-07 -4794980.334999999 1.1858750000000002 -0.0058499999999999984 3.2535870000000005 4.0105000000000003e-05 52.215000000000011 0.00047350000000000002 4.3500500000000004 0.29436000000000001 1.0123250000000004 0.011807500000000002 0.13014700000000004 -0.00033319999999999991 2339304.0300000003 1.0984450000000001 41.045000000000009 0.00033150000000000003 1.0000000180025095e-35
decision_type=2 2 2 2 2 2 2 2 2 2 2 2 2 2 2 2 2 2 2 2 2 2 2 2 2 2 2 2 2 2 2 2 2 2 2 2 2 2 2 2 2 2 2 2 2 2 2 2 2 2 2 2 2 2 2 2 2 2 2 2 2 2
left_child=1 3 -2 9 34 -4 10 14 33 -1 13 31 25 -3 15 -7 -12 -14 29 21 22 -20 23 -8 -25 26 -13 -27 -17 -19 -31 -6 -24 -9 52 39 37 -37 -39 -36 41 -40 44 -44 45 46 -41 48 49 -48 -38 -52 53 -5 55 -55 60 -58 -59 -60 -54 -62
right_child=2 6 5 4 11 7 20 8 -10 -11 16 12 17 -15 -16 28 -18 18 19 -21 -22 -23 32 24 -26 27 -28 -29 -30 30 -32 -33 -34 -35 35 36 50 38 40 42 -42 -43 43 -45 -46 -47 47 -49 -50 -51 51 -53 56 54 -56 -57 57 58 59 -61 61 -63
leaf_value=-0.0095415295549755499 -0.033564248767509915 -0.011154451214472481 -0.021118280165398511 -0.024256839247243773 0.0027901968274812094 -0.0076669288833481142 0.061057895448517675 -0.018974002732326901 -0.032836234943970255 0.084103974545241836 -0.029334147518718479 0.083566166761273833 0.059170973957723527 0.05766848774482139 -0.017902300188532165 0 0.068748802644665027 0 0.052449588816424454 0.037175646963303166 -0.019264183487274621 -0.018287726848258759 -0.014149341404146651 -0.015661839955042559 0.064346338374883683 0.045033746405988909 -0.024757065065697279 -0.030796205025178106 0.0518651192196233 0.00046841161023229293 0.07072500938792442 0.054976967978568159 0.048367941442952464 0.043141894198385738 0.059782956050883719 0.063319095368930225 0.054940950000749542 0.0406875015805752 -0.0061334564337989636 0.059930883550660216 0.055106657788611048 0.072386930430237681 -0.011047432455658276 0.046950304984412015 0.056491562502623861 -0.0042141769979984669 0.024547043130768869 -0.020022297832772314 0.02011150187167119 0.06727236947731742 0.041005033482390339 -0.032327708068172784 0.065916827190896407 0.0054369050119384404 0.064576902286537508 0.055217355912072962 0.056830601763645905 0.052836756241800828 0.036300120287514802 -0.0089683696175639326 0.051986563474345222 0.061595591540128031
leaf_weight=147.87915774434805 7208.9538138881326 71.908348023891449 734.67399525642395 21.416164562106133 37.742508754134178 71.146733939647675 30.778142362833023 34.502671845257282 188.32879780977964 22.156358733773232 367.76264045387506 31.839239507913589 200.11308240890503 49.231051005423069 55.258773699402809 43.055662877857685 11.958793997764586 28.435249790549278 25.929057508707047 235.56450691819191 64.03462228178978 136.93615429103374 25.861384436488152 130.84905403852463 21.883579596877098 20.249543815851212 26.875752732157707 102.06561318039894 250.61923505365849 23.297272861003876 147.66498141735792 572.58481703698635 192.72736670076847 70.433981373906136 3325.9952905327082 89.37714309990406 1292.2522571086884 190.01486463844776 208.66796255111694 378.82751287519932 37.753473550081253 15.980771675705908 50.947170302271843 78.414447546005249 2001.5388693213463 55.732639953494072 101.03566090762615 27.509507283568382 181.80932696163654 169.6003045886755 71.180050432682037 24.480297550559044 2656.7460749000311 99.445981532335281 158.35238482058048 63.674574807286263 25207.982691243291 431.41044446825981 121.17767626047134 99.245565474033356 2052.148848131299 3015.5009427070618
leaf_count=823 58836 451 5325 111 160 409 93 228 1460 38 2768 85 522 170 368 221 36 133 77 827 389 789 154 795 70 64 172 673 835 103 344 1543 651 285 7369 189 3046 536 863 840 94 28 214 205 4654 220 323 121 603 349 206 125 5361 424 377 170 58005 1057 355 419 5143 6519
internal_value=0.0410008 0.0544564 -0.028867 0.0556253 0.0558291 -0.00545432 0.0012522 0.010643 -0.012943 0.00290587 -0.0155679 0.0388156 0.03064 0.0168127 0.0271716 0.0341111 -0.0259939 0.0377866 0.0304916 0.0192382 0.0193843 -0.00659152 0.025646 0.00730463 -0.00365911 -0.000730405 0.0338965 -0.0177357 0.0443259 0.0526198 0.0613839 0.0518087 0.0408041 0.022449 0.0564678 0.0534517 0.0460204 0.0288015 0.0217916 0.0556901 0.007892 -0.000118784 0.0511922 0.0239691 0.0523809 0.0432996 0.0464193 0.0355898 0.039074 0.0515814 0.0526948 0.0217879 0.0572033 0.0404026 0.044865 0.0252697 0.0573727 0.0564195 0.0404133 0.015834 0.0605522 0.0577214
internal_weight=53611.5 44954.5 8656.97 43987.6 43817.5 1448.02 966.995 713.346 293.265 170.036 500.861 1589.3 978.97 121.139 420.08 364.822 379.721 797.94 597.827 398.43 466.134 162.865 402.1 183.511 152.733 181.03 58.715 122.315 293.675 199.398 170.962 610.327 218.589 104.937 42228.2 8301.12 1929.71 541.794 452.417 6371.41 262.402 224.649 3045.42 129.362 2916.05 914.515 858.782 479.955 452.445 270.636 1387.91 95.6603 33927.1 342.889 321.473 163.121 33584.2 25859.8 651.834 220.423 7724.4 5067.65
internal_count=177823 109856 67967 104279 103418 9131 5577 3806 1973 861 3425 5492 3789 621 1833 1465 2804 2795 2273 1693 2152 866 1763 958 865 994 257 737 1056 580 447 1703 805 513 97926 19985 5087 1710 1521 14898 985 891 7529 419 7110 2456 2236 1396 1275 672 3377 331 77941 1082 971 594 76859 59836 1831 774 17023 11662
is_linear=0
shrinkage=0.03


Tree=9
num_leaves=63
num_cat=0
split_feature=31 32 31 32 4 39 77 48 63 3 73 33 39 64 48 77 77 60 70 48 42 41 64 48 41 75 33 14 63 32 70 76 87 63 5 77 35 65 43 77 77 33 39 66 43 73 67 31 31 87 79 64 33 89 64 73 9 64 68 83 76 32
split_gain=50406.6 2758.9 1851.85 587.585 488.126 254.015 355.086 231.733 226.414 213.986 190.628 190.598 190.296 246.619 235.689 179.784 170.885 165.375 190.612 156.587 181.814 166.031 146.505 143.234 133.291 149.435 127.304 126.264 125.996 124.34 148.402 122.829 177.873 119.171 116.16 130.175 132.306 111.066 110.337 108.136 107.046 103.786 99.2414 172.07 97.6122 91.2425 90.5296 88.9033 88.4621 83.2572 82.8886 115.187 81.5966 81.3751 80.9774 92.2807 90.5705 90.48 91.7017 103.301 91.149 85.5258
threshold=0.0022565000000000003 0.19020450000000003 0.0050975000000000005 0.9754965000000001 584.8850000000001 1.0964450000000003 -615372.42999999982 -352785.24499999994 1.2006650000000001 1.1132450000000003 -9.8564999999999989e-05 -0.0011872549999999997 1.1108750000000003 1.1007650000000002 -2882856.2899999996 779389.6050000001 -1900345.6799999999 0.00048650000000000006 37.345000000000006 320390.78500000003 0.0029285000000000005 67.25500000000001 1.0640750000000001 260950.43000000002 47.495000000000012 1.4991500000000004 -6.2849999999999991e-06 -0.28927449999999993 1.0649450000000003 0.14085650000000002 34.065000000000005 17.725000000000005 208.95150000000004 1.0666150000000003 1.1059750000000002 -615372.42999999982 1.0965850000000004 1.0666850000000003 1.2200050000000002 49967.665000000008 -4493206.5199999986 -7.7419999999999987e-05 1.0888750000000003 1.0881650000000003 -0.5976324999999999 -0.0025437249999999997 1.0923950000000002 0.0011775000000000004 0.0038175000000000006 -8.4929999999999968 16888452.422755506 1.1785500000000002 5.3575000000000008e-05 0.021570500000000003 1.2052800000000004 -0.0010019099999999997 1.2124450000000002 1.1593150000000001 1.1036250000000003 2.9866645000000003 33.105000000000011 0.29436000000000001
decision_type=2 2 2 2 2 2 2 2 2 2 2 2 2 2 2 2 2 2 2 2 2 2 2 2 2 2 2 2 2 2 2 2 2 2 2 2 2 2 2 2 2 2 2 2 2 2 2 2 2 2 2 2 2 2 2 2 2 2 2 2 2 2
left_child=1 8 4 11 5 6 -2 10 29 23 16 -3 41 14 28 -4 31 -15 -19 20 21 -20 -16 34 25 39 33 -24 -14 -1 49 -6 -33 53 35 -9 -37 -35 -7 -25 52 -5 43 -17 -29 -34 -41 -39 -8 -31 54 -52 -12 -13 57 -56 -57 61 60 -60 -59 -28
right_child=2 3 15 12 7 38 48 9 -10 -11 40 26 13 17 22 42 -18 18 19 -21 -22 -23 27 24 -26 -27 50 44 -30 30 -32 32 45 37 -36 36 -38 47 -40 46 -42 -43 -44 -45 -46 -47 -48 -49 -50 -51 51 -53 -54 -55 55 56 -58 58 59 -61 -62 -63
leaf_value=-0.030689295287869647 -0.026592902420032798 -0.023993261035702797 -0.03366055317859843 0.005149901828773379 -0.010123104661817092 -0.032302805229065298 0.071348917685656585 -0.019326135905220233 0.071408194354094234 -0.032433572578910289 0.016470156406401017 0.070933740904010695 -0.0022138456042669493 0.075301423092082639 0.062987274119091469 -0.033838287076330499 -0.028545632849227513 -0.032263465604376332 0.041457133678560805 -0.025651029548468766 0.069070433319387933 -0.032949007364680483 0.060629987954751489 0.079004719857726405 -0.0085287230804722228 -0.0299074356628924 0.034231972096371174 0.026971570586628885 0.061836720248461242 0.10434402202331575 -0.015229136947936362 0.075202769048377999 0.068062070211117903 0.0028330390954021266 0.09118547733207738 0.069480366902451504 -0.0031478744069569613 0.047071472754431645 0.076750633011893457 0.043391111116161965 -0.030669104034873055 0.051643887613236773 -0.03372027243738128 0.074837310509162647 -0.011093008303880601 -0.026229650726630624 -0.028732531235845873 -0.004553216453355143 -0.0070328530833443119 0.0054437716609756397 -0.005827525218559706 0.045358234584017811 -0.034578218848630063 0.052573971096719851 -0.023163176236163055 0.04958985010177748 0.004908338636810919 -0.02578351417764042 0.055609900521753693 0.066043788387922159 0.043324798662018715 0.0537937623134822
leaf_weight=365.17697200924158 99.539142869412899 27.668332055211067 7082.8839279413223 48.302601158618927 37.64370308816433 457.09775393456221 67.882539235055447 26.626029498875141 23.475671887397766 44.89285921305418 115.86232093721628 295.70936751365662 34.581309899687767 116.66659549623728 34.923463329672813 19.740215227007866 44.678070865571499 34.403262823820114 96.653910458087921 27.83254362642765 158.95513586699963 36.018311887979507 27.870320677757263 59.480858184397221 92.08514916151762 24.71064668148756 217.54201913625002 72.53659051656723 119.98085584491491 16.320991873741153 91.190364614129066 86.204176686704159 11.931295573711393 54.321945875883102 55.9177385866642 94.009419940412045 28.479220494627953 3848.9101879671216 7.426542490720748 57.558693051338196 164.59319165349007 610.70451878756285 28.173356369137764 34.108196377754211 339.22489260882139 31.289460405707359 20.072923056781292 29.021305873990059 14.916932061314581 15.156680531799791 43.806882321834564 315.87295593321323 35.982629895210266 1169.4107104539871 19.084344744682312 272.32931916415691 50.061078608036041 19.643861100077629 2601.7348328530788 1419.5693687796593 94.936380967497826 32710.060179136693
leaf_count=2843 751 202 59142 212 234 3641 201 172 51 307 569 554 166 228 84 129 319 206 309 172 320 209 77 146 535 151 729 306 303 29 573 256 34 201 119 258 149 9694 19 203 1175 1629 206 87 1928 205 116 147 89 78 182 792 256 2716 93 706 192 87 5684 2680 234 73458
internal_value=0.0390227 0.0517712 -0.0265034 0.0525597 0.00183854 -0.0185564 0.0112858 0.0146566 -0.0174473 0.0291919 0.000705677 0.053254 0.03547 0.0277203 0.0153221 -0.033148 0.0227316 0.0441659 0.0336329 0.0409016 0.0474218 0.0209373 0.00473637 0.0353427 0.0199714 0.0363264 0.0533048 0 0.0473913 -0.0219219 0.00397286 0.0367111 0.0505362 0.0488815 0.0540432 0.0394005 0.0524623 0.0460792 -0.0303338 0.0486105 -0.0139638 0.0482945 0.010622 0.0345605 -0.00426571 7.21263e-05 0.0242326 0.0466763 0.0569545 0.0592806 0.0539349 0.0390421 0.00402988 0.0563459 0.0540762 0.0389511 0.0427811 0.0542137 0.0585493 0.0593162 0.0310966 0.0536665
internal_weight=54303.4 45459.7 8843.79 44948.3 1678.88 646.863 182.339 1032.02 511.321 503.834 528.185 43189.7 1758.65 1099.65 629.117 7164.91 211.747 470.53 353.863 319.46 291.627 132.672 474.555 458.941 253.908 161.823 43162 439.632 154.562 487.845 122.668 167.069 129.425 5397.37 205.032 149.115 122.489 3932.25 464.524 137.112 316.438 659.007 82.0218 53.8484 411.761 43.2208 77.6316 3877.93 82.7995 31.4777 37764.6 359.68 151.845 1465.12 37405 341.475 322.39 37063.5 4135.88 4021.3 114.58 32927.6
internal_count=177543 108074 69469 104500 9905 4701 1041 5204 3574 2156 3048 98351 6149 4308 2864 59564 1048 1444 1216 1010 838 518 2395 1849 1151 616 98149 2311 469 3523 680 729 495 13312 698 579 407 10042 3660 465 2000 1841 422 216 2234 239 319 9841 290 107 84837 974 825 3270 83863 991 898 82872 8685 8364 321 74187
is_linear=0
shrinkage=0.03


Tree=10
num_leaves=63
num_cat=0
split_feature=13 31 13 32 4 4 32 48 89 10 77 41 64 63 49 77 77 39 41 42 16 85 75 42 84 63 42 84 32 41 76 90 65 1 47 13 55 12 16 49 13 88 74 71 87 90 84 86 12 48 82 65 50 74 15 79 68 42 41 42 76 76
split_gain=47019 2464.37 1001.41 402.91 396.105 383.728 376.786 256.232 216.454 190.634 170.779 164.332 151.461 148.362 139.238 138.183 130.146 138.761 117.995 116.818 177.901 195.965 131.929 104.772 115.575 102.382 101.352 101.287 99.719 120.172 99.2025 97.5716 93.9501 91.6668 91.236 90.5127 89.6181 88.8762 88.0776 92.907 92.1525 104.538 147.245 139.007 116.976 91.8091 98.3818 86.9934 86.5192 107.376 82.0699 123.055 99.2705 150.17 88.0839 80.3506 79.4277 203.34 132.141 85.5443 77.6827 80.0771
threshold=0.0017815000000000003 0.0020565000000000006 0.0033105000000000005 0.19020450000000003 856.0150000000001 755.58500000000015 0.9754965000000001 -687570.20499999996 0.027071500000000002 1.0918950000000003 453715.68000000005 52.035000000000004 1.0943050000000001 1.2006650000000001 -0.25334999999999996 779389.6050000001 -615372.42999999982 1.0964450000000003 80.950000000000003 0.0026065000000000003 0.00032250000000000003 11.550000000000002 12.784150000000002 0.0020745000000000004 66.110000000000014 1.0857750000000002 0.0012335000000000002 44.685000000000009 0.29436000000000001 48.145000000000003 3.1500000000000008 2.3427300000000004 1.0734850000000002 1.1152550000000001 11.435 0.00037150000000000003 77.280000000000015 39.595000000000006 0.00016050000000000003 -0.20304999999999998 0.0005235000000000002 0.0070810500000000011 0.016795500000000001 0.040002000000000003 1901.1110000000001 1.4089280000000002 90.985000000000014 47.405000000000008 45.355000000000011 -1005422.9399999998 0.04939000000000001 1.1027150000000001 2350382.0737720006 0.010477500000000002 -0.00037127999999999993 5341746.6124515003 1.0981300000000001 0.0015545000000000001 66.245000000000019 0.0095245000000000017 62.885000000000012 88.77500000000002
decision_type=2 2 2 2 2 2 2 2 2 2 2 2 2 2 2 2 2 2 2 2 2 2 2 2 2 2 2 2 2 2 2 2 2 2 2 2 2 2 2 2 2 2 2 2 2 2 2 2 2 2 2 2 2 2 2 2 2 2 2 2 2 2
left_child=1 3 4 13 15 9 28 37 11 16 -4 26 47 -1 34 -2 -3 -18 -11 20 -16 -22 30 24 -7 -25 -9 -12 29 48 -21 60 -26 -29 35 -8 -32 -6 40 -40 -30 43 -43 -42 45 -44 -47 -13 49 -5 51 52 53 55 -53 -28 57 -36 -59 -58 -27 -62
right_child=2 5 10 6 7 23 14 8 -10 18 27 12 -14 -15 19 -17 17 -19 -20 22 21 -23 -24 25 32 31 50 33 38 -31 36 -33 -34 -35 56 -37 -38 -39 39 -41 41 42 44 -45 -46 46 -48 -49 -50 -51 -52 54 -54 -55 -56 -57 59 58 -60 -61 61 -63
leaf_value=-0.0078124116624902198 -0.025380569335672291 -0.02337063759851344 -0.034213199899003295 0.080319497785338728 0.033518712394082259 -0.020184216599298602 0.053095986542371944 -0.027705776479727801 -0.03277447275327839 -0.028448325019733527 -0.030828840909804669 0.0030732304304599001 -0.035015516914044711 0.072675042820548208 0.044279596264215446 0.023236654641270074 0.063119078755753302 -0.018622683657133033 0.059756946213130741 -0.0036221246699274889 0.045669652184562051 -0.01294181532644699 -0.022641919675391135 -0.0072747908671793281 0.089169100993861758 0.068489791994997148 0.053947373650151814 0.053356141631875832 0.052613697766704985 0.049204168098327873 0.057287984665881655 -0.0032341322556149769 0.005228126924195828 -0.031614240985205246 -0.023222643646976456 -0.036276259376624875 0.021967257449894861 -0.027720734520961826 0.046081940282494772 0.051120918830532366 0.051670617938554396 -0.012867988797592309 0.067448239284691375 -0.021936911248405092 -0.013788269964821789 0.039414296639034001 0.081689187724090506 0.074040339465876237 -0.016340929735486183 0.010752469905792591 0.078148297956176713 0.071490002609325573 0.080669966189516717 -0.024154462868536831 -0.019583934508176054 0.013528336933527844 0.05102445997890917 0.058115218581311988 -0.016766972036553824 -0.019800272403744632 0.017418462222638122 0.087439399690703107
leaf_weight=144.42328257113695 812.39408407360315 47.257025942206383 6491.6962374150753 27.30333536863327 22.597845360636711 84.917763277888298 12.180431380867956 23.018920481204987 71.055159240961075 393.41392310708761 38.494354993104935 51.653519533574581 73.891428373754025 22.973789215087891 320.0920547991991 54.848722234368324 59.18781853467226 25.846168041229248 13.017659217119215 27.513659730553627 80.750982075929642 136.05885660648346 21.428332686424255 45.510442361235619 18.21664959192276 98.800230756402016 142.67504469305277 42.637855246663094 25149.803568154573 218.3762436658144 603.14882534742355 36.464152544736862 34.576289713382721 14.252747341990469 79.449136823415756 42.453600645065308 77.522079512476921 199.16266883909702 6236.7681876122952 7988.6429387032986 2914.1552730500698 42.981210500001907 140.66544154286385 22.189575061202049 31.045641452074051 1208.5312815010548 53.206693634390831 21.916023872792721 52.909603968262672 73.750936627388 37.017568223178387 10.325582429766653 44.489659622311592 36.012826897203922 58.909010484814644 68.398487962782383 128.67535011470318 82.624213397502899 27.15625961124897 16.220155641436577 86.726288810372353 17.454076766967773
leaf_count=812 6561 327 55866 46 115 531 29 164 540 3056 283 247 552 40 998 241 159 171 38 124 256 732 124 235 31 235 486 158 54007 566 1421 189 184 107 475 266 270 1481 14939 17562 6530 174 246 95 132 3091 75 48 248 282 120 29 93 228 384 328 354 223 149 83 362 33
internal_value=0.0374527 0.0490996 -0.0282933 0.0500935 -0.00794073 0.00152879 0.0502632 0.00644249 0.0161032 -0.0152143 -0.033627 0.0223139 -0.00474088 0.00342161 0.0360994 -0.022248 0.0158394 0.0379972 -0.0254098 0.0409477 0.0300753 0.00885979 0.0488553 0.0229256 0.00119202 0.033283 0.0318535 0.00589904 0.0507926 0.0348753 0.0510898 0.0411147 0.0358696 0.031372 0.0201628 -0.0152156 0.0533474 -0.0212232 0.0509265 0.0489172 0.0518907 0.0477522 0.0410498 0.0510969 0.0426952 0.043976 0.041284 0.0253257 0.0141719 0.0304452 0.0354358 0.0307669 0.0392902 0.0314234 -0.00474963 0.0411166 0.0260654 0.0129291 0.0393368 0.0428091 0.0492055 0.0301546
internal_weight=55259.8 46944.4 8315.45 45983 1728.37 961.388 45815.6 861.124 639.363 538.723 6587.08 568.308 147.461 167.397 1655.27 867.243 132.291 85.034 406.432 1266.51 536.902 216.81 729.613 422.666 137.711 284.955 420.847 95.385 44160.3 372.34 708.185 239.445 52.7929 56.8906 388.759 54.634 680.671 221.761 43788 14225.4 29562.6 4412.78 1476.43 2936.34 1433.45 1402.4 1261.74 73.5695 153.964 101.054 397.828 360.811 291.576 247.086 69.2346 211.074 334.125 189.23 109.78 144.896 202.981 104.18
internal_count=177931 109900 68031 104349 11617 5551 103497 4815 3219 3751 56414 2679 847 852 5504 6802 657 330 3094 3925 1986 988 1939 1800 746 1054 1832 548 97993 1142 1815 819 215 265 1579 295 1691 1596 96851 32501 64350 10343 3718 6625 3544 3412 3166 295 576 328 1668 1548 1135 1042 413 814 1284 847 372 437 630 395
is_linear=0
shrinkage=0.03


Tree=11
num_leaves=63
num_cat=0
split_feature=13 31 21 77 32 60 32 48 13 64 19 73 77 39 68 48 12 38 48 70 68 67 10 71 65 83 31 45 86 45 45 85 33 21 84 84 86 56 39 5 30 84 68 45 77 32 70 60 77 84 78 31 45 87 65 65 18 13 77 67 72 12
split_gain=43325.5 2302.4 1013.69 400.501 326.839 320.134 287.756 223.856 173.563 169.83 163.285 152.236 142.695 141.828 218.775 199.493 185.416 149.443 136.698 136.625 129.663 125.249 120.17 119.392 159.309 138.819 132.53 112.764 110.734 108.396 104.303 103.732 99.2823 94.6723 91.6933 91.4414 90.9204 90.7691 89.9274 89.8834 85.676 82.3677 81.4332 124.225 98.6503 80.2192 80.0889 155.583 76.7496 74.3321 74.1031 155.595 94.9155 102.883 74.0114 97.6738 72.7161 73.0429 99.3648 77.8258 72.1526 71.594
threshold=0.0017815000000000003 0.0019015000000000002 297203.56273050007 -479125.11999999994 0.19020450000000003 0.0051850000000000012 0.90916750000000002 -132414.69999999998 0.0020475000000000003 1.0707150000000001 -2902821.7349999999 -0.00019689999999999999 779389.6050000001 1.1108750000000003 1.0981300000000001 -2882856.2899999996 48.065000000000005 1.1760750000000002 -352785.24499999994 38.775000000000013 1.1662150000000002 1.1161100000000002 1.0900950000000003 0.0026775000000000006 1.1027150000000001 5.1085550000000008 0.0031685000000000003 -0.0021049999999999997 1.9350000000000003 -0.0018684999999999997 0.0086640000000000033 10.540000000000001 -2.7184999999999995e-05 880457.09843100014 1.3650000000000004 92.325000000000017 6.1250000000000009 57.785000000000004 1.1251350000000002 1.1106950000000002 0.00010003500000000001 83.475000000000009 1.1392550000000001 0.009246500000000003 -30008293.159999993 1.8174605000000004 67.765000000000015 0.005689500000000001 -5356420.0349999992 84.355000000000004 0.89265000000000005 0.0020565000000000006 0.034430000000000009 -8.4929999999999968 1.0897350000000003 1.0887950000000002 66.645000000000024 0.00032350000000000006 -1044427.7249999999 1.1977500000000003 1.8635980000000003 58.975000000000001
decision_type=2 2 2 2 2 2 2 2 2 2 2 2 2 2 2 2 2 2 2 2 2 2 2 2 2 2 2 2 2 2 2 2 2 2 2 2 2 2 2 2 2 2 2 2 2 2 2 2 2 2 2 2 2 2 2 2 2 2 2 2 2 2
left_child=1 4 12 8 21 9 32 -5 -4 11 -7 -3 -2 28 15 48 17 29 -11 20 38 -1 -20 41 25 39 -27 -21 35 -17 -23 45 33 49 -24 -8 -29 -14 -16 61 56 -9 44 -44 -30 -18 -46 -48 -15 -6 51 -12 53 -52 55 -33 57 58 59 -34 -58 -25
right_child=2 5 3 7 6 10 13 23 -10 18 50 -13 37 14 19 16 31 -19 22 27 -22 30 34 24 -26 26 -28 36 42 -31 -32 54 40 -35 -36 -37 -38 -39 -40 -41 -42 -43 43 -45 46 -47 47 -49 -50 -51 52 -53 -54 -55 -56 -57 60 -59 -60 -61 -62 -63
leaf_value=-0.011669078525428497 -0.033464425981412978 0.089638303088851679 0.0082799733623982793 -0.034188484083948978 0.026166198845603797 -0.013548199219799772 -0.03332756324427294 -0.030445923187123452 -0.025210144018104574 -0.028698974714332959 0.066808232488080363 -0.0032165917511193772 -0.0088586404130620404 0.074801571628061544 -0.012411874564526084 0.039952146114126723 -0.00094436880801292155 0.064353679199310107 0.055384745737089104 -0.011906130992172251 -0.027400061208121062 0.069213844588354861 0.075653615254769505 0.056572591265596689 -0.01380506679368078 0.053040629200043439 -0.020109452165495204 0.011724191241468064 -0.0069517589983684076 -0.023885241798340187 -0.0186010504939371 -0.010294369212153773 0.057332034859420483 0.045409338619869552 -0.021655060042022528 0.058465227087006029 0.062188818534407754 0.070590847529820644 0.057394614288894849 -0.012741662292720958 0.04622815109021583 0.056992262953578031 -0.024625740625055854 0.0431992957638309 0.066325509185525919 0.058023101349450851 -0.02097880512744224 0.054927989706881272 0.029621312859914716 -0.037587455879685032 -0.027359121398797415 -0.029375874617147198 -0.0057350512340992622 0.042838893082215286 -0.034442380439619114 0.084834660766525669 0.047420407579301438 0.048368553664005762 0.05039098210188022 0.0058671137813284891 0.012137909696209597 -0.0051375324775574435
leaf_weight=114.81619307398796 6655.4046432301402 24.40586419403553 174.60082234442234 72.478794880211353 236.50582036375999 106.24509464949369 26.783728823065758 55.227976009249687 656.6848638355732 350.87628797441721 20.56333877146244 40.697877734899521 59.165496379137039 55.564055815339088 21.879806622862816 45.009878411889076 59.245934650301933 72.111421406269073 33.821125037968159 21.682919710874557 40.285347044467926 38.866302654147148 8.7519435212016088 224.55211860686541 68.42636027187109 32.769080214202404 64.159247748553753 37.975821003317833 20.653647556900978 48.52280667424202 16.326421275734901 69.585788264870644 2982.2836672961712 422.89741091430187 76.317624114453793 14.049895495176314 318.49191248416901 15.381899446249006 57.367863893508911 19.75076612830162 11253.709492698312 10.585617981851099 29.265131309628487 117.50405451655388 343.96288834512234 30.162250056862831 30.098771199584007 107.22348371148109 99.825162872672081 16.448499396443367 18.815780580043793 49.753359228372574 48.391219355165958 308.34531129151583 119.57578971982002 10.241840869188307 10578.425316661596 9830.6749116629362 9302.1909620463848 28.236592620611191 55.534214705228806 17.165106780827045
leaf_count=679 58640 40 951 590 739 725 136 381 5174 2663 40 223 346 100 107 139 294 167 100 114 220 87 25 695 448 87 377 142 85 262 91 363 5610 1009 504 27 627 40 137 137 25213 32 143 301 625 92 144 232 320 83 119 358 270 1049 776 24 23418 21520 19412 105 172 85
internal_value=0.0358566 0.0467522 -0.0281746 -0.00488434 0.0477574 0.00355708 0.0479093 0.0145571 -0.0181384 -0.0129383 0.019586 0.0319681 -0.0330012 0.0360237 0.0292495 0.0170802 0.00692866 0.0321663 -0.0192802 0.044037 0.0155542 0.00599701 0.0082743 0.0218442 0.0276627 0.0356797 0.00460354 0.0528964 0.0468028 0.00661495 0.0428349 -0.00750356 0.0483856 0.0366516 -0.0105327 -0.000384103 0.0569444 0.00785504 0.0378331 0.0470242 0.0485642 -0.0152906 0.0498153 0.0293971 0.0556557 0.0190385 0.0584134 0.0380422 0.0463437 0.0217708 0.0275613 -0.000284867 0.0328417 0.0386392 -0.0195898 0.00243805 0.0493639 0.0503803 0.05198 0.0568614 0.0472401 0.0520636
internal_weight=55887.3 47761 8126.35 1396.4 46674 1086.98 46504 565.115 831.286 534.871 552.114 65.1037 6729.95 1797.07 1107.53 609.845 454.456 165.644 469.767 497.684 119.533 170.009 118.891 492.636 426.823 358.396 96.9283 378.151 689.542 93.5327 55.1927 288.812 44706.9 675.852 85.0696 40.8336 356.468 74.5474 79.2477 261.468 44031.1 65.8136 648.708 146.769 501.939 89.4082 481.285 137.322 155.389 252.954 445.869 70.3167 375.552 327.161 199.403 79.8276 32777.3 22143.4 12312.7 3010.52 10634 241.717
internal_count=177814 109831 67983 8957 103715 6116 102858 2832 6125 3555 2561 263 59026 5577 3884 2537 2117 568 3292 1347 464 857 629 2242 1829 1381 464 883 1693 401 178 1549 97281 1831 529 163 769 386 244 917 95450 413 1530 444 1086 386 1001 376 420 822 1836 398 1438 1168 1163 387 70237 46647 25127 5715 23590 780
is_linear=0
shrinkage=0.03


Tree=12
num_leaves=63
num_cat=0
split_feature=13 31 21 77 4 31 13 4 89 65 13 6 70 60 16 73 89 77 66 66 36 42 47 45 42 43 82 65 7 10 12 64 7 19 91 88 35 33 19 79 63 73 89 45 75 90 71 73 36 36 91 91 31 37 13 89 56 16 45 49 79 34
split_gain=39680.5 1922.83 1042.93 443.45 311.355 280.554 335.33 227.11 188.248 203.947 167.369 162.461 147.845 187.801 161.184 142.271 132.631 132.094 129.268 126.049 136.411 118.403 114.181 112.8 102.522 100.124 98.3512 104.004 97.4239 95.5894 84.9816 84.5938 176.249 145.895 109.245 99.1748 114.469 110.581 89.2469 119.509 85.6059 84.1713 83.2872 101.071 87.1476 93.9263 87.0026 108.677 83.0574 113.81 82.7042 80.8882 80.0995 77.1481 80.3929 76.7191 76.597 75.5771 75.2743 73.2621 73.2587 88.8236
threshold=0.0017815000000000003 0.0020565000000000006 297203.56273050007 -479125.11999999994 755.58500000000015 0.00054350000000000004 0.0010665000000000004 250.02500000000003 0.0048035000000000013 1.1027150000000001 0.0022785000000000006 1.0916250000000003 64.185000000000016 0.0065725000000000011 0.00042550000000000004 0.00056258000000000013 0.010156000000000002 779389.6050000001 1.1070650000000002 1.1010950000000002 1.1124050000000001 0.051695000000000012 38.005000000000003 0.017560500000000003 0.0010785000000000002 1.2200050000000002 0.035275000000000008 1.0860250000000002 1.1774050000000003 1.1842450000000002 47.545000000000009 1.2015100000000001 1.1602350000000003 -5034519.129999999 -0.00032722999999999991 -0.00039815499999999992 0.99439000000000011 -0.00014058499999999998 -1322910.3899999997 1200896.5591725002 1.1277750000000002 -0.0022002399999999996 0.054361000000000007 0.0032700000000000008 -1.0957999999999999 2.5041205000000004 0.0018515000000000003 -3.7029999999999996e-05 1.1444850000000002 1.1108350000000002 -4.3469999999999995e-05 -0.00021939499999999997 0.00024950000000000005 1.1836350000000002 0.00027550000000000008 0.026826000000000006 25.050000000000004 0.00034550000000000005 -0.010631999999999997 -0.52734999999999987 3859567.9016820001 1.1065050000000003
decision_type=2 2 2 2 2 2 2 2 2 2 2 2 2 2 2 2 2 2 2 2 2 2 2 2 2 2 2 2 2 2 2 2 2 2 2 2 2 2 2 2 2 2 2 2 2 2 2 2 2 2 2 2 2 2 2 2 2 2 2 2 2 2
left_child=1 5 17 10 11 6 31 15 -5 19 30 18 42 14 22 16 50 -2 -3 20 26 -8 51 60 -6 29 27 -10 48 -13 -4 35 -33 34 -34 36 -1 52 -39 40 -40 -30 44 -44 45 59 47 -46 49 -26 -7 -14 -37 54 57 -25 -19 -38 -55 -9 -15 -62
right_child=2 4 3 8 24 7 21 12 9 -11 -12 25 13 23 -16 -17 -18 56 -20 -21 -22 -23 -24 55 28 -27 -28 -29 41 -31 -32 32 33 -35 -36 37 53 38 39 -41 -42 -43 43 -45 46 -47 -48 -49 -50 -51 -52 -53 -54 58 -56 -57 -58 -59 -60 -61 61 -63
leaf_value=-0.00099204319507709615 -0.033307487176660683 0.03485378904032959 0.016741425583685587 -0.017499211514270772 -0.017691544886826237 -0.0032604659497011534 0.0036156581217795447 -0.0034857801914558975 -0.0094881601934468322 -0.021665848217018235 -0.027773951095412825 -0.027874842099236689 0.031869040427286895 0.073683045373484551 -0.012930044879695006 -0.028533918790518482 -0.0061332027536968653 -0.026136335141011661 -0.027760806096071781 0.090536350140652061 -0.019625348588503125 0.055771355048011999 0.040981309412866367 -0.0052099254021589813 0.040181808379929122 0.082269048168766304 -0.023392684504827961 0.046737917262781752 0.065124900933876753 0.049965969666592835 -0.016625186637088649 0.072561752105351457 -0.019537663403309161 -0.0019556396505061805 0.041649033266236625 -0.015167027286711132 0.056995016683883126 0.045892615909728138 -0.0083406816610914897 0.040200081818119918 0.060817104273632495 -0.010670993352892484 -0.018341315585512115 0.044037323783503689 0.055800667835293118 -0.018800653737698368 0.052296516581470547 -0.021954156109110286 0.067319019069034328 -0.0071765192077977331 0.059030425428163065 -0.017928938420519978 0.048135566540861825 0.065513442989693763 0.048570925652165101 0.036993846870102091 0.034620974712985898 0.029051351864601338 0.036735430151371942 0.040956610171404048 0.068003217960466489 -0.011696262007777541
leaf_weight=39.460258886218071 6456.851300239563 93.418350607156754 143.71552888303995 117.40443588793278 51.61976433545351 23.781554237008095 227.95966155827045 34.016351237893105 32.249435938894749 70.023270003497601 552.97272384166718 371.3502077832818 49.980889916419983 125.51045924425125 131.88659489899874 65.687237769365311 80.528727233409882 32.890161626040936 41.90638229995966 31.658281601965427 45.481708057224751 46.754913702607155 188.17917685955763 44.772496446967125 159.94685590267181 6.9282475411891928 22.477121576666832 249.74680276215076 14.593038901686667 13.605315655469893 129.61539287120104 89.420947656035423 27.462838098406792 119.51341642439365 303.92350965738297 46.463620811700821 1953.2481914013624 34045.918122172356 86.388455048203468 427.62151703238487 18.674984022974968 84.022982627153397 41.975551947951317 49.426878362894058 29.704529389739037 25.752836748957634 1079.1279383450747 32.700126931071281 59.706907272338867 61.992253877222538 80.551055513322353 67.809645727276802 27.687181279063225 97.585540622472763 6229.4210021048784 232.11350387334824 40.099980160593987 99.243478521704674 716.47605906426907 561.07143907248974 23.838521927595139 23.93808513879776
leaf_count=141 58321 354 732 781 319 115 1045 148 209 493 4565 2965 166 196 687 412 407 231 310 62 323 110 538 175 526 11 138 787 32 75 878 111 124 454 753 233 3455 72900 326 989 30 487 183 116 63 115 2354 163 127 318 202 322 61 154 12948 649 148 249 1719 1418 40 100
internal_value=0.0344133 0.0445725 -0.0278222 -0.0042513 0.00248063 0.04542 0.0460207 0.0364436 0.0160839 0.0248996 -0.0182941 -0.0129446 0.0389449 0.0287167 0.0145734 0.00890609 0.0224531 -0.032853 0.0151823 0.0335567 0.0280734 0.0127712 0.0265298 0.0423438 0.0213663 -0.0227477 0.0353377 0.040191 0.0267795 -0.0249237 0.000806468 0.0462258 0.0340632 0.0262182 0.0364446 0.0463744 0.049229 0.0456196 0.0456983 0.0331625 0.00412674 0.000785169 0.0438103 0.0151775 0.0452689 0.0359184 0.0502921 0.0148802 0.0357401 0.0268462 0.0446509 0.0030392 0.00839634 0.0494502 0.0503412 0.0300673 0.00685438 0.0556733 0.0402981 0.0383643 0.0615025 0.0280343
internal_weight=56479.9 48554.7 7925.19 1395.34 959.09 47595.6 44603.2 2992.35 569.041 451.637 826.304 527.209 2741.81 888.029 437.856 250.549 184.861 6529.84 135.325 381.613 349.955 274.715 305.97 450.173 431.882 391.884 304.473 281.996 380.262 384.956 273.331 44328.5 540.321 450.9 331.386 43788.2 9135.43 34652.8 34578.6 532.685 105.063 98.616 1853.78 91.4024 1762.37 620.841 1141.53 62.4047 281.646 221.939 104.333 117.791 74.1508 9095.97 8281.91 276.886 72.9901 2052.49 814.062 595.088 173.287 47.7766
internal_count=177563 109895 67668 8968 5524 104371 95802 8569 2793 2012 6175 3715 7433 2873 1713 1136 724 58700 664 1519 1457 1155 1026 1160 1809 3051 1134 996 1490 3040 1610 94647 1442 1331 877 93205 18666 74539 74245 1345 356 519 4560 299 4261 1681 2580 226 971 844 317 488 294 18525 16652 824 379 3704 1873 1566 336 140
is_linear=0
shrinkage=0.03


Tree=13
num_leaves=63
num_cat=0
split_feature=31 32 31 4 32 2 35 77 67 42 78 48 77 33 4 54 34 43 43 76 41 86 33 35 48 34 19 82 8 78 42 68 70 67 19 91 91 14 19 49 19 78 91 46 35 43 48 64 91 91 75 48 9 43 16 64 42 72 77 32 46 82
split_gain=36340.6 1971.17 1681.7 430.437 427.625 194.08 182.256 241.906 173.666 170.298 198.491 161.171 151.658 144.894 139.618 127.155 126.866 137.402 200.203 133.693 126.749 125.492 124.208 116.944 108.028 106.537 100.682 100.107 123.344 99.5969 99.0753 99.0017 122.992 98.8692 96.406 96.0846 94.2411 93.5103 93.2941 90.131 89.9847 85.9643 85.7551 84.6293 84.9509 83.8494 82.4585 138.176 80.7156 80.1339 77.4234 77.3227 102.562 76.7454 76.1112 89.8995 100.198 87.0381 81.693 82.6499 75.5139 74.6343
threshold=0.0022565000000000003 0.19020450000000003 0.0050975000000000005 584.8850000000001 0.9754965000000001 1.0804750000000003 1.0969950000000002 -402796.31499999994 1.1131850000000003 0.0011195000000000001 1.9331500000000001 -2921924.4599999995 779389.6050000001 0.00010037 989.47000000000014 0.16375800000000004 1.1097850000000002 -0.62401349999999989 0.082716500000000012 64.365000000000023 80.950000000000003 34.385000000000012 -3.1254999999999991e-05 1.0868550000000001 -352785.24499999994 1.0777550000000002 -5508499.6249999991 0.012815000000000002 1.0867350000000002 0.93515000000000015 0.00094850000000000002 1.0981300000000001 38.775000000000013 1.0667250000000001 -37538832.359999992 2.6450000000000003e-05 -0.00021939499999999997 -0.37515199999999993 349495.61500000005 0.78870000000000007 -1371386.6949999998 3.8682000000000003 8.375000000000002e-06 -0.40359999999999996 1.1121450000000002 1.2200050000000002 -2833958.8499999996 1.0875150000000002 -0.0014026649999999998 -5.6564999999999991e-05 -3.4612999999999996 3131303.0050000004 1.0739550000000002 -0.31692199999999993 5.9500000000000003e-05 1.2086400000000002 0.0025335000000000006 1.8635980000000003 3078217.7000000007 0.42167650000000007 1.4464000000000004 0.13291000000000003
decision_type=2 2 2 2 2 2 2 2 2 2 2 2 2 2 2 2 2 2 2 2 2 2 2 2 2 2 2 2 2 2 2 2 2 2 2 2 2 2 2 2 2 2 2 2 2 2 2 2 2 2 2 2 2 2 2 2 2 2 2 2 2 2
left_child=1 8 3 6 22 13 7 -2 34 -7 11 -11 46 37 16 23 27 30 26 40 -8 -10 25 -12 -17 -3 -19 28 -6 53 -18 38 41 -25 -1 60 48 -5 -16 -14 61 -33 -9 44 -31 -21 47 -4 -35 -46 -45 54 -53 -27 -24 57 -57 58 -56 -60 -29 -20
right_child=2 4 12 5 14 9 20 42 21 10 15 -13 39 -15 31 24 17 18 19 45 -22 -23 51 33 -26 29 -28 35 -30 43 -32 32 -34 36 -36 -37 -38 -39 -40 -41 -42 -43 -44 50 49 -47 -48 -49 -50 -51 -52 52 -54 -55 55 56 -58 -59 59 -61 -62 -63
leaf_value=0.063138403074772656 -0.019221046988881232 0.055162430222071034 0.11378719317787149 -0.013176436262022808 -0.0044986593464378059 -0.034711968366563872 -0.032436785002766748 0.081107370449532978 -0.021206964736440598 0.048578351546929972 -0.035179268317960935 -0.030192485225777169 -0.024848580001151782 -0.034448591551269891 0.021069476608124742 -0.022158051727750316 0.069234976605817969 0.046251689506491007 0.046994458240505889 -0.014773506281838619 0.051365762270824393 0.059481801049903353 0.045335683407461504 -0.027300724068045921 0.020234493683116268 0.039097751394299537 -0.023451527418256679 -0.021883294929865911 0.059866491335844679 -0.029716096833428574 0.0053929275949322307 0.007293659727879734 0.059179026359276181 -0.00044797550046162389 -0.028015785019898237 0.03736408566024671 0.026372141702102819 0.057896403947395543 0.067653775728999457 0.036861867423938502 -0.013661452443197343 0.067631513312977107 0.011167205540837553 -0.015385548143015888 -0.017397341803188523 0.055024565904209496 -0.033046578496857645 -0.030530793751534394 0.071036838621515205 0.06098850632359968 0.039406471750783843 0.034162692251944973 -0.035397211705407376 -0.027315557435640112 0.043395575508025822 -0.031423636005618816 0.035455920127396914 0.012735310417154644 -0.018199500805457583 0.034030907471657164 0.042038441257706255 -0.014459515765359681
leaf_weight=9.6140517741441709 119.23126672953367 133.14820966124535 8.3195952400565165 17.639729589223862 30.511295646429062 78.572867371141911 415.10262395441532 37.589600615203381 28.668872505426407 26.752320185303688 22.891280137002468 142.62127500772476 39.006238728761673 19.356377013027668 317.53207813948393 100.39792593568563 61.525143191218376 19.624137729406357 188.23211322724819 103.34030690044165 15.764390058815478 39.994547419250011 26345.653182625771 21.856064349412918 114.92184852063656 21.108453743159771 179.01372096687555 61.451633661985397 172.80048888921738 38.500503070652485 35.573987551033497 89.663218811154366 299.28753973543644 15.783952683210371 393.86944232881069 114.29231444001198 254.98971598595381 147.58394266664982 44.446756616234779 44.07604194432497 29.351718604564667 27.607928156852722 29.180113777518272 23.477290898561478 18.249134249985218 17.122381165623665 6412.1330935508013 15.310666874051092 92.033615902066231 28.136092081665993 359.79707048088312 77.888328790664673 23.895699337124825 51.649423122406006 18681.458680339158 30.125403061509132 55.238008424639702 89.454340517520905 27.388317927718163 526.21012431383133 21.551452077925205 18.382533147931099
leaf_count=19 889 265 36 95 126 609 3609 85 187 78 147 1010 260 126 1153 691 124 54 512 551 52 113 54315 156 504 60 1109 302 340 184 156 349 580 92 3194 326 1096 421 70 162 155 47 135 122 81 33 58956 136 254 54 957 192 108 259 40014 138 146 263 105 1267 51 98
internal_value=0.0330378 0.0428461 -0.025433 0.00138775 0.0434419 0.0130368 -0.0184828 0.00618156 -0.0180772 0.00705009 0.0112683 -0.0173626 -0.032317 0.0409291 0.0291419 0.0191171 0.0219159 0.0136445 0.00777956 0.0212452 -0.0291893 0.0255406 0.0440034 0.0289504 0.00031823 0.0309682 -0.0162178 0.035239 0.0500855 0.0248666 0.0464445 0.0388342 0.0489196 0.0329259 -0.0256189 0.019613 0.0367016 0.0500944 0.0270428 0.00758173 0.0343422 0.0222038 0.0516002 0.0299459 0.00242511 -0.00423419 -0.0328379 0.0216186 0.0603882 0.0298001 0.0359408 0.0441936 0.0173548 -0.0073722 0.0442523 0.042778 0.0114157 0.0429144 0.0430525 0.0313646 -0.00462625 0.0413391
internal_weight=57026 48834.8 8191.11 1672.27 48362.7 1055.4 616.868 186.001 472.147 870.821 792.248 169.374 6518.85 184.58 1831.31 622.874 1052.77 652.166 555.067 356.429 430.867 68.6634 46531.4 407.555 215.32 674.066 198.638 400.607 203.312 540.918 97.0991 778.538 416.559 384.663 403.483 197.295 362.807 165.224 361.979 83.0823 235.966 117.271 66.7697 468.16 84.8857 120.463 6435.76 23.6303 107.818 46.3852 383.274 45857.3 101.784 72.7579 45755.5 19409.9 85.3634 19324.5 19235.1 553.598 83.0031 206.615
internal_count=177778 108179 69599 10049 104666 5279 4770 1109 3513 4637 4028 1088 59550 642 6136 2940 3937 2792 2512 1349 3661 300 98530 1745 1195 1982 1163 1145 466 1717 280 2199 976 1598 3213 679 1442 516 1223 422 765 396 220 1398 319 584 59128 172 346 135 1079 96548 300 319 96248 41933 284 41649 41386 1372 353 610
is_linear=0
shrinkage=0.03


Tree=14
num_leaves=63
num_cat=0
split_feature=13 31 21 32 77 4 32 89 89 32 38 77 62 84 39 77 77 85 19 79 38 39 4 90 60 70 67 67 88 4 63 33 20 13 74 41 70 79 46 61 77 89 53 88 5 45 74 60 42 35 64 32 13 78 64 63 85 19 45 88 8 67
split_gain=34165.7 2153.18 644.79 356.522 334.343 317.895 261.535 173.48 180.377 150.444 144.33 190.213 143.138 128.169 129.119 159.092 120.765 119.554 112.854 110.775 170.919 107.906 144.559 112.228 163.227 118.01 142.443 106.426 101.184 98.9597 96.6102 95.4942 91.0664 97.9429 91.3455 89.6349 88.7905 101.541 111.165 96.4213 86.6259 82.5813 82.6435 81.9857 81.2391 82.7671 80.4361 80.3215 80.0422 98.2507 82.479 86.2593 77.4595 75.7872 110.456 114.469 88.5534 69.3389 81.5238 68.8604 107.245 88.8258
threshold=0.0019785000000000007 0.0020565000000000006 313175.59702100005 0.14085650000000002 -501271.61499999993 584.8850000000001 0.90916750000000002 0.0048035000000000013 0.0068335000000000002 0.29436000000000001 1.0967450000000001 -615372.42999999982 -0.00056909999999999979 62.060000000000009 1.0999350000000001 -615372.42999999982 779389.6050000001 14.31 38254.975000000013 4198593.0143960016 1.0831450000000002 1.1108750000000003 1258.9900000000002 1.5600490000000002 0.016574500000000002 61.235000000000007 1.1938400000000002 1.1107250000000002 0.00080122500000000014 1152.7050000000002 1.2006650000000001 -8.5844999999999989e-05 0.052050000000000006 0.00029550000000000003 0.16863300000000003 80.950000000000003 39.475000000000001 117553.48280600001 0.18345000000000003 1.5086860000000002 -230712.72999999995 0.04507400000000001 0.054495000000000009 -0.00039815499999999992 1.0789850000000001 0.0056205000000000014 -0.045408499999999997 0.016574500000000002 0.00056650000000000005 1.1157050000000002 1.0932350000000002 1.7345310000000003 0.0020475000000000003 1.7970500000000003 1.1244800000000004 1.1632900000000002 64.635000000000005 -2789545.8849999993 -0.00017749999999999995 0.16814172500000002 1.1831650000000002 1.0596450000000002
decision_type=2 2 2 2 2 2 2 2 2 2 2 2 2 2 2 2 2 2 2 2 2 2 2 2 2 2 2 2 2 2 2 2 2 2 2 2 2 2 2 2 2 2 2 2 2 2 2 2 2 2 2 2 2 2 2 2 2 2 2 2 2 2
left_child=1 3 16 30 52 10 9 -6 -9 12 11 -3 -5 14 15 28 -2 19 27 20 -10 31 23 25 48 26 40 36 -7 44 -1 -8 33 34 43 -12 39 -38 -39 -14 -23 42 -26 -11 -15 -46 -41 -19 49 -25 -50 -52 -4 -33 56 -56 -55 -45 -59 61 -61 -35
right_child=2 5 4 6 7 13 21 8 17 32 35 -13 18 29 -16 -17 -18 47 -20 -21 -22 22 -24 24 41 -27 -28 -29 -30 -31 -32 53 -34 59 -36 -37 37 38 -40 46 -42 -43 -44 57 45 -47 -48 -49 50 -51 51 -53 -54 54 55 -57 -58 58 -60 60 -62 -63
leaf_value=-0.030342507866808324 -0.033069386399569932 -0.023506918873022201 0.016048457094431319 -0.033972657799802533 -0.024021645915978777 -0.014182881693759525 -0.0066930247276606198 0.050445672139931591 0.065200566086353509 0.049385276971201764 -0.029490337491847526 0.045770673329919201 0.061505211817630953 0.06313907756254003 -0.010018089915423465 0.05907735260384929 0.0058326601814809994 -0.02363310391634579 -0.031875710533120334 0.075376532337818505 -0.026585435447565579 0.054509083888299163 0.038453867312883 -0.019229689103781179 0.033977378492339075 -0.022574913181192088 -0.031353211820963636 0.057977292864256347 0.081507245272917209 0.044761939701660293 0.055025299810104636 0.053463329852073853 0.043914494233843637 0.044855088567720212 0.059124573911310339 0.046138474169065226 0.049949109321148266 -0.015987287568768983 0.041831727301714972 0.04967954156297983 -0.0047530794830591668 0.070399234954921092 -0.0271954734076429 0.042087568666837404 -0.030191226144834989 0.025753360966909836 -0.024509995818275638 0.034344813703195198 -0.026905386271998361 0.053482671172405072 -0.014058929297647895 0.032976799087513345 -0.024895026266123988 0.046947658774429267 -0.012816088885938919 0.04793334999625079 -0.014388008110567891 0.031331613420846074 -0.02396148235150794 0.012627480771800807 0.038179927346104148 0.038806589954309932
leaf_weight=77.934296987950802 6139.0857990980148 74.903049983084202 43.26945822685957 32.564954452216625 95.080025844275951 76.942106515169144 36.683857224881649 124.24898520112038 28.764224745333195 1550.8507946878672 362.81018456071615 65.956590808928013 88.718253403902054 18.770553067326546 246.41759075969458 67.44868365675211 71.064887188374996 111.17831013351679 24.01247400790453 32.201757222414017 45.876521877944469 187.86861222982407 470.51642313599586 25.639162205159664 86.648333020508289 29.223267808556557 21.559289395809174 117.66662924736738 10.384703084826468 164.72524810582399 12.914187386631964 315.97499707341194 19500.765313714743 2846.8171225339174 333.8208305388689 13.504909627139567 45.541914619505405 112.16378120332956 39.667636059224606 22.952969461679459 23.94072288274765 41.352198705077171 24.347232036292553 9589.3381017893553 49.38227416574955 43.87194637209177 27.76220577955246 25.335490211844444 133.96009790152311 42.752102360129356 81.350988313555717 59.714414276182652 570.70652367174625 303.01681785285473 77.240731865167618 42.109220117330551 21.544984310865402 144.81296513974667 27.333293497562408 223.4598648250103 469.43980467319489 11807.077787570655
leaf_count=544 58278 581 234 179 678 436 158 385 68 2820 3131 211 188 40 1457 165 367 708 130 72 319 388 1318 164 285 170 112 236 19 518 25 603 39421 5744 528 43 94 530 105 56 109 69 125 19808 332 191 135 111 773 119 414 236 4707 671 332 88 95 340 106 649 1040 25961
internal_value=0.0318055 0.0405981 -0.0289017 0.0415661 -0.00742489 0.000785321 0.0416764 0.0117767 0.0211573 0.0421339 -0.0168847 0.00881436 0.025705 0.0143143 0.00337551 0.0248194 -0.0326185 0.00593564 0.0298915 0.0296455 0.00878378 0.0310279 0.0253439 0.0171305 0.00861828 0.0329939 0.040147 0.0332838 -0.00167002 0.0299945 -0.0174138 0.0397162 0.0423133 0.0411538 0.0432739 -0.0265816 0.0244219 0.0111746 -0.000510265 0.0427473 0.0476789 0.0343682 0.020168 0.0427984 0.00781064 -0.00355951 0.0087984 -0.0124834 -0.00278452 0.025907 -0.010096 0.00573257 -0.0219394 0.0420019 0.0336744 0.00858853 0.0427523 0.0417438 0.0222913 0.0395403 0.0300126 0.0399867
internal_weight=57603 50316.2 7286.81 49121.1 1076.66 1195.12 49030.2 462.685 367.605 47004.8 517.175 140.86 511.051 677.943 401.193 154.775 6210.15 243.356 478.486 106.843 74.6407 2025.44 1228.87 758.356 495.765 262.592 233.369 454.473 87.3268 276.75 90.8485 796.571 46493.7 26993 11646.2 376.315 336.807 197.373 151.831 139.433 211.809 152.348 110.996 11312.3 112.025 93.2542 50.7152 136.514 343.417 68.3913 275.026 141.065 613.976 759.887 443.912 119.35 324.562 9761.48 172.146 15346.8 692.9 14653.9
internal_count=177919 111992 65927 104868 7282 7124 104299 2341 1663 98070 3966 792 1653 3158 2077 620 58645 1278 1474 459 387 6229 4282 2964 2185 779 609 1344 455 1081 569 1947 96417 56996 23602 3174 1108 729 635 379 497 479 410 23074 563 523 191 819 1706 283 1423 650 4941 1789 1186 420 766 20254 446 33394 1689 31705
is_linear=0
shrinkage=0.03


Tree=15
num_leaves=63
num_cat=0
split_feature=13 31 21 60 77 32 32 77 48 10 50 50 32 48 77 65 63 83 76 39 25 49 39 86 77 10 31 77 70 86 70 15 21 77 71 65 86 71 76 31 71 49 31 77 60 19 41 13 46 70 63 60 85 60 77 31 48 64 77 33 71 86
split_gain=31932.4 2039.75 597.246 318.471 305.776 297.158 163.858 163.022 146.906 142.852 145.351 140.514 120.696 126.687 120.004 115.735 141.324 119.765 111.373 110.208 104.677 108.804 101.746 101.688 94.5508 92.3645 91.9271 90.4147 90.3953 146.278 88.2776 87.7095 119.42 86.3521 106.813 90.4057 84.4786 116.539 83.9971 89.3955 83.4364 86.2524 83.2953 82.9662 84.1608 82.6627 98.0579 82.2819 88.4495 80.4662 77.5934 74.4007 73.557 85.872 73.085 75.1106 91.3249 90.2592 81.9883 77.8051 76.1236 73.0534
threshold=0.0019785000000000007 0.0017565000000000002 289566.51157450007 0.0045595000000000002 -501271.61499999993 0.14085650000000002 0.90916750000000002 -451033.84999999992 -132414.69999999998 1.0843150000000004 10400018.037129501 352719.45979550009 0.29436000000000001 93621.025000000009 -2039155.1349999998 1.1027150000000001 1.0869250000000001 5.1085550000000008 34.145000000000003 1.0983250000000002 1.5603775000000002 -0.26034999999999991 1.0878750000000001 8.5550000000000015 203431.04500000001 1.1752850000000004 0.0020565000000000006 779389.6050000001 72.27500000000002 5.6550000000000011 38.625000000000007 1.7395000000000002e-05 267510.31928400003 2968021.9950000006 0.0035235000000000002 1.2095450000000001 21.990000000000006 0.06303700000000001 33.435000000000009 0.0012915000000000003 0.0029005000000000003 1.9701000000000002 0.00014550000000000004 -2925800.3949999991 0.012149500000000002 -2204334.9749999996 41.035000000000004 0.0010265000000000003 -0.074549999999999991 68.895000000000024 1.2006650000000001 0.024280000000000003 6.5250000000000012 0.021056500000000002 -37458211.944999993 0.00018950000000000003 3131303.0050000004 1.2052800000000004 -1389410.0799999998 1.2255000000000002e-05 0.0011295000000000001 6.285000000000001
decision_type=2 2 2 2 2 2 2 2 2 2 2 2 2 2 2 2 2 2 2 2 2 2 2 2 2 2 2 2 2 2 2 2 2 2 2 2 2 2 2 2 2 2 2 2 2 2 2 2 2 2 2 2 2 2 2 2 2 2 2 2 2 2
left_child=1 5 27 9 -4 50 12 11 -6 14 26 18 13 45 -3 16 -10 40 43 -9 21 24 -13 49 38 -12 47 -2 29 -21 -15 54 -33 35 -35 36 -34 -38 -8 -40 -18 -42 -32 44 -5 -7 -47 48 -11 -23 -1 -46 53 -24 -14 56 57 58 -56 61 -59 -57
right_child=2 3 4 7 8 6 20 19 15 10 25 22 31 30 -16 -17 17 -19 -20 28 -22 23 52 -25 -26 -27 -28 -29 -30 -31 42 32 33 34 -36 -37 37 -39 39 -41 41 -43 -44 -45 51 46 -48 -49 -50 -51 -52 -53 -54 -55 55 59 -58 60 -60 -61 -62 -63
leaf_value=-0.025149956060798218 -0.033099240898387235 -0.0059710201514498835 -0.022339086981781994 0.067107924520950865 -0.033588353593509437 0.047106126669536869 -0.026130630387601286 0.057443639938391439 -0.019015870426516531 -0.031335688984317669 0.081353885993272188 -0.018931697790912066 0.055613930585814063 0.032838632508093421 0.062978837595205742 -0.026596326044680034 -0.003704046409112244 -0.0058418725616078779 -0.022776931805523735 0.061369830440886244 0.0022221168069480601 0.028037302870558174 -0.026226788130069484 0.041329229555045532 0.051870302587980463 -0.010520860987761867 -0.02694144361766956 0.0021814312980844119 0.086578835232717338 -0.018223254112892631 0.028408639064077753 0.022290964308453724 0.042578034844729842 -0.011507542991271897 0.033183264942655 0.0079765977873847427 0.037981652829676325 0.0018238708818846669 0.027276695560261043 -0.013838816626399023 0.051933325486951294 -0.01121791849604256 -0.023819803875048316 -0.016033470253333286 -0.032958571366658897 0.037833796069941555 -0.027347813910098294 -0.025367230246786266 0.057882558835368185 -0.014631572496170695 0.05008639820844505 0.040971393474224856 0.034807950192342056 0.066034630577329903 0.046636261486625419 0.033141928625037106 -0.0082310385045160552 0.057876969664382306 0.041774791104213962 0.046998912087021005 0.0077778422740122331 0.039822999700473947
leaf_weight=78.626822113990784 5880.3872413635254 51.836393907666206 676.58538100123405 34.981222733855247 63.237764649093151 229.02813076972961 44.316199898719788 123.02255722135305 65.118698641657829 12.68937063962221 20.119777113199234 46.487547814846039 347.50757776200771 74.639169685542583 38.30287966132164 51.604137770831585 34.460271328687668 67.727156922221184 166.08743098378181 28.402625605463982 109.2453905493021 187.25676111876965 38.651501476764679 1011.3282119706273 62.767885483801365 17.115280359983444 428.86072490364313 64.375965848565102 13.173189692199228 69.360960282385349 38.130419164896011 404.59153144061565 6280.5058762431145 48.63461834192276 1210.943511724472 82.382717326283455 6026.7450465261936 83.180248111486435 206.23516915738583 60.033103868365288 192.51518257707357 20.438964352011681 89.624289564788342 49.582935981452465 22.311834268271923 50.811320722103119 33.301944434642792 37.733705259859562 34.619782164692879 48.745563469827175 13.44385017454624 24.579926535487175 247.23719448596239 10.722116500139235 4250.0741144567728 1844.7083540409803 30.489420473575592 35.114725887775421 14924.408036664128 1208.4676172360778 121.78760273754597 10026.920709848404
leaf_count=543 57322 279 5623 63 554 493 242 256 429 91 31 283 565 238 81 397 217 361 1194 70 450 556 231 2492 126 102 3410 346 27 394 119 1052 12607 170 2764 256 12843 264 625 318 568 103 479 352 172 149 164 232 112 229 26 86 891 24 7807 4169 107 59 29748 2288 400 20919
internal_value=0.0306576 0.0389984 -0.0288518 0.00469614 -0.00923018 0.0400531 0.0401541 0.0164766 0.00863234 -0.0113245 -0.0170849 0.00856136 0.040488 0.0257964 0.0233682 0.0149473 0.0207188 0.0290583 -0.00643931 0.0378944 0.0309635 0.0328798 0.0216384 0.0371609 0.0184361 0.0391679 -0.0212872 -0.0327118 0.0156278 0.00498391 0.0070645 0.0406482 0.038621 0.0390983 0.0314261 0.039868 0.040077 0.0374947 0.0114381 0.0178774 0.0387177 0.0457079 -0.00789882 0.013992 0.0325117 0.0377469 0.0116567 0.00685974 0.0331779 0.019073 -0.0134217 0.00521427 0.02814 -0.00468233 0.0415201 0.0413665 0.042587 0.0426691 0.0428563 0.0395545 0.0194755 0.0387902
internal_weight=57896.3 50779.9 7116.45 1515.88 1171.69 49264 49171.9 874.601 495.102 641.278 551.139 640.642 47442 515.535 90.1393 431.864 380.26 315.142 297.543 233.959 1729.93 1620.68 343.098 1247.33 373.352 37.2351 513.904 5944.76 110.937 97.7636 202.394 46926.5 14137 13732.4 1259.58 12472.8 12390.4 6109.93 310.584 266.268 247.414 212.954 127.755 131.456 81.873 313.141 84.1133 85.0429 47.3092 236.002 92.0707 46.8918 296.611 49.3736 32789.5 32442 19361.9 19331.4 19174.5 13080.1 156.902 11871.6
internal_count=177568 111648 65920 8381 8252 103267 102698 4043 2629 4338 3978 3296 97660 1642 360 2075 1678 1249 1867 747 5038 4588 1429 3277 1311 133 3845 57668 491 464 836 96018 29956 28904 2934 25970 25714 13107 1185 943 888 671 598 673 321 806 313 435 203 785 569 258 1146 255 66062 65497 38121 38014 37555 27376 459 25088
is_linear=0
shrinkage=0.03


Tree=16
num_leaves=63
num_cat=0
split_feature=13 31 21 4 32 35 13 31 48 4 64 13 48 48 41 79 70 60 16 90 60 42 71 50 48 64 74 65 31 64 42 73 82 65 1 45 46 45 60 43 67 30 12 86 44 28 66 86 65 61 44 43 86 41 64 46 83 13 36 32 20 79
split_gain=29218.9 1681.73 696.989 291.402 285.813 247.361 241.085 208.671 180.54 180.063 168.878 136.491 123.493 147.997 109.613 109.438 109.201 158.883 121.254 99.7687 98.9996 98.2511 105.572 101.584 120.968 104.971 118.846 101.974 91.5537 90.9702 105.608 89.8254 96.5139 87.9841 165.539 86.8792 85.4118 85.3592 83.3119 83.1088 82.631 82.0017 74.9213 73.6779 71.455 69.6736 69.116 68.2975 80.7086 67.1421 67.1286 124.44 79.9546 64.4348 63.1479 61.5056 61.4837 60.1095 58.5514 58.054 57.3736 56.6464
threshold=0.0019785000000000007 0.0020565000000000006 289566.51157450007 824.42000000000019 0.14085650000000002 1.0973550000000001 0.0035395000000000005 0.00054350000000000004 -687570.20499999996 246.04500000000004 1.1068650000000002 0.0010665000000000004 -352785.24499999994 -2509329.5299999998 80.950000000000003 2737073.0231030001 64.185000000000016 0.0065725000000000011 0.00048750000000000003 2.8569290000000005 0.071830500000000019 0.0012335000000000002 0.019258000000000004 361761.75337900006 233224.00500000003 1.0943050000000001 -0.038954999999999997 1.1221650000000001 0.0038175000000000006 1.0855050000000002 0.0017385000000000002 0.00061018000000000021 0.020545000000000004 1.0903650000000003 1.1084650000000003 0.034430000000000009 5.5662000000000011 -0.00046049999999999992 0.0068545000000000003 0.18875500000000003 1.1193200000000003 8.2415000000000016e-05 65.635000000000005 32.165000000000006 -0.0016952399999999998 15.405000000000003 1.0899350000000003 3.5350000000000006 1.0488350000000002 1.8543045000000002 0.00016013000000000003 0.32899650000000008 47.405000000000008 70.135000000000005 1.0707150000000001 0.052150000000000009 2.8313155000000005 0.0012885000000000004 1.1088550000000001 1.0574000000000001 -1.1615499999999999 834883.63824200013
decision_type=2 2 2 2 2 2 2 2 2 2 2 2 2 2 2 2 2 2 2 2 2 2 2 2 2 2 2 2 2 2 2 2 2 2 2 2 2 2 2 2 2 2 2 2 2 2 2 2 2 2 2 2 2 2 2 2 2 2 2 2 2 2
left_child=1 4 -2 5 40 10 8 11 -4 31 28 41 13 35 -7 56 19 18 37 44 39 -10 23 24 -23 29 27 -27 -3 -25 -31 32 61 -26 -35 43 -19 54 -32 -17 -1 45 -34 -5 -11 -6 -40 48 -46 -50 -49 -52 -53 -38 59 -42 -13 -58 -14 -18 -47 -9
right_child=2 3 6 12 7 14 -8 9 21 16 -12 15 58 -15 -16 20 17 36 -20 -21 -22 22 -24 25 33 26 -28 -29 -30 30 38 -33 42 34 -36 -37 53 -39 46 -41 55 -43 -44 -45 47 60 -48 50 49 -51 51 52 -54 -55 -56 -57 57 -59 -60 -61 -62 -63
leaf_value=-0.034803479713081807 -0.032530379515896116 0.048453454304392504 -0.023988931185051014 0.046233624010852667 0.041333345627327281 -0.027376928638113904 -0.027405051167547771 0.055556633636929344 -0.033844835924194017 -0.0087529610117590469 -0.015523320628496798 -0.027496541400639885 0.044514573609404293 -0.012194942042831655 0.051146195007632747 -0.0038443440075235343 0 0.041609665054805178 -0.011888973100272402 -0.016976864792191779 0.081462219432172842 0.078993411467356958 -0.033109392679154519 -0.018236424058982438 -0.027579496692389814 0.077771966992883523 -0.021944048934629812 -0.0071371874510951063 -0.025122511754190391 0.073093379997719879 -0.0054849703636327962 -0.024287260509488255 -0.016779219648005342 0.10160523559663655 -0.03063271748105701 -0.023761748226121621 0.032779968947946367 0.032963402091897173 0.059578131771483994 0.061933625537387425 0.060513401624574463 0.03667615855829208 0.060264435825519325 -0.019101463017260976 0.063211605782031458 0.033936391092135622 0.010134622273035339 0.043686000420599343 -0.014878789994422615 0.02818319264909732 0.013567284307149168 0.04992685368997922 0.0039991609172842545 -0.022657503601971832 -0.015783649922954533 -0.022548598596717408 0.034883477305986343 -0.010454126456007158 0.0023076429892155297 0.067185408331158131 0.039020516821771843 0.0067378224839368282
leaf_weight=60.998258382081985 5806.7318117469549 104.5505500882864 185.13356740027666 114.46906746923923 12725.992609351873 425.04696501046419 364.26571201533079 58.855359993875027 42.232981830835342 28.215564355254173 91.981296949088573 48.424182832241058 163.74972985684872 172.23352322727442 15.471806682646273 48.109777681529522 27.618950664997101 408.78250306099653 137.5641206279397 29.415634363889694 33.950799658894539 45.96751494705677 40.407255686819553 40.316661581397057 25.239320605993271 22.472183659672737 134.09140910953283 26.228747561573982 16.575399771332741 41.098582349717617 70.091139532625675 63.981385141611099 77.495603911578655 18.806877762079239 13.833380304276941 23.291572406888008 38.080449566245079 209.93549874424934 54.406070567667484 25.252292811870575 17.427841737866405 13254.160916894674 12.212581455707548 16.685812518000603 28.938674986362457 2432.9677792191505 51.11250825971365 1268.8618200197816 59.475184954702854 68.61107724905014 227.41729056835175 248.6302078962326 41.395644724369049 35.093598112463951 74.282243922352791 12.817979007959364 53.772362351417542 48.557445421814919 38.045985385775566 19.042358577251434 17990.593464896083 36.115746058523655
leaf_count=458 57777 305 1554 323 24886 3668 3211 122 346 109 683 259 444 1045 42 204 94 938 687 135 40 160 351 266 199 53 960 206 117 64 348 396 428 49 115 138 94 574 124 51 35 27771 20 95 38 5269 225 2718 250 182 683 472 137 152 368 81 153 245 165 34 36333 146
internal_value=0.0292946 0.0371552 -0.0282645 0.00176046 0.0379921 -0.0115975 -0.00716013 0.0380894 0.00191371 0.030605 0.0148027 0.0386014 0.0183291 0.00677779 -0.0244415 0.0165511 0.0326724 0.0241553 0.0115823 0.0366887 0.0395546 0.0096443 0.0128927 0.0164213 0.0430584 0.00998043 -0.00725444 0.0322155 0.0380161 0.0223345 0.0300693 0.00591353 0.0166125 0.0131528 0.0454246 0.0280709 0.0362645 0.0214373 0.0194734 0.0189223 -0.0146806 0.038723 -0.00541127 0.0376129 0.0375128 0.0395393 0.0362296 0.0382042 0.0186966 0.00799516 0.0398908 0.03046 0.0435109 0.0058412 0.00107794 0.0247571 0 0.0131866 0.0367556 0.0283181 0.038418 0.037568
internal_weight=58117.6 51135.1 6982.44 1182.1 49953 653.626 1175.7 49861.8 811.438 3200.02 213.107 46661.8 528.476 326.68 440.519 258.067 2951.36 950.4 468.443 2000.96 107.313 626.305 584.072 543.664 103.847 439.817 182.792 48.7009 121.126 257.025 216.708 248.661 184.679 57.8796 32.6403 154.446 481.957 330.879 175.61 73.3621 91.2441 46403.7 89.7082 131.155 1971.55 33149.6 105.519 1943.33 157.025 128.086 1786.3 517.443 290.026 73.174 120.944 30.2458 150.754 102.33 201.796 46.6613 20423.6 94.9711
internal_count=177595 111587 66008 7025 104562 4815 8231 103988 5020 8777 1105 95211 2210 1601 3710 952 7665 2941 1757 4724 295 3466 3120 2769 523 2246 1219 259 422 1027 761 1112 716 363 164 556 1184 1070 697 255 574 94259 448 418 4589 66488 349 4480 470 432 4010 1292 609 246 496 116 657 398 609 128 41602 268
is_linear=0
shrinkage=0.03


Tree=17
num_leaves=63
num_cat=0
split_feature=13 31 13 48 48 4 78 33 5 4 48 19 79 65 14 1 49 20 84 84 18 68 73 20 13 42 68 39 87 60 84 80 10 6 3 18 62 44 64 64 75 84 49 31 40 46 54 60 41 79 60 87 40 31 40 86 14 88 45 40 44 66
split_gain=27435 1519.89 601.321 308.053 327.422 209.172 201.377 188.548 184.103 170.512 158.83 125.984 124.395 114.923 122.893 104.83 99.9843 99.1498 96.105 90.6451 123.679 165.675 141.268 114.191 89.0585 171.107 119.472 85.4162 162.271 112.994 84.9056 84.3498 82.7783 151.993 88.5466 80.79 79.2575 77.7899 85.291 76.2681 82.723 72.4553 72.3513 155.224 72.1087 82.6675 67.4921 74.561 78.404 67.1228 63.4762 61.8745 60.8646 73.4095 65.7841 63.6244 59.7384 58.8227 93.2552 71.8459 57.8369 56.0139
threshold=0.0019785000000000007 0.0017565000000000002 0.0033105000000000005 -352785.24499999994 -2509329.5299999998 591.87500000000011 2.6845500000000002 -6.9834999999999984e-05 1.1754550000000001 913.93500000000006 -687570.20499999996 -1371386.6949999998 16888452.422755506 1.1027150000000001 -0.23398149999999998 1.1739350000000002 0.061550000000000007 -0.65064999999999984 42.090000000000011 15.395000000000001 11.905000000000003 1.0872050000000002 5.8450000000000005e-05 -0.34464999999999996 0.00088850000000000008 0.0011605000000000003 1.1040850000000002 1.0979550000000002 1413.4220000000003 0.015048500000000001 53.480000000000011 1.0000000180025095e-35 1.1842450000000002 1.1862850000000003 1.0617550000000002 5.3450000000000006 -0.0052967249999999995 -0.00054857499999999993 1.0500050000000003 1.2052800000000004 -2.9195499999999996 10.355000000000002 0.048550000000000003 0.0010525000000000003 1.0898850000000002 -0.013749999999999998 7.2112650000000009 0.00022750000000000003 86.580000000000013 356909.66988250002 0.0093405000000000016 566.94000000000017 1.1008550000000004 0.00031950000000000007 1.1165150000000001 7.0050000000000008 -0.19746499999999997 -0.076585289999999986 -0.0017544999999999998 1.0158750000000001 0.00056047500000000006 1.0792550000000003
decision_type=2 2 2 2 2 2 2 2 2 2 2 2 2 2 2 2 2 2 2 2 2 2 2 2 2 2 2 2 2 2 2 2 2 2 2 2 2 2 2 2 2 2 2 2 2 2 2 2 2 2 2 2 2 2 2 2 2 2 2 2 2 2
left_child=1 7 5 4 8 -2 11 9 -3 -1 -7 -5 32 19 35 -10 41 36 -17 31 21 -21 -22 30 42 26 -26 -8 29 -29 -24 -12 34 -34 -6 -15 61 38 -27 46 -41 -13 43 -19 -11 -46 47 -38 57 -18 -23 -40 53 -39 -54 -56 -43 58 59 -49 -20 -9
right_child=2 3 -4 6 12 10 27 17 15 44 13 16 -14 14 -16 18 49 24 60 20 22 50 23 -25 25 37 -28 28 -30 -31 -32 -33 33 -35 -36 -37 39 52 51 40 -42 56 -44 -45 45 -47 -48 48 -50 -51 -52 -53 54 -55 55 -57 -58 -59 -60 -61 -62 -63
leaf_value=0.0030248724776229677 -0.026390651208156413 0.059851896534005272 -0.032519228160581455 -0.027424549826482889 0.046685306333644837 -0.024360654572003409 0.05351051731835537 -0.043225852056362903 0.062467935640260465 0.059129654470420352 0.0020234715514371809 0.046258499182184797 0.052997663967775423 -0.010404673476202959 -0.025013037828536085 -0.031856314117803534 -0.011771912891262159 0.037012625358900646 -0.0063205108337808626 -0.027119139420453135 -0.023927061185369167 0.02998627377022605 -0.0097546000183664321 -0.0083505600738196586 -0.027487200042421549 0.053358666168520467 0.036583243302466664 -0.023397601507972699 0.091231882828627583 0.044097187229154351 0.066121622394947399 0.065349527211554709 0.10947572516545351 -0.03156649095481831 -0.024725209612307626 0.064460070783510071 0.043985395532564794 0.005285448550613356 -0.014162431015032496 0.035155922375527407 -0.0088697498369693841 0.018486777000589042 0.03978139961505546 -0.012366928229990753 -0.0089636830657869211 0.037054301491079834 0.042517156523641381 0.013072106914416206 0.011805345945708819 0.043032889551760899 0.093237836062950497 0.03348200103953438 0.0040887894944910729 0.044986077007852232 -0.0070059224861238447 0.037148948506722124 -0.028345080134957859 0.034565951381684785 -0.0070360397463533116 0.052740090642058923 0.034783988369519854 0.029075495620865401
leaf_weight=288.60588511824608 436.54906642436981 79.356230676174164 5540.3201474174857 75.267280608415604 14.91338676959276 195.47259879857302 178.4914136454463 19.250229969620705 25.021748423576355 86.535558879375458 30.542099297046661 21.434672273695469 20.507896482944489 23.511516906321049 156.06353895366192 62.269928067922592 22.856556996703148 18859.248189270496 60.882692530751228 23.461427889764309 130.83372864127159 30.17761754244566 16.677736140787601 63.942702434957027 74.081826068460941 34.342759311199188 39.067070722579956 58.331881426274776 21.874879658222198 34.728855594992638 50.588266722857952 53.819977685809135 11.290284521877767 14.380024261772631 543.48352251201868 25.84607058018446 750.09848348796368 47.254928231239319 81.091759629547596 75.919451713562012 74.457306310534477 35.019493736326694 14132.418251119554 56.116556979715824 45.975292079150677 132.08713907003403 1094.5278443396091 91.057130575180054 146.67515015602112 116.06902069598436 32.929062739014626 33.986568599939346 91.225349642336369 595.30699249356985 30.805987291038036 316.96556430310011 73.08591566234827 12816.252785593271 79.391694113612175 79.495365485548973 58.872653983533382 17.099779352545738
leaf_count=1211 4187 186 56307 603 46 1700 396 84 46 145 181 78 47 180 1288 419 145 38222 334 185 911 109 110 359 384 53 89 354 38 106 139 140 30 108 4221 97 1349 178 346 177 276 134 27442 297 189 312 2045 257 398 326 69 84 301 1138 124 729 531 27155 263 126 203 37
internal_value=0.0283451 0.035799 -0.0282487 0.00629718 -0.00506599 -0.00959036 0.022217 0.0366966 0.0212626 0.0191127 -0.000737997 0.00649515 -0.0176026 0.006475 -0.0118843 0.0061114 0.0161827 0.0368915 -0.00177061 0.0152619 0.00834345 0.0392266 -0.00185537 0.0199408 0.0378006 0.0300592 -0.00497601 0.0404478 0.0196164 0.00167252 0.0470023 0.0430669 -0.0202191 0.0311205 -0.0226843 0.028704 0.0348364 0.0333054 0.0125956 0.0349426 0.0132444 -0.00257616 0.0381136 0.0368639 0.0364699 0.0250213 0.0351564 0.0345743 0.0340345 0.0337821 0.0643985 0 0.0361245 0.0421258 0.0271964 0.0331428 -0.0128691 0.0342808 0.0194588 0.0319361 0.0137591 -0.00854279
internal_weight=58528.2 51717.5 6810.74 1528.14 890.978 1270.42 637.16 50189.3 286.403 553.204 833.866 343.733 604.575 638.394 205.421 207.047 268.466 49636.1 182.025 432.973 348.611 86.5681 262.042 131.209 34391.9 1344.13 113.149 293.427 114.936 93.0607 67.266 84.3621 584.067 25.6703 558.397 49.3576 15244.2 1230.98 149.421 15207.9 150.377 129.54 33047.8 18915.4 264.598 178.062 15057.5 13963 13212.9 138.926 63.1067 115.078 1081.56 642.562 438.997 347.772 108.105 13066.2 249.944 170.552 119.755 36.35
internal_count=177724 111762 65962 8351 5640 9655 2711 103411 1188 1857 5468 1817 4452 3768 1565 1002 1214 101554 956 2203 1882 363 1519 608 69387 3426 473 894 498 460 249 321 4405 138 4267 277 32167 2953 483 32046 453 743 65961 38519 646 501 31593 29548 28199 471 178 430 2470 1316 1154 853 665 27801 646 383 537 121
is_linear=0
shrinkage=0.03


end of trees

feature_importances:
Column_13=59
Column_77=57
Column_31=54
Column_48=45
Column_32=35
Column_19=33
Column_21=31
Column_60=28
Column_64=28
Column_65=28
Column_63=26
Column_42=25
Column_49=23
Column_71=23
Column_39=22
Column_67=22
Column_89=21
Column_86=20
Column_4=19
Column_12=19
Column_41=19
Column_45=19
Column_70=19
Column_84=18
Column_33=17
Column_68=17
Column_90=17
Column_79=15
Column_43=14
Column_66=14
Column_78=14
Column_75=13
Column_91=13
Column_10=12
Column_35=12
Column_46=12
Column_76=12
Column_87=12
Column_73=11
Column_34=10
Column_85=10
Column_16=9
Column_50=9
Column_83=9
Column_88=9
Column_14=8
Column_18=8
Column_37=8
Column_44=8
Column_82=8
Column_1=7
Column_36=7
Column_38=7
Column_40=7
Column_61=7
Column_3=6
Column_5=6
Column_15=6
Column_62=6
Column_72=6
Column_74=6
Column_6=5
Column_9=5
Column_20=5
Column_69=5
Column_8=4
Column_56=4
Column_0=3
Column_2=3
Column_7=2
Column_17=2
Column_30=2
Column_47=2
Column_54=2
Column_24=1
Column_25=1
Column_28=1
Column_51=1
Column_53=1
Column_55=1
Column_80=1

parameters:
[boosting: gbdt]
[objective: binary]
[metric: binary_logloss]
[tree_learner: serial]
[device_type: cpu]
[data_sample_strategy: bagging]
[data: ]
[valid: ]
[num_iterations: 2000]
[learning_rate: 0.03]
[num_leaves: 63]
[num_threads: 0]
[seed: 0]
[deterministic: 0]
[force_col_wise: 0]
[force_row_wise: 0]
[histogram_pool_size: -1]
[max_depth: -1]
[min_data_in_leaf: 50]
[min_sum_hessian_in_leaf: 0.001]
[bagging_fraction: 0.8]
[pos_bagging_fraction: 1]
[neg_bagging_fraction: 1]
[bagging_freq: 1]
[bagging_seed: 3]
[bagging_by_query: 0]
[feature_fraction: 0.8]
[feature_fraction_bynode: 1]
[feature_fraction_seed: 2]
[extra_trees: 0]
[extra_seed: 6]
[early_stopping_round: 0]
[early_stopping_min_delta: 0]
[first_metric_only: 0]
[max_delta_step: 0]
[lambda_l1: 1]
[lambda_l2: 1]
[linear_lambda: 0]
[min_gain_to_split: 0]
[drop_rate: 0.1]
[max_drop: 50]
[skip_drop: 0.5]
[xgboost_dart_mode: 0]
[uniform_drop: 0]
[drop_seed: 4]
[top_rate: 0.2]
[other_rate: 0.1]
[min_data_per_group: 100]
[max_cat_threshold: 32]
[cat_l2: 10]
[cat_smooth: 10]
[max_cat_to_onehot: 4]
[top_k: 20]
[monotone_constraints: ]
[monotone_constraints_method: basic]
[monotone_penalty: 0]
[feature_contri: ]
[forcedsplits_filename: ]
[refit_decay_rate: 0.9]
[cegb_tradeoff: 1]
[cegb_penalty_split: 0]
[cegb_penalty_feature_lazy: ]
[cegb_penalty_feature_coupled: ]
[path_smooth: 0]
[interaction_constraints: ]
[verbosity: -1]
[saved_feature_importance_type: 0]
[use_quantized_grad: 0]
[num_grad_quant_bins: 4]
[quant_train_renew_leaf: 0]
[stochastic_rounding: 1]
[linear_tree: 0]
[max_bin: 255]
[max_bin_by_feature: ]
[min_data_in_bin: 3]
[bin_construct_sample_cnt: 200000]
[data_random_seed: 1]
[is_enable_sparse: 1]
[enable_bundle: 1]
[use_missing: 1]
[zero_as_missing: 0]
[feature_pre_filter: 1]
[pre_partition: 0]
[two_round: 0]
[header: 0]
[label_column: ]
[weight_column: ]
[group_column: ]
[ignore_column: ]
[categorical_feature: ]
[forcedbins_filename: ]
[precise_float_parser: 0]
[parser_config_file: ]
[objective_seed: 5]
[num_class: 1]
[is_unbalance: 0]
[scale_pos_weight: 4.59576]
[sigmoid: 1]
[boost_from_average: 1]
[reg_sqrt: 0]
[alpha: 0.9]
[fair_c: 1]
[poisson_max_delta_step: 0.7]
[tweedie_variance_power: 1.5]
[lambdarank_truncation_level: 30]
[lambdarank_norm: 1]
[label_gain: ]
[lambdarank_position_bias_regularization: 0]
[eval_at: ]
[multi_error_top_k: 1]
[auc_mu_weights: ]
[num_machines: 1]
[local_listen_port: 12400]
[time_out: 120]
[machine_list_filename: ]
[machines: ]
[gpu_platform_id: -1]
[gpu_device_id: -1]
[gpu_use_dp: 0]
[num_gpu: 1]

end of parameters

pandas_categorical:null
