tree
version=v4
num_class=1
num_tree_per_iteration=1
label_index=0
max_feature_idx=91
objective=binary sigmoid:1
feature_names=Column_0 Column_1 Column_2 Column_3 Column_4 Column_5 Column_6 Column_7 Column_8 Column_9 Column_10 Column_11 Column_12 Column_13 Column_14 Column_15 Column_16 Column_17 Column_18 Column_19 Column_20 Column_21 Column_22 Column_23 Column_24 Column_25 Column_26 Column_27 Column_28 Column_29 Column_30 Column_31 Column_32 Column_33 Column_34 Column_35 Column_36 Column_37 Column_38 Column_39 Column_40 Column_41 Column_42 Column_43 Column_44 Column_45 Column_46 Column_47 Column_48 Column_49 Column_50 Column_51 Column_52 Column_53 Column_54 Column_55 Column_56 Column_57 Column_58 Column_59 Column_60 Column_61 Column_62 Column_63 Column_64 Column_65 Column_66 Column_67 Column_68 Column_69 Column_70 Column_71 Column_72 Column_73 Column_74 Column_75 Column_76 Column_77 Column_78 Column_79 Column_80 Column_81 Column_82 Column_83 Column_84 Column_85 Column_86 Column_87 Column_88 Column_89 Column_90 Column_91
feature_infos=[0.95389999999999997:1.23482] [0.95389999999999997:1.23482] [0.95462999999999998:1.2349399999999999] [0.95357000000000003:1.23448] [0.22:264424.3898] [0.96011999999999997:1.23421] [0.96126:1.2339] [0.95974999999999999:1.2342200000000001] [0.96328999999999998:1.2337100000000001] [0.97094000000000003:1.2329399999999999] [0.97475000000000001:1.23221] [0.96011999999999997:1.23421] [0.62:91.090000000000003] [5.3000000000000001e-05:0.054050000000000001] [-2.329758:3.296869] [-0.01457367:0.012870009999999999] [-0.198661:0.038996000000000003] [-20.353000000000002:6.4504999999999999] [0:100] [-37659802.030000001:1193346.3600000001] [-3.3092000000000001:4.3581000000000003] [37.371127000000001:362832589.30712497] [0:1] [0:1] [0:0.24564] [0:14.537974999999999] [0:100] [0:100] [0:100] [-100:6700] [-0.22740199999999999:0.059043680000000001] [1.4e-05:0.101086] [0.006705:10.180012] [-0.067480159999999997:0.010629960000000001] [0.95548:1.23353] [0.95615000000000006:1.2311300000000001] [0.95570999999999995:1.2332099999999999] [0.95667999999999997:1.2315100000000001] [0.95855000000000001:1.22584] [0.96486000000000005:1.2112000000000001] [0.95548:1.2335199999999999] [4.1500000000000004:99.760000000000005] [0.000195:0.086930999999999994] [-3.6768489999999998:2.3756409999999999] [-0.0122145:0.0150796] [-0.15094299999999999:0.19778200000000001] [-17.654299999999999:23.0304] [0.01:100] [-9077606.5500000007:3211572.1600000001] [-3.6793999999999998:4.3586] [77.409227999999999:306989728.04866099] [0:1] [0:1] [0:0.22248000000000001] [0:14.769584999999999] [0:100] [0:100] [0:100] [-100:34900] [-0.19489259:0.20695706] [6.0000000000000002e-05:0.53812400000000005] [0.013237000000000001:132.23729900000001] [-0.066524310000000003:0.066474060000000001] [0.96996000000000004:1.22845] [0.97058999999999995:1.2289000000000001] [0.97043000000000001:1.22227] [0.97635000000000005:1.2270700000000001] [0.96923000000000004:1.2237100000000001] [0.96884999999999999:1.21007] [0.96996000000000004:1.22845] [0.57999999999999996:99.75] [0.00053300000000000005:0.078666] [-2.490462:2.1984620000000001] [-0.011042:0.01488923] [-0.108429:0.223078] [-11.4411:25.6493] [0.070000000000000007:99.980000000000004] [-37679625.329999998:3228525.29] [-3.0727000000000002:4.3589000000000002] [1448.4302170000001:149855353.51292801] [0:1] [0:1] [0:0.24793000000000001] [0:14.637029] [0:100] [0:100] [0:99.400000000000006] [-93.370999999999995:10920] [-0.12169147:0.22781203] [0.00015799999999999999:0.55201699999999998] [0.027803999999999999:199.99576099999999] [-0.02699621:0.070348209999999994]
tree_sizes=1728 1782 1781 1762 1762 1777 1777 1776 1773 1766 1776 1774 1780 1765 1769 1773 1779 1777 1782 1774 1765 1757 1769 1766 1769 1784 1785 1781 1763 1777 1776 1777 1771 1771 1794 1776 1778 1781 1777 1780 1784 1782 1776 1787 1778 1767 1769 1762 1771 1780 1772 1780 1783 1766 1776 1774 1791 1788 1781 1771 1782 1797 1782 1784 1782 1781 1788 1784 1777 1768 1793 1783 1787 1787 1784 1792 1781 1784 1780 1791 1777 1769 1787 1790

Tree=0
num_leaves=15
num_cat=0
split_feature=0 19 0 77 31 39 77 77 39 10 19 39 67 48
split_gain=53899.5 14258.1 2552.88 2179.16 1861.88 1228.95 1095.95 1042.38 1025.16 730.523 1009.58 668.004 1235.72 797.412
threshold=1.1238550000000003 -4778987.4799999995 1.1667250000000002 -1579940.3049999997 0.0020565000000000006 1.1463250000000003 -6710077.0699999994 549197.62000000011 1.0979550000000002 1.1209850000000003 -4247433.2999999998 1.0303150000000001 1.0614450000000002 1494940.8450000002
decision_type=2 2 2 2 2 2 2 2 2 2 2 2 2 2
left_child=3 -2 5 6 -5 8 11 9 -3 -6 -11 -1 13 -13
right_child=1 2 -4 4 7 -7 -8 -9 -10 10 -12 12 -14 -15
leaf_value=-1.3717763140374026 -1.2813414808031098 -1.3064409417607994 -1.3105752620116802 -1.3219486971133727 -1.3681015120007662 -1.3072835330250943 -1.3812058745974964 -1.3047377817392545 -1.3712780658948462 -1.3731135705300814 -1.3109176041398154 -1.2966537509494618 -1.3629387787885479 -1.3526029320904525
leaf_weight=2403.1915518343449 25848.359183996916 243.12732976675034 1756.7868086099625 2073.4537882208824 3006.2485821545124 388.59244567155838 3544.4599550068378 321.71689131855965 2167.9091971516609 414.15571168065071 538.71298223733902 511.40407979488373 2231.0428148806095 419.11212459206581
leaf_count=12821 79803 900 6698 8492 15762 1448 19740 1178 11539 2224 2057 1771 11411 2035
internal_value=-1.31316 -1.28997 -1.33892 -1.35876 -1.34528 -1.35673 -1.36817 -1.3566 -1.36473 -1.36083 -1.33796 -1.35987 -1.3508 -1.32178
internal_weight=45868.3 30404.8 4556.42 15463.5 6354.29 2799.63 9109.21 4280.83 2411.04 3959.12 952.869 5564.75 3161.56 930.516
internal_count=177879 100388 20585 77491 29713 13887 47778 21221 12439 20043 4281 28038 15217 3806
is_linear=0
shrinkage=1


Tree=1
num_leaves=15
num_cat=0
split_feature=3 19 77 31 77 88 77 77 77 39 42 39 67 10
split_gain=46267.1 12196.1 1950.76 1906.97 1492.31 1275.08 1074.65 1065.68 841.391 752.118 716.709 649.713 1354.43 639.652
threshold=1.1237350000000002 -3975758.4999999995 -1579940.3049999997 0.0020565000000000006 -5141497.4549999991 0.063610975000000014 549197.62000000011 -6710077.0699999994 -1761429.8799999997 1.0979550000000002 0.00078750000000000011 1.0319450000000001 1.0614450000000002 1.1251650000000002
decision_type=2 2 2 2 2 2 2 2 2 2 2 2 2 2
left_child=2 8 7 -4 -3 9 13 11 -2 -6 -11 -1 -13 -5
right_child=1 4 3 6 5 -7 -8 -9 -10 10 -12 12 -14 -15
leaf_value=-0.0028067536523111252 0.070551066784738173 0.069513878385022501 0.04509112283637861 -0.00016932125961752905 0.055351536564233278 0.049670689503572875 0.060949659678641063 -0.012447154728573776 0.082570418309179314 0.039216238043404003 -0.0071996701795183733 0.048000292730223167 0.0047885961888031008 0.029341573040055854
leaf_weight=2469.3047625422478 7136.164475813508 523.72413395345211 2159.3834316283464 3120.6871111392975 241.17127329111099 741.50114576518536 348.77901963889599 3500.9778990745544 20871.830208361149 351.62393546104431 1982.3781457394361 933.63515992462635 2172.2982608377934 837.00508441030979
leaf_count=13159 22719 1728 8533 16380 876 2860 1217 19631 60028 1494 10683 3619 11096 3678
internal_value=0.0519301 0.0726369 0.00949423 0.0220854 0.0224839 0.0150298 0.0105349 0.00051961 0.0795117 0.00502818 -0.000180336 0.00866826 0.0177988 0.00607014
internal_weight=47390.5 31848.4 15542.1 6465.85 3840.4 3316.67 4306.47 9076.22 28008 2575.17 2334 5575.24 3105.93 3957.69
internal_count=177701 100388 77313 29808 17641 15913 21275 47505 82747 13053 12177 27874 14715 20058
is_linear=0
shrinkage=0.03


Tree=2
num_leaves=15
num_cat=0
split_feature=3 19 77 31 3 42 77 48 19 88 38 71 19 0
split_gain=40226 10543.1 1942.69 1627.2 1260.11 1114.02 1102.07 1097.86 1148.45 990.745 779.476 743.805 597.714 669.733
threshold=1.1237350000000002 -3975758.4999999995 -1579940.3049999997 0.0020565000000000006 1.1626950000000003 0.00078750000000000011 -6710077.0699999994 154939.26000000004 -4247433.2999999998 -0.0028603649999999997 1.0986850000000004 0.018089500000000005 -4021109.6699999995 1.0694550000000003
decision_type=2 2 2 2 2 2 2 2 2 2 2 2 2 2
left_child=2 -2 6 -4 5 -3 -1 -5 9 -9 -7 -12 -8 -14
right_child=1 4 3 7 -6 10 12 8 -10 -11 11 -13 13 -15
leaf_value=0.0083773327738992914 0.073661253692350048 0.050305382061168469 0.042476896204125911 -0.0088902564628671587 0.047229162634123578 0.050323319870647649 -0.027152378047940691 0.032286844965021294 0.038204739152644773 -0.025227928373393903 -0.018161015831921579 0.02152354379156576 0.05115832713027408 -0.0078927306176653691
leaf_weight=5611.9879013299942 29217.908916294575 497.74724300205708 2217.9372562021017 1596.1647132188082 1153.1204801499844 251.38995756208897 1528.5040687024593 460.7764308154583 1650.4965565800667 646.41862277686596 1350.3707336783409 618.7097704410553 190.63015332818031 1759.9237393438816
leaf_count=27922 82692 1882 8549 8729 4269 913 9206 2041 6753 3775 7686 2862 775 9755
internal_value=0.0487485 0.0674968 0.00913715 0.0215625 0.0209576 0.00978842 0.000150371 0.0108941 0.0223553 -0.00125765 0.000673962 -0.00567181 -0.0131103 -0.00208297
internal_weight=48752.1 33089.2 15662.8 6571.79 3871.34 2718.22 9091.05 4353.86 2757.69 1107.2 2220.47 1969.08 3479.06 1950.55
internal_count=177809 100304 77505 29847 17612 13343 47658 21298 12569 5816 11461 10548 19736 10530
is_linear=0
shrinkage=0.03


Tree=3
num_leaves=15
num_cat=0
split_feature=3 19 2 77 31 39 70 77 87 82 39 63 70 19
split_gain=35677.5 8832.11 1800.32 1646.22 1457.89 1122.96 984.288 954.463 853.915 612.128 592.285 1102.69 881.811 581.095
threshold=1.1237350000000002 -4778987.4799999995 1.1653450000000003 -1579940.3049999997 0.0020565000000000006 1.1463250000000003 61.155000000000008 -6710077.0699999994 167.65600000000003 0.0067800000000000004 1.0290650000000003 1.0329250000000003 31.98 -4021109.6699999995
decision_type=2 2 2 2 2 2 2 2 2 2 2 2 2 2
left_child=3 -2 5 7 -5 6 9 10 -6 -3 12 -12 -1 -9
right_child=1 2 -4 4 8 -7 -8 13 -10 -11 11 -13 -14 -15
leaf_value=0.053225921302430992 0.069291361611362776 0.045032677751561223 0.047668955387573396 0.039365125023294902 -0.0018240662611358083 0.056090547302449001 -0.023046824678561693 -0.02619072466703205 0.025053633318746476 0.0042189882784862843 0.067852393899648131 0.010215879148591445 -0.0098411256113756802 -0.0013292563048804542
leaf_weight=219.5547833442688 29509.618865460157 475.37954071164131 1931.681023940444 2282.4571437239647 2471.1965473145247 408.76269760727882 875.14248782396317 1497.6568672657013 1864.3282985240221 1088.9596994966269 331.04423835873604 3014.6005205363035 2086.4444867372513 1949.7816949933767
leaf_count=858 79808 1812 6692 8641 12908 1407 5097 9148 8262 5499 1077 14630 11444 10507
internal_value=0.0460075 0.063163 0.0253155 0.00857623 0.0199596 0.0101335 0.0024007 0.000292243 0.00972986 0.0166617 0.00788364 0.0159464 -0.00380302 -0.0121429
internal_weight=50006.6 34289.5 4779.93 15717.1 6617.98 2848.24 2439.48 9099.08 4335.52 1564.34 5651.64 3345.64 2306 3447.44
internal_count=177790 100315 20507 77475 29811 13815 12408 47664 21170 7311 28009 15707 12302 19655
is_linear=0
shrinkage=0.03


Tree=4
num_leaves=15
num_cat=0
split_feature=3 19 2 68 70 37 19 13 39 31 68 68 43 71
split_gain=31887.3 7776.98 1627.63 1006.76 902.05 891.983 902.141 854.893 792.157 699.914 679.832 812.32 603.52 572.085
threshold=1.1237350000000002 -4778987.4799999995 1.1653450000000003 1.0881700000000001 38.415000000000006 1.1016150000000002 -3693081.9949999996 0.00072650000000000004 1.1445350000000001 0.04453250000000001 1.0989650000000002 1.0815750000000002 0.085520000000000013 0.0017690000000000004
decision_type=2 2 2 2 2 2 2 2 2 2 2 2 2 2
left_child=5 -2 3 8 -5 6 -1 -7 -3 -8 11 -9 -11 -13
right_child=1 2 -4 4 -6 7 9 10 -10 12 -12 13 -14 -15
leaf_value=-0.0050712999851179538 0.064938931769937439 0.01165012682286755 0.044885825533870445 0.042744466385044436 -0.011262357936039417 0.040797337383656727 0.0070267124985872557 -0.012918550333325313 0.069703610652271666 0.017948509318975823 -0.0092116197984960374 -0.013916557837566113 0.067936793577182603 0.035864125937128524
leaf_weight=5648.126964122057 30455.34593616426 497.57319669425488 1983.8753864616156 333.23966202139854 1661.7128289490938 1201.9444410949945 4499.7585350722075 520.5032757371664 369.60721607506275 637.40003278851509 1013.5160630196333 237.05422462522984 331.67359246313572 1610.0075258910656
leaf_count=30346 79540 2385 6710 1290 9080 4414 22319 2842 1074 2903 5462 1292 1072 6532
internal_value=0.0435022 0.0593215 0.0240055 0.00951124 -0.00220906 0.00792914 0.00333391 0.019066 0.0364799 0.0120195 0.011322 0.020125 0.0351407 0.0294549
internal_weight=51001.3 35301.4 4846.01 2862.13 1994.95 15700 11117 4583.03 867.18 5468.83 3381.08 2367.57 969.074 1847.06
internal_count=177261 100079 20539 13829 10370 77182 56640 20542 3459 26294 16128 10666 3975 7824
is_linear=0
shrinkage=0.03


Tree=5
num_leaves=15
num_cat=0
split_feature=0 19 2 48 39 63 39 70 48 13 48 68 60 19
split_gain=28176.9 6820.58 1520.36 960.602 855.699 911.251 853.753 848.291 877.671 803.647 744.373 837.731 709.923 691.019
threshold=1.1238550000000003 -4778987.4799999995 1.1653450000000003 2908938.1050000004 1.0290650000000003 1.0329250000000003 1.1463250000000003 60.845000000000006 -1422828.3099999998 0.00038350000000000005 -457508.84499999991 1.1055650000000001 0.076764000000000013 -4247433.2999999998
decision_type=2 2 2 2 2 2 2 2 2 2 2 2 2 2
left_child=3 -2 6 4 -1 -6 7 8 -3 -7 -11 13 -5 -12
right_child=1 2 -4 12 5 9 -8 -9 -10 10 11 -13 -14 -15
leaf_value=-0.0055098472660763606 0.061023936877014885 -0.027701348388508122 0.042781807727831481 -0.012147977145286367 0.065794685749072948 0.039445789755287404 0.04793980815740493 -0.020699156678934096 0.027780647781236678 0.00059410191453667196 0.0039928645185064249 -0.0060972322829736421 0.024486085969198455 0.031238948012901703
leaf_weight=2114.8206753283739 31486.176045611501 326.04658398032188 2029.5190054625273 2865.3476983308792 312.83922082185745 993.51536710560322 426.13116079568863 922.80996507406235 1185.5604982674122 3666.8394967019558 1144.8566213101149 1030.7175867557526 569.55856266617775 3152.7474472820759
leaf_count=11404 79776 1939 6694 16118 949 3724 1405 5404 5030 18626 5723 5662 2578 12684
internal_value=0.0413581 0.0559039 0.022925 0.00797454 0.0118595 0.0154284 0.00881631 0.00193876 0.0157832 0.0138416 0.0110062 0.0181645 -0.00605941 0.0239903
internal_weight=52227.5 36376.2 4890.07 15851.2 12416.3 10301.5 2860.55 2434.42 1511.61 9988.68 8995.16 5328.32 3434.91 4297.6
internal_count=177716 100248 20472 77468 58772 47368 13778 12373 6969 46419 42695 24069 18696 18407
is_linear=0
shrinkage=0.03


Tree=6
num_leaves=15
num_cat=0
split_feature=3 19 77 31 77 77 2 42 70 77 88 70 2 66
split_gain=25401.5 5822.86 1234.53 1112.25 869.406 868.15 862.529 855.653 894.647 635.617 631.107 599.769 589.208 754.71
threshold=1.1237350000000002 -3975758.4999999995 -1579940.3049999997 0.0020565000000000006 268996.84500000003 -6710077.0699999994 1.1653450000000003 0.00078750000000000011 39.605000000000011 -991316.8949999999 0.063610975000000014 42.525000000000013 1.0013650000000003 1.0605050000000003
decision_type=2 2 2 2 2 2 2 2 2 2 2 2 2 2
left_child=2 -2 5 -4 9 11 7 -3 -9 -5 -10 12 -1 -14
right_child=1 6 3 4 -6 -7 -8 8 10 -11 -12 -13 13 -15
leaf_value=-0.0019938336783630571 0.056952988017335532 0.04356741480597176 0.03387132228218686 0.036970202451810506 0.032988282141051289 -0.01164098642806637 0.039360619790066206 0.043209989661515125 -0.015232239920100287 -0.0035970796484286575 0.029996984227180831 -0.018615093537467962 0.037623464916680151 0.0073273685524269539
leaf_weight=1920.4859181493521 33180.331673011184 537.11154064536095 2355.3298275023699 391.96509574353695 992.95814152061939 3417.5704643726349 1275.3804721832275 382.62468291819096 1538.1055124104023 3007.4658199846745 337.49801230430603 695.95014859735966 1211.7569763809443 1908.3819652795792
leaf_count=10157 82588 1897 8599 1625 3990 19666 4234 1411 8707 15504 1343 3871 4706 9355
internal_value=0.0392481 0.052798 0.00750341 0.0172384 0.00830686 0.000323143 0.0189182 0.00956981 0.00145462 0.00108113 -0.00706601 0.0074568 0.0110654 0.0191112
internal_weight=53152.9 37251.1 15901.9 6747.72 4392.39 9154.15 4070.72 2795.34 2258.23 3399.43 1875.6 5736.58 5040.62 3120.14
internal_count=177653 100180 77473 29718 21119 47755 17592 13358 11461 17129 10050 28089 24218 14061
is_linear=0
shrinkage=0.03


Tree=7
num_leaves=15
num_cat=0
split_feature=3 19 77 10 31 48 19 77 68 70 42 60 48 70
split_gain=22686.8 5142.6 1376.91 1230.4 995.329 861.678 936.474 825.698 792.207 918.191 846.064 652.434 645.821 536.165
threshold=1.1237350000000002 -4778987.4799999995 -1579940.3049999997 1.1701050000000002 0.0020565000000000006 154939.26000000004 -4247433.2999999998 -6710077.0699999994 1.0888350000000002 38.415000000000006 0.00091550000000000019 0.054906500000000004 1755733.1100000001 42.525000000000013
decision_type=2 2 2 2 2 2 2 2 2 2 2 2 2 2
left_child=2 -2 7 8 -4 -6 11 13 10 -10 -3 -7 -12 -1
right_child=1 3 4 -5 5 6 -8 -9 9 -11 12 -13 -14 -15
leaf_value=0.010232677182492472 0.054383132537672678 0.063108388998241158 0.033273210975353414 0.038982587940593963 -0.0080806803022256523 -0.018571280183839741 0.033015135128296895 -0.011827462384935716 0.040774210702462281 -0.011946810900510642 0.038809635028974554 0.030137854095855624 -0.028083686237999478 -0.017946188334608551
leaf_weight=5034.3345784246922 33067.334242492914 420.86736871302128 2393.0575949400663 2145.9094511121511 1630.5869399905205 738.40960410237312 1735.267184227705 3403.0178384780884 365.40974700450897 1574.3232597708702 262.31773555278778 370.88177372515202 255.07800245285034 689.52541714906693
leaf_count=24099 79690 1176 8527 6761 8750 4223 6694 19763 1302 8732 984 1603 1479 3872
internal_value=0.0374954 0.0500859 0.00750899 0.0217901 0.0176545 0.00929029 0.0192577 -0.000123604 0.00895138 -0.0019838 0.0315684 -0.00224632 0.00578255 0.00683032
internal_weight=54086.3 38091.2 15995.1 5023.91 6868.2 4475.15 2844.56 9126.88 2878 1939.73 938.263 1109.29 517.396 5723.86
internal_count=177655 100124 77531 20434 29797 21270 12520 47734 13673 10034 3639 5826 2463 27971
is_linear=0
shrinkage=0.03


Tree=8
num_leaves=15
num_cat=0
split_feature=1 19 19 39 48 68 89 19 67 68 75 67 68 19
split_gain=20780.8 4865.62 804.303 1184.78 801.743 828.086 683.126 672.829 600.189 636.693 553.644 547.363 543.743 451.624
threshold=1.1238650000000001 -3908735.8099999996 -2933759.7049999996 1.1391150000000001 2908938.1050000004 1.0538350000000003 0.00083450000000000006 -3693081.9949999996 1.0960350000000003 1.1009950000000002 -2.1922499999999996 1.1816400000000002 1.0613950000000003 38254.975000000013
decision_type=2 2 2 2 2 2 2 2 2 2 2 2 2 2
left_child=4 -2 -3 11 5 -1 -7 8 -6 -10 12 -4 -8 -12
right_child=1 2 3 -5 7 6 10 -9 9 -11 13 -13 -14 -15
leaf_value=-0.027885693089987063 0.051455473833476616 -0.010983533151395209 0.00054664504542591987 0.04402545597808475 -0.014959877079439621 0.057559364337179959 0.03954528548533516 0.039294865339346348 0.057377961789243301 -0.012609814144576141 0.018327572060448442 0.042717548059909335 -0.0019883624247697268 -0.0021538273396139204
leaf_weight=478.44806885719299 34911.731933176517 756.67248302698135 1594.7832770198584 1419.3954540640116 2690.5746225714684 292.23575700819492 308.69026359915733 275.31903679668903 229.47732879221439 235.86626322567463 7061.3412978649139 334.63394214212894 3370.1162629127502 1119.8151963204145
leaf_count=2856 82796 3899 7972 4474 15521 928 1161 1090 813 1254 30637 1168 17683 5571
internal_value=0.0359991 0.0478221 0.0169126 0.0232262 0.00727602 0.0107701 0.0122967 -0.0055766 -0.00951185 0.0218883 0.0111741 0.00789456 0.00149839 0.0155205
internal_weight=55079.1 39017.2 4105.49 3348.81 16061.9 12630.6 12152.2 3431.24 3155.92 465.344 11860 1929.42 3678.81 8181.16
internal_count=177823 100309 17513 13614 77514 58836 55980 18678 17588 2067 55052 9140 18844 36208
is_linear=0
shrinkage=0.03


Tree=9
num_leaves=15
num_cat=0
split_feature=3 19 77 10 10 2 39 48 48 88 43 70 48 60
split_gain=18229.5 4503.24 1108.48 1094.47 1057.82 860.895 769.207 723.306 850.337 770.968 666.332 659.113 689.495 588.907
threshold=1.1237350000000002 -4778987.4799999995 69477.205000000016 1.0953050000000002 1.1701050000000002 1.1035950000000001 1.1463250000000003 2637866.1550000007 2422444.7700000005 0.028370785000000006 -0.13029399999999997 61.155000000000008 -1422828.3099999998 0.079875000000000015
decision_type=2 2 2 2 2 2 2 2 2 2 2 2 2 2
left_child=2 -2 7 -4 6 -5 11 8 9 -1 -7 12 -3 -9
right_child=1 4 3 5 -6 10 -8 13 -10 -11 -12 -13 -14 -15
leaf_value=0.0030831535578083342 0.049144026952990083 -0.026693088707266346 0.058036940645877236 -0.014075271763083496 0.034591179899242798 -0.0022149373536357237 0.042718191373606981 -0.012260487233865644 0.031377022905947557 0.044157119402220196 0.050182155986772559 -0.021041669493563012 0.021854799566495126 0.021749768653824206
leaf_weight=8526.8495190292597 34475.473708033562 331.699178814888 699.61998066306114 633.46882455050945 2195.9575704038143 341.83223512768745 455.02540491521358 3106.531457439065 1261.5028422474861 431.34437090158463 598.50286681950092 849.80057184398174 1255.5202874839306 536.01138143241405
leaf_count=42267 79668 1992 2106 3294 6740 1611 1388 17692 4875 1395 1887 5079 5240 2309
internal_value=0.0342947 0.0452552 0.00741751 0.0268316 0.0188944 0.0129125 0.00695756 0.0042297 0.00832207 0.00506896 0.0311207 0.00025347 0.0116799 -0.00724294
internal_weight=55699.1 39563.5 16135.7 2273.42 5088 1573.8 2892.05 13862.2 10219.7 8958.19 940.335 2437.02 1587.22 3642.54
internal_count=177543 100107 77436 8898 20439 6792 13699 68538 48537 43662 3498 12311 7232 20001
is_linear=0
shrinkage=0.03


Tree=10
num_leaves=15
num_cat=0
split_feature=3 31 77 31 48 42 64 77 77 82 48 77 88 39
split_gain=17311.6 3448.85 1101.02 929.004 867.703 841.764 847.085 747.478 697.698 658.695 632.554 555.732 510.935 468.595
threshold=1.1237350000000002 0.0050975000000000005 -1579940.3049999997 0.0031685000000000003 154939.26000000004 0.0010205000000000004 1.0974500000000003 -3032308.2399999998 -6710077.0699999994 0.003395 1588345.7750000001 253609.40000000002 -0.0082967549999999977 1.0303150000000001
decision_type=2 2 2 2 2 2 2 2 2 2 2 2 2 2
left_child=2 7 8 -4 -5 6 -3 -2 13 -6 -9 -11 -10 -1
right_child=1 5 3 4 9 -7 -8 10 12 11 -12 -13 -14 -15
leaf_value=-0.0039073908866432503 0.038311179736344597 0.060212934414028911 0.02810757703955066 -0.014183018349362361 -0.0093448860393374172 -0.0033484501092044608 -0.0040735429002464992 0.04867288716128805 -0.0018058730016152393 0.015404744400976987 0.014165406244429619 0.052136539475752461 -0.02585824823203171 0.013386842794438334
leaf_weight=2407.3742318451405 9446.9991757571697 462.18670323491096 3055.3207838833332 1283.4396942555904 693.58505403995514 1652.5826938301325 304.98130515217781 28035.87930752337 2098.8177131414413 1496.3663352876902 489.90568473935127 494.39178255200386 1281.4963417947292 3394.193658336997
leaf_count=12811 24915 1205 11058 7080 3595 8451 1525 62287 11764 6599 1872 1450 8066 15253
internal_value=0.0329309 0.0434399 0.00673317 0.0156735 0.00608663 0.00869419 0.0346453 0.0456529 -0.000102871 0.0157908 0.0480818 0.0245635 -0.0109381 0.00620595
internal_weight=56597.5 40392.5 16205 7023.1 3967.78 2419.75 767.168 37972.8 9181.88 2684.34 28525.8 1990.76 3380.31 5801.57
internal_count=177931 100255 77676 29782 18724 11181 2730 89074 47894 11644 64159 8049 19830 28064
is_linear=0
shrinkage=0.03


Tree=11
num_leaves=15
num_cat=0
split_feature=1 19 77 5 31 77 48 83 48 19 48 12 77 70
split_gain=16141.4 3843.76 976.693 973.91 839.087 729.865 705.555 704.584 677.677 794.056 748.018 678.933 649.914 534.406
threshold=1.1238650000000001 -4778987.4799999995 -1579940.3049999997 1.1667750000000001 0.0020565000000000006 -6710077.0699999994 171096.96000000005 1.4288680000000002 -1422828.3099999998 -2735793.7099999995 171096.96000000005 43.695000000000007 253609.40000000002 42.525000000000013
decision_type=2 2 2 2 2 2 2 2 2 2 2 2 2 2
left_child=2 -2 5 8 -4 13 -6 -8 -3 11 -11 -10 -9 -1
right_child=1 3 4 -5 6 -7 7 12 9 10 -12 -13 -14 -15
leaf_value=0.0093108664714029715 0.044980072408960931 -0.025959377586360025 0.028342999852867364 0.031498117894071802 -0.0090412457234765806 -0.011629433883552545 -0.010083503902264103 0.014195327081161091 0.016914989301332308 0.0038128332865255124 0.04996030431465795 -0.031215797719276593 0.051213735838553258 -0.019064095079495313
leaf_weight=5135.5452698171139 35748.061368525028 505.17876136302948 2519.9134399741888 2392.7402941733599 1630.3716702908278 3315.1273007541895 721.94697917997837 1613.1074866652489 530.9888486713171 598.44375441968441 673.1194087266922 521.53683438897133 582.01819753646851 674.46924784779549
leaf_count=24204 79700 3096 8602 7239 8778 19662 3779 7074 2417 2791 1945 3070 1638 3819
internal_value=0.0314454 0.0414674 0.0060849 0.0174115 0.0144563 -0.000396247 0.00674997 0.0155861 0.00548071 0.0123359 0.0282853 -0.00691281 0.0240429 0.00600902
internal_weight=57162.6 40970.1 16192.5 5222.01 7067.36 9125.14 4547.44 2917.07 2829.27 2324.09 1271.56 1052.53 2195.13 5810.01
internal_count=177814 100258 77556 20558 29871 47685 21269 12491 13319 10223 4736 5487 8712 28023
is_linear=0
shrinkage=0.03


Tree=12
num_leaves=15
num_cat=0
split_feature=3 19 77 10 31 77 70 68 70 42 77 77 1 71
split_gain=14473.9 3556.68 944.716 777.382 768.482 710.813 686.593 626.301 763.803 601.532 548.757 476.384 464.648 412.424
threshold=1.1237350000000002 -4778987.4799999995 -1579940.3049999997 1.1701050000000002 0.0019015000000000002 268996.84500000003 43.725000000000001 1.0888350000000002 39.605000000000011 0.00091550000000000019 -2783955.5499999993 -515584.66999999998 1.1828250000000002 0.011957500000000001
decision_type=2 2 2 2 2 2 2 2 2 2 2 2 2 2
left_child=2 -2 6 7 -4 11 10 9 -9 -3 13 -6 -5 -1
right_child=1 3 4 12 5 -7 -8 8 -10 -11 -12 -13 -14 -15
leaf_value=0.012005313267731455 0.042860463272218735 0.050685456472493652 0.027845995642962324 0.040784195589108417 0.016270317507263328 0.02821591591424373 -0.029267731842790645 0.030175463847652153 -0.014324237323661384 0.0035413635577545813 -0.016479324386045633 -0.0071617511264168458 0.013247671498228581 -0.0023683558554708928
leaf_weight=3796.1649731993675 36278.179563239217 456.36187008023262 2461.8573474884033 1339.4857464581728 1162.6224258244038 1093.4107579141855 680.31849290430546 452.27791860699654 1479.5779542475939 524.63633085787296 1228.1818918585777 2372.413931787014 946.0572547763586 3404.0521879196167
leaf_count=18174 79876 1172 8250 3591 5043 4075 4269 1641 8377 2434 7501 12325 3171 17664
internal_value=0.0301424 0.0395344 0.00609198 0.0163134 0.0143028 0.00708821 -0.000296931 0.00602048 -0.00388041 0.0255327 0.00204115 0.000538656 0.0294099 0.00520631
internal_weight=57675.6 41476.6 16199 5198.4 7090.3 4628.45 9108.72 2912.85 1931.86 980.998 8428.4 3535.04 2285.54 7200.22
internal_count=177563 100262 77301 20386 29693 21443 47608 13624 10018 3606 43339 17368 6762 35838
is_linear=0
shrinkage=0.03


Tree=13
num_leaves=15
num_cat=0
split_feature=3 19 77 10 5 2 48 19 48 48 34 48 48 60
split_gain=13041.4 3284.84 812.557 836.786 780.938 692.054 625.967 915.072 680.725 677.147 596.467 522.301 706.281 582.657
threshold=1.1230350000000002 -4778987.4799999995 69477.205000000016 1.0953050000000002 1.1667750000000001 1.1035950000000001 -1613332.7799999998 -2735793.7099999995 171096.96000000005 28612.175000000003 1.1122650000000003 2637866.1550000007 2422444.7700000005 0.079875000000000015
decision_type=2 2 2 2 2 2 2 2 2 2 2 2 2 2
left_child=2 -2 11 -4 6 -5 -3 -8 9 -9 -7 12 -1 -13
right_child=1 4 3 5 -6 10 7 8 -10 -11 -12 13 -14 -15
leaf_value=0.0038584678409458984 0.041117463267534661 -0.027014805275511655 0.049012299232338671 -0.013627651216193961 0.028526930059971471 0.041207793850447011 -0.008367317661449868 0.04574009235910096 0.047976582423865724 -0.018879880792871336 -0.0091199451269090657 -0.011346885851820575 0.027407904401058496 0.022386756822829687
leaf_weight=8830.6279141306877 36782.095869362354 448.93919739127159 734.61434406042099 647.90783186256886 2436.3923676609993 703.65656805038452 1135.9068987816572 231.26797050237656 722.25817576050758 391.21108955144882 301.39262208342552 3096.856299072504 1317.2419851273298 539.93223012983799
leaf_count=42874 79942 2808 2095 3330 7223 2207 6054 719 2000 2161 1391 17798 4941 2235
internal_value=0.0291304 0.037918 0.00622548 0.0223818 0.0159777 0.010506 0.00552471 0.0114342 0.0281768 0.00511494 0.0260917 0.00342352 0.00692065 -0.00632563
internal_weight=58320.3 42148.1 16172.2 2387.57 5365.98 1652.96 2929.58 2480.64 1344.74 622.479 1005.05 13784.7 10147.9 3636.79
internal_count=177778 100907 76871 9023 20965 6928 13742 10934 4880 2880 3598 67848 47815 20033
is_linear=0
shrinkage=0.03


Tree=14
num_leaves=15
num_cat=0
split_feature=3 19 77 10 45 2 48 19 60 48 48 48 60 48
split_gain=12507.6 3003.32 768.789 750.894 835.773 706.139 584.819 774.318 659.527 576.666 632.972 504.211 638.259 634.543
threshold=1.1230350000000002 -4778987.4799999995 69477.205000000016 1.0958950000000003 -0.0014414999999999999 1.1653450000000003 -1613332.7799999998 -2735793.7099999995 0.012755000000000001 171096.96000000005 28612.175000000003 2637866.1550000007 0.079875000000000015 2422444.7700000005
decision_type=2 2 2 2 2 2 2 2 2 2 2 2 2 2
left_child=2 -2 11 -4 -5 6 -3 8 -8 10 -9 13 -13 -1
right_child=1 5 3 4 -6 -7 7 9 -10 -11 -12 12 -14 -15
leaf_value=0.003175708519090362 0.039421363781232385 -0.024827760446165196 0.045224372177839332 -0.011948596013626226 0.031098834444566823 0.027906930234267078 0.014397980284151261 0.043554218341333793 -0.0296547537672044 0.045089132422780918 -0.017727936992862677 -0.012432826028912464 0.022284729139407169 0.025543211724939986
leaf_weight=8821.6261262148619 37308.841889053583 467.38954158127308 780.00026252865791 817.48465867340565 803.27914480865002 2340.3227955102921 668.61106140911579 246.9543566852808 561.51772677898407 737.54909259080887 389.145417496562 3039.1988959461451 563.75232535600662 1311.1732210218906
leaf_count=42860 80177 2930 2217 4090 2690 6700 2980 748 3492 2017 2164 17695 2291 4868
internal_value=0.0278918 0.0363914 0.00538713 0.0210481 0.00937399 0.0154926 0.00601666 0.0115723 -0.00569419 0.0270495 0.00604769 0.00264635 -0.00698758 0.00607523
internal_weight=58856.8 42720.3 16136.5 2400.76 1620.76 5411.49 3071.17 2603.78 1230.13 1373.65 636.1 13735.8 3602.95 10132.8
internal_count=177919 101208 76711 8997 6780 21031 14331 11401 6472 4929 2912 67714 19986 47728
is_linear=0
shrinkage=0.03


Tree=15
num_leaves=15
num_cat=0
split_feature=3 19 77 31 48 70 11 48 19 12 60 48 48 77
split_gain=11218 2609.7 768.094 699.152 723.641 671.517 620.604 568.251 722.091 652.455 605.892 595.306 552.859 700.053
threshold=1.1237350000000002 -4778987.4799999995 -1579940.3049999997 0.0031685000000000003 171096.96000000005 43.725000000000001 1.1667750000000001 -1613332.7799999998 -2735793.7099999995 43.695000000000007 0.012755000000000001 171096.96000000005 93621.025000000009 -2783955.5499999993
decision_type=2 2 2 2 2 2 2 2 2 2 2 2 2 2
left_child=2 -2 5 -4 -5 12 7 -3 9 10 -9 -10 -1 -14
right_child=1 6 3 4 -6 -7 -8 8 11 -11 -12 -13 13 -15
leaf_value=0.011753410749496301 0.037618310298240698 -0.026009030341266979 0.023448594918414344 -0.013828494262271224 0.013359215607812319 -0.02908731314992374 0.026134464858050412 0.040488932597115231 0.0032816354327274504 -0.03197125971648266 -0.022734188000715343 0.043574948546091639 0.00064375319077527692 -0.030222198811501556
leaf_weight=3285.9577576369047 37359.606148794293 433.29845802485943 3179.3767070621252 1295.7057200521231 2744.5993192642927 668.5044133067131 2470.3705661743879 336.8283773213625 590.57431501150131 502.9226795732975 227.35392867028713 752.3736103028059 4424.7158548980951 776.18213972449303
leaf_count=15355 79651 2799 11023 7174 11560 4285 7192 1216 2747 3079 1419 1979 22904 5185
internal_value=0.0267197 0.0348198 0.00560836 0.0129244 0.00463156 -0.000158382 0.0151349 0.00556179 0.0112587 -0.00713804 0.0149631 0.0258935 0.00211996 -0.00396184
internal_weight=59048.4 42673.3 16375 7219.68 4040.31 9155.36 5313.72 2843.35 2410.05 1067.1 564.182 1342.95 8486.86 5200.9
internal_count=177568 100082 77486 29757 18734 47729 20431 13239 10440 5714 2635 4726 43444 28089
is_linear=0
shrinkage=0.03


Tree=16
num_leaves=15
num_cat=0
split_feature=3 31 42 48 45 38 67 13 48 64 67 70 21 48
split_gain=10539.2 2239.92 573.233 535.858 664.06 541.268 901.219 678.434 713.072 532.838 509.445 489.714 488.683 440.811
threshold=1.1237350000000002 0.0046085000000000006 0.0010205000000000004 2908938.1050000004 -0.024530499999999997 1.0338300000000002 1.0614450000000002 0.00040750000000000004 1.0000000180025095e-35 1.0974500000000003 1.0753650000000003 31.98 178660.80772300003 1588345.7750000001
decision_type=2 2 2 2 2 2 2 2 2 2 2 2 2 2
left_child=3 13 9 5 -5 11 -7 -8 10 -3 -9 -1 -12 -2
right_child=1 2 -4 4 -6 6 7 8 -10 -11 12 -13 -14 -15
leaf_value=0.041156942944214354 0.035742783056625906 0.046406065047943292 -0.0036164309653149342 0.018034061068538245 -0.012727153905690375 0.044538593375915453 0.030026802830132523 -0.024102240019735009 0.014232201608573993 -0.0035562086289223868 -0.011750897460252705 -0.0085021064439130805 0.011487131941296636 0.0070806374661337088
leaf_weight=193.10648532211781 40106.583842292428 494.01091153919697 1709.2685568630695 836.59238141775131 2562.2685107886791 680.45174185931683 1197.6447553932667 821.81185828149319 4512.7353878170252 312.00435520708561 1353.9836694300175 2238.4557014852762 2039.2203741818666 492.01925684511662
leaf_count=745 86756 1178 8685 3855 14967 2143 3999 4548 18611 1554 7454 12037 9192 1871
internal_value=0.0259017 0.0336942 0.00620492 0.00545869 -0.00514372 0.00822523 0.0111527 0.00885661 0.00594504 0.0270483 -0.00292162 -0.00453072 0.00220494 0.0353963
internal_weight=59550.2 43113.9 2515.28 16436.3 3398.86 13037.4 10605.8 9925.4 8727.75 806.015 4215.02 2431.56 3393.2 40598.6
internal_count=177595 100044 11417 77551 18822 58729 45947 43804 39805 2732 21194 12782 16646 88627
is_linear=0
shrinkage=0.03


Tree=17
num_leaves=15
num_cat=0
split_feature=3 19 83 48 5 48 19 10 60 13 74 41 48 48
split_gain=9564.19 2216.8 576.856 637.025 560.151 523.619 646.866 482.85 479.658 475.275 468.07 513.258 672.961 390.436
threshold=1.1237350000000002 -4778987.4799999995 1.8890855000000002 2637866.1550000007 1.1667750000000001 -1613332.7799999998 -2735793.7099999995 1.1288250000000002 0.012755000000000001 0.00037550000000000002 -0.035051999999999993 41.475000000000001 93621.025000000009 -1105896.9349999998
decision_type=2 2 2 2 2 2 2 2 2 2 2 2 2 2
left_child=2 -2 3 9 5 -3 8 -8 -7 -1 11 12 -4 -12
right_child=1 4 10 -5 -6 6 7 -9 -10 -11 13 -13 -14 -15
leaf_value=0.03189363493493759 0.034798305662811606 -0.025285486250838523 0.042438790727828038 -0.019233526938449673 0.024514568380321969 0.01150558444030002 -0.0066374840205641761 0.034554672082385364 -0.028791028033908875 -1.6563286095077703e-05 -0.0032388015148498281 -0.0037958600247041587 -0.017642768123157578 0.017160626249175314
leaf_weight=473.79275992512703 38012.464585229754 431.42286062240601 527.13307239115238 1488.524488568306 2526.8220023363829 579.36139838397503 339.85182812809944 1020.9070954918861 488.79862032830715 3628.8985737860203 983.74074201285839 3294.9525425881147 244.39725133776665 5848.5605685859919
leaf_count=1506 79702 2820 2171 8896 7170 2570 1749 2963 3158 17399 4767 17281 1360 24212
internal_value=0.0248554 0.0322452 0.00540353 -0.00242588 0.0142218 0.00511328 0.0105332 0.0242475 -0.00691609 0.0036681 0.00942272 0.00135535 0.0233698 0.014219
internal_weight=59889.6 43399.6 16490 5591.22 5387.16 2860.34 2428.92 1360.76 1068.16 4102.69 10898.8 4066.48 771.53 6832.3
internal_count=177724 100132 77592 27801 20430 13260 10440 4712 5728 18905 49791 20812 3531 28979
is_linear=0
shrinkage=0.03


Tree=18
num_leaves=15
num_cat=0
split_feature=3 19 77 10 45 5 88 70 42 82 13 89 41 0
split_gain=9031.4 2382.6 817.901 769.137 796.984 539.279 471.724 459.507 526.513 411.142 452.192 452.019 499.175 408.987
threshold=1.1230350000000002 -4778987.4799999995 69477.205000000016 1.0958950000000003 -0.0012464999999999998 1.1667750000000001 0.063610975000000014 38.415000000000006 0.0010205000000000004 0.0078650000000000022 0.00045150000000000002 0.027314000000000001 37.215000000000011 1.0372050000000002
decision_type=2 2 2 2 2 2 2 2 2 2 2 2 2 2
left_child=2 -2 9 -4 -5 6 7 -3 -9 10 -1 -11 -13 -12
right_child=1 5 3 4 -6 -7 -8 8 -10 11 13 12 -14 -15
leaf_value=0.020880193758409247 0.0337761366442276 0.028317894685326639 0.044544744145913064 -0.010704919246660271 0.030848525792818209 0.022823572907984591 0.029454479784653799 0.015610007227428854 -0.017392963119137034 0.011180769252447612 0.004794318456023793 0.031903956715124582 -0.007358011313069482 -0.014080438227630018
leaf_weight=559.6934132874012 38551.94633038342 386.46977345645428 824.14369550347328 870.59775227308273 791.7144950479269 2536.544779509306 534.95268598198891 624.79501637816429 1422.5776479840279 5641.4992310553789 1563.9507940411568 325.21754948794842 2722.6634233146906 3030.1110565364361
leaf_count=2083 80047 1318 2204 4309 2520 7188 1617 2427 8506 25618 7443 1339 14450 16792
internal_value=0.024076 0.0311393 0.00501664 0.0208565 0.00907448 0.0126659 0.00397232 -0.00162608 -0.00730412 0.00216808 -0.00454127 0.00615098 -0.00314972 -0.00764875
internal_weight=60386.9 44057.3 16329.6 2486.46 1662.31 5505.34 2968.8 2433.84 2047.37 13843.1 5153.76 8689.38 3047.88 4594.06
internal_count=177861 101103 76758 9033 6829 21056 13868 12251 10933 67725 26318 41407 15789 24235
is_linear=0
shrinkage=0.03


Tree=19
num_leaves=15
num_cat=0
split_feature=3 19 45 48 39 39 89 48 67 65 35 48 19 68
split_gain=8513.02 2172.75 509.049 967.907 623.099 537.747 454.022 490.228 643.032 556.117 719.975 561.324 463.483 395.584
threshold=1.1230350000000002 -4778987.4799999995 -0.0018684999999999997 1755733.1100000001 1.1337450000000002 1.0983250000000002 0.027572500000000003 2984197.6250000005 1.0960350000000003 1.0113350000000001 1.0335350000000003 1633819.9650000001 38254.975000000013 1.0815750000000002
decision_type=2 2 2 2 2 2 2 2 2 2 2 2 2 2
left_child=6 -2 3 -3 5 -4 7 9 -9 -1 11 -11 13 -12
right_child=1 2 4 -5 -6 -7 -8 8 -10 10 12 -13 -14 -15
leaf_value=-0.022692224731218083 0.032680240924351754 0.033586469288975018 0.033263854973120462 -0.035171776796009274 0.023612314888308551 -0.0096694465569595878 -0.004941601052794709 -0.014286776642113959 0.033794998854697236 0.069925119796647242 0.0031803133401802513 0.013029772708300247 -0.0053891847045070013 0.016887570024617424
leaf_weight=452.66564735770226 38958.784743189812 291.29425457119942 339.64422713220119 496.75771328806877 3268.5210302472115 1144.3578377515078 3377.4365862756968 1590.8249068111181 295.82584695518017 322.45188151299953 2920.6311572194099 305.60092639923096 1627.3950544446707 5428.5951132178307
leaf_count=2646 80254 873 1084 3171 9459 6482 17721 9918 1182 811 13406 1450 8151 21324
internal_value=0.0233825 0.0301798 0.0125898 -0.00970771 0.0162947 0.000152299 0.00484736 0.00740406 -0.00671778 0.00981669 0.0112092 0.0423531 0.00924155 0.0120972
internal_weight=60820.8 44499.4 5540.58 788.052 4752.52 1484 16321.4 12944 1886.65 11057.3 10604.7 628.053 9976.62 8349.23
internal_count=177932 101323 21069 4044 17025 7566 76609 58888 11100 47788 45142 2261 42881 34730
is_linear=0
shrinkage=0.03


Tree=20
num_leaves=15
num_cat=0
split_feature=13 0 2 77 48 90 77 61 88 48 77 46 88 34
split_gain=7824.74 2019.5 856.67 621.083 492.243 632.112 512.089 383.415 470.482 574.498 440.715 294.008 250.662 249.699
threshold=0.00072650000000000004 1.0494650000000003 1.1397550000000003 852617.58500000008 1755733.1100000001 1.337833 -1761429.8799999997 1.6676630000000003 -0.0082967549999999977 2908938.1050000004 253609.40000000002 4.2030000000000012 0.0014912850000000002 1.1607650000000003
decision_type=2 2 2 2 2 2 2 2 2 2 2 2 2 2
left_child=1 -1 3 7 6 -6 13 8 -2 10 12 -9 -10 -3
right_child=2 4 -4 -5 5 -7 -8 11 9 -11 -12 -13 -14 -15
leaf_value=-0.017776373226847438 0.015027464532481997 0.017797836210774874 0.019767149029705056 0.046232962711051914 0.035090636326253699 -0.018798126768981408 0.03306062531611538 -0.0038079024338629149 0.0089090249902308415 -0.022346363182511073 0.03999057571806236 0.032622045858951558 -0.0070322264883730052 0.02828231374898154
leaf_weight=788.23571152985096 3642.0281890928745 2937.0636169612408 3581.2913359552622 299.03268930315971 375.41284163296223 406.95099282264709 30263.018473610282 6538.7241880595684 2213.4324300289154 806.66995988786221 305.10314826667309 204.5271338224411 1479.1760740578175 6935.758680716157
leaf_count=4450 16857 8760 10396 705 1145 1881 61507 33209 9742 5094 938 658 7090 15036
internal_value=0.0224656 0.0297445 0.00654412 0.00348369 0.0306611 0.00703358 0.0311207 0.00263713 0.00689652 0.000724657 0.00539192 -0.00269384 0.00251502 0.0251684
internal_weight=60776.4 41706.4 19070 15488.7 40918.2 782.364 40135.8 15189.7 8446.41 4804.38 3997.71 6743.25 3692.61 9872.82
internal_count=177468 92779 84689 74293 88329 3026 85303 73588 39721 22864 17770 33867 16832 23796
is_linear=0
shrinkage=0.03


Tree=21
num_leaves=15
num_cat=0
split_feature=3 19 77 10 2 48 39 75 35 34 3 70 48 48
split_gain=7403.51 1794.79 608.756 604.753 583.094 482.499 622.582 446.664 425.006 424.731 377.869 365.66 362.787 560.415
threshold=1.1230350000000002 -4778987.4799999995 69477.205000000016 1.0953050000000002 1.1035950000000001 2087331.0000000002 1.1387350000000003 0.17905000000000001 1.1309650000000002 1.1117750000000002 1.1826550000000002 62.605000000000011 2637866.1550000007 2469433.0550000002
decision_type=2 2 2 2 2 2 2 2 2 2 2 2 2 2
left_child=2 -2 12 -4 11 6 7 8 -3 -6 -8 -5 13 -1
right_child=1 5 3 4 9 -7 10 -9 -10 -11 -12 -13 -14 -15
leaf_value=0.0022997466203666973 0.030247382618712911 0.031148436506330441 0.039334677588077932 -0.029453579332270875 0.034288295221190236 -0.018605773390979023 0.030529001757854262 -0.010628581799524021 -0.010831489484395019 -0.007253853843151103 0.0078390328063061253 0.0192846639224988 -0.006287005853598507 0.024325575882402171
leaf_weight=9156.1319627314806 39144.34842698276 644.14563308656216 810.28660935163498 450.39557772874832 727.59574839472771 425.06117431819439 2069.3561971634626 1142.9693261235952 325.14774216711521 316.26344159245491 977.21015022695065 198.31424644589424 3568.3801345676184 1172.6222305744886
leaf_count=43656 79978 2091 2110 2561 2129 2477 5453 6440 1539 1396 2983 772 19976 4152
internal_value=0.0216552 0.0279771 0.00441062 0.0180286 0.00779385 0.0120541 0.0145892 0.00205551 0.0170388 0.0216784 0.0232658 -0.0145011 0.00195475 0.00480535
internal_weight=61128.2 44728.2 16400 2502.86 1692.57 5583.89 5158.83 2112.26 969.293 1043.86 3046.57 648.71 13897.1 10328.8
internal_count=177713 100961 76752 8968 6858 20983 18506 10070 3630 3525 8436 3333 67784 47808
is_linear=0
shrinkage=0.03


Tree=22
num_leaves=15
num_cat=0
split_feature=3 19 77 10 2 43 45 39 19 70 70 2 83 79
split_gain=6688.15 1708.95 513.177 544.335 525.323 434.603 429.47 573.729 528.403 519.711 391.072 353.882 343.62 336.416
threshold=1.1230350000000002 -4778987.4799999995 69477.205000000016 1.0953050000000002 1.1035950000000001 -0.13029399999999997 -0.0016474999999999999 1.1337450000000002 -2735793.7099999995 40.015000000000008 63.745000000000012 1.1843550000000003 1.8890855000000002 1155460.9736725001
decision_type=2 2 2 2 2 2 2 2 2 2 2 2 2 2
left_child=2 -2 12 -4 10 -6 8 9 -3 -8 -5 -9 -1 -14
right_child=1 6 3 4 5 -7 7 11 -10 -11 -12 -13 13 -15
leaf_value=-0.0044779585799584309 0.028924316613992446 -0.028401657770193659 0.03704607087999761 -0.029665977470171065 -0.0060477475848884901 0.034432789678815842 0.027299346647465802 0.027022713035405346 0.02060439105507034 -0.012035570382438486 0.021283989761616041 0.0037262307480325951 0.00026461022594310654 0.011821044445523732
leaf_weight=4751.6521951109171 39120.993845447898 494.02620862424374 810.01612195372581 447.32003071904182 365.9629195779562 677.88040955364704 421.38500280678272 2531.911840185523 328.52233949303627 1061.9946701526642 192.85094527900219 768.31475888192654 5052.3920432180166 4119.5755163878202
leaf_count=24386 79865 3106 2088 2592 1634 1893 1358 6930 1062 6200 726 2428 24936 18418
internal_value=0.0206927 0.0267039 0.00431351 0.0168445 0.00709342 0.0202197 0.0112017 0.0146469 -0.00879117 -0.000830591 -0.0142613 0.021611 0.00206573 0.00545916
internal_weight=61144.8 44727.1 16417.7 2494.03 1684.01 1043.84 5606.15 4783.61 822.549 1483.38 640.171 3300.23 13923.6 9171.97
internal_count=177622 100949 76673 8933 6845 3527 21084 16916 4168 7558 3318 9358 67740 43354
is_linear=0
shrinkage=0.03


Tree=23
num_leaves=15
num_cat=0
split_feature=13 3 1 19 77 19 19 31 19 40 74 3 40 41
split_gain=6422.13 1797.36 738.772 578.841 480.912 385.707 352.819 626 684.922 391.314 349.242 492.436 399.127 353.978
threshold=0.00072650000000000004 1.0492250000000003 1.1395250000000001 -4054323.0549999992 852617.58500000008 -2735793.7099999995 -4247433.2999999998 0.034154500000000011 -1371386.6949999998 1.0220150000000003 -0.0014784999999999998 1.1172250000000001 1.0919550000000002 50.115000000000002
decision_type=2 2 2 2 2 2 2 2 2 2 2 2 2 2
left_child=1 -1 4 -3 6 -5 10 -8 9 -9 12 -12 13 -2
right_child=2 3 -4 5 -6 -7 7 8 -10 -11 11 -13 -14 -15
leaf_value=-0.018231227369080182 -0.0078753660912929749 0.028528503554729703 0.018058597834735433 -0.0071981902980141621 0.040812556094755523 0.020660338140403061 0.0015328450337496213 0.0021567861344409297 -0.023340663475439949 0.032913605061464964 -0.034149791585249674 0.02069740184044799 0.027926644931943623 0.019729683416565641
leaf_weight=779.7508757263422 2932.0503111332655 39452.193936854601 3675.6305119469762 628.24436858296394 297.66160029172897 1536.624077335 8309.6008437350392 495.12331828474998 296.10987535119057 1528.0701684206724 659.1707821637392 188.19113317131996 393.62630674242973 486.1625139862299
leaf_count=4449 16099 80905 10473 2574 690 5173 39223 2415 1599 5659 4070 542 1657 2424
internal_value=0.0203271 0.0268532 0.0059603 0.027699 0.00310423 0.0125624 0.00236546 0.005384 0.0191624 0.0254063 -0.00451389 -0.0219233 -0.000631208 -0.00393578
internal_weight=61658.2 42396.8 19261.4 41617.1 15585.8 2164.87 15288.1 10628.9 2319.3 2023.19 4659.2 847.362 3811.84 3418.21
internal_count=177952 93101 84851 88652 74378 7747 73688 48896 9673 8074 24792 4612 20180 18523
is_linear=0
shrinkage=0.03


Tree=24
num_leaves=15
num_cat=0
split_feature=13 3 1 19 77 19 61 67 82 48 31 47 41 19
split_gain=6010.48 1564.6 749.447 518.47 490.662 390.658 324.658 284.8 267.981 598.666 310.342 322.396 464.8 370.254
threshold=0.00069350000000000011 1.0492250000000003 1.1411050000000003 -4034177.6199999996 852617.58500000008 -2735793.7099999995 1.6676630000000003 1.1036650000000001 0.0078650000000000022 2908938.1050000004 0.030360500000000002 49.975000000000001 48.035000000000004 -4266444.5199999986
decision_type=2 2 2 2 2 2 2 2 2 2 2 2 2 2
left_child=1 -1 4 -3 6 -5 8 -7 9 -2 -10 12 13 -12
right_child=2 3 -4 5 -6 7 -8 -9 10 -11 11 -13 -14 -15
leaf_value=-0.017210694609968692 0.0062228164854716108 0.027483289501690961 0.017879587238709142 -0.0095492989304476594 0.039978653009494568 0.0290306816375526 -0.0026158731926126041 0.00052557290259279616 0.003758549685072343 -0.025137991803083806 0.0052649644503103199 0.033007140366256724 -0.0096529433982205544 0.0418343312993983
leaf_weight=741.16365118324757 2366.8123087435961 39365.738201916218 3783.7647812962532 554.27565285563469 316.04001641273499 995.64580388367176 6853.1951907798648 464.7596523463726 3197.0936528295279 711.64116808772087 518.98777684569359 842.0590198636055 646.05780600011349 482.7136272341013
leaf_count=4269 10431 80550 10413 2318 716 2904 34265 1964 14607 4664 2668 3418 3344 1584
internal_value=0.0195495 0.0259488 0.00587747 0.0267229 0.00302467 0.0118449 0.00227248 0.0199863 0.00609771 -0.00102288 0.00995703 0.0178995 0.0101455 0.0229416
internal_weight=61839.9 42121.6 19718.4 41380.4 15934.6 2014.68 15618.6 1460.41 8765.37 3078.45 5686.91 2489.82 1647.76 1001.7
internal_count=178115 92005 86110 87736 75697 7186 74981 4868 40716 15095 25621 11014 7596 4252
is_linear=0
shrinkage=0.03


Tree=25
num_leaves=15
num_cat=0
split_feature=2 13 42 64 48 68 83 83 13 82 39 41 42 82
split_gain=5575.24 1232.85 386.449 479.661 371.077 634.825 535.51 515.263 434.189 407.5 436.67 467.252 404.523 386.869
threshold=1.1233250000000001 0.0021995000000000005 0.0010205000000000004 1.0974500000000003 2637866.1550000007 1.0538350000000003 1.8260290000000001 2.2105850000000005 0.0040305000000000002 0.088745000000000004 1.0034850000000002 37.705000000000005 0.039825500000000007 0.033685000000000007
decision_type=2 2 2 2 2 2 2 2 2 2 2 2 2 2
left_child=4 -2 3 -3 5 -1 -6 -8 -9 13 -11 -12 -10 -7
right_child=1 2 -4 -5 6 9 7 8 12 10 11 -13 -14 -15
leaf_value=-0.028530735155816941 0.025552520251528595 0.038307597382083447 -0.0024818348798512327 -0.0069667586035812353 -0.018928150775326998 0.0065529747693102219 0.033900361584379909 -0.027249881809294774 -0.004794689283094831 0.029577349263186527 0.028074321670509252 -0.021370295939865367 0.025342182512134485 0.019872848681806408
leaf_weight=447.56082673370838 42288.292678505182 560.38368974626064 1929.1268007159233 335.02565452456474 1406.2613081410527 7677.980302259326 431.11403286457062 477.24391987919807 1251.3823039829731 250.79235909879208 202.80614626407623 1091.0628957003355 587.92500741779804 2642.307323500514
leaf_count=2763 88395 1251 9459 1631 8725 32505 1797 2745 6548 1105 851 6393 2381 10703
internal_value=0.018817 0.0242707 0.00506594 0.0213454 0.00387331 0.00648993 -0.00387498 0.00382243 -0.00177439 0.00781577 -0.00654001 -0.0135813 0.00483064 0.00996777
internal_weight=61579.3 45112.8 2824.54 895.409 16466.4 12312.5 4153.93 2747.67 2316.55 11864.9 1544.66 1293.87 1839.31 10320.3
internal_count=177252 100736 12341 2882 76516 54320 22196 13471 11674 51557 8349 7244 8929 43208
is_linear=0
shrinkage=0.03


Tree=26
num_leaves=15
num_cat=0
split_feature=13 3 3 77 77 70 70 12 50 42 67 48 71 83
split_gain=5128.5 1520.47 619.972 451.496 404.29 363.884 425.827 342.724 335.096 289.836 311.129 289.077 425.009 397.576
threshold=0.00070950000000000017 1.0492250000000003 1.1394950000000001 852617.58500000008 -1761429.8799999997 43.095000000000006 58.215000000000011 41.875000000000007 27603.364754000002 0.0010995000000000002 1.0974750000000002 2908938.1050000004 0.0035235000000000002 3.7363350000000004
decision_type=2 2 2 2 2 2 2 2 2 2 2 2 2 2
left_child=1 -1 3 5 -3 7 -7 -2 -9 -8 -11 13 -13 -10
right_child=2 4 -4 -5 -6 6 9 8 11 10 -12 12 -14 -15
leaf_value=-0.018237108674484481 -0.003778797455720441 0.019712751013506079 0.016452841708937287 0.038243620299014319 0.026635175259351617 -0.015616016989491522 0.015439095548217709 0.035440749698269679 0.015793528483763808 0.0023546115660473071 -0.022146650259873835 -0.032051269991341717 0.005929163061778495 -0.00096524179137079966
leaf_weight=745.19152408838272 2548.5158657431602 10085.065765574574 3837.5003930926323 319.72763068974018 31456.370295196772 1853.6566034331918 1037.7988381534815 406.33252975344658 3855.2080349177122 2025.0569941699505 604.43589340150356 380.52851441502571 866.15314634144306 1897.5724719315767
leaf_count=4395 13205 23921 10688 714 63860 10587 3820 1546 16333 8859 3575 2619 4420 9188
internal_value=0.0183106 0.0241936 0.00563698 0.00300642 0.0249558 0.00227404 -0.00389935 0.00570104 0.00896741 0.00201737 -0.00327231 0.00742145 -0.00565607 0.0102612
internal_weight=61919.1 42286.6 19632.5 15795 41541.4 15475.3 5520.95 9954.31 7405.79 3667.29 2629.49 6999.46 1246.68 5752.78
internal_count=177730 92176 85554 74866 87781 74152 26841 47311 34106 16254 12434 32560 7039 25521
is_linear=0
shrinkage=0.03


Tree=27
num_leaves=15
num_cat=0
split_feature=2 19 45 48 89 83 48 89 41 68 83 65 35 83
split_gain=4927.15 1357.33 403.804 809.49 364.771 458.146 620.798 493.753 409.227 360.406 365.691 346.904 858.569 319.29
threshold=1.1233250000000001 -4841450.8699999992 -0.0017544999999999998 1755733.1100000001 0.027572500000000003 1.8890855000000002 2637866.1550000007 0.00078200000000000003 37.215000000000011 1.0863150000000001 3.6821470000000005 1.0113350000000001 1.0426050000000002 2.2477945000000004
decision_type=2 2 2 2 2 2 2 2 2 2 2 2 2 2
left_child=4 -2 3 -3 5 6 7 -1 -6 -4 -11 -9 -13 -7
right_child=1 2 9 -5 8 13 -8 11 -10 10 -12 12 -14 -15
leaf_value=0.043662132899396272 0.024931107227318495 0.027461412280333091 0.025763117424023329 -0.034415409166782221 0.025219075840600395 0.028627699758773828 -0.018100451816182989 -0.022694149524521777 -0.0085422552830340948 0.014923594489922766 -0.0042658923111736444 0.049095792261511138 6.1508078054732784e-05 0.0085682099467920304
leaf_weight=279.83127947151661 39507.007706999779 311.09191720187664 1392.9682976454496 485.65531338751316 360.18656657636166 794.37175558507442 1381.2679700702429 435.93754954636097 3043.6765621006489 2453.4350941777229 1401.8656020015478 363.55719251930714 2723.9208372980356 7174.1963609158993
leaf_count=791 79164 887 3319 3179 1440 3116 8629 2613 16338 7912 6535 1058 12247 30294
internal_value=0.0178106 0.0229049 0.00965587 -0.0102137 0.00379277 0.00605897 -0.000877074 0.00537336 -0.00495456 0.0126794 0.00793883 0.00231241 0.00585914 0.010575
internal_weight=62109 45552 6045.02 796.747 16556.9 13153.1 5184.51 3803.25 3403.86 5248.27 3855.3 3523.42 3087.48 7968.57
internal_count=177522 100996 21832 4066 76526 58748 25338 16709 17778 17766 14447 15918 13305 33410
is_linear=0
shrinkage=0.03


Tree=28
num_leaves=15
num_cat=0
split_feature=3 13 77 35 48 45 77 48 10 75 70 48 48 68
split_gain=4629.99 958.895 455.707 484.086 418.996 704.082 379.495 372.381 324.799 372.941 443.486 320.59 373.207 483.033
threshold=1.1230350000000002 0.0029915000000000007 69477.205000000016 1.1128050000000003 171096.96000000005 -0.0018684999999999997 -1761429.8799999997 1826731.0900000001 1.0895350000000004 0.43440000000000006 32.540000000000006 -1195724.5849999997 2637866.1550000007 1.0538350000000003
decision_type=2 2 2 2 2 2 2 2 2 2 2 2 2 2
left_child=2 6 11 8 -3 7 -2 -6 -4 10 -10 -1 13 -13
right_child=1 4 3 -5 5 -7 -8 -9 9 -11 -12 12 -14 -15
leaf_value=-0.024807575194068694 0.018699453133354305 -0.010096052054618814 0.044328829131443481 -0.014869221456968736 0.018897928558106725 0.030839005235693519 0.024928908227921528 -0.03496388296822503 0.032799727523700917 0.029386068120796135 -0.01255024607280834 -0.025458433511713337 -0.006129901676115229 0.0065900514281506083
leaf_weight=404.46368323266506 12441.62182316184 1083.1185475587845 425.81890022754669 404.0918872654438 186.87900254130363 881.32761120796204 30660.63422819972 297.46367333829403 281.23263576626778 842.56580084562302 619.85003168880939 441.29244744777679 3535.1384092122316 9686.0410780459642
leaf_count=2301 28766 5975 924 1834 607 2427 61161 2027 826 2428 2992 2770 19938 42904
internal_value=0.0171468 0.0220943 0.00360152 0.015207 0.0038166 0.014872 0.0231319 -0.0141239 0.0208272 0.0150485 0.00159113 0.00147522 0.00225725 0.00518822
internal_weight=62191.5 45551 16640.5 2573.56 2448.79 1365.67 43102.3 484.343 2169.47 1743.65 901.083 14066.9 13662.5 10127.3
internal_count=177880 100963 76917 9004 11036 5061 89927 2634 7170 6246 3818 67913 65612 45674
is_linear=0
shrinkage=0.03


Tree=29
num_leaves=15
num_cat=0
split_feature=3 19 19 77 77 88 32 48 83 42 77 77 10 1
split_gain=4381.62 1212.44 468.032 444.332 527.015 420.295 348.171 430.044 450.669 334.598 317.16 455.96 388.182 448.314
threshold=1.1230350000000002 -3908735.8099999996 -2933759.7049999996 -1579940.3049999997 -6710077.0699999994 -0.0082967549999999977 1.4933335000000001 154939.26000000004 1.4288680000000002 0.0010995000000000002 1.0000000180025095e-35 -1061969.6349999998 1.1172850000000001 1.0967850000000003
decision_type=2 2 2 2 2 2 2 2 2 2 2 2 2 2
left_child=3 -2 9 4 -1 -6 -5 -8 -9 -3 11 -10 -13 -14
right_child=1 2 -4 6 5 -7 7 8 10 -11 -12 12 13 -15
leaf_value=0.004319462643019828 0.023112730107222791 0.018764165217024512 0.011199819893959271 0.017513842796560129 -0.0026840728829166864 -0.025458130471986355 -0.007438963467077904 -0.010393128755148173 0.04549810070569444 -0.025678875676867167 0.031821188654009153 -0.016987770715083349 0.043346001648462855 -0.0099649580791952332
leaf_weight=5981.5400965362787 41074.483002752066 204.23150339722633 3760.7049185335636 2708.4118748307228 2059.0011407881975 1131.5627389475703 1814.7541932612658 670.48813922703266 246.6429151892662 586.99499298632145 866.83400274813175 566.37600256502628 298.501251116395 267.9471340328455
leaf_count=28074 82964 692 13899 8533 11394 7868 9110 3565 789 3303 2331 2845 937 1257
internal_value=0.0166814 0.0214844 0.00678296 0.00348712 -0.000928886 -0.0107759 0.00893467 0.00401481 0.0111515 -0.0141602 0.0175973 0.00862097 0.000532429 0.0181023
internal_weight=62238.5 45626.4 4551.93 16612.1 9172.1 3190.56 7439.96 4731.54 2916.79 791.226 2246.3 1379.47 1132.82 566.448
internal_count=177561 100858 17894 76703 47336 19262 29367 20834 11724 3995 8159 5828 5039 2194
is_linear=0
shrinkage=0.03


Tree=30
num_leaves=15
num_cat=0
split_feature=13 3 19 0 48 77 19 6 19 13 48 88 36 31
split_gain=4212.57 1269.76 425.035 424.607 407.908 450.161 340.219 326.251 433.944 373.035 357.951 687.682 552.423 526.173
threshold=0.00072650000000000004 1.0492250000000003 -4054323.0549999992 1.1436950000000004 -1422828.3099999998 268996.84500000003 -2735793.7099999995 1.0420850000000002 -6273833.044999999 0.0013875000000000001 2630672.3900000001 -0.0024829099999999992 1.0918150000000002 0.026824000000000004
decision_type=2 2 2 2 2 2 2 2 2 2 2 2 2 2
left_child=1 -1 -3 4 -2 7 -4 9 -9 -6 13 12 -12 -10
right_child=3 2 6 -5 5 -7 -8 8 10 -11 11 -13 -14 -15
leaf_value=-0.017384847345713383 -0.026649093884893688 0.022760469527488829 -0.009292485118807212 0.01444932939843273 -0.020841441887908589 0.020387530478195245 0.016657323861916727 -0.027876990217868977 -0.00025752540118929455 0.016994628068373291 -0.0036233195066683881 -0.02578559374895183 0.041506496472283258 0.016419757685075108
leaf_weight=746.53662980347872 418.77737954258919 39809.212806761265 633.36292500793934 3227.4784022420645 265.20041839033365 1275.9468233585358 1595.9049371629953 485.21409600228071 6573.8159748315811 1940.7986635863781 1487.4619417339563 1176.3121233731508 290.85069993138313 2295.1432874426246
leaf_count=4450 2781 80583 2564 8495 1515 4109 5171 2832 30554 8513 8137 7779 1037 8947
internal_value=0.0160956 0.0213569 0.022046 0.0045121 0.00253088 0.00330828 0.00927035 0.00180353 -9.8492e-05 0.0124251 0.0010412 -0.00799735 0.00376017 0.00405627
internal_weight=62222 42785 42038.5 19437 16209.5 15790.7 2229.27 14514.8 12308.8 2206 11823.6 2954.62 1778.31 8868.96
internal_count=177467 92768 88318 84699 76204 73423 7735 69314 59286 10028 56454 16953 9174 39501
is_linear=0
shrinkage=0.03


Tree=31
num_leaves=15
num_cat=0
split_feature=13 3 2 77 77 39 35 38 74 89 41 2 71 60
split_gain=3991.46 1178.76 386.417 366.805 363.835 278.871 299.663 322.605 286.618 464.934 457.939 338.71 406.814 354.282
threshold=0.00070950000000000017 1.0492250000000003 1.1598950000000003 852617.58500000008 -1761429.8799999997 1.1463250000000003 1.1339550000000003 1.1336250000000001 -0.0059484999999999989 0.027314000000000001 37.705000000000005 1.1028550000000001 0.015555000000000001 0.075902500000000012
decision_type=2 2 2 2 2 2 2 2 2 2 2 2 2 2
left_child=1 -1 3 5 -3 6 7 8 9 11 -11 12 13 -2
right_child=2 4 -4 -5 -6 -7 -8 -9 -10 10 -12 -13 -14 -15
leaf_value=-0.017027939674768004 0.0034175038112194216 0.016525903067970867 0.014424480616993163 0.034065470152918075 0.023063011701896865 0.024994523561443438 -0.013810574755097735 0.036134213335108446 -0.0035020608615541154 0.028436431083517552 -0.0080031974882541369 0.03839480001310322 0.041072215757982054 0.02713865415068439
leaf_weight=726.06711335480213 4646.5480147078633 10156.989809751511 3002.5583579540253 328.76517897844315 31881.22421759367 464.42603354156017 1080.7208398655057 252.01651282608509 5428.8011654913425 347.0819775313139 2850.6274480894208 358.46370114386082 321.11744940280914 645.3067240267992
leaf_count=4369 22213 23832 7353 709 64148 1202 5672 705 26586 1304 15087 1199 1000 2546
internal_value=0.0156802 0.0208297 0.00451452 0.00273277 0.0214847 0.00210059 0.00142976 0.00254176 0.00195734 0.005193 -0.00403098 0.0101373 0.00832084 0.00632039
internal_weight=62490.7 42764.3 19726.4 16723.9 42038.2 16395.1 15930.7 14850 14597.9 9169.15 3197.71 5971.44 5612.97 5291.85
internal_count=177925 92349 85576 78223 87980 77514 76312 70640 69935 43349 16391 26958 25759 24759
is_linear=0
shrinkage=0.03


Tree=32
num_leaves=15
num_cat=0
split_feature=13 0 1 77 77 70 74 12 68 35 60 35 8 70
split_gain=3726.01 983.971 506.582 351.586 329.599 281.023 413.248 362.67 287.969 431.939 569.205 513.087 443.828 405.951
threshold=0.00069350000000000011 1.0494650000000003 1.1395250000000001 852617.58500000008 -1761429.8799999997 43.095000000000006 0.0061480000000000007 41.875000000000007 1.0646750000000003 1.0919550000000002 0.015858000000000004 1.0951750000000002 1.0897350000000003 39.355000000000011
decision_type=2 2 2 2 2 2 2 2 2 2 2 2 2 2
left_child=1 -1 3 5 -3 7 -7 -2 13 12 11 -11 -10 -9
right_child=2 4 -4 -5 -6 6 -8 8 9 10 -12 -13 -14 -15
leaf_value=-0.014999914888259382 -0.0054225321621826188 0.016037552905882414 0.013927241042659907 0.03313218134978424 0.022295659215651763 -0.0152762637964588 0.0019439876554369793 0.032830762882931866 0.0037242700477856886 0.042163152343393101 0.037136290718974466 -0.0051773785047552279 -0.021611736984753015 0.0045553220300554387
leaf_weight=701.17725514620543 2521.0334388762712 10022.839326262474 4065.5281030237675 320.1222328543663 31725.17947076261 1915.1513875573874 3623.3684108033776 874.77078098058701 2821.9934816136956 253.44183507561684 707.40427329391241 1079.6823292076588 796.9505705088377 962.35971850901842
leaf_count=4242 13178 23508 11029 684 63808 11078 15904 3211 13421 972 2321 5125 4678 4451
internal_value=0.015177 0.0202021 0.00447845 0.00205623 0.0207944 0.00141272 -0.00400683 0.00441216 0.00772375 0.00436518 0.0154005 0.00382496 -0.00185127 0.0180459
internal_weight=62391 42449.2 19941.8 15876.3 41748 15556.2 5538.52 10017.6 7496.6 5659.47 2040.53 1333.12 3618.94 1837.13
internal_count=177610 91558 86052 75023 87316 74339 26982 47357 34179 26517 8418 6097 18099 7662
is_linear=0
shrinkage=0.03


Tree=33
num_leaves=15
num_cat=0
split_feature=3 19 19 77 38 48 77 48 19 68 67 65 39 19
split_gain=3447.16 1001.47 431.167 341.257 418.815 340.163 333.725 331.555 463.111 459.193 450.598 524.322 381.513 339.504
threshold=1.1230350000000002 -3908735.8099999996 -2933759.7049999996 69477.205000000016 1.1145250000000002 -1275343.4899999998 169223.39500000005 2637866.1550000007 -3693081.9949999996 1.0538350000000003 1.0960350000000003 1.0963350000000003 1.0280150000000001 -1210257.7449999999
decision_type=2 2 2 2 2 2 2 2 2 2 2 2 2 2
left_child=3 -2 -3 5 6 -1 -5 9 10 -7 12 -12 -9 -11
right_child=1 2 -4 4 -6 7 -8 8 -10 13 11 -13 -14 -15
leaf_value=-0.027815012374782636 0.020631341237132835 -0.014058230859738969 0.01009375720878369 0.042651491805697599 -0.019330284557961094 -0.025515136336428053 0.012365501108774674 0.02459848306731208 0.025484254251104257 0.010624526292363155 0.048184790902030053 -0.01436610982557068 -0.017760503141044007 -0.00082010552155287512
leaf_weight=349.09980435669422 41170.068232744932 805.07628024369478 3788.9668344333768 396.41416276991367 312.35055929422379 427.94874683022499 1908.1466880142689 206.14415282011032 377.97452515363693 6009.7910527139902 241.46861620247364 238.2316974401474 2449.2374353259802 3804.7143734395504
leaf_count=2128 82788 4046 13874 958 1463 2733 6564 946 1454 24815 832 1211 15473 18145
internal_value=0.0148892 0.0191486 0.00585261 0.00322984 0.0131787 0.00138103 0.0176043 0.00212615 -0.00582167 0.0048554 -0.00961249 0.0170927 -0.0144527 0.00618519
internal_weight=62485.6 45764.1 4594.04 16721.5 2616.91 14104.6 2304.56 13755.5 3513.06 10242.5 3135.08 479.7 2655.38 9814.51
internal_count=177430 100708 17920 76722 8985 67737 7522 65609 19916 45693 18462 2043 16419 42960
is_linear=0
shrinkage=0.03


Tree=34
num_leaves=15
num_cat=0
split_feature=13 3 3 19 31 19 35 48 77 48 74 77 41 34
split_gain=3324.48 951.331 411.785 338.381 493.388 614.893 353.628 348.128 390.297 346.643 341.535 459.093 355.414 371.242
threshold=0.00069350000000000011 1.0492250000000003 1.1394950000000001 -4247433.2999999998 0.032048500000000008 -1371386.6949999998 1.0147450000000002 2886977.9750000006 268996.84500000003 1357862.9500000004 -0.0020269999999999997 -16075633.334999999 42.655000000000008 1.0919750000000004
decision_type=2 2 2 2 2 2 2 2 2 2 2 2 2 2
left_child=1 -1 3 9 7 6 -6 8 -5 -2 11 -11 -13 -14
right_child=2 -3 -4 4 5 -7 -8 -9 -10 10 -12 12 13 -15
leaf_value=-0.015975486381347506 0.011216221633660839 0.019571919592577394 0.012724133677877711 -0.00022146658910131658 -0.0089020718929877039 -0.023071179356803459 0.026102078535154737 -0.027902989254243331 0.017745029130629687 -0.037159257244336712 -0.028195174616215637 -0.028856892823488644 -0.00075728125947553964 0.035405086249801605
leaf_weight=687.09739641100168 963.03965905308723 41824.09484949708 4019.4181348308921 6977.3729355633259 296.45147624611855 314.10222895443439 2006.7542428821325 350.53413191437721 1287.6094873398542 345.32544565200806 678.73144496232271 344.74828745424747 2055.4032252728939 290.53551209717989
leaf_count=4229 4269 87385 10917 33197 1497 1655 7310 2169 4157 2133 4209 2204 11158 1001
internal_value=0.0142565 0.0189963 0.00414445 0.00197446 0.00479898 0.0162047 0.0215817 0.00132909 0.00257573 -0.00480127 -0.00896375 -0.00464662 -0.000450519 0.00372168
internal_weight=62441.2 42511.2 19930 15910.6 11232.8 2617.31 2303.21 8615.52 8264.98 4677.78 3714.74 3036.01 2690.69 2345.94
internal_count=177490 91614 85876 74959 49985 10462 8807 39523 37354 24974 20705 16496 14363 12159
is_linear=0
shrinkage=0.03


Tree=35
num_leaves=15
num_cat=0
split_feature=13 0 48 19 19 77 71 64 72 69 77 39 48 77
split_gain=3041.92 834.54 393.273 390.389 327.553 295.255 265.991 288.07 318.453 216.969 205.188 202.062 241.808 300.088
threshold=0.00069350000000000011 1.0494650000000003 -2921924.4599999995 -4054323.0549999992 -2735793.7099999995 852617.58500000008 0.0020825000000000006 1.1222450000000002 0.63794350000000011 1.1251350000000002 -1761429.8799999997 1.1463250000000003 -1131501.6149999998 253609.40000000002
decision_type=2 2 2 2 2 2 2 2 2 2 2 2 2 2
left_child=1 -1 -2 10 -5 6 7 8 -4 -6 -3 12 -8 -14
right_child=2 3 5 4 9 -7 11 -9 -10 -11 -12 -13 13 -15
leaf_value=-0.014450954148761672 0.020534598400292807 0.015565119823068111 -0.020196180578512052 -0.012070419720550379 0.019806434642095323 0.030966245434699075 -0.0079562818480966042 0.016066813304904039 0.022550582972425237 -0.0074315070221225975 0.020742483137691343 0.012884012281282161 0.0029143906380379096 0.024115666435066567
leaf_weight=684.83736746758223 1238.8370472192764 8982.1031921058893 1212.4829479381442 613.78384611010551 1197.4010206013918 334.86580756306648 1739.5180185288191 339.99863098561764 178.65170668065548 334.86808021366596 30656.996231392026 1922.8350212723017 12407.518632099032 631.04560253024101
leaf_count=4223 2679 19484 7162 2460 3352 705 8771 1107 681 1458 60579 4837 58410 1735
internal_value=0.0138132 0.0183566 0.00416592 0.0188954 0.00640848 0.00308276 0.0025729 -0.00861233 -0.0146728 0.0138332 0.0195705 0.00373455 0.00254126 0.00394457
internal_weight=62475.7 42470 20005.8 41785.2 2146.05 18766.9 18432.1 1731.13 1391.13 1532.27 39639.1 16700.9 14778.1 13038.6
internal_count=177643 91556 86087 87333 7270 83408 82703 8950 7843 4810 80063 73753 68916 60145
is_linear=0
shrinkage=0.03


Tree=36
num_leaves=15
num_cat=0
split_feature=3 19 77 70 77 45 48 41 6 41 39 39 60 39
split_gain=2911.59 788.132 388.802 476.099 396.914 337.557 720.81 334.093 324.954 337.988 301.684 513.294 292.118 432.631
threshold=1.1230350000000002 -4778987.4799999995 -1579940.3049999997 43.725000000000001 -2783955.5499999993 -0.0018684999999999997 1755733.1100000001 41.475000000000001 1.0862850000000002 47.025000000000013 1.1337450000000002 1.0979550000000002 0.039417000000000008 1.0753750000000002
decision_type=2 2 2 2 2 2 2 2 2 2 2 2 2 2
left_child=2 -2 3 4 12 6 -3 -6 9 -4 11 -7 13 -1
right_child=1 5 8 -5 7 10 -8 -9 -10 -11 -12 -13 -14 -15
leaf_value=0.014720067989987078 0.018802824340284963 0.023662064643964219 0.0066554756703835066 -0.02813149106907066 0.0065453682006809096 0.030225308223388966 -0.034676896727335191 -0.026914489637423277 0.0048143478694329927 0.037142111417405879 0.014674291180159522 -0.010894059567968611 -0.003294775006775164 -0.0083061648351616443
leaf_weight=2791.3138332590461 39816.283721715212 317.35605251789093 689.96879172325134 566.42898722738028 401.36177654564381 355.31923986971378 473.02144673466682 801.11059106886387 6256.6764217093587 627.53076009452343 3520.3927618414164 1169.74510397017 3566.2509925067425 993.88211628049612
leaf_count=11972 79689 873 2451 3935 2001 1011 3182 5537 25125 1889 9467 6557 18079 5544
internal_value=0.0133728 0.0172933 0.00264975 -0.00151966 0.00024212 0.00698752 -0.0112142 -0.0157252 0.00767379 0.0212163 0.00984644 -0.00128062 0.00285974 0.00866553
internal_weight=62346.6 45652.1 16694.5 9120.35 8553.92 5835.83 790.377 1202.47 7574.18 1317.5 5045.46 1525.06 7351.45 3785.2
internal_count=177312 100779 76533 47068 43133 21090 4055 7538 29465 4340 17035 7568 35595 17516
is_linear=0
shrinkage=0.03


Tree=37
num_leaves=15
num_cat=0
split_feature=13 3 48 19 19 77 19 6 71 67 70 62 19 41
split_gain=2657.57 817.92 349.041 322.322 327.034 286.844 246.143 267.031 233.754 225.741 214.964 213.367 201.184 437.071
threshold=0.00069350000000000011 1.0492250000000003 -2479911.4799999995 -4034177.6199999996 -2735793.7099999995 268996.84500000003 84525.860000000015 1.0837450000000002 0.0020825000000000006 1.1036650000000001 69.735000000000014 0.00014813500000000003 -4247433.2999999998 50.365000000000002
decision_type=2 2 2 2 2 2 2 2 2 2 2 2 2 2
left_child=1 -1 -2 -3 -5 6 8 -8 11 -6 -9 -4 13 -10
right_child=2 3 5 4 9 -7 7 10 12 -11 -12 -13 -14 -15
leaf_value=-0.015217799214265113 0.014700620750869411 0.018268906810136359 -0.018785668247958808 -0.013325923502926142 0.021230857209883446 0.015474543326260999 0.021469822234619206 -0.024080222127016715 -0.0057002987547347264 -0.0033372755683426158 0.0073390337990746606 0.006764375943314826 0.0062324401894964096 0.017297854730684677
leaf_weight=690.52994522452354 2359.2330365777016 39648.395374953747 837.47098898142576 563.28054146468639 1047.1061481833458 1393.0428903698921 189.97450736165047 854.48395372927189 3947.3326373398304 492.59158535301685 251.98048965632915 450.34494442492723 8819.1110110133886 915.08978965133429
leaf_count=4318 5839 80406 4815 2286 2850 4582 888 4958 20451 1969 1190 2046 37996 3341
internal_value=0.0128754 0.0171254 0.00386272 0.0176614 0.00619083 0.00241232 0.00129091 -0.0112402 0.00237886 0.0133543 -0.0168977 -0.00982931 0.00353082 -0.0013633
internal_weight=62460 42441.9 20018.1 41751.4 2102.98 17658.8 16265.8 1296.44 14969.3 1539.7 1106.46 1287.82 13681.5 4862.42
internal_count=177935 91829 86106 87511 7105 80267 75685 7036 68649 4819 6148 6861 61788 23792
is_linear=0
shrinkage=0.03


Tree=38
num_leaves=15
num_cat=0
split_feature=13 3 9 83 48 70 10 79 6 12 1 19 90 48
split_gain=2623.91 709.295 323.439 345.003 512.064 371.725 487.266 345.886 344.921 367.905 391.012 283.134 280.001 277.12
threshold=0.00069350000000000011 1.0492250000000003 1.1463450000000002 1.8890855000000002 2622132.0150000001 45.145000000000003 1.1035150000000002 1155460.9736725001 1.0847350000000002 46.585000000000008 1.0219450000000003 -4054323.0549999992 1.6157585000000003 439605.27000000008
decision_type=2 2 2 2 2 2 2 2 2 2 2 2 2 2
left_child=1 -1 3 4 5 6 8 12 9 10 -2 -3 -5 -13
right_child=2 11 -4 7 -6 -7 -8 -9 -10 -11 -12 13 -14 -15
leaf_value=-0.013504711982284812 -0.025496707992180279 0.017969661412689655 0.010598915272761038 0.0077015553757115171 -0.021945845845963482 -0.013521438857218489 0.034316256850519554 0.010470481602358521 -0.023402392653174873 0.022983694580370116 0.013254698145566512 0.011336022517184709 -0.0060928831741326817 -0.018583546315452306
leaf_weight=677.91004329174757 453.48476912081242 39629.261791080236 4712.5524016991258 2231.616335965693 1202.2827530354261 1157.7563446313143 475.79310342669487 4928.4349168390036 424.47886857390404 720.39944060146809 481.96475487947464 1858.2827035784721 3253.3327817618847 326.1582877933979
leaf_count=4257 2577 80122 13977 10005 8246 5748 1527 20459 2432 2872 1955 5835 16289 1469
internal_value=0.0126751 0.0168957 0.00372507 0.00160943 -0.00493709 0.000565453 0.00696042 0.0047031 0.000675957 0.00687698 -0.00550624 0.0173896 -0.000474604 0.00684855
internal_weight=62533.7 42491.6 20042.1 15329.5 4916.16 3713.88 2556.12 10413.4 2080.33 1655.85 935.45 41813.7 5484.95 2184.44
internal_count=177770 91683 86087 72110 25357 17111 11363 46753 9836 7404 4532 87426 26294 7304
is_linear=0
shrinkage=0.03


Tree=39
num_leaves=15
num_cat=0
split_feature=3 19 83 48 83 73 79 45 48 39 67 68 19 68
split_gain=2466.34 760.653 295.124 429.92 331.817 314.624 307.305 292.121 658.79 279.328 792.333 572.365 370.687 383.318
threshold=1.1230350000000002 -4778987.4799999995 1.8890855000000002 2637866.1550000007 2.2477945000000004 1.0000000180025095e-35 1155460.9736725001 -0.0018684999999999997 1755733.1100000001 1.0290650000000003 1.0635350000000001 1.0775450000000002 -127115.21499999998 1.0854550000000003
decision_type=2 2 2 2 2 2 2 2 2 2 2 2 2 2
left_child=2 -2 3 9 5 -4 -6 8 -3 -1 -11 -12 -13 -14
right_child=1 7 4 -5 6 -7 -8 -9 -10 10 11 12 13 -15
leaf_value=-0.015190120345196191 0.017293119937063187 0.022240396481038101 0.0042356984832450893 -0.018020793288754951 -0.0011222253789749763 0.040874260147387889 0.0092550482093373444 0.0083085197270704146 -0.034202846464184103 0.042112283782650563 -0.025560962887723082 0.012802636862415106 0.017774516093095862 -0.035035777092757306
leaf_weight=745.60040821135044 39972.314716145396 309.92995434999466 410.93219135701656 1351.1070666834712 5554.6165731102228 437.3843709230423 4768.7177963033319 5053.9929440766573 461.50974103808403 450.07954443991184 644.39262452721596 1813.1168107390404 193.70923794806004 336.30969795584679
leaf_count=4288 80111 851 1861 8948 26379 1416 19413 17078 3149 1225 3461 6864 705 2076
internal_value=0.0122175 0.0158168 0.00234832 -0.00331317 0.00515569 0.0231874 0.00366894 0.00568024 -0.0114882 0.00143315 0.00505076 -0.000534853 0.00634282 -0.0156813
internal_weight=62503.7 45797.7 16706 5534.32 11171.7 848.317 10323.3 5825.43 771.44 4183.21 3437.61 2987.53 2343.14 530.019
internal_count=177825 101189 76636 27567 49069 3277 45792 21078 4000 18619 14331 13106 9645 2781
is_linear=0
shrinkage=0.03


Tree=40
num_leaves=15
num_cat=0
split_feature=3 19 77 77 6 88 10 35 48 12 13 19 65 31
split_gain=2340.76 694.718 306.488 459.857 395.106 326.263 334.876 521.565 413.615 296.678 404.058 361.035 357.078 329.548
threshold=1.1230350000000002 -4823543.9299999988 -1579940.3049999997 -6710077.0699999994 1.0771450000000002 -0.0082967549999999977 1.1018650000000003 1.0915750000000002 3014490.6250000005 46.355000000000011 0.0071945000000000004 -6561010.9649999989 1.0289200000000001 0.04376950000000001
decision_type=2 2 2 2 2 2 2 2 2 2 2 2 2 2
left_child=2 -2 3 9 -5 6 7 8 -6 11 -11 -1 -13 -14
right_child=1 -3 -4 4 5 -7 -8 -9 -10 10 -12 12 13 -15
leaf_value=-0.022517133193515299 0.016858149054368388 0.005826591423589809 0.0067984612340630853 -0.03314890126473112 -0.01522473522682544 -0.021957893634290619 -0.02058359613348875 0.040257378572236609 0.026855316592132625 -0.0028068087134003662 0.022568091757464121 -0.024513749485200097 -0.0045117524374196083 0.016313081735487723
leaf_weight=625.83912659436464 39792.720951393247 5911.1059320271015 7562.8310568481684 574.31676332652569 679.75571486353874 768.88461951166391 462.58598297834396 352.53451157361269 303.00025016069412 970.13196087628603 1343.6663791537285 386.38071196526289 1319.2818426042795 1414.5664951950312
leaf_count=3604 79764 21191 29273 4351 3925 5484 2800 1382 1505 4945 5140 2328 6442 5640
internal_value=0.0119151 0.0154322 0.00232401 -0.0013509 -0.0106669 -0.00561393 0.00136741 0.00900408 -0.00220614 0.003474 0.0119193 -0.00173611 0.00242831 0.00625463
internal_weight=62467.6 45703.8 16763.8 9200.94 3141.08 2566.76 1797.88 1335.29 982.756 6059.87 2313.8 3746.07 3120.23 2733.85
internal_count=177774 100955 76819 47546 19447 15096 9612 6812 5430 28099 10085 18014 14410 12082
is_linear=0
shrinkage=0.03


Tree=41
num_leaves=15
num_cat=0
split_feature=2 19 38 89 76 79 65 35 48 60 38 48 48 67
split_gain=2239.44 669.585 326.994 253.254 352.538 495.485 301.491 611.186 783.625 263.125 409.181 368.487 351.563 650.393
threshold=1.1233250000000001 -4923162.0299999993 1.1560250000000003 0.027572500000000003 34.145000000000003 1370658.0135685003 1.0113350000000001 1.0335350000000003 2038607.4700000002 0.076764000000000013 1.0515050000000004 2908938.1050000004 -467803.84999999992 1.0753650000000003
decision_type=2 2 2 2 2 2 2 2 2 2 2 2 2 2
left_child=3 -2 -3 6 -5 -6 -1 8 -8 11 -11 12 13 -9
right_child=1 2 -4 4 5 -7 7 9 -10 10 -12 -13 -14 -15
leaf_value=-0.020748238429165605 0.016796762982520957 0.0035377398223194042 0.014761927173567106 -0.029034082299918103 -0.0073069873578359354 0.024372422474842288 0.05875753489165874 -0.023785953095679446 -0.0037306549695968203 -0.0044871686522361398 0.045617938150913175 -0.0089150689709617589 0.010029478240505095 0.0045561849475501352
leaf_weight=430.09449198096991 35863.534471169114 5963.7130771130323 3850.3977119475603 480.94835694134235 2349.3049998283386 546.81807781755924 410.68175315856934 930.83063560724258 320.06644698232412 268.47787083685398 319.30471263080835 2194.7288608178496 5125.5909105688334 3339.481856867671
leaf_count=2690 71495 21294 8321 2948 12466 2261 887 4933 1656 1226 1014 13484 18923 14173
internal_value=0.0114576 0.0148959 0.00794547 0.00206026 -0.0052737 -0.00130888 0.00391949 0.00474521 0.0313791 0.00314217 0.022712 0.00214528 0.00473267 -0.00161885
internal_weight=62394 45677.6 9814.11 16716.3 3377.07 2896.12 13339.3 12909.2 730.748 12178.4 587.783 11590.6 9395.9 4270.31
internal_count=177771 101110 29615 76661 17675 14727 58986 56296 2543 53753 2240 51513 38029 19106
is_linear=0
shrinkage=0.03


Tree=42
num_leaves=15
num_cat=0
split_feature=2 19 45 82 68 83 83 83 79 77 61 38 77 38
split_gain=2076.64 687.971 301.483 389.84 264.507 333.963 262.722 333.368 280.81 281.606 421.164 288.076 383.71 337.04
threshold=1.1233250000000001 -4778987.4799999995 -0.0018684999999999997 0.069495000000000015 1.0863150000000001 3.6821470000000005 1.8890855000000002 2.2477945000000004 1155460.9736725001 -2543318.8749999995 1.5227580000000003 1.0765050000000003 -1061969.6349999998 1.1133450000000003
decision_type=2 2 2 2 2 2 2 2 2 2 2 2 2 2
left_child=6 -2 3 -3 -4 -6 -1 -8 9 10 -9 -11 -13 -14
right_child=1 2 4 -5 5 -7 7 8 -10 11 -12 12 13 -15
leaf_value=-0.0033486691026151883 0.015826896426541982 -0.030185084165712077 0.019556372447545753 0.013276710738514269 0.010282749599885064 -0.0080660356775878201 0.022627606123645415 0.0049370427844898966 0.0084811213554368374 -0.02356416060137578 -0.01832281809740037 0.026710531580168569 0.009796323722582715 -0.019067239057011874
leaf_weight=5474.0943289473653 39607.823533073068 460.10674913972616 1229.955367654562 309.14445516467094 2436.7164766788483 1406.1118359565735 858.25868643820286 1253.1360487639904 4809.306087307632 274.99516928195953 1582.4534652084112 743.92805598676205 1179.8757855594158 525.28036487102509
leaf_count=27467 79668 3051 2912 992 7656 6553 3269 6109 19412 1698 9130 2745 4284 2446
internal_value=0.0110848 0.014409 0.00479011 -0.0126853 0.00744802 0.00356067 0.00203632 0.00466463 0.00317287 -0.00141426 -0.00803486 0.00546676 0.00874703 0.000881237
internal_weight=62151.2 45449.9 5842.03 769.251 5072.78 3842.83 16701.3 11227.2 10369 5559.67 2835.59 2724.08 2449.08 1705.16
internal_count=177392 100832 21164 4043 17121 14209 76560 49093 45824 26412 15239 11173 9475 6730
is_linear=0
shrinkage=0.03


Tree=43
num_leaves=15
num_cat=0
split_feature=13 9 77 48 70 45 63 68 31 19 82 19 19 42
split_gain=1992.92 623.89 297.609 273.253 325.897 267.219 322.074 254.193 360.021 272.193 479.475 361.245 338.583 263.974
threshold=0.00072650000000000004 1.0499050000000001 -1761429.8799999997 -945707.12999999989 35.735000000000007 -0.0016474999999999999 1.1572150000000001 1.0872050000000002 0.0048255000000000008 -2789545.8849999993 0.0083050000000000016 -5444149.9999999991 -762307.82499999984 0.0076755000000000009
decision_type=2 2 2 2 2 2 2 2 2 2 2 2 2 2
left_child=1 -1 3 4 -3 6 -2 9 13 10 11 -7 -11 -9
right_child=5 2 -4 -5 -6 7 -8 8 -10 12 -12 -13 -14 -15
leaf_value=-0.01464813917932015 -0.0013012221356977691 0.032088289860588655 0.016419689954430182 -0.012722226547887757 0.010111228806667441 0.0095815699084419465 0.035613377233639207 0.0048877526524134874 -0.0050264794404817122 0.030819490265502538 0.014933952042985034 -0.033586535349400974 -0.0011423542550553375 0.026115277588049421
leaf_weight=647.83642882853746 9708.164389513433 651.00624419748783 31716.73655487597 433.30335759371519 9228.5241245180368 309.26588403433561 216.45913399755955 2224.7114807665348 2861.2906565666199 1121.0114506334066 1639.9027741625905 395.76836086064577 403.78868946433067 692.55135977268219
leaf_count=4159 46216 1349 64342 2272 20825 1039 512 7696 14381 2721 5881 2802 1655 1629
internal_value=0.0108922 0.0145275 0.0149782 0.010541 0.0115655 0.00296383 -0.000489574 0.00651894 0.0025268 0.0124703 0.00603252 -0.0146214 0.0223407 0.00994462
internal_weight=62250.3 42677.4 42029.6 10312.8 9879.53 19572.9 9924.62 9648.29 5778.55 3869.74 2344.94 705.034 1524.8 2917.26
internal_count=177479 92947 88788 24446 22174 84532 46728 37804 23706 14098 9722 3841 4376 9325
is_linear=0
shrinkage=0.03


Tree=44
num_leaves=15
num_cat=0
split_feature=3 19 67 68 42 77 35 48 19 31 48 68 19 67
split_gain=1858.16 555.991 269.305 359.825 325.61 246.759 373.246 297.738 251.452 310.828 239.105 384.884 373.118 416.092
threshold=1.1230350000000002 -4778987.4799999995 1.1816400000000002 1.0898350000000001 0.0059785000000000003 69477.205000000016 1.1128050000000003 -1195724.5849999997 -4145950.1449999996 0.0063605000000000007 2637866.1550000007 1.0538350000000003 -3693081.9949999996 1.0960350000000003
decision_type=2 2 2 2 2 2 2 2 2 2 2 2 2 2
left_child=5 -2 3 -3 -4 7 8 -1 -7 -10 11 -9 13 -12
right_child=1 2 4 -5 -6 6 -8 10 9 -11 12 -13 -14 -15
leaf_value=-0.025534715253391582 0.014917046548504936 0.012216310076435106 0.0023486428423102777 -0.00403138109370689 0.041593559145614717 0.039920057207815843 -0.015899599077532127 -0.02479604473238126 0.017859530187238053 -0.0099925168695042012 -0.014033627638695402 0.0046125839738839899 0.022332465982136854 0.015745353122288811
leaf_weight=386.96726648509502 39688.081632465124 2052.4040321782231 390.37062267959118 3042.7633512020111 373.65157130360603 316.12267398834229 411.49417810887098 416.25146610289812 1471.4024923443794 475.36719961464405 2580.0243669450283 9849.4728195294738 378.93406301736832 503.14861418306828
leaf_count=2300 80073 6085 1277 12920 763 772 1835 2796 4295 2105 16471 42786 1422 2085
internal_value=0.0104984 0.0136431 0.00500781 0.00250864 0.0216102 0.00196498 0.010319 0.000379365 0.0151049 0.0110415 0.00111384 0.00341491 -0.00569958 -0.00916068
internal_weight=62336.5 45547.3 5859.19 5095.17 764.022 16789.2 2674.39 14114.8 2262.89 1946.77 13727.8 10265.7 3462.11 3083.17
internal_count=177985 101118 21045 19005 2040 76867 9007 67860 7172 6400 65560 45582 19978 18556
is_linear=0
shrinkage=0.03


Tree=45
num_leaves=15
num_cat=0
split_feature=13 9 48 77 77 71 64 72 61 70 68 68 64 63
split_gain=1871.54 560.489 235.597 231.901 210.332 186.985 249.131 246.6 189.603 250.115 437.04 366.532 311.998 302.368
threshold=0.00069350000000000011 1.0499050000000001 -2921924.4599999995 -1761429.8799999997 852617.58500000008 0.0020825000000000006 1.1211050000000002 0.63794350000000011 1.6676630000000003 36.375000000000007 1.0646750000000003 1.0778050000000003 1.0830150000000003 1.0546000000000002
decision_type=2 2 2 2 2 2 2 2 2 2 2 2 2 2
left_child=1 -1 -2 -3 5 6 7 -4 9 10 -7 -12 -13 -11
right_child=2 3 4 -5 -6 8 -8 -9 -10 13 11 12 -14 -15
leaf_value=-0.014581024918393934 0.015189991527857312 0.01021571293820382 -0.018812463939803882 0.015448103476901367 0.025576630414077362 0.043917852161004994 0.014268462415966333 0.019353371062519116 -0.0012417453157432875 -0.013823251153365735 -0.027756701992064887 0.045656891912115728 0.005319136002940982 0.0050635998877456663
leaf_weight=617.44407498836517 1256.7076693177223 10133.610829740763 1187.6114563345909 31398.958572730422 327.41019128262997 383.88756634294987 354.01719698309898 173.18896929174662 7465.7400211468339 856.16471969336271 219.98894116282463 227.7244316637516 713.66874454170465 6895.7636335194111
leaf_count=4029 2733 23883 7201 63871 696 1095 1136 672 34144 4518 1182 751 3399 28499
internal_value=0.0101603 0.0137502 0.00261607 0.0141724 0.00177342 0.00134866 -0.00808012 -0.0139224 0.00231542 0.00517492 0.0161963 0.00697735 0.0151468 0.00297225
internal_weight=62211.9 42150 20061.9 41532.6 18805.2 18477.8 1714.82 1360.8 16762.9 9297.2 1545.27 1161.38 941.393 7751.93
internal_count=177809 91783 86026 87754 83293 82597 9009 7873 73588 39444 6427 5332 4150 33017
is_linear=0
shrinkage=0.03


Tree=46
num_leaves=15
num_cat=0
split_feature=2 19 45 48 48 8 38 1 83 48 71 67 68 19
split_gain=1596.05 579.294 260.588 617.235 301.302 443.121 345.22 248.172 234.202 336.656 283.04 329.8 443.508 311.13
threshold=1.1233250000000001 -4841450.8699999992 -0.0018684999999999997 1755733.1100000001 171096.96000000005 1.1683350000000001 1.0995350000000002 1.1838250000000003 1.8890855000000002 2637866.1550000007 0.0026775000000000006 1.0630350000000002 1.0775450000000002 -6965917.2599999988
decision_type=2 2 2 2 2 2 2 2 2 2 2 2 2 2
left_child=8 -2 3 -3 5 6 -4 -7 9 10 11 -1 -13 -12
right_child=1 2 4 -5 -6 7 -8 -9 -10 -11 13 12 -14 -15
leaf_value=0.038145497975462454 0.01418178890941783 0.01969255116552765 0.014932633809641677 -0.034493418596726631 0.021211378189008329 0.016698920337275137 -0.01895059646811334 -0.0010314067495545459 0.0044590093752734355 -0.016334441645689621 0.021456139829503371 -0.028715374404272347 0.011902691912716225 -0.010388203266313909
leaf_weight=306.67648646980524 39009.012668207288 322.72429890930653 359.45236993581057 453.16402560472488 1034.6347993761301 1826.8767380863428 1077.7174598574638 1157.0819333195686 11238.345046795905 1314.3886154070497 319.25105737894773 297.88104011118412 1265.0477775037289 1986.8523861095309
leaf_count=931 78849 881 1206 3174 2866 4232 6387 3210 48904 8947 1297 1760 4717 9947
internal_value=0.00989691 0.0128246 0.00432333 -0.0119203 0.00664066 0.00322001 -0.0104507 0.00981558 0.00197704 -0.00309804 0.00106412 0.00974196 0.00412864 -0.00595936
internal_weight=61969.1 45240.7 6231.65 775.888 5455.76 4421.13 1437.17 2983.96 16728.4 5490.1 4175.71 1869.61 1562.93 2306.1
internal_count=177308 100805 21956 4055 17901 15035 7593 7442 76503 27599 18652 7408 6477 11244
is_linear=0
shrinkage=0.03


Tree=47
num_leaves=15
num_cat=0
split_feature=13 3 77 48 48 90 77 6 19 21 77 10 71 10
split_gain=1641.22 473.555 226.812 221.021 190.995 511.544 190.777 196.016 391.219 309.408 214.293 293.958 203.424 258.376
threshold=0.00069350000000000011 1.0492250000000003 -1761429.8799999997 -2921924.4599999995 1755733.1100000001 1.337833 852617.58500000008 1.0420850000000002 -6273833.044999999 30575.567118500003 -26425777.549999993 1.0286950000000001 0.0020825000000000006 1.0984450000000001
decision_type=2 2 2 2 2 2 2 2 2 2 2 2 2 2
left_child=1 -1 -3 -2 -4 -6 7 9 -9 -5 -11 -12 13 -10
right_child=3 2 4 6 5 -7 -8 8 12 10 11 -13 -14 -15
leaf_value=-0.012468433913670585 0.01470788911801249 0.0093787436519234442 0.014947527347539626 0.034094742881114186 0.024918792991745146 -0.024383645764736617 0.024140735822440154 -0.026737597333095407 -0.024004795485167804 0.022559178997853254 0.010744088592192986 -0.016485777227659686 0.0020166665334024458 0.0010070153675319493
leaf_weight=649.25993751734495 1244.8389185070992 10022.544934853911 30467.353961735964 381.78877383470535 369.0153449550271 386.99669849872589 332.67413556575775 474.08194464445114 640.60935946553946 449.9190069437027 817.35075475275517 631.3745671659708 14156.93022544682 878.29746641218662
leaf_count=4265 2690 23522 61178 1328 926 1637 706 2882 4131 1621 3796 3423 61203 4055
internal_value=0.00953911 0.0129149 0.0133155 0.00246853 0.0145779 -0.000277985 0.00165417 0.00124536 8.06789e-05 0.0094768 0.00449537 -0.00110556 0.000895307 -0.009531
internal_weight=61903 41895.2 41245.9 20007.9 31223.4 756.012 18763 18430.4 16149.9 2280.43 1898.64 1448.73 15675.8 1518.91
internal_count=177363 91528 87263 85835 63741 2563 83145 82439 72271 10168 8840 7219 69389 8186
is_linear=0
shrinkage=0.03


Tree=48
num_leaves=15
num_cat=0
split_feature=13 3 77 48 6 19 13 34 45 77 64 48 88 48
split_gain=1527.2 443.647 230.734 212.153 232.323 429.773 347.593 283.472 262.086 219.254 217.701 198.802 599.639 460.721
threshold=0.00070950000000000017 1.0492250000000003 -1761429.8799999997 -2921924.4599999995 1.0420850000000002 -6273833.044999999 0.0013875000000000001 1.0293550000000002 -0.011165 268996.84500000003 1.0892550000000003 2630672.3900000001 -0.0024829099999999992 2469433.0550000002
decision_type=2 2 2 2 2 2 2 2 2 2 2 2 2 2
left_child=1 -1 -3 -2 6 -6 -5 8 -8 11 -11 13 -13 -7
right_child=3 2 -4 4 5 9 7 -9 -10 10 -12 12 -14 -15
leaf_value=-0.01167384805211653 0.015053501840691329 0.0092441298169673846 0.014458411471149386 -0.020823644700706096 -0.027935537227341423 0.00053427835297472769 -0.0067796463030276571 0.031267140758132403 0.019481559394160065 0.027261473704818833 0.0031349477611285394 0.0039422850951066433 -0.024224114842747686 0.024021446953182646
leaf_weight=654.13922373205423 1180.625244140625 10146.249744221568 31471.368029214442 273.08192767947912 457.87011177092791 10841.36180061847 634.39160439372063 661.32175646722317 737.1578608751297 562.60587844252586 844.63673584163189 1811.7669737488031 1086.7091964334249 806.92811214923859
leaf_count=4319 2539 23821 64171 1592 2852 45700 3404 2223 2904 1369 3186 9203 7800 2650
internal_value=0.00957633 0.0128025 0.0131882 0.00272102 0.00194079 0.000685746 0.010856 0.0151345 0.00731685 0.00151074 0.0128144 0.000414366 -0.00661235 0.00216584
internal_weight=62170.2 42271.8 41617.6 19898.5 18717.8 16411.9 2305.95 2032.87 1371.55 15954 1407.24 14546.8 2898.48 11648.3
internal_count=177733 92311 87992 85422 82883 72760 10123 8531 6308 69908 4555 65353 17003 48350
is_linear=0
shrinkage=0.03


Tree=49
num_leaves=15
num_cat=0
split_feature=10 19 19 42 48 6 48 41 68 67 68 10 0 0
split_gain=1455.57 548.697 405.69 286.225 227.322 417.109 395.188 426.288 318.836 528.459 416.603 1230.87 463.128 308.106
threshold=1.1209850000000003 -3908735.8099999996 -2933759.7049999996 0.0011835000000000003 1357862.9500000004 1.1119250000000003 1588345.7750000001 44.595000000000006 1.0538350000000003 1.0602550000000002 1.0775450000000002 1.0814950000000001 1.0321150000000003 1.0822950000000002
decision_type=2 2 2 2 2 2 2 2 2 2 2 2 2 2
left_child=4 -2 3 -3 8 6 -6 -8 -1 -10 12 -12 -11 -13
right_child=1 2 -4 -5 5 -7 7 -9 9 10 11 13 -14 -15
leaf_value=-0.023958926689858998 0.012941124679719798 0.013000180202588802 0.0063944688532528169 -0.025942398419595145 -0.030165519222156257 -0.030190211858335619 -0.023288507243487123 0.0046683925801330002 0.026364765056775749 0.0047990954124900054 0.032414063763483825 -0.021050438055727545 -0.026943507063544252 0.0021237847531501691
leaf_weight=354.63580694794655 41974.841741994023 226.54325094819069 4050.1036728024483 661.94226068258286 388.8982118666172 488.25507191568613 557.24041540175676 4059.8470556885004 933.83531115949154 832.97363163530827 1274.2599808126688 577.51647020876408 817.73656183481216 4799.409487247467
leaf_count=2421 88420 744 14732 3879 2522 2761 3426 20048 2990 3880 3919 2883 4577 20255
internal_value=0.00922153 0.0118281 0.00236142 -0.0159758 0.00111278 -0.00374964 -0.00115927 0.00128344 0.00390165 0.00497717 0.00256489 0.00591586 -0.0109143 -0.000363149
internal_weight=61998 46913.4 4938.59 888.486 15084.6 5494.24 5005.99 4617.09 9590.37 9235.73 8301.9 6651.19 1650.71 5376.93
internal_count=177457 107775 19355 4623 69682 28757 25996 23474 40925 38504 35514 27057 8457 23138
is_linear=0
shrinkage=0.03


Tree=50
num_leaves=15
num_cat=0
split_feature=13 3 19 48 83 83 19 41 60 48 60 48 6 1
split_gain=1438.1 410.482 228.514 213.84 505.173 344.358 305.554 305.208 422.026 278.19 365.353 440.879 402.421 397.6
threshold=0.00069350000000000011 1.0492250000000003 84525.860000000015 2630672.3900000001 1.9435550000000001 2.2105850000000005 -5060656.0749999983 48.085000000000008 0.057886500000000007 2469433.0550000002 0.039417000000000008 1978281.03 1.1464650000000003 1.0372150000000002
decision_type=2 2 2 2 2 2 2 2 2 2 2 2 2 2
left_child=1 -1 3 9 -5 -6 -7 8 -8 10 11 13 -13 -2
right_child=2 -3 -4 4 5 6 7 -9 -10 -11 -12 12 -14 -15
leaf_value=-0.011831461911673374 0.023607048601529498 0.012323909126011856 -0.0091343128964154127 -0.020197097981017657 0.031949309959854066 -0.030352983414850838 -0.0042491072404694788 -0.010867210431728194 0.032006937906676636 0.021551216450255185 -0.0073752114200499831 -0.035747188762570714 0.0027519410149726394 0.0054930467893114614
leaf_weight=640.99456975609064 1230.6198950111866 41303.432793751359 1482.968478128314 1118.4102353230119 342.08487260341644 267.51563741266727 585.47724667191505 763.21039950102568 566.70642679929733 830.76575283706188 2254.7670767977834 416.31767095625401 586.14491870254278 9642.7169480845332
leaf_count=4279 4287 87644 7653 8274 1331 1804 2865 3891 1996 2716 11081 2410 2716 35122
internal_value=0.00879259 0.0119538 0.00219008 0.00309479 -0.00341731 0.00400823 -0.000369313 0.00381639 0.0135699 0.00468276 0.00368745 0.0057908 -0.0132263 0.00754789
internal_weight=62032.1 41944.4 20087.7 18604.7 3643.4 2524.99 2182.91 1915.39 1152.18 14961.3 14130.6 11875.8 1002.46 10873.3
internal_count=178069 91923 86146 78493 20161 11887 10556 8752 4861 58332 55616 44535 5126 39409
is_linear=0
shrinkage=0.03


Tree=51
num_leaves=15
num_cat=0
split_feature=10 19 19 2 38 19 60 77 48 46 70 67 64 77
split_gain=1154.94 491.788 282.416 326.005 407.956 411.829 263.858 263.194 285.742 455.292 269.916 218.334 192.151 187.848
threshold=1.1209850000000003 -4715520.2849999992 -4247433.2999999998 1.1154150000000003 1.1560250000000003 -2933759.7049999996 0.00060050000000000001 -5141497.4549999991 -1613332.7799999998 4.6951500000000008 63.295000000000009 1.0930500000000001 1.0365250000000004 -3963823.6899999995
decision_type=2 2 2 2 2 2 2 2 2 2 2 2 2 2
left_child=12 -2 11 -4 5 6 -5 -7 9 -9 13 -3 -1 -10
right_child=1 2 3 4 -6 7 -8 8 10 -11 -12 -13 -14 -15
leaf_value=-0.018545525732807305 0.012209265959011289 -0.034523467155127371 0.023882051187108896 0.007096875944175368 0.023008738240838544 0.021563146942222441 -0.023913783040337484 -0.027931935942327145 0.02899853459005584 0.015329183659650891 -0.015725361364699125 0.0022403221538757705 0.0019355056270276105 0.0063191804749806006
leaf_weight=422.96878656744957 39532.86454308778 294.05757614970207 759.04653202742338 339.77589428424835 787.70810481905937 682.33135631680489 886.47093398869038 617.96002803742886 444.03973370790482 337.01992817223072 378.83603553473949 283.55692526698112 14693.966771289706 1281.6302175521851
leaf_count=2769 81288 1849 2247 1199 1662 1470 4608 3437 1527 843 2150 1010 67032 4510
internal_value=0.00856757 0.0109039 0.00362315 0.00540984 0.00296486 -0.000211134 -0.0152979 0.00472778 0.000957505 -0.0126333 0.00714204 -0.0164512 0.00135928 0.0121857
internal_weight=61742.2 46625.3 7092.43 6514.82 5755.77 4968.06 1226.25 3741.82 3059.49 954.98 2104.51 577.615 15116.9 1725.67
internal_count=177601 107800 26512 23653 21406 19744 5807 13937 12467 4280 8187 2859 69801 6037
is_linear=0
shrinkage=0.03


Tree=52
num_leaves=15
num_cat=0
split_feature=13 6 77 19 82 68 38 60 72 68 88 35 77 19
split_gain=1244.34 361.276 212.914 212.214 264.649 334.069 258.123 232.052 208.151 374.2 188.476 364.564 260.577 212.017
threshold=0.00069350000000000011 1.0491450000000002 -1761429.8799999997 38254.975000000013 0.053335000000000007 1.0895350000000004 1.0954750000000002 0.0012995000000000001 -0.16018699999999997 1.0650250000000001 -0.076585289999999986 0.99816500000000008 -18780185.814999998 -3007826.9949999996
decision_type=2 2 2 2 2 2 2 2 2 2 2 2 2 2
left_child=1 8 -3 10 5 6 -5 -7 -1 -10 11 -2 -13 -12
right_child=3 2 -4 4 -6 7 -8 -9 9 -11 13 12 -14 -15
leaf_value=-0.029659568464749469 0.016795683030470663 0.0079078437351843157 0.01293831037268961 0.029818351813700045 0.021223189392733679 0.0046576070078380785 -0.012952087980217884 -0.030510864029909303 -0.02365641344612485 0.039255797331704936 0.00089316592168727849 0.0052976205240671242 -0.024001114048637015 0.0076722896440083168
leaf_weight=291.89244144409895 450.65806302428246 10072.60354860127 31040.961002059281 239.07050634920597 241.79808109998703 214.57531017065048 267.68176086246967 763.80109618604183 186.8502255231142 154.32377849519253 8555.4010258987546 399.31773512065411 851.73621393740177 8087.4998942092061
leaf_count=2027 1815 23665 63771 710 1113 1043 1432 4470 1451 773 37918 1821 5038 30581
internal_value=0.00840868 0.0113601 0.0117068 0.00226829 -0.00777765 -0.0125307 0.00718562 -0.0227703 -0.0110928 0.00474465 0.00321601 -0.00628408 -0.0146287 0.0041895
internal_weight=61818.2 41746.6 41113.6 20071.5 1726.93 1485.13 506.752 978.376 633.066 341.174 18344.6 1701.71 1251.05 16642.9
internal_count=177628 91687 87436 85941 8768 7655 2142 5513 4251 2224 77173 8674 6859 68499
is_linear=0
shrinkage=0.03


Tree=53
num_leaves=15
num_cat=0
split_feature=13 0 19 19 65 90 19 19 31 19 89 75 48 48
split_gain=1133.63 370.487 208.334 310.157 195.253 186.687 168.348 485.443 344.22 448.194 260.718 293.384 237.486 293.627
threshold=0.00069350000000000011 1.0494650000000003 -4034177.6199999996 -2735793.7099999995 1.0113350000000001 0.32302900000000007 -4247433.2999999998 -4715520.2849999992 0.036663000000000008 -1371386.6949999998 0.0069565000000000009 -0.37124999999999991 2886977.9750000006 171096.96000000005
decision_type=2 2 2 2 2 2 2 2 2 2 2 2 2 2
left_child=1 -1 -3 -4 -2 -6 7 10 12 -10 11 -7 13 -8
right_child=4 2 3 -5 5 6 8 -9 9 -11 -12 -13 -14 -15
leaf_value=-0.011792623791125204 -0.017737295380438448 0.01188667691298576 -0.016529677155315177 0.0091196559584019281 0.021962173848837342 0.044772905915845956 -0.00089954629553676659 -0.018149759109896538 0.020801724341645029 -0.020465002526898306 0 0.0014551406760530217 -0.019164011999488813 0.0092345926175454278
leaf_weight=628.45018115639687 424.54926607757807 38873.030243128538 575.04120736569166 1606.7591245174408 446.30340905487537 263.88676004856825 6627.0710716694593 1287.8683907687664 1812.5320490971208 270.92128244042397 4046.065199509263 303.50801790505648 450.77397155016661 4200.5045272186399
leaf_count=4270 2645 80234 2327 4872 1427 747 29456 7509 6374 1429 16742 1701 2831 15232
internal_value=0.0082062 0.0110298 0.0113802 0.00234123 0.00235869 0.00279397 0.00234719 -0.00186913 0.00421161 0.015414 0.00267213 0.0216977 0.00213834 0.00302966
internal_weight=61817.3 41683.3 41054.8 2181.8 20134 19709.4 19263.1 5901.33 13361.8 2083.45 4613.46 567.395 11278.3 10827.6
internal_count=177796 91703 87433 7199 86093 83448 82021 26699 55322 7803 19190 2448 47519 44688
is_linear=0
shrinkage=0.03


Tree=54
num_leaves=15
num_cat=0
split_feature=13 3 72 68 77 77 6 70 77 2 61 40 68 35
split_gain=1137.17 330.372 206.576 386.373 201.157 190.909 233.561 441.511 260.427 235.611 281.403 234.279 221.072 197.669
threshold=0.00069350000000000011 1.0492250000000003 -0.16018699999999997 1.0653850000000002 -1761429.8799999997 268996.84500000003 1.1464650000000003 43.095000000000006 -820042.82499999984 1.1311350000000002 1.9724815000000002 1.1065050000000003 1.0989650000000002 1.0919550000000002
decision_type=2 2 2 2 2 2 2 2 2 2 2 2 2 2
left_child=1 2 -1 -4 -3 6 7 9 -8 10 13 -9 -13 -2
right_child=5 4 3 -5 -6 -7 8 11 -10 -11 -12 12 -14 -15
leaf_value=-0.029627283571948531 0.0026974358098331426 0.0073995937054054913 -0.024530810707948041 0.039414043365848091 0.012294243903470775 0.011564871930178838 0.0050199800793448912 -0.0178781705890835 0.031839574230513805 0.033571415729795218 -0.0073774643336015676 0.0019465029785581494 -0.017213176821571242 0.015902988759471604
leaf_weight=285.40862388163805 6051.5502351075411 10060.103133782744 183.27560196816921 156.69653158634901 30895.927040785551 1740.4306243658066 4052.2475424930453 1589.5981040745974 354.13467361778021 218.31245283782482 2167.0930837318301 1955.0789081603289 747.7515836879611 1228.6216254904866
leaf_count=2046 28803 23679 1466 764 63675 5275 12294 9523 898 558 11141 8192 4280 5016
internal_value=0.00792963 0.010762 -0.0108408 0.00488318 0.0110929 0.00206979 0.0011677 -0.000731373 0.00718897 0.00282195 0.00210472 -0.00873844 -0.00334743 0.00493204
internal_weight=61686.2 41581.4 625.381 339.972 40956 20104.8 18364.4 13958 4406.38 9665.58 9447.26 4292.43 2702.83 7280.17
internal_count=177610 91630 4276 2230 87354 85980 80705 67513 13192 45518 44960 21995 12472 33819
is_linear=0
shrinkage=0.03


Tree=55
num_leaves=15
num_cat=0
split_feature=13 9 77 65 19 39 68 43 50 77 63 89 19 45
split_gain=1006.8 338.495 200.943 181.32 171.655 257.89 327.774 339.565 219.305 184.94 183.907 276.46 232.967 239.797
threshold=0.00069350000000000011 1.0499050000000001 -1761429.8799999997 1.0113350000000001 38254.975000000013 1.0948250000000002 1.0895350000000004 -0.18100949999999996 1195341.4364225001 852617.58500000008 1.0329250000000003 0.010782500000000002 -6273833.044999999 -0.028711999999999998
decision_type=2 2 2 2 2 2 2 2 2 2 2 2 2 2
left_child=1 -1 -3 -2 9 6 -6 -8 -7 10 11 -5 -12 -14
right_child=3 2 -4 4 5 8 7 -9 -10 -11 12 -13 13 -15
leaf_value=-0.012678745501185737 -0.017475842496479602 0.0068864027889117959 0.011785963773637531 0.036585107508268488 0.033362271040069946 -0.026156578547372931 0.024701141920872294 -0.023597551075383989 0.0079440114481228417 0.020202521263730261 -0.014139959459748452 -0.0010923257578277226 0.016099995939191945 0.001915233265545085
leaf_weight=568.89351189881563 416.72957506030798 10027.414117753506 30790.449617415667 351.74870050698519 260.19628144800663 677.02210156619549 197.61693152785301 382.47285859286785 224.26977640390396 568.10497581958771 750.37559922039509 345.27356401085854 1156.7903699353337 14750.339902028441
leaf_count=3936 2638 23876 63683 1033 712 4005 832 2197 1071 1136 4264 1291 4625 62179
internal_value=0.00758792 0.0102625 0.0105833 0.00207393 0.00249063 -0.00649271 0.00543352 -0.007078 -0.0176386 0.00336554 0.00281152 0.0179036 0.00217716 0.0029496
internal_weight=61467.7 41386.8 40817.9 20080.9 19664.2 1741.58 840.286 580.09 901.292 17922.6 17354.5 697.022 16657.5 15907.1
internal_count=177478 91495 87559 85983 83345 8817 3741 3029 5076 74528 73392 2324 71068 66804
is_linear=0
shrinkage=0.03


Tree=56
num_leaves=15
num_cat=0
split_feature=31 48 7 38 10 6 34 65 42 48 77 19 77 34
split_gain=987.298 634.191 446.624 598.3 361.524 320.578 383.884 307.951 277.694 238.773 454.414 390.685 441.639 386.254
threshold=0.0031685000000000003 1755733.1100000001 1.1078250000000003 1.1019950000000003 1.0138450000000001 1.0420850000000002 1.0293550000000002 1.0289200000000001 0.0062445000000000009 -457508.84499999991 -18780185.814999998 -6273833.044999999 -11153859.089999998 1.0909450000000003
decision_type=2 2 2 2 2 2 2 2 2 2 2 2 2 2
left_child=1 4 3 -3 -1 6 8 -7 -2 -9 -11 -12 -13 -14
right_child=5 2 -4 -5 -6 7 -8 9 -10 10 11 12 13 -15
leaf_value=-0.016489939289264073 0.016622214964204768 -0.016502309382887159 -0.035438494501996529 0.022495746060998596 0.010477676171419946 -0.035662907335802907 0.033251863965921474 -0.0066675290447759644 -0.013098856696612989 0.029702994418279938 -0.033702849785800362 0.035923498926878475 -0.0092922528552801757 0.0053242725345412287
leaf_weight=450.16549199074507 604.89615425467491 829.12796780467033 406.22684583812952 616.36319883167744 45127.330207660794 227.85361355543137 551.95913341641426 3894.6749798581004 529.16614686697721 511.26187813282013 287.8406248241663 326.46036450564861 2478.1540156975389 4732.954366452992
leaf_count=3007 2295 4966 2201 1569 100146 1520 1677 18889 2980 1545 1920 1081 14455 19455
internal_value=0.00743621 0.00951077 -0.00768735 0.000109933 0.0102103 0.000477866 0.0127525 -0.00118166 0.00272828 -0.000534003 0.00232828 0.000532391 0.00184802 0.000296437
internal_weight=61574.4 47429.2 1851.72 1445.49 45577.5 14145.2 1686.02 12459.2 1134.06 12231.3 8336.67 7825.41 7537.57 7211.11
internal_count=177706 111889 8736 6535 103153 65817 6952 58865 5275 57345 38456 36911 34991 33910
is_linear=0
shrinkage=0.03


Tree=57
num_leaves=15
num_cat=0
split_feature=10 77 48 70 60 67 35 48 45 48 60 10 67 68
split_gain=950.264 358.01 316.327 325.943 278.923 208.351 203.048 190.246 372.311 282.026 316.707 343.606 428.365 576.176
threshold=1.1209850000000003 -4119874.5449999995 -2600218.0999999996 35.735000000000007 0.0010265000000000003 1.1761850000000003 1.1234850000000003 2637866.1550000007 -0.029537499999999998 2582414.4250000003 0.047577500000000009 1.0814950000000001 1.0753650000000003 1.0700850000000002
decision_type=2 2 2 2 2 2 2 2 2 2 2 2 2 2
left_child=6 2 5 -4 -5 -2 7 9 -9 10 11 12 13 -1
right_child=1 -3 3 4 -6 -7 -8 8 -10 -11 -12 -13 -14 -15
leaf_value=0.014823083805923279 0.0056611450570264689 0.010670880003544691 0.027315457745715109 -0.027025144249571902 -0.0024592053724435325 0.021370769249565855 -0.024405174344908128 0.01924252830595367 -0.0093301637874277608 0.024294908659579624 -0.0083401782070984393 0.00028530912401904338 0.025486743264122442 -0.023744672441599383
leaf_weight=1081.1391493305564 5454.0449887663126 36992.894665509462 270.18271609395742 514.5251861512661 2174.5548149123788 884.68780040740967 284.00139185041189 478.63179779052734 2827.3484605178237 532.2363512814045 2160.0508884191513 5865.4073533043265 1324.9584252685308 513.10142448544502
leaf_count=4008 12886 82221 823 1934 8148 1704 1411 1920 16954 1708 11677 24860 4242 2864
internal_value=0.00721771 0.00934769 0.00407945 -0.0040114 -0.00717907 0.00786147 0.000671483 0.00115689 -0.00517984 0.00298513 0.00194397 0.00447682 0.0128854 0.00238426
internal_weight=61357.8 46290.9 9298 2959.26 2689.08 6338.73 15066.9 14782.9 3305.98 11476.9 10944.7 8784.61 2919.2 1594.24
internal_count=177360 107716 25495 10905 10082 14590 69644 68233 18874 49359 47651 35974 11114 6872
is_linear=0
shrinkage=0.03


Tree=58
num_leaves=15
num_cat=0
split_feature=10 19 19 67 3 38 19 61 77 39 82 77 5 19
split_gain=861.068 359.224 237.504 242.637 236.751 308.99 389.263 375.442 255.769 199.431 299.161 198.436 197.05 208.496
threshold=1.1172850000000001 -4715520.2849999992 -4247433.2999999998 1.0930500000000001 1.1172250000000001 1.1560250000000003 -2933759.7049999996 0.59440300000000013 -5141497.4549999991 1.0983250000000002 0.070375000000000007 -3264559.0349999997 1.1736650000000002 -5558317.459999999
decision_type=2 2 2 2 2 2 2 2 2 2 2 2 2 2
left_child=-1 12 3 -3 -4 6 7 -6 -8 -10 11 -11 -2 -14
right_child=1 2 4 -5 5 -7 8 -9 9 10 -12 -13 13 -15
leaf_value=0.00065776961985296398 0.013310908385564459 -0.032532888269198063 0.018175548959699934 0.0045952097582350861 0.014022787860263525 0.019965598692280852 0.020860440535614967 -0.024255116893317771 0.020390618482853076 -0.020149371436935133 0.0096218778928200566 0.00069243406346814352 -0.009316792667645098 0.0091053797949001494
leaf_weight=14594.252751812339 12308.20697017014 326.35218698531389 992.08379331976175 304.15862199664116 303.33073794096708 776.13908524811268 692.47430442273617 943.31640549749136 405.53789721429348 868.8651707097888 1150.0957105755806 774.4070765003562 562.4088312536478 26309.189003825188
leaf_count=67576 25027 2107 3138 1092 1003 1659 1466 4916 1189 4584 3897 3335 1466 55067
internal_value=0.00702091 0.00900806 0.00300389 -0.0145959 0.0046169 0.00233472 -0.000326096 -0.0149136 0.0043421 0.000751567 -0.00209515 -0.0103148 0.0101622 0.00871836
internal_weight=61310.8 46716.6 7536.76 630.511 6906.25 5914.17 5138.03 1246.65 3891.38 3198.91 2793.37 1643.27 39179.8 26871.6
internal_count=177522 109946 28386 3199 25187 22049 20390 5919 14471 13005 11816 7919 81560 56533
is_linear=0
shrinkage=0.03


Tree=59
num_leaves=15
num_cat=0
split_feature=31 5 6 34 65 48 7 9 42 72 19 2 48 10
split_gain=864.09 545.688 347.133 346.246 277.25 259.444 594.702 397.697 230.177 216.601 210.806 305.501 375.873 311.179
threshold=0.0031685000000000003 1.0588350000000002 1.0420850000000002 1.0293550000000002 1.0289200000000001 1755733.1100000001 1.1078250000000003 1.0992250000000003 0.0062445000000000009 0.61559350000000013 -6273833.044999999 1.0349450000000002 2637866.1550000007 1.0701850000000002
decision_type=2 2 2 2 2 2 2 2 2 2 2 2 2 2
left_child=1 -1 3 8 -4 9 7 -7 -2 -3 -6 12 13 -12
right_child=2 5 4 -5 10 6 -8 -9 -10 -11 11 -13 -14 -15
leaf_value=-0.0090630615109383791 0.015943153374536469 0.01062049586411605 -0.035251982001495812 0.032065571341465454 -0.023715773577830477 -0.01006307064786924 -0.034515220481439679 0.029863029223761682 -0.011228848636474961 0.0048063890552066989 0.0021639952297245486 -0.0018699140408149524 -0.016371135452856064 0.035865662528181186
leaf_weight=1495.1603657454252 604.50826525688171 37572.716049060225 213.57955902814865 569.71304019540548 351.31079735606909 453.54604817926884 395.31506617367268 441.53217340260744 520.98270951211452 6839.412766829133 420.65383361279964 10533.621096313 293.54430714994669 602.15409967303276
leaf_count=8950 2254 82125 1463 1710 2249 1924 2180 1029 2945 15675 1745 50104 1603 1662
internal_value=0.00680929 0.00875664 0.000293183 0.0130248 -0.00144376 0.00934045 -0.00390096 0.0096099 0.00333997 0.00972593 -0.000846662 -0.000164196 0.0134535 0.02205
internal_weight=61307.8 47197.7 14110.1 1695.2 12414.9 45702.5 1290.39 895.078 1125.49 44412.1 12201.3 11850 1316.35 1022.81
internal_count=177618 111883 65735 6909 58826 102933 5133 2953 5199 97800 57363 55114 5010 3407
is_linear=0
shrinkage=0.03


Tree=60
num_leaves=15
num_cat=0
split_feature=3 48 45 77 70 48 42 83 48 89 68 63 71 19
split_gain=770.794 273.103 339.572 236.041 260.907 245.265 384.093 203.062 269.049 312.607 252.632 289.648 298.814 262.888
threshold=1.1230350000000002 1978281.03 -0.0017544999999999998 -4119874.5449999995 35.735000000000007 -2600218.0999999996 0.00098350000000000022 1.8890855000000002 2637866.1550000007 0.00078200000000000003 1.1061350000000003 1.0539250000000002 0.010388000000000003 -47746.604999999989
decision_type=2 2 2 2 2 2 2 2 2 2 2 2 2 2
left_child=7 3 -3 4 -2 -6 -7 8 9 -1 11 12 -9 -12
right_child=1 2 -4 -5 5 6 -8 10 -10 -11 13 -13 -14 -15
leaf_value=0.029839969104895205 0.024958797924311882 -0.032784468149227426 0.0077916813126142764 0.010143283491220231 0.0067162835529258206 -0.029709269728513048 0.0009770660815067798 0.015633039272262884 -0.015720499942827423 -0.002186042831627912 -0.017472891403759652 0.0068975109829850735 -0.026864229479094004 0.0049970625590570394
leaf_weight=294.07559857517481 537.63991197943687 316.75754099339247 443.76604980230331 34666.281193643808 6007.0100222080946 444.30235181748867 2081.042783908546 216.66870944201946 1263.5056026652455 3895.4143764004111 968.43425679206848 8812.0966864302754 466.95168458670378 903.44970415532589
leaf_count=804 1007 2340 1528 73346 13999 1605 7290 806 8918 17908 5320 35758 2911 4249
internal_value=0.00663679 0.00870488 -0.00908972 0.00901519 0.00469959 0.00341673 -0.00441955 0.00116395 -0.00359211 6.14052e-05 0.00344817 0.00543557 -0.013348 -0.00661505
internal_weight=61317.4 44496.8 760.524 43736.3 9070 8532.36 2525.35 16820.6 5453 4189.49 11367.6 9495.72 683.62 1871.88
internal_count=177789 101115 3868 97247 23901 22894 8895 76674 27630 18712 49044 39475 3717 9569
is_linear=0
shrinkage=0.03


Tree=61
num_leaves=15
num_cat=0
split_feature=13 77 35 79 39 19 88 45 64 12 70 50 32 89
split_gain=718.871 308.632 256.079 266.471 262.566 258.475 195.633 189.779 276.8 211.293 231.097 420.374 198.804 194.193
threshold=0.00069350000000000011 -1761429.8799999997 1.1565050000000003 172342.29631800004 1.1797150000000003 -5200369.3499999987 -0.012149199999999999 -0.0019814999999999993 1.1535600000000001 41.875000000000007 41.705000000000005 36366.567389500007 0.66481550000000011 0.036901500000000011
decision_type=2 2 2 2 2 2 2 2 2 2 2 2 2 2
left_child=1 2 3 -1 6 -6 -4 8 9 13 11 -11 -9 -2
right_child=7 -3 4 -5 5 -7 -8 12 -10 10 -12 -13 -14 -15
leaf_value=0.017194800458641826 -0.0058522396296126046 0.010175470267411042 0.02467378863041322 -0.0058044949886444219 -0.017001790400631114 0.0052162305354725505 0.0088848188467582634 -0.0066766499511297858 0.031942465950340906 0.03227103359873261 -0.0052529943575562593 0.0018437206101385836 0.0060961059628441691 -0.028583970289899618
leaf_weight=532.17702108621597 1949.946174390614 30549.875598490238 912.44153060019016 3017.0160849094391 596.13168998062611 2232.9639548808336 3184.5310815870762 1243.7974132597446 219.67493000626564 464.13963574916124 3343.4319417104125 3390.4848995953798 9110.4027217999101 410.10840328782797
leaf_count=1387 10195 63811 1620 11472 1646 4931 6760 4397 522 1568 15808 15561 35650 2405
internal_value=0.00637249 0.00865109 0.00420201 -0.00234359 0.00756041 0.000519616 0.0124137 0.00172744 -0.00126748 -0.00203715 0.00051329 0.00552271 0.00455839 -0.00982549
internal_weight=61157.1 41025.1 10475.3 3549.19 6926.07 2829.1 4096.97 20132 9777.79 9558.11 7198.06 3854.62 10354.2 2360.05
internal_count=177733 91627 27816 12859 14957 6577 8380 86106 46059 45537 32937 17129 40047 12600
is_linear=0
shrinkage=0.03


Tree=62
num_leaves=15
num_cat=0
split_feature=13 5 6 65 48 77 6 2 79 64 64 68 48 34
split_gain=719.338 475.977 280.94 283.23 292.998 349.871 415.494 267.68 234.388 218.758 406.898 317.497 246.687 308.616
threshold=0.0017205000000000002 1.0603650000000002 1.0420850000000002 1.0289200000000001 -457508.84499999991 -18780185.814999998 1.0698150000000002 1.0013650000000003 2619490.7223165003 1.1057050000000002 1.1564400000000001 1.0969850000000003 2630672.3900000001 1.0932250000000001
decision_type=2 2 2 2 2 2 2 2 2 2 2 2 2 2
left_child=1 -1 7 -4 -5 -6 -7 -2 9 11 -11 12 13 -8
right_child=2 -3 3 4 5 6 8 -9 -10 10 -12 -13 -14 -15
leaf_value=-0.011824329566974249 0.00098444258633509406 0.0083770948960146512 -0.035006458420000185 -0.0077496936706302321 0.025914829081254545 -0.021003542329021904 0.037069754298214561 0.022995387676408238 -0.0068734075251733117 -0.017289509079450663 0.019478255043594576 0.028634117791603745 -0.0029126147884612932 0.0071517449301772016
leaf_weight=1072.6266818791628 1131.4679741859436 45146.896198831499 219.93554661422968 3759.647772744298 527.66939620673656 720.90078318864107 372.36093094944954 890.49049614369869 1729.7644993215799 842.53519578278065 397.55663833022118 622.09915024787188 1731.880625911057 1871.3661740720272
leaf_count=6900 5463 102187 1550 18399 1590 4531 1038 2947 8606 4592 1443 2325 9545 6733
internal_value=0.00606336 0.00790738 0.000309291 -0.00133095 -0.000736879 0.00225088 0.000737794 0.0106997 0.00281538 0.00569203 -0.00547189 0.00871022 0.00557859 0.0121445
internal_weight=61037.2 46219.5 14817.7 12795.7 12575.8 8816.13 8288.46 2021.96 7567.56 5837.8 1240.09 4597.71 3975.61 2243.73
internal_count=177849 109087 68762 60352 58802 40403 38813 8410 34282 25676 6035 19641 17316 7771
is_linear=0
shrinkage=0.03


Tree=63
num_leaves=15
num_cat=0
split_feature=31 5 6 39 19 48 77 69 38 19 2 77 48 37
split_gain=715.599 473.385 230.966 292.195 244.067 233.838 387.237 429.191 393.595 265.655 468.561 348.199 338.973 331.569
threshold=0.0031685000000000003 1.0588350000000002 1.0420850000000002 1.0393200000000002 -6273833.044999999 -457508.84499999991 -11153859.089999998 1.0590550000000001 1.0385050000000002 -4971117.6249999991 1.0678750000000001 -4822215.7349999985 3048233.6300000004 1.0902650000000003
decision_type=2 2 2 2 2 2 2 2 2 2 2 2 2 2
left_child=1 -1 3 -2 -4 -6 8 -8 -7 11 12 -9 -11 -12
right_child=2 -3 4 -5 5 6 7 9 -10 10 13 -13 -14 -15
leaf_value=-0.0088317255914581606 0.0026315448368494205 0.0083692404211544655 -0.024365074803403046 0.030281295373863371 -0.0067024795446547127 -0.0055326928760185655 -0.028301083636717742 0.020747247960238992 0.034704987936125024 0.0021878440987645148 -0.016095923903699304 -0.031064389422083175 0.04631579946790837 0.0040286074809255589
leaf_weight=1484.5925539582968 1216.2941907569766 45460.677370391786 398.93110704421997 480.34517931938171 3787.8504506126046 338.59704395383596 452.72323751449585 157.57116442173719 610.10810461640358 271.60515227168798 873.24845905601978 437.58725792914629 374.38060420006514 4681.43331027776
leaf_count=9001 5643 102944 2666 1267 18482 1650 3375 821 1630 1264 5004 3126 1453 19232
internal_value=0.00604533 0.00782446 0.000111394 0.0104905 -0.00130888 -0.000536968 0.00230885 -4.7047e-05 0.0203217 0.00183465 0.00367713 -0.0172849 0.0278406 0.000857113
internal_weight=61025.9 46945.3 14080.7 1696.64 12384 11985.1 8197.25 7248.55 948.705 6795.83 6200.67 595.158 645.986 5554.68
internal_count=177558 111945 65613 6910 58703 56037 37555 34275 3280 30900 26953 3947 2717 24236
is_linear=0
shrinkage=0.03


Tree=64
num_leaves=15
num_cat=0
split_feature=10 77 48 72 48 12 90 60 67 39 6 77 48 46
split_gain=632.514 255.956 283.288 259.586 236.756 543.449 264.579 300.087 209.572 208.253 203.207 200.06 272.326 268.199
threshold=1.1172850000000001 -4119874.5449999995 -2600218.0999999996 -0.31589799999999996 1978281.03 44.375000000000007 1.6405105000000002 0.0096585000000000022 1.1761850000000003 1.1815350000000002 1.1147150000000001 69477.205000000016 -1131501.6149999998 -0.11994999999999999
decision_type=2 2 2 2 2 2 2 2 2 2 2 2 2 2
left_child=10 2 8 -4 -3 6 -6 -8 -2 -5 11 12 -1 -13
right_child=1 4 3 9 5 -7 7 -9 -10 -11 -12 13 -14 -15
leaf_value=-0.024122743273383946 0.0044893343679014439 0.0092667637488982185 0.015384057020799842 -0.0054482754981050726 0.015315386713917641 -0.031603099519331108 0.011574382829881567 -0.029668513606248208 0.020178132700664965 -0.033936057259897519 -0.018609238879827291 0.00039262709320246402 0.00034851391593080413 0.021119807826909399
leaf_weight=423.4899188131094 5459.3836403042078 34867.157328277826 493.09861275553703 2253.1456330493093 1100.9546762108803 419.00019361078739 316.18198327720165 315.85031426697969 892.84872321784496 257.18955834209919 488.6047243848443 1339.1891414150596 11380.114780016243 970.77633783966303
leaf_count=2419 12951 74653 1352 9025 4049 2483 1006 2024 1708 831 2357 4792 55379 2640
internal_value=0.00583526 0.00754978 0.00311091 -0.00447402 0.00867066 -0.000973409 0.00642887 -0.00900316 0.00670205 -0.00839121 0.000387955 0.00104903 -0.000528894 0.0091217
internal_weight=60977 46374.8 9355.67 3003.43 37019.1 2151.99 1732.99 632.032 6352.23 2510.34 14602.2 14113.6 11803.6 2309.97
internal_count=177669 110082 25867 11208 84215 9562 7079 3030 14659 9856 67587 65230 57798 7432
is_linear=0
shrinkage=0.03


Tree=65
num_leaves=15
num_cat=0
split_feature=10 19 61 60 45 48 8 19 48 39 12 19 48 8
split_gain=640.166 263.288 294.238 191.261 282.363 256.927 240.657 433.486 214.107 350.366 206.687 199.78 183.654 182.751
threshold=1.1172850000000001 -5045265.6799999988 0.24582850000000003 0.050781500000000007 -0.0018684999999999997 171096.96000000005 1.1683350000000001 -1811832.7449999999 1755733.1100000001 1.1342000000000001 42.865000000000002 -4228084.1349999988 -1613332.7799999998 1.1138750000000002
decision_type=2 2 2 2 2 2 2 2 2 2 2 2 2 2
left_child=13 -2 -3 4 8 6 7 10 -4 11 12 -10 -6 -1
right_child=1 2 3 -5 5 -7 -8 -9 9 -11 -12 -13 -14 -15
leaf_value=0.00082588779080396927 0.0090247510157244974 -0.023069856164418173 0.00733034823647488 0.020101708968318827 -0.018961262860783281 0.017568894947834923 0.0058867103583707722 0.01625620257892732 -0.018422093507442349 -0.035237039529910148 -0.026817581431721072 0.015940945421265271 0.01844661430609864 -0.017226223178055316
leaf_weight=14069.269199296832 30339.411025866866 345.70115673542023 560.41995672881603 707.39935658872128 246.51396948844194 1435.992564946413 10040.459102123976 526.04668602347374 291.90908148884773 460.39189077168703 699.98026975989342 316.01096402108669 224.7751554325223 522.45931112766266
leaf_count=65228 63182 1373 1519 2009 1581 4191 22712 1930 1597 3250 4230 1103 1113 2400
internal_value=0.00565628 0.00738656 0.00424964 0.00486195 0.00413031 0.00558859 0.00411899 -0.00631756 -0.0076425 -0.0155246 -0.0164868 -0.000513276 -0.00105527 0.000176337
internal_weight=60786.7 46195 15855.6 15509.9 14802.5 13173.8 11737.8 1697.32 1628.73 1068.31 1171.27 607.92 471.289 14591.7
internal_count=177418 109790 46608 45235 43226 35757 31566 8854 7469 5950 6924 2700 2694 67628
is_linear=0
shrinkage=0.03


Tree=66
num_leaves=15
num_cat=0
split_feature=13 3 71 41 48 39 74 19 12 90 48 78 67 19
split_gain=569.682 428.558 225.97 292.285 296.82 308.65 263.613 344.704 293.118 231.337 258.973 213.768 213.402 220.412
threshold=0.0017205000000000002 1.0492250000000003 0.0033995000000000002 40.515000000000008 2908938.1050000004 1.1018550000000003 -0.00099899999999999967 -1371386.6949999998 47.245000000000012 1.6278345000000003 -711570.97499999986 1.1385500000000002 1.0892450000000002 -4219788.2499999991
decision_type=2 2 2 2 2 2 2 2 2 2 2 2 2 2
left_child=1 11 3 -2 6 -6 7 -5 -9 10 -4 -1 13 -11
right_child=2 -3 9 4 5 -7 -8 8 -10 12 -12 -13 -14 -15
leaf_value=0.0055835323034099001 -0.023714311767003438 0.0076371204810628873 -0.017523338385910855 0.027125878679057195 -0.034686027797112627 0.013119818251937958 -0.010286329528411714 -0.022480147252589771 0.020317262854100231 -0.0048706075166621175 0.0099227661125549319 -0.023782475630793828 -0.0074793046968091434 0.0089224217883937113
leaf_weight=355.0729248598218 698.15891992300749 45076.998238191009 333.30110244452953 654.4393090903759 412.45148464292288 170.44702794402838 756.29196880012751 341.53518615663052 247.12754583358765 1771.842355363071 4058.9393407031894 591.41416645795107 2743.0258631408215 2525.0609728395939
leaf_count=2343 4237 102597 1660 1843 3664 929 3640 1920 970 8994 17239 4065 14286 9023
internal_value=0.00557439 0.00721714 0.000433411 -0.00650354 -0.00183138 -0.0206571 0.0036496 0.0121537 -0.00445843 0.00242698 0.0078297 -0.0127399 -0.000940166 0.00322803
internal_weight=60736.1 46023.5 14712.6 3280.45 2582.29 582.899 1999.39 1243.1 588.663 11432.2 4392.24 946.487 7039.93 4296.9
internal_count=177410 109005 68405 17203 12966 4593 8373 4733 2890 51202 18899 6408 32303 18017
is_linear=0
shrinkage=0.03


Tree=67
num_leaves=15
num_cat=0
split_feature=13 19 31 71 77 77 19 79 10 19 41 68 77 43
split_gain=580.96 216.819 214.844 178.86 190.258 247.467 176.592 314.769 166.394 164.784 216.98 162.698 152.338 313.587
threshold=0.00069350000000000011 -4054323.0549999992 0.00039550000000000007 0.0020825000000000006 -37273236.559999995 -35999421.06499999 -1361080.4699999997 252867.04702750003 1.1300350000000001 -1811832.7449999999 47.645000000000003 1.0751650000000001 -26425777.549999993 0.062694000000000014
decision_type=2 2 2 2 2 2 2 2 2 2 2 2 2 2
left_child=1 -1 6 8 -5 11 7 -3 9 -2 -11 -6 13 -7
right_child=3 2 -4 4 5 12 -8 -9 -10 10 -12 -13 -14 -15
leaf_value=0.007998354623069498 -0.023664514014177837 0.010874956758020941 0.014353314652527618 0.026078291090776095 -0.037286846755908452 -0.00091782269335571442 0.0040394507260584894 -0.025138775445065709 0.01131713095135476 -0.016200405614567842 0.016637990356272704 -3.9407982496221909e-05 0.0014539238722060398 0.029289133177987214
leaf_weight=38312.927048429847 644.7842079102993 309.21314218640327 607.82519093900919 291.48209016025066 238.11383314430714 702.81981622427702 842.28201149404049 731.42708828300238 321.82388167083263 448.12233654409647 302.00585031509399 191.839011952281 16331.081642627716 548.75922854244709
leaf_count=82780 4525 950 1656 1151 1439 2917 2764 3681 1102 2445 1046 873 68951 1451
internal_value=0.00538684 0.00744068 -0.0011252 0.00119931 0.00206913 0.00167752 -0.0061427 -0.0144088 -0.00805321 -0.0125486 -0.00293499 -0.0207758 0.00222943 0.0123154
internal_weight=60824.5 40803.7 2490.75 20020.8 18304.1 18012.6 1882.92 1040.64 1716.74 1394.91 750.128 429.953 17582.7 1251.58
internal_count=177731 91831 9051 85900 76782 75631 7395 4631 9118 8016 3491 2312 73319 4368
is_linear=0
shrinkage=0.03


Tree=68
num_leaves=15
num_cat=0
split_feature=19 9 19 38 68 10 72 35 65 19 10 89 9 70
split_gain=540.131 306.269 275.492 230.46 223.558 359.485 335.628 218.794 201.284 196.733 240.318 239.347 346.131 226.925
threshold=-4715520.2849999992 1.0773850000000003 -4489126.0649999985 1.1560250000000003 1.0599100000000001 1.0350550000000003 -0.15736699999999998 1.1510650000000002 1.0614350000000001 38254.975000000013 1.0820750000000003 0.021831500000000004 1.1008250000000002 40.635000000000012
decision_type=2 2 2 2 2 2 2 2 2 2 2 2 2 2
left_child=1 4 -2 7 -1 6 8 9 -6 13 -11 12 -12 -4
right_child=2 -3 3 -5 5 -7 -8 -9 -10 10 11 -13 -14 -15
leaf_value=-0.030639750265777633 -0.01743925109003892 0.0076370080370048183 0.0075016423999752311 0.017275012235335334 0.016484592673531161 -0.010299202308864285 0.031918354266654403 -0.019387763095144867 -0.026387684867602377 0.022352877098148604 -0.028066164360615129 0.019584581959002024 0.00057163327850031482 -0.0002164790688072791
leaf_weight=242.63112767785788 709.94736069440842 39628.253788098693 5410.5453585758805 805.41778039932251 188.96507914364338 1294.0224053561687 466.07224366813898 465.99534697085619 203.10795702785254 213.85887859761715 848.86538119614124 198.73624213039875 683.08569279313087 9336.143157184124
leaf_count=1672 4174 87697 21904 1751 768 6991 1785 1701 1310 738 5030 866 2973 38493
internal_value=0.00512064 0.00700718 0.000873197 0.00159957 -0.00340127 -0.00030372 0.0147283 0.000861 -0.0056591 0.00142924 -0.00753359 -0.0112547 -0.0152852 0.00261357
internal_weight=60695.6 42023.1 18672.6 17962.6 2394.8 2152.17 858.145 17157.2 392.073 16691.2 1944.55 1730.69 1531.95 14746.7
internal_count=177853 100223 77630 73456 12526 10854 3863 71705 2078 70004 9607 8869 8003 60397
is_linear=0
shrinkage=0.03


Tree=69
num_leaves=15
num_cat=0
split_feature=31 5 6 39 89 64 39 19 72 67 6 12 48 48
split_gain=494.247 396.736 252.837 258.968 262.873 234.939 259.189 223.296 205.452 234.202 243.484 199.851 327.707 498.417
threshold=0.0031685000000000003 1.0588350000000002 1.0420850000000002 1.0290650000000003 0.019643000000000004 1.0731300000000001 0.99248000000000014 -6561010.9649999989 -0.16018699999999997 1.0577450000000004 1.0214200000000002 44.135000000000012 1978281.03 171096.96000000005
decision_type=2 2 2 2 2 2 2 2 2 2 2 2 2 2
left_child=1 8 3 5 -5 6 -2 -4 -1 -10 -11 -9 13 -13
right_child=2 -3 7 4 -6 -7 -8 11 9 10 -12 12 -14 -15
leaf_value=-0.020784107755947658 0.022186550641599669 0.0070634032399036336 -0.025370599776672061 0.04201758334783242 0.0065343212002251768 0.027301606510632029 -0.017728794175526624 0.0028788855334979371 -0.01828342511864529 0.033826364718741543 -0.0093218219507473447 -0.0086542083420754843 -0.020878971295401762 0.012254111388664807
leaf_weight=682.91146170347929 196.50098391622305 45108.112562678754 337.83998918533325 371.72928619384766 384.5205844193697 228.67914056777954 561.40371481329203 6525.873080521822 316.56737919896841 267.98682468384504 207.13714867085218 3011.9338753446937 952.06195852160454 1554.5960928946733
leaf_count=4271 786 103044 2333 802 1399 826 3174 30988 2358 1235 1187 14295 6148 5091
internal_value=0.00507185 0.00656242 0.000153936 0.0108508 0.0240479 0.000690306 -0.00732486 -0.00135 -0.00873682 0.00163041 0.0149722 -0.0006717 -0.00487555 -0.00152864
internal_weight=60707.9 46582.7 14125.1 1742.83 756.25 986.584 757.905 12382.3 1474.6 791.691 475.124 12044.5 5518.59 4566.53
internal_count=177937 112095 65842 6987 2201 4786 3960 58855 9051 4780 2422 56522 25534 19386
is_linear=0
shrinkage=0.03


Tree=70
num_leaves=15
num_cat=0
split_feature=13 9 48 75 65 90 89 72 67 60 78 73 88 85
split_gain=481.581 172.158 191.092 177.194 160.673 155.958 178.786 439.653 224.357 185.567 193.723 169.018 173.483 161.011
threshold=0.00069350000000000011 1.0978250000000003 -945707.12999999989 -0.026349999999999995 1.0113350000000001 0.32302900000000007 0.0030725000000000006 0.53953400000000007 1.0836650000000001 0.014753500000000001 1.3038500000000004 0.00081480500000000015 -0.079260029999999995 29.180000000000003
decision_type=2 2 2 2 2 2 2 2 2 2 2 2 2 2
left_child=1 2 -1 -3 -2 -6 7 8 -7 -10 -11 13 -13 -8
right_child=4 3 -4 -5 5 6 11 -9 9 10 -12 12 -14 -15
leaf_value=0.015771438825270951 -0.01785222761584486 0.011225817830524825 -0.0085359043505407288 0.006169656056947863 0.018858396597188361 -0.032359646945934406 0.00063809300360390174 0.029896251446687297 -0.01680075556525595 -0.011044775958973442 0.026033028947611531 -0.020674794299043873 -0.0012215161065924874 0.0070517236845448151
leaf_weight=379.36574010550976 393.24811585992575 7837.1659974306822 1234.0779703631997 31014.892299741507 453.55560848116875 416.88768018037081 8357.099038630724 241.38669114559889 698.51301564276218 257.94227492809296 246.51799815893173 498.75140949338675 2390.442147411406 6103.8638666421175
leaf_count=1079 2608 16137 6691 67646 1439 3509 35303 776 3719 1273 781 2973 9069 24656
internal_value=0.00490746 0.00679163 -0.00279576 0.00719061 0.00110466 0.00148617 0.00107351 -0.00775671 -0.0134011 -0.00678475 0.00703059 0.0020229 -0.00459604 0.00334761
internal_weight=60523.7 40465.5 1613.44 38852.1 20058.2 19665 19211.4 1861.25 1619.86 1202.97 504.46 17350.2 2889.19 14461
internal_count=177659 91553 7770 83783 86106 83498 82059 10058 9282 5773 2054 72001 12042 59959
is_linear=0
shrinkage=0.03


Tree=71
num_leaves=15
num_cat=0
split_feature=10 77 66 19 71 79 35 16 66 34 77 19 77 19
split_gain=459.74 212.09 227.991 333.895 310.828 198.433 164.43 158.03 239.161 182.697 150.78 141.115 199.103 286.57
threshold=1.1209850000000003 -4119874.5449999995 1.1148250000000002 -5426711.3399999989 0.0090180000000000017 2236448.8085525003 1.1226800000000001 -0.0037824999999999998 1.1348100000000001 1.1820350000000002 852617.58500000008 -3908735.8099999996 -3680539.9949999996 -2735793.7099999995
decision_type=2 2 2 2 2 2 2 2 2 2 2 2 2 2
left_child=6 2 3 -2 -5 -6 10 8 -4 -9 -1 -3 -13 -14
right_child=1 11 7 4 5 -7 -8 9 -10 -11 -12 12 13 -15
leaf_value=0.0001516622243637881 -0.025218443372070059 0.0077098141228420158 0.016739953934165185 -0.025395099658809095 0.0052343402967930126 -0.013005018386060741 -0.021042185128828002 0.013215332264834696 -0.025693997693056268 -0.0059627954460539897 0.02059113129536792 -0.024455304146762682 -0.01042135010170208 0.013174244140115008
leaf_weight=14410.634688809514 496.82573104649782 33978.424354411662 202.59037604182959 381.98693808168173 3934.8399258777499 619.98170745372772 321.40788166224957 2778.685744702816 287.17559840530157 529.78634937107563 331.40586026012897 265.88013137876987 798.9969233199954 1097.6461865901947
leaf_count=67429 1593 73605 1173 2327 9300 1748 1579 6346 1792 1319 685 1371 4216 3136
internal_value=0.0046923 0.00619991 0.00213676 -0.00180044 0.000554832 0.00274279 0.000149103 0.00777609 -0.00808184 0.0101344 0.000614548 0.00723689 -0.000180192 0.00321809
internal_weight=60436.3 45372.8 9231.87 5433.63 4936.81 4554.82 15063.4 3798.24 489.766 3308.47 14742 36140.9 2162.52 1896.64
internal_count=177619 107926 25598 14968 13375 11048 69693 10630 2965 7665 68114 82328 8723 7352
is_linear=0
shrinkage=0.03


Tree=72
num_leaves=15
num_cat=0
split_feature=10 77 31 75 35 19 77 87 77 86 84 6 91 85
split_gain=477.28 192.824 287.709 187.201 165.825 170.209 422.595 228.554 158.459 157.313 166.966 156.43 149.601 155.829
threshold=1.1227550000000002 -1761429.8799999997 0.015776000000000002 0.19090000000000004 1.1262550000000002 -5267004.3499999987 -4261158.629999999 137.06700000000004 852617.58500000008 26.005000000000006 19.435000000000006 1.1785650000000001 -1.2374999999999998e-05 16.965000000000003
decision_type=2 2 2 2 2 2 2 2 2 2 2 2 2 2
left_child=8 2 3 9 -5 6 -6 11 -1 -2 -11 -7 -9 -14
right_child=1 -3 -4 4 5 7 -8 12 -10 10 -12 -13 13 -15
leaf_value=-0.00039362013335932528 0.014334314867290187 0.0074589107979736689 -0.019544789728105808 -0.016471378189796146 -0.031673879220495985 0.020919169757054414 0.0045117102866369541 0.005199661810604197 0.020427209964351333 0.014035818819823652 -0.0045265402238751501 0.0061273405282657204 -0.018445389062565945 -0.0001774932746529179
leaf_weight=15121.791936568916 2373.8393374085426 31475.096096135676 482.19204020500183 435.53321623802185 432.90151718258858 826.69472859054804 874.9449056237936 1629.1917183175683 335.28342263400555 708.22899059206247 1128.5926922038198 2950.6913429349661 695.27372600883245 1068.6692730560899
leaf_count=70683 5234 70597 3046 2330 1365 2020 1939 3950 689 1566 3062 6559 2163 2852
internal_value=0.00460846 0.00616818 0.00317994 0.00401855 0.00155163 0.00248284 -0.00745797 0.00430094 5.73614e-05 0.00923226 0.00261802 0.00937721 -0.00134245 -0.00740131
internal_weight=60538.9 45081.8 13606.8 13124.6 8913.9 8478.37 1307.85 7170.52 15457.1 4210.66 1836.82 3777.39 3393.13 1763.94
internal_count=178055 106683 36086 33040 23178 20848 3304 17544 71372 9862 4628 8579 8965 5015
is_linear=0
shrinkage=0.03


Tree=73
num_leaves=15
num_cat=0
split_feature=19 6 10 9 19 38 31 19 19 34 65 70 88 0
split_gain=394.117 317.975 288.272 312.647 268.786 231.765 223.479 292.734 231.102 215.967 193.646 181.8 178.559 174.387
threshold=-4715520.2849999992 1.0698150000000002 1.0350550000000003 1.0041150000000003 -4489126.0649999985 1.1560250000000003 0.036663000000000008 -1371386.6949999998 -4266444.5199999986 1.0220150000000003 1.0560050000000001 34.065000000000005 -0.089891584999999982 1.1802050000000002
decision_type=2 2 2 2 2 2 2 2 2 2 2 2 2 2
left_child=1 2 3 -1 -2 6 12 8 -8 10 -10 -4 -6 -3
right_child=4 13 11 -5 5 -7 7 -9 9 -11 -12 -13 -14 -15
leaf_value=-0.024200211517370382 -0.017485138554436671 0.0089213951983586996 0.0037688261981481033 0.015645762239090994 -0.023143331688947499 0.017223154908276656 -0.014110812112885757 -0.020973843534614948 -0.021261958972077992 0.021302635525477415 0.015256981322552342 -0.022256044921420109 -0.00016585900966152302 0.0049033613126236606
leaf_weight=226.91653069853783 693.58742110431194 17596.320682384074 332.64857278764248 791.30383402109146 310.13132670521736 808.25187477469444 263.00426311045885 263.77780099213123 233.62879667431116 1545.5529000684619 293.76937706768513 861.50288248062134 14193.74167753011 21858.255363851786
leaf_count=1525 4135 40966 1391 3466 1992 1734 1738 1437 1410 4971 1017 5398 59059 47389
internal_value=0.00445424 0.00607538 -0.00498238 0.00672138 0.000821948 0.00153345 0.000789297 0.00888809 0.0122805 0.0156485 -0.000873162 -0.0149842 -0.000660808 0.0066963
internal_weight=60272.4 41666.9 2212.37 1018.22 18605.4 17911.9 17103.6 2599.73 2335.96 2072.95 527.398 1194.15 14503.9 39454.6
internal_count=177628 100135 11780 4991 77493 73358 71624 10573 9136 7398 2427 6789 61051 88355
is_linear=0
shrinkage=0.03


Tree=74
num_leaves=15
num_cat=0
split_feature=31 5 6 19 12 19 67 2 10 45 42 3 64 34
split_gain=386.66 333.54 248.885 284.362 240.067 262.927 233.098 222.628 221.788 220.104 258.442 245.553 206.29 298.733
threshold=0.0048255000000000008 1.0588350000000002 1.0420850000000002 -6561010.9649999989 43.695000000000007 -2825431.1299999994 1.0510800000000002 1.0013650000000003 1.1473750000000003 -0.024530499999999997 0.0022515000000000005 1.0343550000000004 1.0636550000000002 1.0608850000000003
decision_type=2 2 2 2 2 2 2 2 2 2 2 2 2 2
left_child=1 -1 7 -4 6 -6 -5 -2 -7 -8 12 -12 -11 -14
right_child=2 -3 3 4 5 8 9 -9 -10 10 11 -13 13 -15
leaf_value=-0.0086444314739834924 0.00057832482518742226 0.0059856209053850201 -0.030900945619566349 -0.025150034463371169 -0.018220766501712622 -0.0046861501536924121 0.018491256299676774 0.022231396790306928 0.020786478000357822 0.033909758151554815 0.013848619779008451 -0.0082712447093565428 -0.02030236855655386 0.011730666804386204
leaf_weight=1443.8030271530151 968.9069277793169 46294.449982143939 298.11040029674768 258.40627140551805 1242.6177754700184 2915.7113243564963 801.84878046810627 767.82928944379091 342.68269800394773 274.7986645847559 554.5158151909709 2401.8246615156531 317.89007189124823 1458.295291274786
leaf_count=8965 4623 108720 2203 1767 7679 13491 3023 2333 834 967 2033 13504 1967 5797
internal_value=0.00430841 0.00554235 -0.000363099 -0.00205101 -0.00123155 -0.0064824 0.0026591 0.0101759 -0.00199245 0.00390539 0.00156047 -0.00410883 0.00974498 0.00597252
internal_weight=60341.7 47738.3 12603.4 10866.7 10568.6 4501.01 6067.58 1736.74 3258.39 5809.17 5007.32 2956.34 2050.98 1776.19
internal_count=177906 117685 60221 53265 51062 22004 29058 6956 14325 27291 24268 15537 8731 7764
is_linear=0
shrinkage=0.03


Tree=75
num_leaves=15
num_cat=0
split_feature=31 5 71 10 63 3 64 19 0 10 19 42 77 67
split_gain=415.207 318.056 212.772 189.041 251.37 259.199 230.229 241.802 344.776 434.757 236.836 192.532 187.685 401.883
threshold=0.0031685000000000003 1.0603650000000002 0.0035235000000000002 1.0401750000000003 1.0546000000000002 1.0199950000000002 1.0633250000000003 -4971117.6249999991 1.0675850000000002 1.0867250000000002 -2385336.4849999999 0.0010785000000000002 -31165196.879999999 1.0635350000000001
decision_type=2 2 2 2 2 2 2 2 2 2 2 2 2 2
left_child=1 -1 12 -4 5 -5 10 -8 9 -9 -6 -10 13 -2
right_child=2 -3 3 4 6 -7 7 8 11 -11 -12 -13 -14 -15
leaf_value=-0.008119877722422883 0.037224935674789399 0.0061341064937369206 0.01259821966204459 -0.030947638394263847 0.033095995109748561 0.0055355724762580936 -0.013725122514701758 0.0013999582526842914 0.0084236267810272863 0.03816714233102167 -4.6576224944965726e-05 -0.0040280814691210564 -0.010567832307213827 -0.010570246101034764
leaf_weight=1452.0158589705825 250.67403197288513 44789.375679038465 1290.8969756960869 442.03063479810953 407.48604801297188 287.50270219892263 975.55264884233475 688.71048724651337 1507.1159680485725 500.61720922589302 366.21674686670303 4310.5177220776677 2597.6669348031282 424.71254554390907
leaf_count=9042 488 102927 5139 2794 1315 1259 5661 2929 5351 1703 1307 20803 14756 2281
internal_value=0.00431342 0.00568571 -0.000201084 0.00183141 0.000361835 -0.016541 0.00177526 0.000256055 0.00220856 0.0169204 0.0173901 -0.000796293 -0.00690081 0.00715369
internal_weight=60291.1 46241.4 14049.7 10776.6 9485.75 729.533 8756.22 7982.51 7006.96 1189.33 773.703 5817.63 3273.05 675.387
internal_count=177755 111969 65786 48261 43122 4053 39069 36447 30786 4632 2622 26154 17525 2769
is_linear=0
shrinkage=0.03


Tree=76
num_leaves=15
num_cat=0
split_feature=31 48 9 9 19 6 34 65 64 77 67 42 73 48
split_gain=322.926 329.101 388.587 548.254 264.2 213.926 218.427 202.943 200.893 191.464 219.32 182.449 192.214 178.106
threshold=0.0031685000000000003 1755733.1100000001 1.1095750000000002 1.0997350000000001 -4266444.5199999986 1.0420850000000002 1.0293550000000002 1.0306500000000003 1.0866500000000003 -4173673.5549999992 1.1761850000000003 0.0062445000000000009 -0.00087766499999999991 -457508.84499999991
decision_type=2 2 2 2 2 2 2 2 2 2 2 2 2 2
left_child=1 9 3 4 8 6 11 -7 -3 10 -1 -2 -13 -9
right_child=5 2 -4 -5 -6 7 -8 13 -10 -11 -12 12 -14 -15
leaf_value=5.2518534345667615e-05 0.012962310665571382 -0.011991865140967013 -0.031307117996846635 0.03117218623563928 -0.03104323649751551 -0.030353179652846927 0.024643502253738115 -0.0061390979108899109 0.023624394993840614 0.0068254765229391794 0.014929404789435949 0.013861374614763904 -0.024281072999281769 0.0017168987060470575
leaf_weight=7526.8059621080756 647.03015704452991 388.46354722231627 449.97237656265497 383.71848750859499 370.10431987792253 210.96460468322039 598.30598533153534 3776.0765000879765 223.68489775806665 35740.169397994876 1011.377494096756 181.42971865832806 337.47751253098249 8306.8761670738459
leaf_count=21972 2325 2597 2403 837 2165 1535 1726 18729 714 79209 2069 847 2096 38446
internal_value=0.0041333 0.00534721 -0.00715969 0.000789986 -0.011068 0.000150879 0.0099188 -0.00124912 0.000991033 0.00586097 0.00181979 0.0023224 -0.0108863 -0.000736022
internal_weight=60152.5 46094.3 1815.94 1365.97 982.253 14058.2 1764.24 12293.9 612.148 44278.4 8538.18 1165.94 518.907 12083
internal_count=177670 111966 8716 6313 5476 65704 6994 58710 3311 103250 24041 5268 2943 57175
is_linear=0
shrinkage=0.03


Tree=77
num_leaves=15
num_cat=0
split_feature=31 48 90 48 19 10 9 77 89 72 78 19 70 40
split_gain=359.691 373.352 432.085 208.399 225.51 208.313 207.255 193.387 183.293 231.397 177.917 174.226 230.568 219.724
threshold=0.0048255000000000008 1755733.1100000001 1.337833 -1131501.6149999998 -2690833.5449999995 1.1044450000000003 1.1021550000000002 -1676563.6199999999 0.011241500000000001 0.15548550000000003 3.4308500000000004 -4247433.2999999998 45.145000000000003 1.0919550000000002
decision_type=2 2 2 2 2 2 2 2 2 2 2 2 2 2
left_child=1 7 6 4 -2 -4 -3 8 9 -1 11 12 13 -5
right_child=3 2 5 10 -6 -7 -8 -9 -10 -11 -12 -13 -14 -15
leaf_value=0.012295556489596309 0.0065101291817157387 -0.0043967538686254396 -0.0079339651745991852 -0.0033740117318254007 -0.020668860770011035 -0.033346055277705192 0.029842963044653985 0.0070846921746524931 0.00091879496798352408 -0.0091813905597645778 -0.011134314952027618 0.0048558831772809374 -0.024313679678020107 0.021814641897866253
leaf_weight=2869.0319971144199 400.68542985618114 329.72607421875 699.50147601217031 2792.009925507009 860.69754539430141 501.43207801133394 303.79211962968111 31685.528805077076 10676.311562679708 533.3940626680851 1015.2715194821358 6743.6751255020499 415.76685766875744 349.76419939100742
leaf_count=6915 1773 1484 3990 15595 5422 2733 786 70060 29318 2231 5135 28006 2868 1401
internal_value=0.00405944 0.00525175 -0.00800898 -0.000450311 -0.0120132 -0.0185883 0.0119962 0.00578412 0.00285463 0.00891812 0.000836836 0.00202057 -0.00334547 -0.000554241
internal_weight=60176.6 47598.7 1834.45 12577.9 1261.38 1200.93 633.518 45764.3 14078.7 3402.43 11316.5 10301.2 3557.54 3141.77
internal_count=177717 117517 8993 60200 7195 6723 2270 108524 38464 9146 53005 47870 19864 16996
is_linear=0
shrinkage=0.03


Tree=78
num_leaves=15
num_cat=0
split_feature=77 19 77 38 68 38 10 1 19 45 77 36 19 19
split_gain=323.622 340.238 331.92 361.116 304.088 309.614 202.28 264.415 219.567 310.979 242.816 264.864 233.912 211.503
threshold=-1676563.6199999999 38254.975000000013 -2830642.2449999996 1.0925150000000003 1.0895350000000004 1.0950050000000002 1.0895350000000004 1.0815650000000001 -4619259.3449999997 -0.0012464999999999998 354707.27500000008 1.1024950000000002 -4247433.2999999998 -4950665.8299999991
decision_type=2 2 2 2 2 2 2 2 2 2 2 2 2 2
left_child=2 6 -1 -4 5 -3 7 -2 13 12 11 -11 -10 -8
right_child=1 4 3 -5 -6 -7 8 -9 9 10 -12 -13 -14 -15
leaf_value=0.0022326335020265565 0.0050378444457208982 0.027355753257312248 -0.024283510966364309 0.00035480472147987846 -0.023420824403239154 -0.013774584012582696 0.0064723898939963069 0.033131083244855308 -0.023109135642324721 -0.016094589954371612 0.032406246403477543 0.0099772485921783109 -0.0018279591064381145 0.02615807539172383
leaf_weight=20030.069827161729 650.26357666403055 304.51582591235638 926.30051511526108 1261.1343385204673 675.33918818086386 355.62527216225863 28464.165650449693 566.74779452383518 546.38290984928608 431.59822783619165 333.84585835039616 1839.9049617350101 3113.491957038641 500.04195283353329
leaf_count=70464 2170 795 6710 3940 3801 1885 60644 1604 3026 2040 613 5470 12823 1534
internal_value=0.00389438 0.00558408 0.0010195 -0.0100713 -0.00927449 0.00516569 0.0061296 0.0181616 0.00571259 0.000614894 0.00853906 0.00500535 -0.00501867 0.00681417
internal_weight=59999.4 37781.9 22217.5 2187.43 1335.48 660.141 36446.4 1217.01 35229.4 6265.22 2605.35 2271.5 3659.87 28964.2
internal_count=177519 96405 81114 10650 6481 2680 89924 3774 86150 23972 8123 7510 15849 62178
is_linear=0
shrinkage=0.03


Tree=79
num_leaves=15
num_cat=0
split_feature=10 79 64 10 67 70 5 31 34 64 39 65 75 87
split_gain=323.4 185.463 254.607 182.912 167.886 219.492 154.041 153.94 162.871 150.229 158.134 134.558 128.138 127.078
threshold=1.1172850000000001 336641.43195850006 1.1211050000000002 1.1320550000000003 1.0874850000000003 60.225000000000001 1.2128450000000002 0.0048255000000000008 1.1216750000000002 1.0365250000000004 1.1204450000000004 1.0923550000000002 -0.029649999999999999 -57.659499999999994
decision_type=2 2 2 2 2 2 2 2 2 2 2 2 2 2
left_child=9 3 4 11 -3 -6 7 -4 -9 -1 13 -2 -5 -11
right_child=1 2 6 12 5 -7 -8 8 -10 10 -12 -13 -14 -15
leaf_value=-0.018867098916843471 0.020009764884552313 0.0030292872526576681 0.0090202480152654935 0.011710411834123059 0.0050435869947784628 -0.0089340952962796965 -0.0025789216080311732 0.0079140867100578986 -0.0239974400211274 -0.012246370316509006 -0.018448462675726036 0.0034885743763244303 0.0051568366314978407 0.0016370930889051121
leaf_weight=369.63769537210464 1547.9657654464245 6744.6917117163539 8352.7808174341917 3155.7607268467546 1492.9630471169949 3115.2892958074808 1437.7762774676085 305.4833555072546 269.12348286062479 619.94738627970219 385.26165696978569 629.06576892733574 18401.322629369795 13198.358306154609
leaf_count=2731 3009 16897 17928 6715 4910 10877 3373 1352 1601 3021 1742 1706 41594 60326
internal_value=0.00387691 0.00512376 0.00311773 0.00695793 1.1304e-05 -0.00439904 0.00651697 0.00798537 -0.00699564 -9.91925e-06 0.000480007 0.0152534 0.00611811 0.00101121
internal_weight=60025.4 45452.2 21718.1 23734.1 11352.9 4608.25 10365.2 8927.39 574.607 14573.2 14203.6 2177.03 21557.1 13818.3
internal_count=177782 109962 56938 53024 32684 15787 24254 20881 2953 67820 65089 4715 48309 63347
is_linear=0
shrinkage=0.03


Tree=80
num_leaves=15
num_cat=0
split_feature=31 48 90 6 19 48 77 38 63 90 42 9 9 71
split_gain=352.126 353.54 425.305 289.033 241.502 229.473 314.233 396.266 305.814 345.346 371.841 240.419 216.719 211.219
threshold=0.0048255000000000008 1755733.1100000001 1.337833 1.0420850000000002 -6273833.044999999 -467803.84999999992 -11153859.089999998 1.0385050000000002 1.0590550000000001 1.6869190000000003 0.00093150000000000014 1.0693950000000003 1.1021550000000002 0.0042755000000000007
decision_type=2 2 2 2 2 2 2 2 2 2 2 2 2 2
left_child=1 -1 12 -2 -5 11 7 -7 -8 13 -11 -6 -3 -10
right_child=3 2 -4 4 5 6 8 -9 9 10 -12 -13 -14 -15
leaf_value=0.0052242040005204835 0.010318013357342061 -0.00565810765145143 -0.018590498273670958 -0.028286524146244284 0.013001222699089035 -0.0094327370530474294 -0.025776132049883656 0.030259037591198551 -0.0037916043495257378 0.013668860671813266 -0.014861000900657359 -0.012787864529918334 0.029227529316925963 0.011033611283277964
leaf_weight=45536.252271808684 1758.0727633237839 320.57855343073606 1211.4141837656498 323.63191767781973 373.62891389429569 345.64620788395405 440.75912117958069 647.69893135130405 1339.3718403354287 521.57041353732347 1915.2719341367483 2431.3795904442668 316.66204755753279 2426.0439128056169
leaf_count=108577 6937 1473 6858 2419 1471 1737 3421 1708 6800 1496 10606 13668 815 10017
internal_value=0.00351916 0.00470164 -0.00814986 -0.000952758 -0.002797 -0.00200145 0.000690613 0.016422 -0.00165935 5.354e-05 -0.00873919 -0.00933864 0.0116491 0.00575266
internal_weight=59908 47384.9 1848.65 12523.1 10765 10441.4 7636.36 993.345 6643.02 6202.26 2436.84 2805.01 637.241 3765.42
internal_count=178003 117723 9146 60280 53343 50924 35785 3445 32340 28919 12102 15139 2288 16817
is_linear=0
shrinkage=0.03


Tree=81
num_leaves=15
num_cat=0
split_feature=77 19 68 77 48 38 85 8 3 48 12 39 90 45
split_gain=316.389 347.566 273.187 237.899 376.448 230.688 226.212 189.381 265.15 195.529 345.481 289.684 227.933 225.62
threshold=-1676563.6199999999 38254.975000000013 1.0895350000000004 -2830642.2449999996 93621.025000000009 1.0950050000000002 29.180000000000003 1.0873250000000001 1.0814050000000002 1978281.03 44.255000000000003 1.1197850000000003 1.6405105000000002 -0.0017544999999999998
decision_type=2 2 2 2 2 2 2 2 2 2 2 2 2 2
left_child=3 7 5 6 -5 -3 -1 8 -2 -9 12 -12 -11 -14
right_child=1 2 -4 4 -6 -7 -8 9 -10 10 11 -13 13 -15
leaf_value=-0.0012728551062173069 0.0066788340118843041 0.023266618325236826 -0.023543518659008649 -3.213397969151512e-05 -0.026553737230111875 -0.012381130564496011 0.0052096086856205483 0.0058234640564531152 0.035691186065584211 0.011265758314460446 0.0010888867291089812 -0.031020957979723561 -0.025620474932791709 0.0083994660719709253
leaf_weight=11467.303360320628 800.26524741947651 295.67478261888027 671.314567938447 1423.4202696755528 728.78393883258104 361.84761562943459 8381.5456942841411 31787.580957971513 441.49369111657143 1514.5226249173284 461.43712698668242 553.60574090480804 367.03037264198065 332.79309250414371
leaf_count=41640 2710 795 3865 4663 5852 1908 28707 72231 1079 5636 1778 3300 2255 1066
internal_value=0.00329321 0.00496569 -0.0100903 0.000434415 -0.00903503 0.00361439 0.0014631 0.00551856 0.0170384 0.00510872 -0.00191704 -0.0164076 0.00471623 -0.00941097
internal_weight=59588.6 37587.6 1328.84 22001.1 2152.2 657.522 19848.8 36258.7 1241.76 35017 3229.39 1015.04 2214.35 699.823
internal_count=177485 96623 6568 80862 10515 2703 70347 90055 3789 86266 14035 5078 8957 3321
is_linear=0
shrinkage=0.03


Tree=82
num_leaves=15
num_cat=0
split_feature=48 88 83 87 19 10 39 90 63 67 45 50 88 48
split_gain=308.275 254.223 275.767 269.007 246.439 285.812 242.175 226.847 348.332 335.918 304.446 219.572 214.306 209.085
threshold=2630672.3900000001 -0.076585289999999986 3.2142595000000003 715.5870000000001 38254.975000000013 1.0820750000000003 1.0280150000000001 1.7013250000000002 1.0590550000000001 1.0523250000000002 -0.022224499999999998 2274032.3391610007 -0.065829034999999994 3111511.5700000008
decision_type=2 2 2 2 2 2 2 2 2 2 2 2 2 2
left_child=1 2 11 -4 12 -6 -2 8 -8 -9 -10 -1 -3 -12
right_child=6 4 3 -5 5 -7 7 9 10 -11 13 -13 -14 -15
leaf_value=-0.0029054914638471777 0.027447529319267767 0.022912614670633196 -0.022203925874308736 0.0086087264060877664 0.026810765907097946 -0.010788556926923334 -0.026926824280185963 0.016815254325930926 0.022801089223159321 -0.025354333693516792 0.0009654952607144841 0.033807408507192986 0.0044113402865809384 -0.028791821007827435
leaf_weight=439.86790938675404 199.51476519554853 569.64084447175264 1007.6276751980186 339.05051869899035 203.54518258571625 1626.3266904205084 417.20037331432104 206.50834746658802 529.00925491005182 927.10042492300272 1576.2451850026846 217.88924866169691 51144.274777464569 244.33920101076365
leaf_count=2377 939 2086 6023 1464 630 8603 3336 781 2047 6186 7669 750 132853 2001
internal_value=0.00325365 0.00383989 -0.00664143 -0.0144234 0.00423293 -0.00657746 -0.00468075 -0.00633849 -0.00169339 -0.0176379 0.00278391 0.00924338 0.00461616 -0.00302536
internal_weight=59648.1 55548.2 2004.44 1346.68 53543.8 1829.87 4099.92 3900.4 2766.79 1133.61 2349.59 657.757 51713.9 1820.58
internal_count=177745 154786 10614 7487 144172 9233 22959 22020 15053 6967 11717 3127 134939 9670
is_linear=0
shrinkage=0.03


Tree=83
num_leaves=15
num_cat=0
split_feature=10 39 34 77 77 42 10 48 48 13 61 70 32 19
split_gain=254.695 206.718 198.889 214.226 301.778 252.337 467.33 207.477 183.74 172.827 163.645 209.207 177.542 169.299
threshold=1.1209850000000003 1.1161050000000003 1.1154250000000003 69477.205000000016 169223.39500000005 0.0019695000000000003 1.1035150000000002 -1131501.6149999998 3131303.0050000004 0.0021235000000000004 1.7147140000000001 16.495000000000005 0.66120100000000004 -3693081.9949999996
decision_type=2 2 2 2 2 2 2 2 2 2 2 2 2 2
left_child=1 2 3 7 -5 6 -6 -1 10 -7 12 -12 -9 -14
right_child=-2 -3 -4 4 5 9 -8 8 -10 -11 11 -13 13 -15
leaf_value=-0.025951331425043141 0.0043910856693321195 -0.013777312863660969 0.021763156702974112 0.032159737684021736 -0.030550045908789816 0.028963976882047156 0.013559599150492903 -0.0074484583291352865 -0.026385921077083055 0.0032688826544422156 0.021401347320795936 -0.0069021071778781837 -0.00052672418566054445 0.0099300816624312022
leaf_weight=303.11841933429241 44642.516578227282 935.87213435769081 394.02947451174259 402.16646327078342 428.26199984550476 402.75037606060505 433.5720345005393 1291.8913991227746 246.51408974826336 573.68942587822676 249.55955286324024 3704.3023295998573 2684.1179446280003 2885.1694445461035
leaf_count=1838 107896 4224 1293 942 2223 853 1326 6716 1956 1807 986 19760 14318 11342
internal_value=0.00325655 -0.000132768 0.000778175 0.000166651 0.00864497 0.00346955 -0.00833457 -0.00150275 -0.000827787 0.0139168 -0.000240065 -0.00510311 0.0025583 0.00488585
internal_weight=59577.5 14935 13999.1 13605.1 2240.44 1838.27 861.834 11364.7 11061.6 976.44 10815 3953.86 6861.18 5569.29
internal_count=177480 69584 65360 64067 7151 6209 3549 56916 55078 2660 53122 20746 32376 25660
is_linear=0
shrinkage=0.03


end of trees

feature_importances:
Column_19=141
Column_48=130
Column_77=119
Column_3=48
Column_10=44
Column_39=38
Column_68=38
Column_70=38
Column_13=37
Column_31=34
Column_67=30
Column_2=25
Column_6=24
Column_42=23
Column_45=22
Column_60=21
Column_83=21
Column_38=20
Column_35=18
Column_88=18
Column_64=17
Column_71=16
Column_34=15
Column_41=15
Column_65=15
Column_89=15
Column_0=14
Column_9=14
Column_12=13
Column_5=12
Column_90=12
Column_1=11
Column_72=10
Column_79=10
Column_82=10
Column_63=9
Column_61=8
Column_75=7
Column_74=6
Column_8=5
Column_43=5
Column_40=4
Column_50=4
Column_87=4
Column_32=3
Column_46=3
Column_66=3
Column_73=3
Column_78=3
Column_85=3
Column_7=2
Column_21=2
Column_36=2
Column_37=2
Column_69=2
Column_11=1
Column_16=1
Column_47=1
Column_62=1
Column_76=1
Column_84=1
Column_86=1
Column_91=1

parameters:
[boosting: gbdt]
[objective: binary]
[metric: binary_logloss]
[tree_learner: serial]
[device_type: cpu]
[data_sample_strategy: bagging]
[data: ]
[valid: ]
[num_iterations: 2000]
[learning_rate: 0.03]
[num_leaves: 15]
[num_threads: 0]
[seed: 0]
[deterministic: 0]
[force_col_wise: 0]
[force_row_wise: 0]
[histogram_pool_size: -1]
[max_depth: -1]
[min_data_in_leaf: 1000]
[min_sum_hessian_in_leaf: 0.001]
[bagging_fraction: 0.8]
[pos_bagging_fraction: 1]
[neg_bagging_fraction: 1]
[bagging_freq: 1]
[bagging_seed: 3]
[bagging_by_query: 0]
[feature_fraction: 0.8]
[feature_fraction_bynode: 1]
[feature_fraction_seed: 2]
[extra_trees: 0]
[extra_seed: 6]
[early_stopping_round: 0]
[early_stopping_min_delta: 0]
[first_metric_only: 0]
[max_delta_step: 0]
[lambda_l1: 1]
[lambda_l2: 1]
[linear_lambda: 0]
[min_gain_to_split: 0]
[drop_rate: 0.1]
[max_drop: 50]
[skip_drop: 0.5]
[xgboost_dart_mode: 0]
[uniform_drop: 0]
[drop_seed: 4]
[top_rate: 0.2]
[other_rate: 0.1]
[min_data_per_group: 100]
[max_cat_threshold: 32]
[cat_l2: 10]
[cat_smooth: 10]
[max_cat_to_onehot: 4]
[top_k: 20]
[monotone_constraints: ]
[monotone_constraints_method: basic]
[monotone_penalty: 0]
[feature_contri: ]
[forcedsplits_filename: ]
[refit_decay_rate: 0.9]
[cegb_tradeoff: 1]
[cegb_penalty_split: 0]
[cegb_penalty_feature_lazy: ]
[cegb_penalty_feature_coupled: ]
[path_smooth: 0]
[interaction_constraints: ]
[verbosity: -1]
[saved_feature_importance_type: 0]
[use_quantized_grad: 0]
[num_grad_quant_bins: 4]
[quant_train_renew_leaf: 0]
[stochastic_rounding: 1]
[linear_tree: 0]
[max_bin: 255]
[max_bin_by_feature: ]
[min_data_in_bin: 3]
[bin_construct_sample_cnt: 200000]
[data_random_seed: 1]
[is_enable_sparse: 1]
[enable_bundle: 1]
[use_missing: 1]
[zero_as_missing: 0]
[feature_pre_filter: 1]
[pre_partition: 0]
[two_round: 0]
[header: 0]
[label_column: ]
[weight_column: ]
[group_column: ]
[ignore_column: ]
[categorical_feature: ]
[forcedbins_filename: ]
[precise_float_parser: 0]
[parser_config_file: ]
[objective_seed: 5]
[num_class: 1]
[is_unbalance: 0]
[scale_pos_weight: 3.92862]
[sigmoid: 1]
[boost_from_average: 1]
[reg_sqrt: 0]
[alpha: 0.9]
[fair_c: 1]
[poisson_max_delta_step: 0.7]
[tweedie_variance_power: 1.5]
[lambdarank_truncation_level: 30]
[lambdarank_norm: 1]
[label_gain: ]
[lambdarank_position_bias_regularization: 0]
[eval_at: ]
[multi_error_top_k: 1]
[auc_mu_weights: ]
[num_machines: 1]
[local_listen_port: 12400]
[time_out: 120]
[machine_list_filename: ]
[machines: ]
[gpu_platform_id: -1]
[gpu_device_id: -1]
[gpu_use_dp: 0]
[num_gpu: 1]

end of parameters

pandas_categorical:null
