tree
version=v4
num_class=1
num_tree_per_iteration=1
label_index=0
max_feature_idx=64
objective=binary sigmoid:1
feature_names=Column_0 Column_1 Column_2 Column_3 Column_4 Column_5 Column_6 Column_7 Column_8 Column_9 Column_10 Column_11 Column_12 Column_13 Column_14 Column_15 Column_16 Column_17 Column_18 Column_19 Column_20 Column_21 Column_22 Column_23 Column_24 Column_25 Column_26 Column_27 Column_28 Column_29 Column_30 Column_31 Column_32 Column_33 Column_34 Column_35 Column_36 Column_37 Column_38 Column_39 Column_40 Column_41 Column_42 Column_43 Column_44 Column_45 Column_46 Column_47 Column_48 Column_49 Column_50 Column_51 Column_52 Column_53 Column_54 Column_55 Column_56 Column_57 Column_58 Column_59 Column_60 Column_61 Column_62 Column_63 Column_64
feature_infos=[0.62:91.090000000000003] [5.3000000000000001e-05:0.054050000000000001] [-2.329758:3.296869] [-1.5609383874552414:1.0355417956656348] [-12.228699238135178:9.0059523809523796] [-20.353000000000002:6.4504999999999999] [0:100] [-3.3092000000000001:4.3581000000000003] [37.371127000000001:362832589.30712497] [0:1] [0:1] [0:14.537974999999999] [0:100] [0:100] [0:100] [-100:6700] [-0.22740199999999999:0.059043680000000001] [1.4e-05:0.101086] [0.006705:10.180012] [-0.067480159999999997:0.010629960000000001] [4.1500000000000004:99.760000000000005] [0.000195:0.086930999999999994] [-3.6768489999999998:2.3756409999999999] [-1.4145284872298625:1.6100833044081917] [-10.572984226118985:12.439119496855346] [-17.654299999999999:23.0304] [0.01:100] [-3.6793999999999998:4.3586] [77.409227999999999:306989728.04866099] [0:1] [0:1] [0:14.769584999999999] [0:100] [0:100] [0:100] [-100:34900] [-0.19489259:0.20695706] [6.0000000000000002e-05:0.53812400000000005] [0.013237000000000001:132.23729900000001] [-0.066524310000000003:0.066474060000000001] [0.57999999999999996:99.75] [0.00053300000000000005:0.078666] [-2.490462:2.1984620000000001] [-1.3556927133269414:1.5131275449888351] [-12.209864468352663:12.451813719621695] [-11.4411:25.6493] [0.070000000000000007:99.980000000000004] [-3.0727000000000002:4.3589000000000002] [1448.4302170000001:149855353.51292801] [0:1] [0:1] [0:14.637029] [0:100] [0:100] [0:99.400000000000006] [-93.370999999999995:10920] [-0.12169147:0.22781203] [0.00015799999999999999:0.55201699999999998] [0.027803999999999999:199.99576099999999] [-0.02699621:0.070348209999999994] [-1:1] [-1:1] [0:6] [0:1] [0:1]
tree_sizes=6730 6873 6870 6913 6882 6893 6892 6919 6894 6902 6909 6893 6925 6915 6927 6901 6841 6912 6918 6913

Tree=0
num_leaves=63
num_cat=0
split_feature=17 18 17 17 60 61 61 18 21 56 25 60 6 41 18 47 21 57 4 57 58 25 28 62 43 24 52 58 26 24 47 59 52 18 56 19 26 6 46 37 58 48 44 59 25 59 48 60 52 38 48 58 42 46 48 61 17 56 22 46 4 61
split_gain=139515 8554.58 2414.01 2182.71 1017.39 692.884 623.788 589.569 358.246 311.001 304.857 338.533 333.817 288.346 279.892 274.667 334.426 286.14 298.941 247.706 245.101 238.599 272.58 238.401 223.051 218.79 218.428 198.048 187.085 285.889 183.097 182.244 180.385 170.719 168.244 165.669 162.644 160.11 155.905 207.19 159.914 154.327 152.403 263.616 152.07 148.689 149.866 143.674 189.46 139.916 138.22 177.4 131.632 125.362 121.49 120.534 119.657 117.823 122.173 117.36 117.254 443.931
threshold=0.0020565000000000006 0.24492100000000003 0.0050975000000000005 0.00076150000000000013 -0.52803643325367233 0.35222909080468506 -0.81915204428899169 0.14085650000000002 0.0015885000000000003 -0.038268619999999996 1.2620000000000002 0.92794370089704281 84.445000000000007 0.0079170000000000022 0.90916750000000002 1.9331500000000001 0.0014555000000000002 0.013382500000000002 0.89045112720024389 0.0042855000000000002 2.6630215000000006 4.2030000000000012 768921.17087500007 1.0000000180025095e-35 -0.10059428805285157 -3.9935531376069506 83.475000000000009 2.3427300000000004 12.995000000000003 3.9238219322688326 4.356650000000001 -0.00039583999999999995 82.620000000000019 0.53028350000000013 -0.00042259499999999995 -7.7419999999999987e-05 93.175000000000026 95.535000000000011 34.705000000000005 0.010608000000000001 1.8254675000000002 13396835.720615001 3.4279394024664991 -0.00040836999999999997 0.22515000000000004 -0.0013625249999999996 615045.27855450008 0.88186879444286481 66.410000000000011 0.50308600000000003 4198593.0143960016 1.6788040000000002 -0.19430649999999997 29.685000000000006 104818.38305950002 -0.52803643325367233 0.0087275000000000009 -0.00042259499999999995 -0.48859549999999996 99.805000000000021 -0.29076452026119282 0.48098876891938797
decision_type=2 2 2 2 2 2 2 2 2 2 2 2 2 2 2 2 2 2 2 2 2 2 2 2 2 2 2 2 2 2 2 2 2 2 2 2 2 2 2 2 2 2 2 2 2 2 2 2 2 2 2 2 2 2 2 2 2 2 2 2 2 2
left_child=1 7 6 4 9 10 13 -1 -7 -3 11 12 23 26 30 -8 -17 18 19 -18 50 -12 -23 -5 31 -21 49 45 -10 38 41 -9 -14 -32 -6 -36 42 -13 -30 40 -40 59 52 -44 54 -15 -47 -19 -49 -2 -20 -52 53 -25 -26 -16 -4 58 -51 60 -11 -62
right_child=2 3 56 5 34 8 15 24 28 14 21 37 32 27 55 16 17 47 20 25 -22 22 -24 36 44 -27 -28 -29 29 -31 33 -33 -34 -35 35 -37 -38 -39 39 -41 -42 -43 43 -45 -46 46 -48 48 -50 57 51 -53 -54 -55 -56 -57 -58 -59 -60 -61 61 -63
leaf_value=-1.5541237649376602 -1.4248078760318008 -1.460997517541347 -1.5509381317922182 -1.5188781344857949 -1.4153868092820376 -1.5345416145462001 -1.5471500775214755 -1.5362229016138136 -1.5360069049864147 -1.4254397500961631 -1.4037489298674106 -1.405048236362749 -1.5235892241592339 -1.5266288847649057 -1.427481704724344 -1.5533860724650312 -1.5246547486945814 -1.548416661373996 -1.5593835901734316 -1.5575709107402691 -1.3987201699947904 -1.5170359026982736 -1.409237252446103 -1.4381949394905287 -1.4354327991875895 -1.4415184197594506 -1.4371467560150191 -1.5574177293711895 -1.4048240700740398 -1.5051374963695818 -1.4349101616648141 -1.428940628039354 -1.4241663592620184 -1.5309652757735011 -1.4825537439722549 -1.422022229715485 -1.5360235415924737 -1.5037695683917149 -1.4121920385005975 -1.5385501629857636 -1.5220815435643904 -1.4643383820810183 -1.4306125652267454 -1.5274716790443497 -1.4710750515940971 -1.5163561424023178 -1.4185104099814614 -1.5382749953556853 -1.4333933432622243 -1.4478161264073219 -1.5504499581097089 -1.447058847077539 -1.4229587055198016 -1.5208358818261425 -1.5391721097872917 -1.5229438328107252 -1.5614727341563834 -1.5480561926590288 -1.5224057276111937 -1.4747965126490972 -1.4282942306694106 -1.4503705212390772
leaf_weight=428.52672809362411 12.144518524408339 355.16994521021843 1149.511305719614 50.713986873626709 4693.9422026276588 133.63319805264473 592.65078040957451 17.874801635742188 39.212768822908401 3392.6889122128487 200.72653180360794 124.93023329973221 122.29752001166344 16.641305238008499 15.489022254943846 206.96854963898659 58.786374598741531 180.98702505230904 88.736934065818787 15.264151334762571 11.732315331697462 45.489573091268539 39.746837258338928 39.253420650959015 9.9741802811622602 150.53388991951942 32.270871818065643 14.677068591117857 64.972716152667999 106.44005957245827 31.683789074420929 58.261826187372208 18.099672555923462 32.608087956905365 44.396621018648148 16397.946177065372 17.728030949831009 18.165229827165604 47.931660443544388 25.741087764501572 16.58197432756424 133.64894443750381 49.549251168966293 49.336832970380783 50.820195972919464 17.403267532587051 99.210937798023224 37.217310130596161 24.848010927438736 25.700526177883148 29.529016733169556 27.930195331573486 226.67683434486389 29.554012417793274 130.7008975148201 45.46146422624588 7660.8364954590797 105.22835543751717 79.946349054574966 59.389113485813141 3809.5745096206665 1090.4860284030437
leaf_count=2837 36 1485 7512 288 14071 817 3815 111 242 11059 537 337 711 99 48 1367 343 1172 601 104 26 256 109 138 32 551 112 100 173 567 108 192 55 197 209 52003 110 95 136 161 95 569 165 293 224 97 302 232 83 96 194 104 721 169 815 263 52160 681 462 268 12702 4262
internal_value=-1.45939 -1.42832 -1.5536 -1.42603 -1.42429 -1.4619 -1.52224 -1.5323 -1.4939 -1.43283 -1.4485 -1.45889 -1.46901 -1.48934 -1.43168 -1.53155 -1.52047 -1.5095 -1.49334 -1.47118 -1.52513 -1.42183 -1.46566 -1.45671 -1.49748 -1.45251 -1.50892 -1.45608 -1.47578 -1.46663 -1.43122 -1.45433 -1.50994 -1.48343 -1.42067 -1.42218 -1.44917 -1.41714 -1.44072 -1.46792 -1.4395 -1.43083 -1.44517 -1.47878 -1.51507 -1.44454 -1.43266 -1.53484 -1.49597 -1.51978 -1.53592 -1.50023 -1.43422 -1.47269 -1.53102 -1.49702 -1.5601 -1.52556 -1.50342 -1.43031 -1.43 -1.43318
internal_weight=42904.2 32265.4 10638.8 31569.3 30102.5 1466.78 1828.41 696.159 434.513 8966.2 1032.27 746.305 603.21 403.223 8611.03 1425.18 832.534 625.565 382.513 224.584 157.928 285.963 85.2364 462.812 267.632 165.798 255.291 147.933 300.88 261.667 8550.08 76.1366 140.397 64.2919 21136.3 16442.3 412.098 143.095 155.227 90.2547 64.5136 8485.79 394.37 98.8861 191.495 133.256 116.614 243.052 62.0653 223.02 146.196 57.4592 295.484 68.8074 140.675 60.9505 8810.35 210.875 105.647 8352.14 8292.75 4900.06
internal_count=177879 107630 70249 103419 97244 6175 10577 4211 2191 30961 3984 3082 2650 1985 29476 8592 4777 3410 1923 998 925 902 365 1884 1374 655 1387 598 1374 1132 29165 303 766 305 66283 52212 1596 432 565 392 231 28860 1486 458 1071 498 399 1487 315 1275 899 298 1028 307 847 311 59672 1239 558 28291 28023 16964
is_linear=0
shrinkage=1


Tree=1
num_leaves=63
num_cat=0
split_feature=1 18 8 60 1 8 18 18 56 60 18 17 57 18 1 21 21 61 21 0 56 57 17 57 60 8 55 17 0 39 55 57 38 55 48 62 43 43 2 37 57 61 44 48 61 37 61 38 55 48 44 3 39 17 18 37 24 18 51 46 54 54
split_gain=122184 5371.74 2799.97 851.458 729.872 586.506 516.083 476.103 412.123 365.385 346.467 285.309 263.51 248.852 246.661 240.369 226.994 214.47 204.034 199.959 192.279 190.361 212.841 229.75 189.462 235.854 181.26 187.804 175.417 173.262 172.816 171.561 243.177 165.263 163.704 166.875 215.685 161.25 159.053 155.28 157.307 169.469 163.403 156.382 153.745 152.861 148.456 186.383 142.639 142.37 137.188 138.759 143.814 151.147 136.277 135.964 134.496 132.83 131.422 129.996 129.052 129.035
threshold=0.0014935000000000003 1.5313060000000003 423614.68974100001 -0.71473537162315137 0.0019785000000000007 661548.79444100009 0.24492100000000003 0.90916750000000002 -0.031564354999999995 0.91080963307804874 0.90916750000000002 0.0020565000000000006 0.04381100000000001 0.29436000000000001 0.0035395000000000005 0.0010785000000000002 0.0015885000000000003 0.47136869107721086 0.0018245000000000004 55.655000000000008 0.033741560000000004 0.027071500000000002 0.0050975000000000005 0.0048035000000000013 -0.42261826174069955 710209.30070000014 551.31650000000013 0.0034885000000000007 49.785000000000004 0.00020289500000000003 1091.2880000000002 0.00055150000000000002 2.7665970000000004 31.656500000000005 4420332.2102645012 1.0000000180025095e-35 -0.10929609987921952 0.39362034313725497 -0.12887199999999996 0.057886500000000007 0.033188000000000009 0.33172980431441496 -1.5067154459658827 150215.91622200003 -0.96863394805116465 0.0047905000000000005 -0.72236396205975562 1.1899780000000002 307.45350000000002 4686884.0353035005 3.0009710861036187 0.051862494997999213 0.00024540500000000003 0.00020250000000000002 0.19020450000000003 0.00022750000000000003 0.53350132707857545 0.54478850000000012 0.30063150000000005 4.285000000000001 47.07500000000001 23.200000000000006
decision_type=2 2 2 2 2 2 2 2 2 2 2 2 2 2 2 2 2 2 2 2 2 2 2 2 2 2 2 2 2 2 2 2 2 2 2 2 2 2 2 2 2 2 2 2 2 2 2 2 2 2 2 2 2 2 2 2 2 2 2 2 2 2
left_child=1 3 14 8 16 11 -5 19 -1 12 13 18 17 -10 26 -12 44 59 -3 37 -11 22 23 -6 25 -21 -2 38 -19 -17 46 32 -15 39 35 36 -35 55 -28 -33 42 43 -41 -42 -4 48 -18 -48 -7 -13 57 52 53 -52 -25 -8 58 -38 -56 -9 -47 -20
right_child=2 5 4 6 21 45 7 9 10 20 15 49 -14 31 -16 29 30 28 61 24 -22 -23 -24 54 -26 -27 27 -29 -30 -31 -32 33 -34 34 -36 -37 50 -39 -40 40 41 -43 -44 -45 -46 60 47 -49 -50 -51 51 -53 -54 -55 56 -57 -58 -59 -60 -61 -62 -63
leaf_value=0.049958911723083685 -0.02673230912137416 -0.0063987664353178609 0.074727528241024979 0.043303788322295166 -0.022835020036858843 0.042063361601353412 0.10622713073974498 -0.0066996079313325812 0.00049479441997092642 0.11851557990561544 -0.010493482973740833 -0.02009130901061295 0.098829030414973304 0.017752144476576345 -0.035809445388752269 0.080002965554263325 0.061639701400140232 0.049246550353034983 0.015527811091989504 0.048773538223193462 0.022139162455696769 -0.032212864947743239 -0.018620057156153606 -0.033619280690794916 0.092014380478489755 0.08562979945803019 0.099455073236464284 -0.019205319469426767 -0.0059699110799248866 -0.010256401625761122 0.092889811723713592 0.092236596097923937 0.11744843030095894 -0.015488369389759017 0.052914725014522081 0.085067630041140693 0.062248019639261756 0.10557581766682941 0.00921682449556426 0.016373100417000783 0.084046623689385647 0.007399333523576984 0.10634174311712108 0.011861054853404914 -0.018580648847507535 0.080180610067814476 0.086533552397257407 0.0081100769169220287 -0.026213934336614904 0.058623565693217007 0.072865825141357754 0.0073505205183652667 0.097583281902646188 0 -0.024436275974590776 0.09450665830388924 -0.00037622128570165183 0.11395084539029617 0.064085753438554216 0.071311812986044262 -0.0037417632291937755 0.077412257735493428
leaf_weight=359.18135951459408 1389.2031362354755 92.282905757427216 18.802617117762566 188.68544200062752 84.411377429962158 158.25891830027103 1071.556705892086 19.641828924417496 32.368140608072281 171.60921974480152 54.182074695825577 357.61036458611488 129.90100395679474 79.478027433156967 7735.349131911993 106.29197491705418 171.21292056143284 125.49509739875793 54.41545632481575 217.37578079104424 22.34776109457016 177.99768148362637 228.35958132147789 22.6546880453825 6491.7616619616747 656.88959801197052 25.335205033421516 130.7608073502779 85.837584719061852 22.343706578016281 72.305815249681473 3213.2803309708834 30.250422596931458 27.507996410131454 198.18061080574989 2573.9478766918182 98.896969750523567 1688.4945961833 56.248893141746521 22.309821262955666 130.96673820912838 54.856925114989281 137.38304699957371 35.683914363384247 79.490164741873741 142.73357509076595 32.579964950680733 153.12237806618214 32.012949466705322 20.819769844412804 57.950971201062202 48.699154332280159 73.72841189801693 44.781766682863235 15.772354423999785 14474.486595883965 50.141953140497208 97.563550680875778 146.49888837337494 294.22360737621784 17.764452517032623 73.720040291547775
leaf_count=1536 9242 549 65 873 547 730 2831 118 181 391 328 2312 377 396 53838 367 689 542 285 913 107 1207 1481 156 19552 2106 73 841 497 135 225 9781 68 162 813 8317 375 4490 311 111 422 288 364 182 506 503 108 852 210 89 203 255 210 244 103 42705 289 237 576 1077 105 255
internal_value=0.0610744 0.0887266 -0.0279293 0.0907428 0.0141473 0.0183144 0.0933632 0.0937315 0.0817697 0.071285 0.0833584 0.00020344 0.0602996 0.0844368 -0.0335816 0.0419176 0.0409724 0.0505431 0.027314 0.094502 0.107735 -0.00533663 0.00338382 0.0192145 0.0901956 0.0765664 -0.0227869 0.00288882 0.0267553 0.0641355 0.05037 0.0848247 0.0463203 0.0854333 0.0802806 0.0820465 0.0645155 0.0963355 0.0384677 0.090019 0.0710552 0.0539297 0.0941395 0.0689318 0 0.0490605 0.0414369 0.0224193 0.030342 -0.0155386 0.0698306 0.0530688 0.0654044 0.0413033 0.0344741 0.0953232 0.0420006 0.088523 0.0552009 0.0663288 0.0707404 0.0516878
internal_weight=44678 34087.8 10590.2 33138.1 1253.35 949.618 25638.3 25449.6 7499.83 849.056 7140.65 598.849 655.099 6957.83 9336.9 182.818 527.514 525.198 220.418 24600.6 193.957 725.837 547.839 319.479 7366.03 874.265 1601.55 212.345 211.333 128.636 429.221 6925.47 109.728 6815.74 3221.26 3023.08 449.129 17234.5 81.5841 3594.48 381.2 221.508 159.693 166.651 98.2928 350.77 356.915 185.702 190.272 378.43 421.621 225.16 176.461 102.733 235.068 15546 212.413 196.461 162.271 313.865 160.498 128.135
internal_count=177701 106592 71109 101554 6804 5038 76579 75706 24975 3109 23439 3490 2611 22609 64305 830 2445 2234 1089 72597 498 4359 3152 1671 22571 3019 10467 1225 1039 502 1874 22428 464 21964 10816 10003 1686 50026 384 11148 1367 892 475 604 571 1548 1649 960 940 2401 1524 912 657 447 1124 45536 968 612 679 1195 608 540
is_linear=0
shrinkage=0.03


Tree=2
num_leaves=63
num_cat=0
split_feature=1 17 8 18 18 1 60 61 8 56 56 43 21 60 37 4 60 61 55 8 17 0 1 61 43 60 3 20 45 51 17 1 24 6 21 62 55 18 27 25 20 45 55 51 55 48 48 51 48 48 1 62 45 17 2 44 37 2 37 46 61 43
split_gain=106487 5405.68 1885 915.846 829.404 574.184 548.521 512.245 475.696 266.176 255.128 230.338 218.783 206.508 242.334 185.9 235.42 162.391 174.708 158.637 156.503 153.94 149.438 147.334 148.781 144.302 151.16 143.093 134.218 141.404 173.354 161.898 134.148 208.346 187.267 133.252 132.723 132.253 130.872 132.694 154.149 142.06 258.011 152.948 124.711 175.3 134.322 170.873 119.47 119.449 118.049 117.676 112.989 112.187 110.191 109.438 109.315 110.112 107.752 124.256 106.821 105.182
threshold=0.0016025000000000002 0.0017565000000000002 329356.29381000006 0.90916750000000002 0.24492100000000003 0.0021995000000000005 -0.72982064943493963 0.3007057995042734 516131.81371250004 -0.029077004999999996 0.11573081500000001 -0.19766097877335545 0.0017785000000000003 0.91080963307804874 0.0036265000000000004 0.10996832184074061 -0.42261826174069955 0.48098876891938797 36.523000000000003 591752.36729650002 0.0014325000000000002 48.225000000000001 0.0037785000000000002 0.68355163169896505 -0.030632407881238905 0.89194178735545526 0.20301629129552837 69.305000000000021 -3.3357999999999994 3.8163280000000004 0.00023750000000000003 0.00057750000000000011 4.8651300266149837 37.765000000000008 0.0012335000000000002 1.0000000180025095e-35 1091.2880000000002 0.14085650000000002 -1.4398999999999997 15.935300000000002 51.165000000000006 19.632150000000006 196.19000000000003 1.0530050000000004 326.97500000000008 2559107.7493070005 5920150.1833400009 5.0041125000000006 5341746.6124515003 1855248.0984135002 0.0034205000000000004 1.5000000000000002 -4.8151499999999992 0.0026725000000000004 -0.14825949999999996 7.8006398004576605 0.00013250000000000005 -0.25863699999999995 0.061600500000000009 33.595000000000006 -0.17364817766693072 0.7688169533599718
decision_type=2 2 2 2 2 2 2 2 2 2 2 2 2 2 2 2 2 2 2 2 2 2 2 2 2 2 2 2 2 2 2 2 2 2 2 2 2 2 2 2 2 2 2 2 2 2 2 2 2 2 2 2 2 2 2 2 2 2 2 2 2 2
left_child=1 3 50 4 37 19 9 13 11 28 21 53 -10 14 20 -8 23 18 52 -4 32 35 44 55 -25 26 -23 36 29 31 -31 -6 33 34 -5 -9 60 -1 -20 40 -40 48 -43 -44 -7 -46 47 -47 -42 -26 -2 -39 54 -3 -11 -17 -18 -58 -41 -60 -21 -19
right_child=2 8 5 7 6 22 15 10 12 17 -12 -13 -14 -15 -16 16 56 61 38 27 -22 25 -24 24 49 -27 -28 -29 -30 30 -32 -33 -34 -35 -36 -37 -38 51 39 58 41 42 43 -45 45 46 -48 -49 -50 -51 -52 -53 -54 -55 -56 -57 57 -59 59 -61 -62 -63
leaf_value=-0.0090588196090902531 -0.025249254599685213 0.10340886239970588 0.0048649324987326166 0.1004113866662656 0.041121225837133034 -0.016101524628264013 0.088797844360029549 -0.0097095519070618374 0.0023515111753275642 0.088760764104707665 0.086819981263282248 -0.015817710710571399 0.048532567916262488 0.096681784972939736 0.079808186049739119 0.081993175560108544 0.037864116806408686 0.068744795494932467 0.096724283612215897 0.043063861090159389 -0.019129067230235615 -0.0082986208277488413 -0.031227175188333362 0.091613361001215615 0.057656752933586713 0.077016899444715931 0.066180169391460389 -0.009745369976689771 0.031278843757494151 0.081782347565899652 -0.013021997512432907 0.11134594094734551 0.13384295278696545 0.013067162309086489 -0.0019847487689981188 0.056441967386702353 0.088425297898800145 0.0084969664090036572 0.062938746949222912 0.016362221073182377 0.084117079363560388 0.092594178138850264 0.097328734976661474 -0.016018366561131838 -0.020830198046462169 0.078562354438310597 -0.009615852205027765 -0.0013341997208499861 0.037525896517838109 -0.0035427020052491375 -0.035699675759274886 0.059331161375012161 0.085778071374920523 0 -0.025873047411428235 0.0086972569207553491 0.053732829136365637 0.085760213332947463 0.089875750215271721 0.0094504276010989163 -0.0049699532557035426 0.0026037742933090122
leaf_weight=61.571247965097427 1157.0514643639326 21.596177473664284 251.43427130579948 66.02925731241703 50.059753939509392 369.22933734953403 14171.663025334477 31.770363017916679 140.40231381356716 12.149266049265863 70.998100280761719 469.85688358545303 277.36005422472954 241.71258822083473 324.4176878631115 909.05273635685444 48.180085405707359 1077.676003023982 237.84365485608578 233.19723933935165 33.944446578621864 189.52355344593525 292.75250387191772 123.79819040000439 518.09566004574299 24.311391219496727 27.131868958473206 52.459125488996506 167.68118742108345 31.475096479058266 35.834605097770691 85.276049956679344 15.128632277250288 106.02728320658207 20.345569089055061 160.88745725154877 49.374808818101883 65.857387587428093 778.27623148262501 70.436925977468491 1428.3189588189125 59.323289483785629 12.314316004514692 53.196718469262123 91.86582937836647 67.019483432173729 47.627734765410423 36.122748851776123 56.13035324215889 29.290645405650139 7459.2328202426434 116.34502221643925 3216.1500881314278 15.64120230078697 16.357589587569237 19.904602885246277 108.88617780804634 10277.561959460378 61.703711628913879 25.42790812253952 49.124087885022163 23.127374604344368
leaf_count=375 7777 56 1423 172 213 2363 38605 186 800 32 202 2981 1165 607 1025 2686 193 3621 614 1033 211 1113 2039 341 1896 75 102 314 753 99 206 205 22 539 110 631 141 352 2730 330 4169 157 28 301 600 231 294 214 242 156 53175 460 9177 94 97 96 396 28880 169 123 295 117
internal_value=0.0569945 0.0810867 -0.028839 0.0829647 0.0839192 0.00171018 0.0843186 0.058203 0.0094435 0.0770736 0.0342746 -0.010035 0.0331263 0.0730564 0.0627595 0.0863875 0.0835396 0.0783772 0.080368 0.0235597 0.0394965 0.0254223 -0.0136173 0.0725202 0.0613749 0.00921653 0.00115177 0.0356733 0.0517563 0.0683165 0.0314191 0.0860825 0.0492751 0.0418128 0.076202 0.0453845 0.0429543 0.0284486 0.0746416 0.072529 0.0743226 0.0797669 0.0477875 0.0059798 -0.00510557 0.0115017 0.031407 0.0505486 0.082402 0.0543268 -0.0343029 0.0412675 0.0852459 0.0606518 0.0233181 0.080466 0.0852194 0.0854325 0.0448649 0.0671189 0.034612 0.0673861
internal_weight=46342.5 36186.1 10156.5 35261.2 33949 1540.21 33705.2 1312.23 924.857 7498.76 504.623 507.094 417.762 807.605 565.893 26206.4 12034.8 7128.43 6027.63 635.59 241.475 433.625 904.618 1600.14 671.184 240.967 216.655 384.155 370.327 202.646 67.3097 135.336 207.531 192.402 86.3748 192.658 331.696 243.774 2782.97 2545.13 2387.56 1609.28 124.834 65.511 611.865 242.636 150.77 103.142 1484.45 547.386 8616.28 182.202 3244.66 37.2374 28.5069 928.957 10434.6 10386.4 157.569 87.1316 282.321 1100.8
internal_count=177809 107910 69899 102814 97819 8947 96632 4995 5096 23383 2309 3131 1965 2686 2079 73249 34644 21907 18169 3206 1054 2107 5741 5175 2393 1290 1215 1783 1476 723 305 418 843 821 282 817 1469 1187 8863 8249 7627 4897 486 329 3702 1339 739 445 4411 2052 60952 812 9306 150 129 2782 29469 29276 622 292 1328 3738
is_linear=0
shrinkage=0.03


Tree=3
num_leaves=63
num_cat=0
split_feature=1 17 8 17 61 60 1 8 19 1 45 56 61 57 57 56 61 21 1 47 47 21 58 21 57 57 0 1 61 60 35 36 2 43 26 0 60 37 48 45 47 58 41 44 48 0 39 27 56 37 37 52 2 52 42 47 8 25 61 42 24 61
split_gain=94331.7 4758.81 1954.09 666.11 634.19 469.393 432.728 416.592 340.509 299.83 284.24 240.139 217.516 224.196 233.443 206.233 194.699 191.932 182.043 181.372 171.398 157.998 151.427 181.779 151.029 149.631 149.666 177.841 228.147 152.723 148.751 145.43 142.807 141.526 139.571 139.023 136.587 203.573 129.181 170.774 126.102 125.996 125.025 124.999 180.101 120.012 142.829 136.743 119.315 116.66 197.707 141.406 113.12 113.036 112.055 111.63 110.517 109.507 108.194 108.184 107.084 105.619
threshold=0.0016025000000000002 0.0017565000000000002 388743.34835600009 0.00060050000000000001 0.24825246871434672 -0.69930991848440838 0.0026125000000000007 582395.29033650004 -0.00012778999999999997 0.0010665000000000004 12.784150000000002 0.0070810500000000011 -0.83146961230254512 0.019434000000000003 0.0038765000000000002 -0.038268619999999996 -0.93585024503435343 0.0018705000000000002 0.0034205000000000004 0.73505000000000009 2.2492000000000005 0.0016975000000000002 0.71485400000000021 0.0017785000000000003 0.00053150000000000018 0.10648750000000003 52.395000000000003 0.00098650000000000018 -0.72982064943493985 -0.53729960834682411 -15.680999999999999 0.00028875000000000005 -0.22600949999999995 -0.10929609987921952 32.07500000000001 41.955000000000005 0.87137607974597331 0.00043350000000000002 2559107.7493070005 0.59425000000000006 1.3261500000000004 2.3427300000000004 0.017965500000000002 2.0002102513028253 3298882.5200280002 48.785000000000004 -1.0384999999999998e-05 -0.15834999999999996 -0.0090404399999999985 0.012149500000000002 0.0071905000000000016 7.1950000000000012 -0.081078999999999984 14.305000000000001 0.29973650000000007 0.73505000000000009 1013579.3516685001 -1.7084999999999997 -0.95688340256707749 -0.49764049999999993 -0.80260964615346186 -0.23768589232617329
decision_type=2 2 2 2 2 2 2 2 2 2 2 2 2 2 2 2 2 2 2 2 2 2 2 2 2 2 2 2 2 2 2 2 2 2 2 2 2 2 2 2 2 2 2 2 2 2 2 2 2 2 2 2 2 2 2 2 2 2 2 2 2 2
left_child=1 3 18 5 10 9 12 17 11 15 21 31 41 14 -14 -1 -9 -3 -2 42 45 36 -18 -24 56 26 27 -10 -29 40 -22 -7 -31 -25 -27 -16 37 -5 -37 -40 -28 52 -6 -8 -45 47 -47 -21 60 50 51 -19 -4 -32 -54 -38 -17 61 -12 -39 -34 -23
right_child=2 7 6 4 19 8 43 16 25 -11 58 -13 13 -15 35 24 22 49 -20 20 30 57 23 33 -26 34 29 28 -30 32 53 -33 48 -35 -36 38 55 59 39 -41 -42 -43 -44 44 -46 46 -48 -49 -50 -51 -52 -53 54 -55 -56 -57 -58 -59 -60 -61 -62 -63
leaf_value=0.04583231451503348 -0.023124068847740285 -0.027666409717937417 0.073038146001181678 -0.023274547740179563 -0.013554959533342108 0.069623259294204903 -0.025696264246209743 0.071266921832158533 0.08238644851632454 0.0046484465251624132 0.069365723915867844 -0.023463392130893108 -0.021512215108692355 -0.021422731312981988 0.080170779651248913 -0.0018608026544655856 0.10046666634797832 0.081777198235523402 -0.03546621706967381 0.015093352453260857 -0.011723666428436995 0.025541057526905334 -0.01959902241377379 0.085510391978414022 0.073235901101513692 0.01530644634837802 0.046648299595135702 0.083592747196983425 0.0049697510865213158 0.054145274021053048 -0.018181330322357827 -0.02555527174489463 0.10253189923539154 0.01863686787747558 0.073884210754453783 -0.0042160325682572795 0.022863120126562858 -0.0030691691829990366 0.0025592702079879231 0.070638844988302904 0.073689608294693995 -0.027540721812596116 0.072897663683064884 -0.029828181045099395 0.044818508813437546 0.084243967205855183 -0.001409400021058342 0.11334877046897493 0.077571141151385636 -0.01474157685269617 0.064024543590962379 -0.013338436388451771 0.011694414421229347 0.050898851005284816 0.063814146077371722 0.10278231718432709 0.071467592304140529 0.084314980570883893 -0.014161894803724383 0.061427200675878056 0.081692345791769191 0.09756872605209195
leaf_weight=276.31520147621632 1285.8569029718637 247.52835696935654 95.185010835528374 33.498812183737755 107.25146244466305 110.7046128064394 346.72804354131222 89.025214344263077 15830.639254361391 61.199038907885551 18.323551297187805 43.199838235974312 85.683113232254982 158.30637139081955 49.532355979084969 42.858018755912781 19.077792748808861 15.263676568865774 7399.7727382928133 17.533768773078918 71.413000017404556 64.255650043487549 91.8443403840065 34.854470789432526 7709.5362611562014 65.552744269371033 272.21535430848598 70.234516173601151 64.096770212054253 232.69072622060776 24.123103559017181 15.573316767811773 364.18028309941292 154.10625919699669 88.511023312807083 85.71145236492157 21.636208012700081 25.179098978638649 58.168945237994194 79.410227626562119 420.94910764694214 21.062808111310005 16.472073867917061 52.863820895552635 61.81419825553894 29.583518177270889 39.381080821156502 59.197317898273468 8730.8509281426668 122.42980214953423 65.969979807734489 103.02703733742237 103.72251246869564 132.7626174390316 59.031545132398605 79.988044023513794 30.494565770030022 764.89063106477261 48.396314218640327 213.70820881426334 812.25116612017155 26.404913663864136
leaf_count=1095 8696 1682 326 205 633 367 2358 301 40862 314 56 258 550 1019 162 219 51 47 54014 86 406 281 580 99 22531 283 1017 184 332 787 143 91 746 747 247 501 91 140 315 274 1230 137 49 367 292 86 218 122 23827 771 260 645 542 507 217 164 91 2012 267 721 2113 56
internal_value=0.0536723 0.0752081 -0.0285854 0.0769028 0.0589172 0.0778158 0.00634704 0.00861607 0.0797311 0.0714059 0.0699885 0.0367005 0.0197571 0.00812965 0.0212859 0.0719085 0.0323921 -0.00804237 -0.0336454 0.0299399 0.0403346 0.0732624 0.0205532 0.0146802 0.0728244 0.0799992 0.0801721 0.0820903 0.046613 0.0773352 0.0237361 0.057541 0.0782925 0.0315151 0.0494128 0.0348662 0.0563913 0.0447924 0.0243699 0.0422972 0.0631958 0.0410822 -0.00131227 -0.0167098 0.0101884 0.0658001 0.0355832 0.0917655 0.0788511 0.00773704 0.0228336 -0.000231033 0.0468863 0.040039 0.0310559 0.0864481 0.0287714 0.0805283 0.0090202 0.0545197 0.0882506 0.047682
internal_weight=47922 37979.2 9942.85 37036.1 1794 35242.1 1257.22 943.127 27121.6 8120.4 1296.28 169.478 795.814 516.812 358.506 8059.2 388.908 554.219 8685.63 497.718 373.994 1229.56 299.883 280.805 7782.89 26952.2 26798.1 15965 134.331 10833.1 228.299 126.278 10140 188.961 154.064 272.823 374.01 272.386 223.291 137.579 693.164 279.002 123.724 461.406 114.678 145.696 68.9646 76.7311 9907.28 306.69 184.261 118.291 257.939 156.886 162.754 101.624 73.3526 855.551 66.7199 238.887 1176.43 90.6606
internal_count=177790 108020 69770 102837 6243 96594 7060 5183 72344 24250 3993 716 4043 2821 1802 23936 1778 3405 62710 2250 1568 3670 1477 1426 22841 71628 71098 41378 516 29720 1056 458 27473 846 530 1252 1321 1066 1090 589 2247 1222 682 3017 659 512 304 208 26686 1723 952 692 1085 650 759 255 310 2349 323 861 2859 337
is_linear=0
shrinkage=0.03


Tree=4
num_leaves=63
num_cat=0
split_feature=1 18 8 1 8 18 18 60 60 1 41 48 55 17 37 56 4 18 57 61 57 22 8 56 57 17 57 37 57 53 41 41 26 2 55 60 57 17 18 48 48 4 56 60 62 39 1 51 61 55 55 6 60 54 59 52 23 22 60 46 43 59
split_gain=83031.4 3273.16 2585.03 602.693 469.993 452.189 460.1 393.371 321.773 274.965 255.52 259.942 232.855 209.277 203.028 201.599 192.262 174.606 163.074 161.659 190.153 148.818 145.904 145.759 144.813 161.181 169.82 141.518 134.551 136.741 131.005 152.029 130.913 140.9 130.245 124.439 123.272 122.312 119.23 117.018 148.39 115.913 129.158 114.211 112.547 134.345 138.702 137.908 112.292 108.766 126.627 108.063 127.485 107.482 147.633 107.191 105.892 105.334 108.33 105.103 103.945 145.965
threshold=0.0014935000000000003 1.6254020000000002 415063.42615900008 0.0020475000000000003 582395.29033650004 0.24492100000000003 0.90916750000000002 -0.65106671239330405 0.90159026428466926 0.0033105000000000005 0.020777500000000004 1962444.9160540004 512.63300000000015 0.0034885000000000007 0.0045595000000000002 -0.082706089999999982 -0.446138938580799 1.2074580000000001 0.0138335 -0.94331137514050678 0.020941500000000005 1.2200050000000002 591752.36729650002 0.033741560000000004 0.027071500000000002 0.0055075000000000011 0.0048035000000000013 0.0065725000000000011 0.10648750000000003 26.045000000000005 0.0035765000000000003 0.015255500000000002 2.2250000000000005 0.36580000000000007 31.656500000000005 -0.81279832427823717 0.00053150000000000018 0.0020565000000000006 0.66832800000000014 304166.83063250006 1324127.7968430002 -0.30500805350526256 -0.010146384999999999 0.92794370089704281 1.0000000180025095e-35 6.4550000000000009e-06 0.00027950000000000007 0.7970600000000001 0.010907442517280267 122.61150000000002 -36.309499999999993 66.485000000000014 -0.5 6.285000000000001 -0.0013625249999999996 24.860000000000003 -0.069223709467543929 -0.18911499999999998 0.89194178735545526 20.100000000000005 0.084554140932650582 1.7460000000000002e-05
decision_type=2 2 2 2 2 2 2 2 2 2 2 2 2 2 2 2 2 2 2 2 2 2 2 2 2 2 2 2 2 2 2 2 2 2 2 2 2 2 2 2 2 2 2 2 2 2 2 2 2 2 2 2 2 2 2 2 2 2 2 2 2 2
left_child=1 5 9 19 21 32 7 15 10 12 11 41 -2 18 17 16 -7 55 27 -4 22 37 -21 -10 25 26 -5 -14 51 43 -28 57 -1 59 -17 -12 -36 -3 -24 -35 -41 42 -8 -30 45 46 -38 -48 -40 50 -6 -9 -53 54 -46 -13 -44 58 -32 -34 61 -56
right_child=2 4 3 24 49 6 8 28 23 -11 35 14 13 -15 -16 34 -18 -19 -20 20 -22 -23 38 -25 -26 -27 30 -29 29 -31 31 -33 33 39 36 -37 44 -39 48 40 -42 -43 56 -45 53 -47 47 -49 -50 -51 -52 52 -54 -55 60 -57 -58 -59 -60 -61 -62 -63
leaf_value=-0.0084836004430470079 -0.025645229674396423 0.012413193956867531 0.061936711834912943 -0.021621777276866792 -0.015336365309585971 0.065626405406167973 0.0016544252686155495 0.075631127795561678 0.091688263227268391 -0.035166429055696051 0.010252828772786739 0.08989876073699242 0.0016616552311545694 -0.016346042418660507 0.072402860230900493 0.070846472748747349 -0.011316318660398415 -0.0059282723734453329 -0.026931648703289974 0.0044956877368862256 -0.0041067332042222047 0.11199865971586996 0.082085082250836675 0.019421425618234667 -0.03146408241256244 -0.02020259307202572 0.066884612914976646 0.097824335547193081 -0.01573548396552581 0.071182565879764015 0.0092188466241436631 0.082510921331962306 0.074961441723210481 0.12446400429214878 -0.012893254077692233 0.088303906112722166 0.070674124078550227 -0.019394454561631025 0.043405797749833885 -0.011848834110080145 0.083431482214643041 0.0070225207917285117 -0.0038517174592681397 0.057818830411632778 0.0084594289280245372 0.064338627619265509 0.061449512603485835 0.010701593421177951 -0.033126505177116301 0.018582956513652351 0.060329244878870814 0.05708186614000571 0.072365740032167919 0.068235664150919736 0.066079640261351796 0.028209770347662928 0.067736044500208981 -0.014762952084445247 0.10335090944782842 0.00012523462531126544 0.079694106601575943 0.027346208131265409
leaf_weight=58.758200109004974 1152.5260146409273 159.7055327296257 141.26251511275768 87.344254791736603 21.19251774251461 56.152293309569359 58.800008818507195 17837.570019304752 232.28084234893322 7314.6570853292942 22.140967935323715 44.204748660326004 20.832214087247849 121.04035365581512 257.36075195670128 4735.79442101717 58.196203753352165 71.072624310851097 20.593834698200226 92.185562625527382 139.84015257656574 8.2976875603198987 71.249719128012657 30.058602467179298 164.56174847483635 203.18412189185619 55.864994809031487 43.96151801943779 43.396948635578156 87.775828093290329 40.442101374268532 24.317331418395042 20.996708393096924 25.395221307873726 18.006915509700775 156.22684769332409 84.553720191121101 331.58833889663219 160.64324590563774 23.457064017653465 35.457344487309456 224.52465555071831 21.345837995409966 31.825029373168945 60.332397431135178 394.33183099329472 67.783113166689873 169.80000355839729 18.130152747035027 154.16907352209091 185.75205293297768 564.4358181655407 8821.4473330676556 3086.9202421158552 210.23820342123508 65.713703393936157 108.17771425843239 102.23991164565086 14.703460201621054 76.282439962029457 157.05912226438522 159.40428692102432
leaf_count=332 8014 811 488 572 128 178 304 44515 473 54653 108 109 121 803 744 12870 309 392 139 504 810 18 198 128 1166 1373 198 124 219 234 204 73 60 45 96 367 232 2203 657 137 102 1140 114 96 267 1173 205 764 123 750 658 1765 22932 8752 603 282 334 627 34 406 397 628
internal_value=0.0502615 0.0700107 -0.026912 0.0122431 0.0120988 0.0713152 0.0715759 0.0722008 0.0537856 -0.0328568 0.046079 0.039083 -0.0203862 0.00881354 0.0552055 0.066781 0.0264487 0.0303233 0.0446019 0.033629 0.0251604 -0.00670042 0.0371847 0.0836271 -0.00697926 0.000638883 0.0137862 0.0678577 0.0740295 0.0458457 0.0269661 0.0142299 0.0299104 0.0424765 0.0672791 0.0788938 0.0634249 -0.00898955 0.0490519 0.0707676 0.0454299 0.0218 0.0391295 0.0153407 0.0637476 0.0524428 0.0376341 0.0255027 0.0353364 0.0381365 0.0523998 0.0741954 0.071456 0.0659291 0.0536537 0.0538759 0.0557692 0.0030362 0.0362453 0.0171815 0.0587479 0.0495761
internal_weight=49027.6 39038 9989.58 1315.97 860.705 38177.3 37936.9 36645 1291.91 8673.61 1029.57 851.2 1358.95 206.428 438.352 9258.57 114.348 180.991 85.3876 623.311 482.049 499.592 342.209 262.339 692.658 528.096 324.912 64.7937 27386.5 162.998 237.568 181.703 240.347 181.589 9144.22 178.368 4408.43 491.294 250.023 84.3096 58.9144 412.848 188.324 75.222 4390.42 716.469 322.137 237.583 178.773 361.114 206.945 27223.5 9385.88 3673.95 587.034 109.918 129.524 157.385 55.1456 97.2791 526.702 369.642
internal_count=177261 106380 70881 7027 4568 101812 100730 96235 4495 63854 3894 3419 9201 1187 1527 26474 487 783 384 2780 2292 3032 1482 601 4247 3081 1708 245 69761 549 1136 938 1082 750 25987 475 13117 3014 978 284 239 1892 752 315 13021 2374 1201 969 780 1536 786 69212 24697 10647 1895 391 448 865 238 466 1628 1231
is_linear=0
shrinkage=0.03


Tree=5
num_leaves=63
num_cat=0
split_feature=1 17 8 17 61 1 1 37 60 61 45 37 8 19 48 8 1 55 52 55 48 40 42 57 55 42 39 55 54 62 43 54 20 58 42 0 60 61 43 39 37 23 57 2 25 20 55 53 40 2 20 37 48 48 40 37 57 25 41 37 17 37
split_gain=74691.6 3489.92 1892.7 482.34 507.72 452.913 390.003 359.574 336.48 331.38 305.351 214.878 197.701 176.546 174.905 169.404 165.989 184.468 180.743 149.463 173.521 159.348 233.856 148.256 144.371 231.382 168.958 138.937 134.751 133.63 147.231 141.225 152.537 130.685 129.47 120.926 132.249 129.917 125.893 119.543 151.302 125.529 119.209 117.936 117.809 115.891 114.642 113.524 112.988 123.112 111.829 157.32 109.824 109.761 184.625 150.979 109.022 108.722 107.26 106.607 137.475 142.719
threshold=0.0016025000000000002 0.0017565000000000002 371271.23846150009 0.00060050000000000001 0.20576496797711544 0.0022785000000000006 0.0010665000000000004 0.0054060000000000011 -0.72982064943493963 -0.72982064943493985 12.784150000000002 0.012475500000000002 680962.5396560001 -0.00012778999999999997 16888452.422755506 621377.82430800016 0.0034205000000000004 512.63300000000015 9.5400000000000009 36.523000000000003 3565750.1670470005 40.015000000000008 -0.17086399999999999 0.031172000000000002 108.12400000000001 -0.23303149999999997 0.00023480500000000001 428.03500000000003 82.405000000000015 1.0000000180025095e-35 -0.10929609987921952 6.285000000000001 52.035000000000004 2.0978770000000004 0.20260650000000002 52.255000000000003 -0.53729960834682411 0.68355163169896505 -0.028492707373368734 6.4405000000000004e-05 0.00027250000000000006 0.011514176408382953 0.013110000000000002 0.21047500000000002 3.4007500000000004 40.015000000000008 44.662000000000006 9.0800000000000018 68.895000000000024 0.14801750000000002 45.115000000000002 0.00046450000000000007 12286739.210373502 58650.343029000003 63.155000000000008 0.058989000000000007 0.021285000000000002 0.032650000000000005 0.0014900000000000002 0.0071905000000000016 0.0046085000000000006 0.016574500000000002
decision_type=2 2 2 2 2 2 2 2 2 2 2 2 2 2 2 2 2 2 2 2 2 2 2 2 2 2 2 2 2 2 2 2 2 2 2 2 2 2 2 2 2 2 2 2 2 2 2 2 2 2 2 2 2 2 2 2 2 2 2 2 2 2
left_child=1 3 16 6 10 15 8 14 19 -8 50 33 -13 -10 42 -4 17 -2 -19 21 29 22 -1 -17 25 -6 -27 -22 -7 30 -21 32 -31 43 -14 -15 37 56 -39 40 -32 -41 58 45 -40 -9 -33 -47 49 -42 51 -5 53 54 55 -23 -37 -38 -3 -20 61 -61
right_child=2 7 5 4 24 28 9 11 13 -11 -12 12 34 35 -16 23 -18 18 59 20 27 52 -24 -25 -26 26 -28 -29 -30 31 39 46 -34 -35 -36 36 57 38 44 41 48 -43 -44 -45 -46 47 -48 -49 -50 -51 -52 -53 -54 -55 -56 -57 -58 -59 -60 60 -62 -63
leaf_value=0.064653003585529237 -0.027793639218779229 0.043433597816608528 0.0028436802580679497 -0.028553279394742944 0.062508041398945571 -0.013936669512948214 0.073354045322553962 -0.01522539582057552 0.030688593586081305 0.0032730637787848475 0.00020124921121810596 -0.014677345111566315 0.066101933781880021 0.070918151373390179 0.10045355350566722 0.043540445319428071 -0.034984888369583723 0.076951657753238617 -0.031761638130577821 -0.018230345479141631 0.048457134980402612 0.06948657152803013 0.0023481977008813063 0.00015687325660547805 0.041598680791941074 -0.019490301337702017 0.048538448938411222 0.0036632156818185409 0.094071617766455937 0.021334668055904518 0.099233998462242581 0.026168427534640902 0.058740924736597928 0.08613023966718529 5.0499178422596249e-05 0.081475833670160758 0.072662356273689152 0.074602268706765659 0.013212605941639361 0.080881960977505094 0.046906814708134507 0.037987215145388324 0.012820730400283248 -0.028298903149411393 0.051833596692750387 -0.00046798171641796241 0.06627240494983544 0.08006722257623132 -0.013251595143441479 -0.025018006168575014 0.069395165383799251 0.053654185761277659 0.019612282375911727 0.069662474197716331 0 0.026674245540739366 0.053528930726634692 0.065819793107250057 -0.023994086870979151 0.081740628736568663 -0.02969259435708527 -0.031466798778286446
leaf_weight=143.1822399944067 1042.7010899931192 21.405078768730164 248.60102289915085 21.82632452249527 57.790711715817451 658.12773133814335 97.985381782054901 20.894702613353729 112.26627525687218 159.85351105034351 70.371338233351707 134.40068744122982 64.939579203724861 17367.41239567101 11.939666554331778 330.55348490178585 7016.0775576233864 25.689693853259087 79.601975545287132 29.60304944217205 216.10734108090401 352.19471175968647 88.659386143088341 91.952722117304802 282.80146744847298 156.41733333468437 40.425881430506706 89.751518577337265 9.5107929706573469 151.9032007753849 27.877773225307465 70.326705098152161 302.06433038413525 66.699144780635834 46.428140237927437 225.47069199383259 3185.7625466585159 81.371220394968987 152.20887121558189 157.17354659736156 151.35560055077076 111.19850906729698 135.1811513453722 21.795570462942123 138.56802140176296 19.537392616271973 2338.2322623878717 66.888409748673439 50.861347660422325 23.699126183986664 1024.1358004659414 240.95557571947575 45.769224390387535 3661.7902879416943 51.603691160678864 99.23101618885994 339.30191929638386 7948.9236715584993 348.95637871325016 33.779566869139671 32.048927411437035 12.999603331089018
leaf_count=387 7483 96 1386 134 188 4300 247 125 444 809 339 846 198 41569 22 1310 53734 91 567 158 707 887 396 518 1063 921 149 407 23 610 48 259 874 181 236 505 7551 206 648 368 508 383 730 137 445 108 6251 205 264 127 2666 759 178 9240 225 373 1013 20368 2316 107 231 92
internal_value=0.0475553 0.0652468 -0.0278203 0.0666074 0.0516938 0.0052421 0.0673493 0.00864978 0.0676017 0.030202 0.0614847 0.0285196 0.00961957 0.0691095 -0.00827024 0.0226457 -0.0331937 -0.0229051 0.00461776 0.0621316 0.0575614 0.0659381 0.0410681 0.0341921 0.0268431 0.0102394 -0.00519282 0.0354653 -0.0122148 0.0595211 0.045597 0.0621777 0.0463647 0.0519194 0.0390782 0.0692539 0.0668515 0.055646 0.0414411 0.0493008 0.034055 0.0634271 -0.0110905 0.0334899 0.0318346 0.0464609 0.0651252 0.0617212 0.0254779 0.0369123 0.0648098 0.04663 0.0672903 0.0678022 0.0540896 0.0602218 0.0648633 0.0677866 -0.0199098 -0.00733223 0.01705 0.049653
internal_weight=50407.1 40825.5 9581.64 39866.4 1894.72 1338.75 37971.7 959.066 37713.9 257.839 1357.29 441.584 245.768 29551.3 517.482 671.107 8242.9 1226.82 184.12 8162.58 3720.15 4442.43 231.842 422.506 537.435 254.634 196.843 305.859 667.639 3414.3 551.769 2862.53 453.968 195.815 111.368 29439 12071.6 936.921 372.148 522.166 253.794 268.372 505.543 129.116 290.777 107.321 2408.56 86.4258 225.916 175.055 1286.92 262.782 4210.59 4164.82 503.029 451.426 564.773 11134.7 370.361 158.43 78.8281 46.7792
internal_count=177716 107874 69842 102674 6219 7537 96455 5200 95399 1056 3898 2036 1280 72749 3164 3214 62305 8571 1088 22650 10964 11686 783 1828 2321 1258 1070 1114 4323 9850 1856 7994 1484 756 434 72305 30736 2817 1299 1698 947 751 3142 575 1093 438 6510 313 899 635 3559 893 10903 10725 1485 1260 1518 27919 2412 997 430 199
is_linear=0
shrinkage=0.03


Tree=6
num_leaves=63
num_cat=0
split_feature=1 17 8 18 18 37 60 1 57 60 37 0 8 58 56 51 21 37 54 37 17 25 0 0 8 2 0 59 51 8 59 6 25 19 56 56 24 53 44 42 0 56 56 55 58 8 57 22 48 45 37 24 25 53 17 0 60 38 48 0 0 23
split_gain=67619.6 3914.25 1148.94 538.336 535.274 439.917 371.77 274.154 266.432 238.88 230.267 220.994 186.869 183.063 175.535 173.995 207.376 161.201 151.464 150.908 144.08 160.156 140.365 139.365 139.167 135.433 158.54 132.011 127.448 123.17 122.158 121.678 121.437 118.876 118.485 114.559 111.816 109.86 108.371 107.392 102.615 101.215 100.127 126.214 98.4664 97.9734 108.255 95.0072 93.9681 93.9063 89.6394 86.5568 83.4371 82.9126 81.0287 156.877 119.375 116.5 108.201 157.45 106.872 97.2847
threshold=0.0017815000000000003 0.0019015000000000002 329356.29381000006 0.19020450000000003 0.9754965000000001 0.0051850000000000012 0.87137607974597331 0.0035395000000000005 0.027071500000000002 -0.59130964836358257 0.0045595000000000002 49.375000000000007 442028.22528350004 1.7510210000000004 -0.082706089999999982 2.6932870000000002 0.0012095000000000003 0.012149500000000002 31.905000000000005 0.0099420000000000012 0.0050975000000000005 0.10165 41.715000000000011 40.57500000000001 329356.29381000006 -0.30468849999999997 61.905000000000008 0.00026433000000000007 6.2040780000000009 741040.34178100002 -4.3469999999999995e-05 81.215000000000018 0.35525000000000007 -6.1954999999999985e-05 0.069428530000000002 0.033741560000000004 -3.9935531376069506 25.355000000000004 -4.2866540549159042 -0.16018699999999997 39.595000000000006 -0.0061401949999999993 -0.00042259499999999995 1901.1110000000001 3.1649750000000005 591752.36729650002 0.0048035000000000013 0.82458850000000006 138475.72550250002 -1.9828999999999997 0.041488500000000005 4.8651300266149837 -0.40359999999999996 23.590000000000003 0.00013350000000000002 45.57500000000001 -0.9108096330780483 0.094845000000000013 138475.72550250002 59.395000000000003 60.025000000000013 0.26195795390469356
decision_type=2 2 2 2 2 2 2 2 2 2 2 2 2 2 2 2 2 2 2 2 2 2 2 2 2 2 2 2 2 2 2 2 2 2 2 2 2 2 2 2 2 2 2 2 2 2 2 2 2 2 2 2 2 2 2 2 2 2 2 2 2 2
left_child=1 3 -2 28 9 29 10 8 15 14 11 24 17 30 22 40 -17 31 51 45 21 36 -5 -22 -6 -21 -27 -23 -1 44 -13 41 37 39 -26 -8 -18 -31 -19 -11 -4 -7 48 -44 -3 46 -12 -15 -35 -20 -42 -14 -41 -32 55 -16 -57 60 59 -58 -56 -60
right_child=2 5 7 4 6 12 35 -9 -10 33 19 13 18 47 54 16 20 38 49 25 23 27 -24 -25 34 26 -28 -29 -30 32 53 -33 -34 42 -36 -37 -38 -39 -40 52 50 -43 43 -45 -46 -47 -48 -49 -50 -51 -52 -53 -54 -55 57 56 58 -59 61 -61 -62 -63
leaf_value=-0.0033714385180775917 -0.033753923097935616 -0.02319373289749406 0.044272220634280698 0.068938360266866505 -0.033314210941182414 -0.0033919852501684044 0.076895101681432959 -0.02743617540935666 -0.026540242090298396 0.072126292007598819 0.078852370146325235 -0.010608248603085894 0.058666397841144413 -0.026964792975250416 0.074666773725000177 -0.03031302659973388 0.0021851471321573477 0.06392392034910574 0.063686455055906921 0.073957190613593571 0.094796632032842026 -0.0059986574311242623 0.0038373449265625015 -0.010950834070883833 0.0332945850339453 0.018009331037451837 0.084038470487418152 0.086410139503844616 0.06343146629317073 0.052292211949240788 0.069380049285592382 -0.0062382015371403015 -0.035169212837510906 0.080516805746261341 0.087999736313725901 0.018118210164853699 0.065456144840819158 -0.010898047079546981 -0.029205072321494385 -0.035718933150295722 -0.017071326484125876 0.078782882033440638 0.064081844389520026 0.0042668446003644375 0.069947381427629365 0.079192216851547897 0.00056601665084718021 0.065762377712224707 0.067215695108056042 -0.011709585719732666 0.038245967707195856 -0.0010230877784702084 0.033719679705086048 0.0079871078894827689 -0.018007735143794758 0.067218478147503716 0.047177444952310923 0.058595709076042696 0.063755187302305547 -0.0049123446284386058 0.080651687038916481 0.0041920177934205568
leaf_weight=138.36827966570854 7742.3510114550591 420.17944864928722 32.855930060148239 43.643588244915009 16.978505954146385 17.637692153453827 318.08384853601456 311.35842074453831 192.57154381275177 65.489067390561104 27.147169008851051 47.439728125929832 205.02070139348507 137.28848938643932 952.16043524444103 54.060557693243027 30.408890247344971 11.411224707961081 18.071868658065796 67.158217117190361 11.692971810698507 80.979152634739876 93.377762839198112 94.934127762913704 98.72299337387085 263.64545777440071 37.02832892537117 15.675599753856657 30.362991169095039 63.509907007217407 57.809987336397171 46.813017725944519 35.657981500029564 579.18191257119179 59.624266356229782 35.233843207359314 180.48618033528328 38.599237635731697 109.11457577347755 16.772862985730171 241.95152059197426 47.422327563166618 22365.497288987041 33.018449455499649 9.3701245933771116 166.79765638709068 38.364487916231155 9.6062747687101346 5831.7659188807011 65.46771927177906 28.351154834032059 23.321342900395393 114.00105331838131 32.056611195206642 33.393498465418816 902.9932604432106 352.76603193581104 7876.1256626397371 492.58252914249897 59.86049322783947 12.764569178223608 27.271597266197205
leaf_count=755 60178 2869 140 116 111 107 681 2291 1330 158 68 264 692 838 2105 365 161 46 60 171 41 466 437 620 388 1133 83 41 104 248 173 288 234 1122 128 144 620 229 766 92 1532 142 53606 132 33 374 192 26 13365 367 129 122 411 155 160 2174 1065 21133 1270 265 24 113
internal_value=0.0452093 0.0610256 -0.029408 0.0625161 0.0627348 0.00543591 0.0444491 -0.00299499 0.00488859 0.0633813 0.0354474 0.0192935 0.0247006 0.00280146 0.0595126 0.0127975 0.0242539 0.00415955 0.0398487 0.0477138 0.0315044 0.0418966 0.0251397 0.00113998 0.0456894 0.0354165 0.026492 0.00941251 0.00877581 -0.0130047 0.0276951 0.0300636 0.0114766 0.0648249 0.0545046 0.0711861 0.0565281 0.0282401 -0.0196874 0.0407506 -0.00482006 0.0563371 0.0649864 0.0639952 -0.0209345 0.0668213 0.0341557 -0.0202943 0.0684344 0.00480615 -0.0110391 0.0524614 0.0243825 0.0481394 0.0599471 0.0645485 0.0592455 0.0583163 0.0514288 0.0395545 0.00977111 0.0607021
internal_weight=51563.7 42546 9017.68 41434.4 41265.7 1111.6 1412.99 1275.33 963.968 39852.7 1059.67 459.527 544.28 284.201 10846.9 771.396 468.237 232.399 311.882 600.141 414.177 307.55 137.021 106.627 175.326 367.832 300.674 96.6548 168.731 567.317 137.306 111.873 137.767 29005.7 158.347 353.318 210.895 102.109 120.526 196.263 303.159 65.06 28809.5 22398.5 429.55 232.309 65.5117 146.895 6410.95 83.5396 270.303 228.342 130.774 89.8666 10709.9 2787.63 1835.47 7922.28 932.481 412.627 46.1581 519.854
internal_count=177653 109739 67914 103536 102677 6203 4929 7736 5445 97748 4104 2083 2590 1456 28862 4115 2314 1349 1241 2021 1949 1288 553 661 627 1387 1216 507 859 3613 592 537 711 68886 516 825 781 477 812 661 1801 249 68225 53738 2902 634 260 864 14487 427 1661 814 503 328 28309 6992 4887 21317 2713 1330 184 1383
is_linear=0
shrinkage=0.03


Tree=7
num_leaves=63
num_cat=0
split_feature=1 18 8 8 18 18 1 60 60 37 56 37 40 37 1 20 57 57 57 6 60 24 60 39 61 56 1 8 4 45 45 61 44 60 48 16 47 28 44 20 56 3 41 59 6 53 26 19 53 47 37 1 62 47 41 28 18 57 51 43 45 53
split_gain=61273.9 2799.23 1530.25 433.029 412.692 394.823 325.946 292.963 215.927 206.694 172.755 170.831 170.704 168.303 166.893 159.297 149.972 181.916 194.637 149.113 162.96 138.214 128.774 128.419 127.76 124.614 119.006 116.85 116.748 186.654 148.262 113.144 113.002 112.754 111.571 110.005 106.376 106.288 110.316 104.185 103.489 102.752 101.821 125.102 99.5677 197.214 98.707 98.3367 97.1575 122.382 93.4536 92.0068 91.9356 91.7717 95.214 90.4093 89.2973 89.0267 110.374 84.1111 80.5918 79.729
threshold=0.0016615000000000002 1.6254020000000002 345780.48171950009 582395.29033650004 0.9754965000000001 0.24492100000000003 0.0019785000000000007 -0.60876142900872077 0.9195955058153672 0.0045595000000000002 -0.038268619999999996 0.0099420000000000012 36.975000000000001 0.00097250000000000017 0.0037785000000000002 48.155000000000008 0.027071500000000002 0.0048035000000000013 0.0068335000000000002 94.335000000000022 0.96298784033749862 5.1099463914299434 -0.56457333468532422 0.0006788600000000001 -0.58244304235731414 -0.0061401949999999993 0.0034205000000000004 1181840.8797405001 -0.30500805350526256 -4.4635499999999988 -7.8330499999999992 -0.72236396205975562 -2.6482088977496709 -0.076279435988900135 14977228.629945502 -0.00045602999999999996 0.14810000000000004 107408.43586950001 -3.5582052768433878 48.085000000000008 -0.00033319999999999991 0.20729863018022285 0.015255500000000002 0.00022133500000000005 23.125000000000004 16.285000000000004 33.285000000000004 -3.1254999999999991e-05 0.55500000000000016 4.3544500000000008 0.014753500000000001 0.0013375000000000004 1.5000000000000002 1.6334000000000002 0.0030075000000000002 79285.699107500011 0.35014850000000003 0.019434000000000003 1.4288680000000002 0.0094617179336676186 -6.7625499999999992 18.960000000000004
decision_type=2 2 2 2 2 2 2 2 2 2 2 2 2 2 2 2 2 2 2 2 2 2 2 2 2 2 2 2 2 2 2 2 2 2 2 2 2 2 2 2 2 2 2 2 2 2 2 2 2 2 2 2 2 2 2 2 2 2 2 2 2 2
left_child=1 4 26 19 5 12 31 10 9 13 28 -11 36 27 16 -14 17 -8 53 20 32 -15 34 -21 -13 -26 35 33 46 30 -30 -4 37 -6 -5 -2 -1 -3 -39 -32 55 -34 48 -44 -24 -46 -7 -42 -20 -50 -47 -17 -29 -19 -55 -9 59 58 -33 -57 -12 -22
right_child=2 3 6 22 8 7 14 40 -10 11 60 24 15 21 -16 51 -18 18 42 23 61 -23 44 -25 25 -27 -28 52 29 -31 39 57 41 -35 -36 -37 -38 38 -40 -41 47 -43 43 -45 45 50 -48 -49 49 -51 -52 -53 -54 54 -56 56 -58 -59 -60 -61 -62 -63
leaf_value=0.10072609914552429 0.014522748914814636 0.067724812953626548 0.041144258411376651 -0.010911094956741771 -0.028584731285904483 0.067946447127549409 -0.021826633714493095 0.070360152023526773 0.068403707531430671 0.064321064684039822 0.0082066739930102654 0.05344858737635156 -0.023623969550027241 -0.010981379019491326 -0.029915583331721809 0.043691490696573958 -0.027909547457967959 -0.015020060652029175 0.063619992665451292 -0.027990782394023313 -0.0063960565095905848 0.081546680366242186 0.064017734995202955 0.088504860056984616 -0.013598495349965108 0.033788143388118252 -0.034678428245424803 0.010764273996361018 -0.010355472702889555 -0.011135128546845344 0.027437083534068728 -0.034252798665372057 -0.022902319351273129 0.041012513129177051 0.080946813824565422 -0.026139666612741797 0.03219749378787333 -0.031296507719709259 0.041509289039982633 0.095263384217230504 0.032844553027186453 0.03940331507978994 -0.0043398835469248692 0.10390196006818263 0.057285413763883249 -0.014393859894541975 0.01990667013064927 0.060285683810506766 -0.011256681122688872 0.07374671926635841 0.046388436788275207 -0.02707046553965254 0.070926204113730948 -0.0016063409936252816 0.076135682909472951 0.0016081374651410747 0.062904422557401737 -0.020464392832043793 0.034388153332265275 0.05570184747106622 0.056245424440813853 0.072196766017051217
leaf_weight=32.431896522641182 62.083358898758888 31.663506612181664 187.5189862549305 84.094030573964119 37.903194949030876 127.01249861717224 156.88144506514072 1864.0854280889034 228.19704587757587 274.69425702095032 33.365274339914322 156.97345407307148 82.424144834280014 165.24779850244522 236.40233126282692 91.233256682753563 148.1461116373539 15.272073954343794 18.126873090863228 245.39212484657764 14.691215202212332 14.898168027400969 115.47629937529564 7.7529498338699332 74.153883174061775 144.9848041087389 6654.9152690246701 32.762602970004082 30.870181143283844 94.386319056153297 40.150673180818558 24.48038512468338 189.54898935556412 43.972321510314941 12.818597495555876 1004.0782251060009 61.562749937176704 39.26549918949604 33.933007255196571 46.855359584093094 126.84650211036205 25.997428670525551 17.938081130385399 18.343565240502357 112.36996366083622 85.703235402703285 59.472806289792061 22519.510645285249 261.30226571857929 15.131475955247877 29.83038155734539 18.884256020188332 89.722170397639275 16.445409715175629 75.252078592777252 44.186797425150871 5359.9310368001461 63.330001443624496 115.45152777433395 65.902548804879189 10402.492521330714 42.719658732414246
leaf_count=54 378 108 704 472 237 326 1054 3781 483 720 134 460 486 900 1794 334 1073 103 64 1719 88 28 345 17 396 558 53498 151 159 456 145 163 1275 162 28 7420 249 272 144 77 418 115 105 32 367 496 233 52448 1604 48 103 117 218 94 242 172 11950 410 494 163 26677 134
internal_value=0.04283 0.0576534 -0.0279899 0.00971696 0.0588646 0.0593867 0.00120763 0.0596337 0.0418234 0.0358755 0.055347 0.0462054 0.0240058 0.0182389 -0.00801444 0.00754733 -0.00097341 0.00572197 0.0156891 -0.00617787 0.00569621 -0.00275572 0.0325255 -0.0239707 0.0327596 0.0176279 -0.0331741 0.0368153 0.0355913 0.0200023 0.0450711 0.0243549 -0.00260796 0.00847525 0.00163516 -0.0237324 0.0569698 0.02269 0.00215469 0.0649719 0.06118 -0.0151017 0.00416308 0.0509003 0.0411266 0.0291678 0.0529738 0.0601348 -0.00164487 -0.00624657 0.00130588 0.031152 0.0552943 0.0506909 0.0620026 0.0643949 0.062344 0.0085934 0.0220091 0.0344701 0.0560955 0.0518064
internal_weight=52527.5 43436.4 9091.1 1071.26 42365.1 41101.6 1370.02 40815.1 1263.51 1035.31 10834.6 650.806 286.536 384.506 979.242 192.542 742.839 594.693 437.812 630.964 377.819 180.146 440.293 253.145 376.112 219.139 7721.08 204.36 398.748 212.263 117.876 390.781 320.408 81.8755 96.9126 1066.16 93.9946 104.862 73.1985 87.006 29980.5 215.546 330.842 36.2816 343.38 227.904 186.485 22646.4 294.561 276.434 115.534 110.118 122.485 106.97 91.6975 7334.11 5470.02 203.262 139.932 110.089 10435.9 57.4109
internal_count=177655 108375 69280 5683 102692 98379 7984 97139 4313 3830 28207 2134 1240 1696 6213 937 4419 3346 2292 3872 2136 928 1811 1736 1414 954 61296 768 1396 837 381 1771 1914 399 500 7798 303 524 416 222 68932 1390 1853 137 1311 966 559 52866 1716 1652 599 451 369 439 336 16066 12285 1067 657 335 26811 222
is_linear=0
shrinkage=0.03


Tree=8
num_leaves=63
num_cat=0
split_feature=1 17 8 18 18 61 1 61 57 57 21 47 58 37 47 20 53 57 4 8 21 43 40 58 47 4 17 4 43 40 45 56 6 24 4 1 24 41 27 1 38 20 18 41 52 61 61 18 19 59 53 61 61 45 48 41 57 56 21 21 3 61
split_gain=56014.7 3119.85 1057.84 515.244 508.283 338.983 321.976 293.386 246.983 203.987 210.259 209.181 194.582 162.106 181.957 159.863 165.68 155.539 157.911 154.062 147.242 222.497 130.597 127.004 126.384 122.717 115.224 135.113 115.11 114.315 128.821 117.914 165.43 172.082 111.837 118.501 114.637 114.725 113.648 119.674 158.112 129.725 166.929 111.315 110.69 104.638 100.937 112.186 97.1106 95.5008 91.6194 90.9816 123.948 113.658 114.874 105.192 102.73 124.368 102.073 169.219 90.6966 119.522
threshold=0.0017815000000000003 0.0020565000000000006 297203.56273050007 0.9754965000000001 0.19020450000000003 -0.94331137514050678 0.0035395000000000005 0.35222909080468506 0.027071500000000002 0.0048035000000000013 0.0012335000000000002 1.9117500000000003 1.9604260000000002 0.0051850000000000012 0.89265000000000005 45.635000000000012 6.7550000000000008 0.04507400000000001 -0.29076452026119282 451215.64215250005 0.004232500000000001 -0.10059428805285157 30.715000000000003 2.6173005000000003 0.14810000000000004 1.679713031045752 0.0050975000000000005 -1.5228368449111092 0.044329409134063323 37.185000000000009 12.784150000000002 -0.0028603649999999997 35.335000000000008 2.9568221296260888 -0.43748182082606157 0.00035150000000000009 -4.4771826723574657 0.0019615000000000006 0.074350000000000013 0.00027950000000000007 0.094845000000000013 48.155000000000008 0.35014850000000003 0.012462000000000003 57.885000000000012 -0.81279832427823695 -0.86046863722869238 0.32826000000000005 -1.8334999999999996e-05 -0.00015522999999999996 67.725000000000009 0.41268247579971845 0.72236396205975539 0.0111 167644.40479550001 0.025637000000000004 0.10392250000000001 0.15095954500000003 0.00069750000000000009 0.0021305000000000004 0.18474105628826204 0.8253108282957683
decision_type=2 2 2 2 2 2 2 2 2 2 2 2 2 2 2 2 2 2 2 2 2 2 2 2 2 2 2 2 2 2 2 2 2 2 2 2 2 2 2 2 2 2 2 2 2 2 2 2 2 2 2 2 2 2 2 2 2 2 2 2 2 2
left_child=1 3 -2 4 22 19 8 15 9 -4 -11 50 25 -7 -15 16 -5 18 -9 -3 44 -22 24 -14 -1 26 -13 -28 -18 -17 31 -31 -33 48 35 -6 37 -36 39 51 -41 42 -42 45 -16 -44 -37 -48 -34 -35 -12 -38 53 54 55 -53 57 -54 -55 -60 -20 -62
right_child=2 5 6 7 34 13 -8 17 -10 10 11 12 23 14 20 29 28 -19 60 -21 21 -23 -24 -25 -26 -27 27 -29 -30 30 -32 32 33 49 36 46 38 -39 -40 40 41 -43 43 -45 -46 -47 47 -49 -50 -51 -52 52 56 58 -56 -57 -58 -59 59 -61 61 -63
leaf_value=0.1039241429512219 -0.033556283916874027 -0.026998987739840365 -0.013810328535923776 0.0639972637080055 0.06103001068831574 -0.018253917294182402 -0.028710220224969444 0.032936598705430115 -0.027145229216100887 -0.029628760053043539 -0.016330130856824221 0.064018613309630837 -0.015089548996903453 -0.031922659447730317 0.075751254985671798 0.019417439167511676 0.023724331908703624 0.059645101973199499 -0.010671282721337208 0.057629521328209712 0.061185615591877879 -0.011143090798558476 -0.011543692350918908 0.053500786884455108 0.00072212347054721618 -0.010987996788807358 0.087786566457227586 -0.0086756412801544096 -0.033539551886395076 0.076888818674921644 0.0033616636601148811 0.071335685612424177 -0.026846764207144391 0 -0.0036109222920702147 0.060945407435977726 0.060707320090435696 0.044733494092585972 0.058106132885697895 -0.0083696710647255777 -0.014121433976150191 0.0532461514869116 0.068305768128184605 0.034502540341966252 0.0032770273996950219 0.043981677322657932 0.025429920129910109 0.053879798739647905 0.027727206331440029 0.07153049477072515 0.072503623702314515 -0.0012206902365244781 0.055181919885659042 0.062689012988755774 0.069159945585639482 0.053502482078392859 0.0015848652735680746 0.07102427168754194 -0.0069181507772585723 0.041439883709257101 -0.033205333229709651 0.07011694500338328
leaf_weight=19.10482382774353 7209.7679518163204 21.953313708305359 233.547258220613 65.15979178249836 8448.4311729371548 450.06886541843414 390.66607391834259 209.04472313821316 196.41083088517189 69.980794183909893 117.68780755996704 218.01541715860367 90.988661542534828 78.619869291782379 57.286821648478508 82.029949322342873 105.38772112131119 77.761495292186737 206.53728234767914 118.77477969229221 48.637444213032722 165.17838127911091 124.42663031816483 31.951196320354939 24.079775586724281 28.026370286941528 16.79678200930357 47.082559749484062 43.718195587396622 261.76646608114243 38.718943804502487 201.10519270598888 41.749600693583488 20.575843572616577 51.730866611003876 2335.1284730285406 3062.2204346656799 258.02007937431335 9745.872887685895 38.849988088011742 43.618111491203308 6478.2339562773705 257.14788374304771 572.31222176551819 29.569677621126175 489.46793681383133 134.90227483212948 4805.6934018433094 90.859978780150414 102.63485610485077 10.391226664185522 44.977274745702744 3206.6634561121464 188.87174417078495 342.91910681128502 97.304970622062683 30.932078689336777 553.6990629285574 68.419632032513618 966.00598640739918 13.844836756587027 29.602450594305992
leaf_count=24 58836 158 1501 167 18232 3033 3040 788 1410 480 751 696 567 553 181 307 404 215 1165 373 153 969 716 109 121 168 58 314 263 503 186 432 243 94 209 4993 6720 679 22202 165 204 15751 503 1707 157 1328 478 11597 337 209 37 176 7513 411 692 233 116 1070 278 2669 87 92
internal_value=0.0410015 0.0544625 -0.0288517 0.0556363 0.0562679 0.00121331 -0.00545661 0.0387605 0.0030972 0.0100265 0.0189055 0.0250558 0.0350161 -0.00607521 0.00830718 0.0479785 0.0244265 0.0205545 0.0137519 0.0441186 0.0189969 0.00537836 0.00391196 0.00278238 0.0483763 0.0476561 0.0536109 0.0171884 0.00662299 0.0539182 0.0575846 0.0604555 0.0508281 0.034375 0.0564749 0.0585415 0.0552452 0.0365774 0.0554635 0.0538917 0.0511439 0.0514436 0.0428187 0.0447337 0.0517375 0.0524796 0.0556399 0.0531144 0.0102488 0.0598085 -0.00838465 0.0564108 0.0540025 0.0470981 0.0596232 0.0361066 0.0570928 0.0575409 0.042061 0.0382088 -0.00223865 0.0365112
internal_weight=53610.9 44949.6 8661.31 43979.5 42389 970.089 1451.54 1590.5 1060.88 864.468 630.921 560.94 432.861 829.361 379.292 1053.71 214.266 536.791 459.029 140.728 300.672 213.816 167.611 122.94 43.1846 309.921 281.895 63.8793 149.106 839.441 757.411 718.692 456.925 255.82 42221.4 15724.2 26497.3 309.751 26187.5 16441.6 7879.63 7840.78 1362.55 1318.93 86.8565 746.616 7275.72 4940.6 132.61 123.211 128.079 8562.01 5499.79 1708.5 485.201 142.282 3791.29 3760.36 1223.3 1034.43 249.985 43.4473
internal_count=177823 109856 67967 104279 98787 5577 9131 5492 6091 4681 3180 2700 1912 5046 2013 3145 834 2347 2132 531 1460 1122 861 676 145 1236 1068 372 667 2311 2004 1818 1315 883 97926 35300 62626 888 61738 39536 19658 19493 3742 3538 338 1831 17068 12075 580 303 788 19878 13158 4459 1101 409 8699 8583 3358 2947 1344 179
is_linear=0
shrinkage=0.03


Tree=9
num_leaves=63
num_cat=0
split_feature=17 19 17 17 61 61 60 47 46 55 56 37 48 42 25 40 55 41 61 43 44 19 38 58 38 44 47 55 46 47 45 47 16 4 26 61 59 42 43 62 38 57 45 42 25 0 37 58 56 39 23 51 0 52 40 44 45 45 27 43 40 45
split_gain=50356.5 1947.77 1839.55 516.642 390.167 349.408 261.642 239.53 223.993 213.194 194.185 178.874 178.213 178.03 248.385 166.333 156.587 155.406 224.93 146.712 138.773 138.3 128.363 133.687 125.816 124.427 116.863 136.052 144.48 174.307 138.123 121.969 120.081 116.506 143.939 113.721 144.951 149 138.245 261.504 147.967 126.577 128.72 112.541 111 148.424 221.493 200.517 151.25 115.396 107.156 106.828 106.794 105.524 106.415 102.033 131.081 117.534 100.765 100.325 130.039 100.026
threshold=0.0022565000000000003 -0.00057755999999999986 0.0050975000000000005 0.00054350000000000004 0.20576496797711544 0.40274668985873718 -0.72982064943493963 2.1018500000000002 4.285000000000001 321.84650000000005 -0.082706089999999982 0.0054060000000000011 3949380.5793510005 -0.065918499999999991 4.2030000000000012 64.185000000000016 -45.381499999999996 0.015694500000000004 -0.79989897227935869 -0.1727867131134399 -0.53886959335371776 -0.0013448399999999997 1.3174480000000002 1.8794075000000003 1.4428950000000003 -2.681877634493063 2.3282500000000006 208.95150000000004 33.435000000000009 2.8443500000000004 19.632150000000006 2.6593500000000003 -0.00012852499999999997 0.31366361501098633 38.785000000000004 0.39271506111191351 -0.0029201649999999993 -0.10724649999999998 -0.0241145183878218 1.0000000180025095e-35 2.8478585000000005 0.037833500000000006 19.244850000000003 0.97235550000000004 4.8488000000000007 48.135000000000012 0.012475500000000002 1.8212680000000001 0.0010538950000000002 9.005000000000001e-06 0.0041881195561248273 7.2197695000000008 49.505000000000003 89.575000000000003 16.495000000000005 1.4373932330242749 -0.27954999999999997 18.548400000000004 0.20775000000000002 0.4522113510652801 96.27500000000002 1.0002500000000003
decision_type=2 2 2 2 2 2 2 2 2 2 2 2 2 2 2 2 2 2 2 2 2 2 2 2 2 2 2 2 2 2 2 2 2 2 2 2 2 2 2 2 2 2 2 2 2 2 2 2 2 2 2 2 2 2 2 2 2 2 2 2 2 2
left_child=1 21 5 6 15 7 10 20 9 -7 -3 12 17 53 -15 -5 -6 -9 -19 -16 25 -1 23 -14 33 -2 35 -28 29 -29 31 32 -30 34 -17 36 37 58 39 40 -38 -37 52 44 45 46 48 49 -18 50 -47 61 -43 54 -13 -40 -57 -58 -12 -8 -61 -26
right_child=2 3 -4 4 16 8 59 11 -10 -11 26 13 22 14 19 24 43 18 -20 -21 -22 -23 -24 -25 51 -27 27 28 30 -31 -32 -33 -34 -35 -36 41 38 -39 55 -41 -42 42 -44 -45 -46 47 -48 -49 -50 -51 -52 -53 -54 -55 -56 56 57 -59 -60 60 -62 -63
leaf_value=-0.028436484951183387 -0.023290802226197241 0.006901724920542059 -0.033120462067800151 0.052191522820103572 -0.029943175876760098 -0.032629059812013195 0.053926588690586988 -0.023989481153000404 -0.024666211261140724 0.097646070304552149 -0.023289418038599158 0.080318317816305038 0.0066129348783245702 0.061911697132499922 0.093232541752217429 -0.0057333110726381928 0.068986235512780492 0.085754317642664127 -0.033585621890126843 -0.014106212020190217 -0.026894896958540259 0.0097433328288100158 -0.011906176337355136 0.088145762481896053 -0.0075740947338113354 0.027254603909229669 0.049690217366882804 0.038226461537203819 0.053538231522732835 -0.012050517210490923 -0.0013969386999787439 0.052938987829636859 -0.025702571382314302 -0.010206307626712255 0.05572605542321437 0.049842401070742996 -0.00042734532169673103 0.04771001399877213 0.045896410764977282 0.051063741635323449 0.057426826440857372 0.03831044299837337 0.066561571410730713 -0.02758943422093342 0.056900383762692866 0.0017695810939824307 -0.0036740710665678486 -0.018404222871137785 0.014550743167888311 -0.00046891191007777093 0.067660493928001719 -0.015946107121721915 0.0099895821957449709 0.087547553847305726 -0.015084623316461019 0.015686944882240809 0.060621693582472859 0.032632341667876263 0.060729458623690613 0.062243545053846626 0.040562055221966521 0.051430203806863931
leaf_weight=254.5380135923624 66.473648600280285 101.30570235103369 7153.9935968518257 1565.8245180472732 47.119501367211342 18.042823284864426 30150.406027317047 181.97372644394636 480.02719467133284 26.581405028700829 60.708124831318855 10.627279549837111 30.861255243420601 223.56233347207308 12.494718879461287 53.328053176403046 160.52746366709471 30.91370116174221 24.426122382283211 74.577618636190891 188.95206815004349 126.16487598419189 34.613408103585243 46.537402927875519 26.574097037315369 122.60101491212845 921.05489115417004 122.84407038986683 29.496664300560951 122.42861880362034 59.39492429792881 400.97454090416431 38.131901189684868 91.09918312728405 90.296293571591377 1080.8758983835578 158.3296021297574 119.78738956153393 738.40675838291645 975.70891778916121 51.689122721552849 282.02691912651062 84.188942983746529 32.809527650475502 104.45609720051289 32.461921900510788 82.927702397108078 137.67801289260387 67.212890356779099 68.854508996009827 76.988043144345284 24.250899598002434 215.39894907176495 11.061437308788298 106.12579938024282 65.616783499717712 3260.5544013679028 149.73826237022877 15.154913187026976 2545.1929627656937 293.89312043786049 374.13790072500706
leaf_count=2010 445 460 59564 4010 304 131 67306 1229 3487 72 266 25 173 724 21 247 363 66 174 463 1350 635 210 102 122 589 2297 344 71 516 238 998 177 455 242 2718 628 292 1962 2372 115 788 172 198 303 148 407 802 266 336 197 115 779 25 619 216 6955 428 30 5051 743 992
internal_value=0.0390205 0.0517628 -0.0264704 0.0523337 0.0403082 0.00165797 0.0532005 0.0108224 -0.0186307 0.044754 0.0486239 0.0202456 0.00411114 0.0329935 0.0452295 0.0468145 0.0223822 -0.0105183 0.0328859 0.00183977 -0.00873701 -0.0157127 0.03519 0.0565178 0.0339466 0.0092973 0.0490919 0.0418129 0.0323394 0.0130617 0.0411962 0.0466502 0.00869823 0.0160192 0.0328168 0.0507809 0.0528722 0.0269855 0.0537994 0.0445191 0.013874 0.0436962 0.0321566 0.0256838 0.0281499 0.0232267 0.0379486 0.00858378 0.0531857 0.0295763 0.0485824 0.0437172 0.0261516 0.00290247 -0.00553759 0.0563922 0.0585994 0.0594115 -0.0055432 0.0544541 0.0600248 0.0474334
internal_weight=54305 45460.6 8844.45 45079.9 3036.55 1690.45 42043.3 1165.8 524.651 44.6242 9053.82 787.775 349.326 438.449 310.635 2225.51 811.036 237.314 55.3398 87.0723 378.027 380.703 112.012 77.3987 659.686 189.075 8952.51 1694.33 773.271 245.273 527.998 468.603 67.6286 234.724 143.624 7258.18 5595.69 195.65 5400.04 1185.73 210.019 1662.49 581.615 763.916 731.107 626.651 310.668 315.982 227.74 178.304 109.45 424.963 497.426 127.815 116.753 4214.32 3475.91 3410.29 75.863 32989.5 2839.09 400.712
internal_count=177543 108074 69469 105429 9507 9905 95922 6215 3690 203 22822 3831 1954 1877 1208 6183 3324 1469 240 484 2384 2645 485 275 2173 1034 22362 4641 2344 860 1484 1246 248 944 489 17721 13264 588 12676 3115 743 4457 1739 3020 2822 2519 1036 1483 629 681 345 1229 1567 669 644 9561 7599 7383 296 73100 5794 1114
is_linear=0
shrinkage=0.03


Tree=10
num_leaves=63
num_cat=0
split_feature=1 17 8 18 18 8 17 57 60 37 61 57 21 57 60 52 24 48 4 3 46 47 26 60 45 24 56 24 23 25 43 25 44 52 46 53 20 43 43 21 56 0 61 40 47 47 1 1 41 53 60 19 1 40 27 48 43 23 62 41 38 6
split_gain=47065.8 2470.13 1101.95 414.394 384.936 354.412 293.364 273.576 226.531 233.377 215.712 203.718 197.815 192.603 184.506 170.677 145.406 143.081 122.632 137.938 117.909 117.599 122.719 124.372 123.962 112.292 111.779 107.649 105.449 105.145 136.58 136.666 176.043 147.728 129.124 120.103 118.901 104.394 104.211 120.45 102.981 103.302 102.031 101.746 120.664 101.646 100.633 97.0935 95.1475 94.9617 94.8613 94.6822 94.3076 92.1655 92.0168 91.813 108.39 91.7279 91.281 102.774 94.4521 90.1778
threshold=0.0017815000000000003 0.0020565000000000006 297203.56273050007 0.19020450000000003 0.9754965000000001 469414.68257100007 0.0087275000000000009 0.027071500000000002 0.88186879444286481 0.0045595000000000002 -0.96863394805116465 0.0048035000000000013 0.0012335000000000002 0.0068335000000000002 -0.59130964836358257 73.245000000000019 4.8884417551139654 1821440.9192480003 0.18493880058600215 0.18474105628826204 33.975000000000001 4.3018500000000008 38.005000000000003 -0.24825246871434756 -0.82779999999999987 5.1099463914299434 0.069428530000000002 7.2704329058198462 -0.10240369284029353 4.3888500000000006 -0.10929609987921952 12.126600000000002 3.8211107197179568 61.750000000000007 99.605000000000004 64.635000000000005 71.095000000000013 -0.048829580757603692 -0.011399981911582509 0.0015885000000000003 -0.050216234999999991 41.795000000000009 0.35222909080468506 30.715000000000003 0.53060000000000007 1.8365000000000002 0.00021850000000000003 0.00067950000000000009 0.0029525000000000007 18.760000000000002 0.96298784033749862 -6.1954999999999985e-05 0.0019785000000000007 39.095000000000006 0.53515000000000013 4686884.0353035005 0.084554140932650582 0.67150289285650733 2.5000000000000004 0.0017095000000000003 0.12459550000000001 65.085000000000022
decision_type=2 2 2 2 2 2 2 2 2 2 2 2 2 2 2 2 2 2 2 2 2 2 2 2 2 2 2 2 2 2 2 2 2 2 2 2 2 2 2 2 2 2 2 2 2 2 2 2 2 2 2 2 2 2 2 2 2 2 2 2 2 2
left_child=1 3 -2 43 14 27 7 11 9 18 -7 52 -13 48 29 21 28 37 26 25 50 22 23 -15 -25 -20 42 53 -11 40 46 34 35 45 -32 -33 -36 -17 39 -12 41 -5 -6 44 -1 61 -31 -18 -14 -21 -10 -16 -4 -3 -43 56 -23 58 -42 -60 -61 -34
right_child=2 5 6 4 8 10 -8 -9 20 16 38 12 13 15 51 17 47 -19 19 49 -22 55 -24 24 -26 -27 -28 -29 -30 30 31 32 33 -35 36 -37 -38 -39 -40 -41 57 54 -44 -45 -46 -47 -48 -49 -50 -51 -52 -53 -54 -55 -56 -57 -58 -59 59 60 -62 -63
leaf_value=0.082539903444390994 -0.033258191356415688 0.0039997629995122512 0.01959589332398436 0.053827228695897233 0.029599707713725675 0.058677451809823755 -0.034588882802268392 -0.027162725695075524 -0.031376063715638738 -0.0056699162806288141 -0.0099098540020038216 -0.029455499973478263 -0.010026239245648673 -0.018450138573156364 0.031433005350172995 0.055971023186014733 0.046815188472885391 0.066186830492238252 -0.016672652554795643 0.073765646633793425 0.062160339070069223 -0.021877077173648427 -0.027805902274930037 0.052869919491729825 -0.0088297825116410485 0.058944459125841203 0.060699464618624771 0.088119257869075707 0.048174289693513866 0.06004394429098555 0.059776536752693094 0.051574826635079181 0.061568025846238508 -0.022285771222336121 0.0061198898642163529 0.016590821749836056 0.062108487679608783 -0.034189384221933752 -0.0037720365571339317 0.047058397638603436 0.043529276601756983 0.0059974284908588006 -0.023358900903514421 -0.010171670462284248 -0.018413519779915871 0.0052665103729041558 -0.016609405828585382 -0.016369406353101006 0.064031030574665984 -0.0073772584927134094 0.050507091435797381 0.052159984499505242 -0.023759441655900607 -0.025609304280789603 0.052581635204772562 0.10510967127509317 0.084774322366304736 0.011802787236032107 -0.00187756302019398 0.011410246123190039 0.051856075186470445 0.001967810793956571
leaf_weight=25.801528170704842 6891.0048786848783 125.31832958012819 56.764242604374886 98.994082272052765 123.83956262469292 102.0911475867033 239.17117861658335 235.29024504125118 23.081786304712296 33.29201041162014 47.988614864647388 71.972145348787308 16.916302122175694 78.194157883524895 212.33514347672462 17.88921207934618 32.3089719414711 84.490210458636284 203.74822084605694 33.145853653550148 344.38776363432407 22.393618308007717 116.98535796254873 76.250267773866653 45.610256224870682 18.2387355864048 72.394053384661674 7.7004224509000769 623.08101005852222 21.88507379591465 1929.9017500132322 1872.8046167194843 111.09163677692413 49.972936138510704 84.445809543132782 96.630301654338837 58.196838364005089 28.755157552659512 217.40683156251907 101.30436085164547 4211.6095268428326 172.30819246172905 42.926198557019234 127.22037267684937 16.489735275506973 74.036490336060524 45.524257495999336 62.223321855068207 117.1876375451684 19.656854957342148 25.649858072400093 31914.617372512817 198.8537018969655 362.67481608688831 48.900010377168655 15.177222847938536 12.382156252861021 72.446327641606331 32.117915019392967 55.496895670890808 2950.9710314273834 30.102677240967751
leaf_count=45 58969 753 269 250 448 278 1997 1750 123 153 297 515 105 509 662 58 97 276 1160 86 701 150 798 294 279 42 187 13 1755 43 3970 4252 220 215 301 310 115 202 1194 348 10655 712 261 714 93 262 197 319 395 112 60 68278 1419 2668 123 21 25 242 129 189 6760 108
internal_value=0.0374544 0.0491148 -0.0282787 0.0501116 0.0502849 0.00156663 -0.00432754 0.00172727 0.0359833 0.0297076 0.0202731 0.00886147 0.0172018 0.0225987 0.0508206 0.0138685 0.0403836 0.0431247 0.014003 0.000205667 0.0559725 0.00324432 -0.00345609 0.0107011 0.0296487 -0.0100888 0.0296641 -0.0160693 0.0453931 0.0475944 0.0513956 0.0520602 0.0467753 0.0234845 0.0577186 0.0498829 0.0294449 0.000208587 0.00936898 0.0286029 0.0454084 0.0283486 0.0157311 0.00308444 0.0429682 0.0343043 0.00835222 0.00517561 0.0544621 0.0434253 0.0112688 0.0520249 -0.0139759 -0.0179516 0.0166206 0.0455923 0.0165665 0.0461463 0.0464836 0.050553 0.0511235 0.0491754
internal_weight=55261.6 46936.4 8325.29 45971.9 45802.4 964.485 1434.28 1195.11 1657.97 1264.85 468.791 959.822 704.204 632.232 44144.4 498.128 750.905 131.135 513.949 274.79 393.119 366.993 317.04 200.055 121.861 221.987 239.16 495.694 656.373 12017.4 4374.59 4307.18 2234.64 265.204 2072.54 1969.43 142.643 46.6444 366.7 149.293 7642.84 320.202 166.766 169.512 42.2913 215.231 67.4093 94.5323 134.104 52.8027 48.7316 32127 255.618 487.993 221.208 49.953 34.7758 7322.64 7250.2 3038.59 3006.47 141.194
internal_count=177931 109900 68031 104349 103497 5551 9062 7065 5504 4620 2117 5315 3627 3112 97993 2612 2324 536 2296 1400 884 2076 1880 1082 573 1202 896 3434 1908 29053 9993 9753 5367 805 4386 4562 416 260 1839 645 19060 1085 709 852 138 590 240 416 500 198 183 68940 1688 3421 835 196 175 17975 17733 7078 6949 328
is_linear=0
shrinkage=0.03


Tree=11
num_leaves=63
num_cat=0
split_feature=1 17 8 18 37 18 17 60 57 37 21 57 57 60 37 61 46 4 40 53 8 28 47 56 40 42 21 18 47 44 57 57 45 56 4 54 47 4 2 61 47 40 57 22 41 57 1 4 61 45 41 21 22 4 23 42 40 56 17 55 40 26
split_gain=43379.7 2343.43 1011.91 338.232 316.058 285.948 265.261 229.333 212.355 180.224 178.66 187.516 213.033 170.373 148.515 147.467 155.325 131.969 195.134 215.819 126.752 112.127 115.286 107.558 111.536 102.57 102.487 132.126 120.8 119.49 107.927 125.656 106.17 97.6607 140.523 95.5259 99.8888 94.0957 125.707 95.948 87.1439 86.3881 85.8971 84.4013 82.3442 77.8461 77.6194 163.156 182.191 129.588 116.3 103.672 103.151 96.341 102.891 98.037 83.9978 76.3858 118.894 88.5614 85.7262 75.9095
threshold=0.0017815000000000003 0.0019015000000000002 297203.56273050007 0.19020450000000003 0.0051850000000000012 0.9754965000000001 0.0087275000000000009 0.87137607974597331 0.027071500000000002 0.0045595000000000002 0.0012095000000000003 0.0048035000000000013 0.0068335000000000002 -0.60876142900872077 0.0099420000000000012 -0.96298784033749818 31.535000000000004 0.10996832184074061 61.155000000000008 24.510000000000002 641053.87460750015 11339109.323769001 -0.67814999999999992 0.033741560000000004 39.355000000000011 0.10615500000000001 0.010877500000000002 0.19020450000000003 2.0122000000000004 2.1921066164276088 0.0086875000000000025 0.013382500000000002 -4.6016999999999992 -0.082706089999999982 -0.30500805350526256 47.405000000000008 0.4048500000000001 1.90632758022048 -0.29445099999999996 -0.58244304235731414 1.6334000000000002 30.715000000000003 0.0093515000000000022 0.88683150000000011 0.0029525000000000007 0.042792000000000004 0.00030750000000000005 -0.2756297000996647 0.48098876891938797 19.244850000000003 0.020616500000000006 0.022368500000000003 0.10491400000000002 0.55243694780089936 0.13440985244688999 0.10380100000000002 61.955000000000005 -0.00042259499999999995 0.00069250000000000008 1901.1110000000001 71.075000000000003 98.545000000000016
decision_type=2 2 2 2 2 2 2 2 2 2 2 2 2 2 2 2 2 2 2 2 2 2 2 2 2 2 2 2 2 2 2 2 2 2 2 2 2 2 2 2 2 2 2 2 2 2 2 2 2 2 2 2 2 2 2 2 2 2 2 2 2 2
left_child=1 3 -2 41 21 13 8 9 10 17 -4 -12 40 33 -11 -6 42 20 19 -19 -7 22 -3 24 -9 -22 28 -28 -14 -29 -30 -32 -33 34 -5 36 -18 38 -16 -40 -13 -1 -17 -20 -42 -25 47 -35 -49 50 51 52 56 54 55 -52 -50 -15 59 -59 -60 -41
right_child=2 4 6 5 15 7 -8 23 -10 14 11 12 26 57 37 16 35 18 43 -21 25 -23 -24 45 -26 -27 27 29 30 -31 31 32 -34 46 -36 -37 -38 -39 39 61 44 -43 -44 -45 -46 -47 -48 48 49 -51 53 -53 -54 -55 -56 -57 -58 58 60 -61 -62 -63
leaf_value=0.042266266951462232 -0.032990568609145232 0.037490933193913695 -0.029895222465442097 0.046052024423047067 0.056018513556443952 -0.011261699453153385 -0.034409922573963879 0.008796008937382728 -0.025009987475206785 0.055166581108745325 -0.01287276609988088 -0.0097871656548558627 -0.028857684174142157 0.052291105871866431 0.054916020078598159 0.061558890302892515 -0.034050392328765604 0.059581501830911959 -0.029759491159824736 -0.022020397322590462 0 0.045751046609951287 -0.019912799900132921 -0.026156807727983507 0.06581231194290374 0.056102751410050673 -0.023088175570125841 0.070307259736619873 -0.031512055977933953 -0.012725999601837222 0.036879703869103261 0.04976759285482768 -0.023270097086142059 0.055706292052331373 -0.011442184025015709 -0.035083140605948519 0.015849878563718094 0.06963727482525256 0.033253072264827203 -0.017547040897291831 -0.0010372745937645448 -0.0064350875409134424 0.0086053675282275321 0.063985315002072746 0.069321217409921296 0.0604154351722078 0.043656963711186561 0.050379359097515022 -0.0042463472769489466 0.068273526340944954 0.053590546824348856 0.066815215661738703 0.044256002241156535 -0.0083313114564164872 0.053156481877431369 -0.010031266277895036 0.032438718614520551 0.048898491202103003 0.029355841208817103 -0.0015165650133947017 -0.038495337040972737 0.024764375830493953
leaf_weight=42.525204077363014 6732.954769000411 32.447975650429726 103.23424983769655 85.890640735626221 82.881169132888317 47.42683918774128 229.30740910023451 35.927347615361214 229.6025245860219 278.36660851538181 208.32276247441769 17.176122471690178 84.057581901550293 7431.0940955132246 75.865439876914024 74.780552707612514 40.616751983761787 73.674814879894257 134.90231044590473 46.506907656788826 38.057516008615494 26.581757217645645 479.81084635108709 23.759088009595871 317.86507111787796 130.51998396217823 26.00082565844059 69.792226038873196 42.743853345513344 18.909056462347507 148.20558119565248 22.119579844176769 77.257859133183956 1851.5065997093916 66.574887245893478 50.84159492701292 261.39643862843513 39.845961719751358 107.0098659992218 110.00511398911476 16.269923858344555 129.68409376591444 46.171016052365303 8.118951812386511 111.49873872846365 13.905992642045019 7484.4958158284426 1480.6381546705961 97.360493242740631 88.262800917029381 29.074396327137947 93.223974853754044 273.57614763081074 106.78392584621906 78.177769020199776 76.930026024580002 127.11035850644112 25433.069711893797 90.66016948223114 30.182990282773972 19.271025314927101 56.934730306267738
leaf_count=139 59026 159 758 238 217 258 1964 118 1729 652 1381 112 598 14967 182 209 309 206 847 269 169 91 3305 121 551 335 189 212 305 119 589 73 523 3762 331 360 1239 80 313 564 97 718 227 14 308 29 18140 3231 368 159 62 172 667 426 176 303 352 54113 262 108 95 218
internal_value=0.0358615 0.0467725 -0.0281586 0.047791 0.00336928 0.0479466 -0.00496659 0.0351051 0.000777361 0.0282417 0.0070904 0.0116888 0.0198138 0.0483847 0.038333 0.0192274 0.0126241 0.0140611 -0.000105177 0.0278352 0.0313821 -0.0129638 -0.0161523 0.05502 0.060148 0.0435519 0.0102219 0.0349211 0.00250189 0.0523275 0.0117522 0.019439 -0.00638054 0.0452601 0.0208404 0.00243919 0.00894973 0.0261201 0.0208934 0.0111968 0.0516822 0.00559257 0.0418272 -0.0238222 0.0601904 0.00576575 0.0455716 0.0488843 0.0436983 0.0334332 0.0298403 0.0375087 0.0318401 0.0140797 0.0272098 0.00747601 0.0164459 0.0495128 0.0487023 0.0488375 0.0169512 -0.00287659
internal_weight=55887.8 47750.3 8137.45 46654.8 1095.53 46482.6 1404.5 1538.69 1175.19 1147.24 945.588 842.354 634.031 44943.9 668.028 556.688 473.806 479.207 263.203 120.182 216.004 538.841 512.259 391.457 353.792 168.577 489.087 114.702 374.384 88.7013 290.327 247.583 99.3774 11939.6 152.466 352.855 302.013 389.661 349.815 273.95 144.945 172.209 120.952 143.021 127.769 37.6651 11787.1 4302.64 2451.14 970.5 882.237 591.271 498.047 290.966 184.182 106.004 224.471 33004.3 25573.2 25463.3 109.931 166.94
internal_count=177814 109831 67983 103715 6116 102858 8957 4926 6993 4107 5264 4506 3125 97932 2009 2561 2344 2098 1336 475 762 3555 3464 819 669 504 2608 520 2088 331 1490 1185 596 28387 569 1908 1548 1357 1277 1095 517 857 436 861 405 150 27818 9678 5916 2685 2526 1559 1387 967 541 365 720 69545 54578 54221 357 782
is_linear=0
shrinkage=0.03


Tree=12
num_leaves=63
num_cat=0
split_feature=1 17 1 21 61 61 17 1 61 61 44 48 58 25 54 27 28 58 28 58 54 56 48 21 0 43 23 17 4 1 27 56 63 56 48 2 51 53 53 37 62 48 21 52 20 58 56 6 43 51 43 58 23 43 25 23 62 2 51 43 37 22
split_gain=39731.7 1955.14 971.73 337.619 266.82 186.338 183.444 370.307 299.448 174.253 141.228 178.772 133.113 120.722 115.484 110.448 110.034 108.543 107.493 105.445 104.278 102.116 237.923 104.368 107.472 101.731 99.9056 98.579 90.0604 89.3035 104.539 103.309 91.1255 161.719 100.977 122.574 115.318 108.498 87.7867 86.7229 88.6121 86.1545 85.6523 122.548 83.9927 81.313 165.155 93.0844 84.2652 122.187 97.1945 80.7887 80.1226 79.3098 101.862 78.5429 78.4526 82.8742 82.6623 78.0718 76.8683 106.294
threshold=0.0017815000000000003 0.0017565000000000002 0.0033105000000000005 0.0018705000000000002 -0.46174861323503363 0.15212338618991639 0.00054350000000000004 0.0010665000000000004 0.20576496797711544 -0.84915165824291594 2.0002102513028253 3949380.5793510005 1.4885625000000002 0.17525000000000004 3.7250000000000005 -0.26034999999999991 177083.76576750004 1.6316210000000002 11339109.323769001 2.4743580000000005 9.1050000000000022 -0.012149199999999999 1304715.7051700002 0.0021825000000000004 46.015000000000008 -0.12925725141916708 0.028544819473542548 0.0050975000000000005 1.0591054832936135 0.00019450000000000004 0.037050000000000007 -0.00037601499999999994 1.0000000180025095e-35 0.16814172500000002 1576724.3088495003 -0.099856999999999987 8.2862600000000004 15.305000000000001 28.585000000000004 0.018837500000000004 1.0000000180025095e-35 16888452.422755506 0.0017385000000000002 28.755000000000006 70.885000000000005 1.4669595000000002 0.16656410500000005 32.745000000000012 -0.16067146182651151 0.49575850000000005 -0.051466529070068788 0.71485400000000021 -0.3440732011687837 -0.13466275815435005 4.3888500000000006 -0.17496507658930763 3.5000000000000004 0.20616400000000004 1.1337930000000003 -0.036376897038925403 0.0036265000000000004 0.047123500000000006
decision_type=2 2 2 2 2 2 2 2 2 2 2 2 2 2 2 2 2 2 2 2 2 2 2 2 2 2 2 2 2 2 2 2 2 2 2 2 2 2 2 2 2 2 2 2 2 2 2 2 2 2 2 2 2 2 2 2 2 2 2 2 2 2
left_child=1 6 4 18 10 16 7 29 42 -9 14 12 -12 -11 27 26 -5 -13 28 53 -15 22 25 -24 -25 -6 -10 -2 51 31 45 -1 34 -34 -32 -36 37 -37 -28 -16 -41 -39 43 -8 -45 46 47 -31 49 -49 -50 -3 -33 -18 56 -44 57 -55 -59 -52 61 -7
right_child=2 3 -4 5 21 60 8 9 15 13 11 17 -14 20 39 -17 19 -19 -20 -21 -22 -23 23 24 -26 -27 38 -29 -30 30 32 52 33 -35 35 36 -38 41 -40 40 -42 -43 55 44 -46 -47 -48 48 50 -51 59 -53 -54 54 -56 -57 -58 58 -60 -61 -62 -63
leaf_value=0.059318299672067927 0.051084182244773006 0.052640292839771397 -0.033325837657797494 -0.019366521155090417 0.046784789546641233 -0.014280888059374311 0.053542705336481401 0.049922856725348741 -0.019954377298972717 -0.018317239744939241 0.060007794127702761 -0.0038628422627277285 -0.012407891314272525 0.073622168557584883 -0.018049665054672287 0.028154183918299363 0.07850309372854547 0.06349992219358 0.042698233966840034 -0.020866146907480239 -0.002836883972832088 -0.025318174173671815 -0.032414132647911577 0.065040794392478438 0 -0.02645180044302026 -0.0075967214825077463 -0.031447564808087448 -0.03028722248749758 0.046914610805754084 0.046883829959011636 0.015537733899578219 0.050350230856750403 0.030924680321060771 0.04955759413906731 0.04442657502274492 -0.020048412462393212 0.027485496866166772 0.048917835176254872 0.06336798987049605 -0.0058099521460841068 -0.021465732034293455 0.0012195964721092099 0.01859987324995592 0.057148114970455931 0.045112882926484951 -0.035754765595319891 -0.026142822591297427 0.060860860408715953 0.068878155268917399 -0.017357900028159876 -0.0090346656971399125 0.048237772538250435 0.054710046039100714 -0.00710296884555244 0.048940665676578732 -0.0069029718682094687 0.062837050384617441 -0.0026315119792737394 0.037082657949437409 -0.0023460005670001079 0.088194188586654843
leaf_weight=839.81924737989902 52.241383217275143 20.445077523589134 6216.7732836306095 34.178291402757168 17.155800148844719 14.999727629125116 197.47245542705059 76.048746481537819 97.392055481672287 141.70377095788717 26.955221600830555 26.232173144817352 123.72535665333271 27.792294837534428 301.62656556069851 486.93012319505215 42.526179470121861 99.158614210784435 27.531832233071327 26.682038888335228 34.510549500584602 620.72012105584145 19.230798058211803 63.670103251934052 36.089381091296673 246.76076382398605 44.280338943004608 16.013323746621609 222.10246953368187 1478.8402189016342 4666.082408323884 71.94480037689209 8632.8696270734072 418.48715947568417 549.04487989842892 465.52790334820747 35.947028890252113 516.73135976493359 52.248759508132935 24.631146445870399 45.340671852231026 33.103732064366341 33.130402415990829 351.51952219009399 60.350225001573563 15979.929869711399 24.421279013156891 41.188868016004562 163.81238758563995 16.109224513173103 22.644214317202568 172.17818146944046 7896.7873486578465 214.02296198904514 44.895449735224247 1374.6565133482218 27.417470201849937 23.986857689917088 54.012242428958416 2454.3338302820921 312.21304528415203 19.795033723115921
leaf_count=1447 173 79 56082 222 79 107 435 180 534 758 95 162 834 56 2035 1664 75 309 95 151 161 4892 147 192 204 1982 220 127 1688 3130 9883 208 17269 1053 1141 1021 143 1394 142 79 276 136 117 1196 121 34928 109 172 292 23 91 1097 16309 596 232 2999 145 51 267 5898 1807 53
internal_value=0.0344207 0.0445949 -0.0278041 0.00763221 -0.00781573 0.0190944 0.0455766 0.0460414 0.0378704 0.0114624 0.00614045 0.0229357 0.000658967 -0.00290199 -0.00436106 0.0205393 0.0314369 0.049251 -0.0134112 0.0355463 0.0314206 -0.0177972 -0.00549294 0.0294651 0.0418947 -0.0214192 0.00121834 0.0311136 -0.017302 0.046259 0.0455662 0.0490423 0.0474798 0.0494589 0.0446088 0.0379319 0.0317906 0.0336733 0.0228735 -0.0110235 0.0186688 0.0244502 0.0436923 0.0339967 0.0244456 0.0441099 0.0402782 0.0407384 0.0373259 0.000780741 0.0381069 -0.00209547 0.0479483 0.0393615 0.0345083 0.0478406 0.0404541 0.0450111 0.0176627 0.0365661 0.00232958 0.0440151
internal_weight=56479 48542.6 7936.32 1256.99 1719.55 814.729 47285.7 44587.7 2697.98 280.055 715.924 276.071 150.681 204.007 439.853 680.851 467.721 125.391 442.258 433.543 62.3028 1003.63 382.907 118.99 99.7595 263.917 193.921 68.2547 414.726 44307.6 35499.1 8808.55 15317.8 9051.36 6266.44 1600.35 1051.31 1015.36 96.5291 371.598 69.9718 549.835 2017.13 609.342 411.87 20181.3 4201.35 4176.93 2698.09 57.2981 2640.79 192.623 7968.73 406.861 364.335 1407.79 319.44 292.022 77.9991 2476.98 347.008 34.7948
internal_count=177563 109895 67668 6665 11586 3706 103230 95802 7428 1155 4090 1400 929 975 2690 2560 1739 471 2959 1517 217 7496 2604 543 396 2061 896 300 2864 94647 76683 17964 32040 18322 13718 3835 2694 2551 362 2390 355 1530 4868 1752 1317 44643 9715 9606 6476 195 6281 1176 16517 1366 1291 3116 1059 914 318 5989 1967 160
is_linear=0
shrinkage=0.03


Tree=13
num_leaves=63
num_cat=0
split_feature=1 17 8 18 8 17 18 61 57 57 37 57 37 40 64 57 51 56 46 61 43 52 7 46 41 28 58 52 1 36 32 64 41 17 58 40 39 42 24 46 18 41 43 41 1 64 61 4 56 59 52 37 51 48 62 40 3 54 62 17 1 58
split_gain=37039 1834.93 1020.27 363.16 307.865 254.47 224.911 229.781 204.511 163.372 160.023 139.197 132.354 139.113 128.556 122.661 122.519 131.834 119.522 117.747 114.536 129.414 134.789 111.218 110.002 105.13 109.303 111.263 92.4913 96.027 94.9836 87.5784 87.8554 116.807 86.9616 105.49 100.716 104.514 83.3935 90.2604 80.8198 96.2067 115.759 93.5308 88.2769 81.9074 96.8847 115.57 119.284 98.6124 108.817 94.9935 87.6643 113.068 100.124 110.311 98.3665 93.9627 83.3055 84.5748 80.5235 79.5538
threshold=0.0017815000000000003 0.0017565000000000002 297203.56273050007 0.19020450000000003 582395.29033650004 0.0087275000000000009 0.9754965000000001 0.35222909080468506 0.027071500000000002 0.0048035000000000013 0.0033295000000000004 0.04507400000000001 0.0054060000000000011 38.775000000000013 1.0000000180025095e-35 0.0017010000000000003 2.7407060000000003 0.018586545000000003 20.100000000000005 -0.88186879444286459 0.051805709847326888 71.445000000000007 -0.33544999999999997 31.535000000000004 0.0051250000000000011 2818113.3935415004 1.6114595000000003 36.605000000000011 0.0022785000000000006 -0.00054377499999999992 62.245000000000012 1.0000000180025095e-35 0.0038490000000000004 0.0031685000000000003 1.4585585000000003 60.995000000000012 5.1050000000000011e-06 0.18451250000000002 0.45459881802445101 34.405000000000008 0.29436000000000001 0.011807500000000002 -0.10059428805285157 0.016894000000000003 0.00023950000000000005 1.0000000180025095e-35 0.48098876891938797 -0.21490663101003862 -0.037148819999999992 -0.0029201649999999993 86.195000000000007 0.061600500000000009 4.3358705000000013 329803.72112650011 3.5000000000000004 73.105000000000004 0.071800268004398038 19.695000000000004 2.5000000000000004 0.0002065 0.0025245000000000003 1.6027155000000002
decision_type=2 2 2 2 2 2 2 2 2 2 2 2 2 2 2 2 2 2 2 2 2 2 2 2 2 2 2 2 2 2 2 2 2 2 2 2 2 2 2 2 2 2 2 2 2 2 2 2 2 2 2 2 2 2 2 2 2 2 2 2 2 2
left_child=1 3 -2 -1 10 8 40 18 9 28 -3 -9 13 -11 -15 -6 -16 -18 -8 -17 21 60 -23 24 -12 26 -21 -28 29 30 -4 -22 -33 -34 35 -20 37 -36 39 -38 41 42 -5 -43 -44 51 49 58 -49 50 -47 -42 53 61 55 56 -55 -54 59 -48 -14 -50
right_child=2 4 5 6 15 -7 7 11 -10 12 23 -13 20 14 16 19 17 -19 34 25 31 22 -24 -25 -26 -27 27 -29 -30 -31 -32 32 33 -35 36 -37 38 -39 -40 -41 45 43 44 -45 -46 46 47 48 52 -51 -52 -53 57 54 -56 -57 -58 -59 -60 -61 -62 -63
leaf_value=-0.00036916666246671802 -0.032782357302151718 -0.024064008583744884 0.073969722404234717 0.041640416574917342 0.064999444364768552 -0.034098693754741116 -0.0040841370845347124 0.0073425911244696168 -0.024551359696613984 -0.031009413105021939 0.049837268474650052 0.052398982333212919 0.014881462711628903 -0.0232645914010178 -0.027855960381821008 0.039138011000844741 0.061526177989352303 -0.025734388407754962 0.064401555021134455 -0.022899537883470478 0.07044982791795408 0.071435708254534117 -0.0023618293624765494 -0.003515717214985439 -0.016591247654251354 -0.020411073222810085 -0.0069373750201350681 0.041538549823347676 -0.030632276121182127 -0.014889451340018884 -0.016324262864528847 0.071049391606467005 0.056031435348673594 -0.030479033197237704 -0.013081440958510436 0.01717404753058251 -0.020815776284814565 0.033525739400628009 0.053959844736392787 0.038166140954572693 0.044602103805931159 0.063559926489888688 0.04839740027461336 0.021270947863270193 -0.017705338577239185 0.03400199163347447 0.040344411560013962 -0.033246878083348433 0.028124330602665223 0.043837122931894817 -0.034441677032528865 0.050272602567220603 0.019379004298287022 0.0090992511987996825 0.060740293617197245 -0.027981929653197679 0.050472770326993488 0.062893893713331164 0.055075697305973857 0.0033932159963789518 -0.025606192404709405 -0.0016704846528059704
leaf_weight=167.113172352314 6404.5080529004335 272.9937801733613 27.375745497643948 83.235289558768272 57.556965246796608 217.63490215688944 50.020968198776245 395.86994966864586 223.8904560431838 93.698105573654175 78.767371341586113 72.817218139767647 109.46560511738062 56.293845228850842 24.43245193362236 168.52895778417587 82.469479233026505 18.027662821114063 251.04845675826073 46.175414651632309 70.980130776762962 55.023173317313194 35.600074142217636 327.54623947292566 29.822302676737309 84.229407452046871 58.333348862826824 145.52975632250309 132.33707930147648 72.338178016245365 15.39126633107662 23.670269198715687 21.923862762749195 35.127193666994572 64.422077089548111 54.49344439804554 30.044298499822617 124.12525109946728 269.31159065663815 89.360363572835922 26238.420776560903 109.71834254264832 21.526355534791946 89.155877843499184 91.717341154813766 659.35884900391102 421.51354737579823 26.488641500473022 143.36531281471252 14201.852388009429 20.385520607233047 3141.9751645922661 73.419313162565231 93.188620299100876 106.87480366230011 29.265090957283974 122.80345094203949 129.0719102025032 352.23346939682961 66.515613690018654 72.58723746240139 178.54130719602108
leaf_count=850 58950 2074 87 204 140 1957 220 1776 1734 679 256 172 500 386 179 515 231 125 407 252 225 159 196 1996 193 519 308 485 1039 467 94 57 62 255 289 185 144 373 537 247 53952 209 46 282 397 1602 968 134 400 30794 90 5974 219 305 197 124 257 229 672 228 534 641
internal_value=0.0330381 0.0426563 -0.0277284 0.0435986 0.00702239 -0.00438447 0.0437529 0.0317833 0.00113855 0.00726499 -0.00607559 0.0145033 0.0146942 -0.00142071 0.0137992 0.0236327 0.0307906 0.0454781 0.0404085 0.0187181 0.0251831 0.0133194 0.0424086 0.0051447 0.0313351 0.00824742 0.0180638 0.0275551 -0.0135847 0.00585164 0.0411582 0.0460842 0.023692 0.00264138 0.0429653 0.0561599 0.0358445 0.0174579 0.0446183 0.0230265 0.0441131 0.0302033 0.0149698 0.044953 -0.00456371 0.0442313 0.0424952 0.0356366 0.0280309 0.0432941 0.0318577 0.0452112 0.0299527 0.0245934 0.0363638 0.025416 0.0328848 0.0474364 0.0437316 0.0353868 -0.00114939 0.0115521
internal_weight=57031.5 49238.7 7792.77 47969.3 1269.48 1388.27 47802.1 1401.51 1170.63 946.741 709.13 468.687 699.299 274.922 181.223 560.354 124.93 100.497 932.826 502.797 424.378 272.676 90.6232 436.136 108.59 334.268 250.039 203.863 247.442 115.105 42.767 151.701 80.7213 57.0511 882.805 305.542 577.264 188.547 388.716 119.405 46400.6 395.353 196.479 198.874 113.244 46005.3 16624.9 1743.28 903.018 14881.6 679.744 29380.4 876.53 674.039 352.132 245.257 215.992 202.491 840.263 488.029 182.053 321.907
internal_count=177778 109862 67916 103124 6738 8966 102274 4350 7009 5275 4519 1948 3588 1600 921 2219 535 356 2402 2079 1988 1389 355 2445 449 1564 1045 793 1687 648 181 599 374 317 2182 592 1590 662 928 391 97924 1138 647 491 443 96786 36860 4374 2506 32486 1692 59926 2372 1924 883 686 562 448 1868 1196 1034 1041
is_linear=0
shrinkage=0.03


Tree=14
num_leaves=63
num_cat=0
split_feature=1 17 8 18 8 18 17 60 57 57 57 61 57 61 45 4 20 62 40 21 5 58 60 3 17 41 59 47 40 45 48 0 60 28 43 42 62 57 21 43 0 2 40 44 48 47 44 42 42 47 21 48 18 17 24 60 40 22 2 45 1 1
split_gain=34147.5 2227.75 648.336 372.93 331.971 256.417 176.564 157.698 154.462 182.365 164.14 145.927 164.737 124.165 111.835 106.029 104.722 112.86 101.052 96.1028 93.4175 95.1976 93.2672 107.711 93.3667 90.5246 154.297 90.1213 107.103 121.6 107.501 89.0408 108.998 88.267 86.5741 92.3442 85.3661 84.3817 89.0777 140.574 97.6837 84.1737 114.635 90.4069 83.9366 142.254 116.799 127.8 183.243 106.279 100.996 102.258 83.4329 94.0552 112.639 82.8226 82.3089 82.1424 97.5626 81.7836 120.94 96.4693
threshold=0.0019785000000000007 0.0020565000000000006 313175.59702100005 0.19020450000000003 469414.68257100007 0.90916750000000002 0.0087275000000000009 -0.72982064943493963 0.027071500000000002 0.0048035000000000013 0.0068335000000000002 0.3007057995042734 0.04507400000000001 -0.96863394805116465 12.784150000000002 -0.33101830525261128 58.355000000000011 3.5000000000000004 30.715000000000003 0.0012095000000000003 -0.089849999999999985 3.1649750000000005 0.88186879444286481 0.1989117699551711 0.00085050000000000002 0.013921000000000001 0.00021107500000000002 2.3282500000000006 43.725000000000001 0.037150000000000009 465921.74997850001 52.395000000000003 0.18436924984152928 119385.119766 0.39362034313725497 1.6891255000000001 1.0000000180025095e-35 0.0030725000000000006 0.0015205000000000004 -0.13466275815435005 38.175000000000004 0.082979000000000011 59.335000000000008 -3.5582052768433878 1370658.0135685003 4.356650000000001 2.5949317112299548 0.20048550000000001 0.40795300000000007 2.4342500000000005 0.015390500000000001 510861.00006100006 0.36447200000000007 8.7500000000000013e-05 1.62967967967968 0.87137607974597331 39.235000000000007 -0.13029399999999997 -0.12117249999999999 0.082150000000000015 0.00074450000000000004 0.00025550000000000003
decision_type=2 2 2 2 2 2 2 2 2 2 2 2 2 2 2 2 2 2 2 2 2 2 2 2 2 2 2 2 2 2 2 2 2 2 2 2 2 2 2 2 2 2 2 2 2 2 2 2 2 2 2 2 2 2 2 2 2 2 2 2 2 2
left_child=1 3 -2 18 20 7 8 27 9 -4 19 14 15 -6 16 36 41 -18 -1 -11 -3 -22 23 24 -17 33 -27 28 29 -5 -30 34 -33 -12 52 -36 -13 -15 -39 -40 -41 43 -43 -7 46 49 57 -48 50 -46 51 -49 53 -9 56 -19 -55 -29 -59 60 61 -32
right_child=2 4 6 5 13 11 -8 31 -10 10 25 12 -14 37 -16 22 17 55 -20 -21 21 -23 -24 -25 -26 26 -28 44 30 -31 59 32 -34 -35 35 -37 -38 38 39 40 -42 42 -44 -45 45 -47 47 48 -50 -51 -52 -53 -54 54 -56 -57 -58 58 -60 -61 -62 -63
leaf_value=0.037557515995380132 -0.032598651668667808 0.01268731736288372 -0.022000566242342416 0.033924100799391343 0.042552665329386334 -0.02406590732678034 -0.033928267147328425 0.050141436288527463 -0.027324314054033811 -0.031363071461468238 0.060749416870108035 -0.016693558887730893 0.050523341135532272 0.03996969408272405 -0.0034857043945044561 0.010679560352336664 0.05440118785558027 0.0064434911989538742 -0.012007756030261307 0.048819791440222714 -0.022074627417841299 0.060589945250436546 0.041532755272626835 0.03555303556871884 -0.028161457095569005 -0.0087536740063843769 0.079953434390377567 0.041447825854770012 0.038494271780936597 -0.003107276443188508 0.058455452508359665 0.037943175067206777 0.043354677793521236 -0.007068874468062052 0.052788502079570872 0.033839722937359415 0.033853540034649993 -0.019256638564416138 0.059663582670932511 0.068712606644818486 -0.0018976505093998078 0.038467890483817324 -0.0065162672470429677 0.041144503981585985 -0.0057954739822956413 0.0041788496465877635 0.05604956376953274 0.044312364435875363 0.03768516092323259 0.045356098874693544 -0.026402642483165095 -0.00061616999306373776 0.044103537545528093 0.032166152648992252 0.05521260100728944 0.054258084684029782 0.0030470011124730388 0.026329805640602531 -0.023294671679263326 0.049851094415928845 -0.02215467650087043 0.035293226965187025
leaf_weight=48.249212205410004 6212.1247567683458 90.513079218566418 177.65161515772343 816.34864680469036 126.79595957696438 18.931593731045723 185.50154647231102 197.51246389746666 171.49299229681492 13.870978780090807 17.214250437915325 33.062203392386436 131.88916637003422 67.334268435835838 56.554102540016174 88.59330977499485 500.71361991763115 93.966889977455139 147.98720722645521 127.65793845802546 508.86357595026493 11.730958245694636 44.763127073645592 48.235618829727173 143.40000963956118 35.174658067524433 33.032395385205746 43.939631745219231 4407.1840353608131 86.636226981878281 218.40584444999695 5664.8455662429333 9104.7229952812195 318.09780192375183 1845.1108130812645 284.02806302905083 232.16994248330593 108.53469575941563 46.557073414325714 18.013958409428596 234.84278335422277 91.627156108617783 110.85938592255116 378.59024073928595 36.891178324818611 95.033691063523293 160.78089997172356 72.839823618531227 444.29002167284489 851.93986634910107 64.564317941665649 115.7613287717104 19120.200893037021 169.25332528352737 88.050414502620697 50.66481725871563 185.09242757409811 55.638164460659027 94.478537008166313 1892.724970407784 27.197467654943466 743.19595868885517
leaf_count=158 58645 519 1323 2140 368 90 1703 366 1401 105 63 174 302 254 248 369 964 360 859 432 3852 45 120 168 904 215 63 99 9943 323 368 12493 18413 1977 3179 630 721 732 112 43 1199 242 517 967 136 329 289 152 1045 1859 268 390 37883 433 160 83 635 151 387 3694 111 1746
internal_value=0.0317996 0.0405919 -0.0288683 0.041584 0.000406725 0.0417496 -0.00736704 0.0422037 -0.00179162 0.00425509 0.0128924 0.0312004 0.0202464 0.0162275 0.0372329 0.0133561 0.0391074 0.0476045 0.000155529 0.0405858 -0.0151323 -0.0200418 0.00175295 -0.0046198 -0.013218 0.00302875 0.0343079 0.0388588 0.040289 0.0303385 0.0415133 0.043135 0.0412838 -0.00332773 0.0443807 0.0502919 0.0274009 0.0090669 0.00380759 0.0123043 0.00326543 0.0298542 0.0137811 0.037911 0.0330731 0.0394651 0.0270365 0.0317929 0.0260859 0.0431952 0.00554364 0.0167197 0.0437398 0.0327719 0.0248539 0.0236566 0.0170916 0.00579207 -0.00465117 0.0461055 0.0388623 0.0406404
internal_weight=57611.9 50320.1 7291.82 49106.9 1213.19 48910.7 1079.69 46886.7 894.193 722.7 545.048 2024.02 722.113 602.079 1301.91 590.224 1245.35 645.345 196.236 141.529 611.108 520.595 324.992 280.229 231.993 403.519 68.2071 10227.9 8191.69 902.985 7288.71 36658.8 14769.6 335.312 21889.2 2129.14 265.232 475.283 407.949 299.414 252.857 600.008 202.487 397.522 2036.16 983.865 1052.29 858.236 697.455 888.831 253.165 188.601 19760.1 639.909 442.396 144.632 354.346 194.056 150.117 2881.52 988.799 961.602
internal_count=177919 111992 65927 104868 7124 103851 7282 97622 5579 4178 2855 6229 2758 2708 3471 2456 3223 1407 1017 537 4416 3897 1561 1441 1273 2318 278 23430 18325 2463 15862 74192 30906 2040 43286 3809 895 2340 2086 1354 1242 1816 759 1057 5105 2324 2781 2144 1855 1995 810 542 39477 1594 1228 443 1068 637 538 5919 2225 2114
is_linear=0
shrinkage=0.03


Tree=15
num_leaves=63
num_cat=0
split_feature=1 18 8 8 1 8 1 57 57 21 57 21 1 63 56 22 56 22 41 48 4 28 44 18 61 38 51 61 21 28 28 37 40 1 52 40 48 57 18 6 58 4 61 38 54 46 24 41 6 57 55 58 53 25 59 56 54 59 4 44 51 63
split_gain=31924.3 1891.08 601.333 339.419 311.767 199.579 183.657 133.106 141.767 129.785 143.637 124.038 111.209 159.807 130.388 114.676 110.419 109.209 120.916 113.678 117.804 108.357 125.005 108.06 124.576 108.715 95.4705 94.237 112.203 93.3847 92.8461 89.5309 89.3897 116.707 87.205 93.6874 86.085 86.0067 84.8724 84.4468 83.8191 88.0906 83.4585 82.5985 82.1608 81.5177 86.6716 81.9847 80.4415 102.915 79.8225 79.241 77.362 82.1221 74.2542 73.7507 84.0741 72.177 80.4174 71.2662 92.7291 70.4949
threshold=0.0019785000000000007 1.6254020000000002 289566.51157450007 469414.68257100007 0.0011065000000000001 641053.87460750015 0.0037785000000000002 0.027071500000000002 0.0048035000000000013 0.0012335000000000002 0.0068335000000000002 0.0019165000000000002 0.00027950000000000007 1.0000000180025095e-35 0.16814172500000002 -0.16724249999999999 -0.00033319999999999991 -0.42877649999999995 0.060691000000000002 1324127.7968430002 -0.72576041493710297 352719.45979550009 2.2351841736660942 0.86252450000000014 0.33172980431441496 0.28821200000000008 2.6643325000000004 -0.71473537162315159 0.0013335000000000003 156948.91232650002 184524.45876350004 0.0071905000000000016 59.985000000000007 0.00053750000000000011 83.475000000000009 42.205000000000005 76720.397002000012 0.020941500000000005 0.37594650000000002 77.265000000000015 3.1649750000000005 -1.4692477890461266 0.78661891169205844 2.1099270000000003 46.360000000000007 34.145000000000003 -0.39559779814397467 0.0015415000000000001 90.225000000000009 0.0061470000000000006 512.63300000000015 2.4743580000000005 16.285000000000004 4.6951500000000008 -7.1919999999999989e-05 -0.096993309999999985 29.095000000000002 -0.00081526499999999991 -1.046848871237458 2.2135814622693033 5.8102050000000007 1.0000000180025095e-35
decision_type=2 2 2 2 2 2 2 2 2 2 2 2 2 2 2 2 2 2 2 2 2 2 2 2 2 2 2 2 2 2 2 2 2 2 2 2 2 2 2 2 2 2 2 2 2 2 2 2 2 2 2 2 2 2 2 2 2 2 2 2 2 2
left_child=1 4 -2 11 12 38 7 8 -4 -10 -11 36 16 15 -15 -14 -1 18 19 -18 -21 22 61 25 59 32 -16 34 -29 57 -31 -26 33 -17 35 -7 -3 -30 -6 -5 41 -23 -22 -39 51 46 47 -13 49 54 -47 -33 -41 -54 -40 56 -27 58 -28 -25 -61 -12
right_child=2 3 6 39 5 27 -8 -9 9 10 21 45 13 14 26 23 17 -19 -20 20 42 40 -24 24 31 55 29 28 37 30 -32 44 -34 -35 -36 -37 -38 43 48 52 -42 -43 -44 -45 -46 50 -48 -49 -50 -51 -52 -53 53 -55 -56 -57 -58 -59 -60 60 -62 -63
leaf_value=0.047865687107499659 -0.032691215958690525 0.054738794322518998 -0.019652412203355056 0.02906763128831719 -0.010147832266064789 0.048101115317979302 -0.02880589716353105 -0.027852334944286208 -0.034042599936406438 0.044106574731341303 0.0062129090893767282 0.067308188836514835 0.042776545669006995 0.041614966604559302 -0.014480918019518977 0.04603583683117627 0.037687256534617186 0.04207258933801742 -0.0099456685312844482 0.044405477669493813 -0.0315816061997738 0.026852552892608923 -0.032129855302867882 0.051181153299745742 -0.010904124207097831 -0.018374133747398543 0.048447249940901896 -0.016856816482012014 0.037897167252940511 -0.033663680987064806 0.024056200176755298 0.03876485493187716 -0.0086995211709177123 -0.0083616533264977162 0.071324271616597087 0.021719832584997455 -0.027126212372693356 -0.013386737549003696 0.0058724340127170515 0.024299129633309362 0.070877181745778894 -0.014485297566684855 0.033983243189698913 0.033882709041830703 -0.027018262733018019 -0.015901292349162502 0.034772872503592622 -0.031203041501745746 -0.014843180523621945 0.007258399350781636 0.04373418284349595 -0.020378463780607366 -0.012977519531829273 0.046807188581622652 0.058927166532794173 0.036599600379700857 0.036546911608945722 0.048481556653538885 0 -0.0086285036744512111 0.052243291956366587 0.079206356283264778
leaf_weight=2756.8306468874216 5946.3337547257543 10.86948401480913 178.64850561320782 369.94179680198431 133.44001258909702 292.46019811928272 313.06903149187565 147.27848818898201 50.486948192119598 121.28796435892582 18.042845599353313 8.1794493123888952 2108.6856096237898 16406.580176204443 41.367975279688835 110.811195358634 1488.8975258469582 14935.626359447837 53.502116933465004 50.454767376184464 60.814200296998024 57.596096456050873 16.695637710392475 144.7518250644207 121.55438859760761 47.149532467126846 52.447336107492447 53.662795469164848 285.63789330422878 25.966597929596901 314.72073882818222 136.4315045773983 85.451211512088776 50.356698706746101 79.650294452905655 220.64600706100464 308.67228766530752 70.982905082404613 34.170539475977421 143.36229215562344 12.484062008559702 217.7048901244998 23.081762045621872 60.204987488687038 25.055144056677818 204.13312517851591 98.706589818000793 41.181736081838608 53.688444517552853 144.22416990995407 21.233632385730743 22.585859850049019 157.2750193849206 22.682238101959229 90.333480760455132 8282.6858044713736 50.656260073184967 313.85626119375229 70.964692264795303 53.014723658561707 37.065967664122581 41.737519130110741
leaf_count=4975 57668 42 1342 1385 741 612 2848 1224 403 415 98 22 4464 32961 152 216 3142 29834 183 97 247 245 126 268 578 182 93 266 731 106 789 360 295 184 119 686 2430 330 142 564 26 1424 50 181 129 1403 401 302 305 658 98 111 911 68 220 18414 113 576 222 219 71 101
internal_value=0.0306642 0.0390069 -0.0288143 0.00442136 0.0399769 0.026505 -0.00915835 -0.0019624 0.00336241 0.0111109 0.0159279 -0.0103913 0.0404032 0.0391859 0.0410253 0.0363699 0.0421909 0.0412446 0.0338305 0.0352971 0.00850426 0.00636804 0.0378806 0.0348885 0.0216617 0.035711 0.0291447 0.0336329 0.023376 0.0315186 0.0194834 0.00885948 0.0157735 0.0289077 0.0416706 0.0368793 -0.0240858 0.0286553 0.00977687 0.0192647 -0.00200439 -0.00566249 -0.013002 0.00817151 0.0220611 0.00127987 0.0185737 -0.0132711 0.0181218 0.0248497 -0.00998164 0.0301022 0.00790073 -0.00505931 0.044768 0.0362922 0.00984933 0.0407612 0.020654 0.0380879 0.0163879 0.0581338
internal_weight=57898.1 50776.7 7121.37 1386.24 49390.5 1519.1 1175.03 861.963 714.684 536.036 485.549 692.976 47871.4 28502.2 17225.9 11276.3 19369.2 16612.4 1676.75 1623.25 134.351 364.261 76.476 9167.57 540.459 8627.11 819.324 1063.25 470.489 777.956 340.687 305.627 246.619 161.168 592.756 513.106 319.542 416.826 455.857 693.261 287.785 275.301 83.896 131.188 184.073 373.435 148.068 49.3612 322.417 268.728 225.367 159.017 323.32 179.957 124.504 8380.49 97.8058 437.268 123.412 234.833 90.0807 59.7804
internal_count=177568 111648 65920 7626 104022 4991 8252 5404 4180 2838 2435 4698 99031 60503 34899 25604 38528 33553 3719 3536 394 2020 325 21140 1736 19404 1938 2925 1508 1786 895 1178 695 400 1417 1298 2472 1242 2066 2928 1695 1669 297 511 600 2226 725 324 1325 1020 1501 471 1543 979 362 18709 295 891 315 558 290 199
is_linear=0
shrinkage=0.03


Tree=16
num_leaves=63
num_cat=0
split_feature=1 17 1 18 37 47 18 61 18 61 25 43 52 38 46 55 46 20 40 1 3 55 0 59 41 17 20 16 28 48 17 46 46 28 24 38 55 28 24 4 37 45 0 61 5 61 28 6 41 56 42 41 42 54 61 27 38 56 21 41 58 28
split_gain=29229.7 1750.39 624.142 305.955 233.954 224.223 198.048 181.818 134.374 130.418 112.735 182.583 109.663 155.822 115.897 106.67 129.789 105.519 109.071 114.462 105.469 100.11 129.035 100.71 126.14 122.663 108.543 97.7085 95.9085 97.6055 91.9178 164.834 161.662 127.199 126.874 90.3325 88.5508 87.3589 85.7277 93.3353 84.7085 82.458 129.673 79.4034 78.1312 77.9622 76.8003 76.4983 76.606 75.4867 93.2468 72.0238 104.816 71.4578 70.8489 71.523 69.0894 84.2841 67.94 78.836 89.7261 66.4555
threshold=0.0019785000000000007 0.0020565000000000006 0.0033105000000000005 0.14085650000000002 0.0051850000000000012 0.89265000000000005 0.9754965000000001 -0.076279435988900565 0.29436000000000001 0.24825246871434672 4.2030000000000012 -0.1727867131134399 23.405000000000005 1.9913690000000004 33.265000000000008 288.29250000000008 4.285000000000001 48.145000000000003 39.235000000000007 0.00054450000000000017 -0.14892616694093722 551.31650000000013 61.905000000000008 -0.0024999149999999997 0.0025665000000000006 0.0010525000000000003 70.25500000000001 8.2415000000000016e-05 10400018.037129501 4305565.6838580007 0.0050975000000000005 80.360000000000014 83.570000000000007 361761.75337900006 0.53350132707857545 1.303193 -8.4929999999999968 3779028.3306410001 1.62967967967968 0.41482498982498989 0.010959500000000002 -3.4612999999999996 52.015000000000008 0.34202014332566844 -0.0048499999999999993 -0.91080963307804841 812245.55277900014 91.915000000000006 0.019258000000000004 -0.035714704999999992 -0.31589799999999996 0.011807500000000002 0.55753700000000006 12.775 -0.15212338618991647 0.20775000000000002 1.1091485000000003 -0.060251604999999993 0.0012335000000000002 0.019641000000000002 1.4669595000000002 5730645.064100001
decision_type=2 2 2 2 2 2 2 2 2 2 2 2 2 2 2 2 2 2 2 2 2 2 2 2 2 2 2 2 2 2 2 2 2 2 2 2 2 2 2 2 2 2 2 2 2 2 2 2 2 2 2 2 2 2 2 2 2 2 2 2 2 2
left_child=1 3 7 49 28 -6 8 30 17 12 36 -12 -8 14 -14 -9 -17 18 56 44 -11 22 23 -22 46 26 37 -10 29 41 34 -32 -33 -34 58 54 -7 -26 39 40 -16 42 -3 -18 -20 -30 -25 -38 -49 50 -1 52 -19 -23 55 -31 -5 -58 -2 60 -60 -40
right_child=2 4 -4 6 5 10 9 15 27 20 11 -13 13 -15 38 16 43 51 19 -21 21 53 -24 24 25 -27 -28 -29 45 35 31 32 33 -35 -36 -37 47 -39 61 -41 -42 -43 -44 -45 -46 -47 -48 48 -50 -51 -52 -53 -54 -55 -56 -57 57 -59 59 -61 -62 -63
leaf_value=0.069284382920796819 -0.017938449215751783 -0.0078952250958414429 -0.032582763196096542 0.058061461292079806 -0.026831050491783533 -0.020867369514916429 0.049717026244242346 -0.030251930054407121 0.039554108917868466 0.0459443224887192 0.074418632000617504 -0.020436683889959235 -0.019340734827284878 0.043314294632165913 0.033233325636404923 0.072671726161218531 0.016316909677799269 0.00038703204906810048 0.050965183830446799 -0.037395834286032402 0.044887581435725729 0.071244154002261473 0.05014514970285032 0.047683049972656752 -0.025990647021646097 -0.02987266856766636 0.043276608199596188 0.036497593728828846 0.074781804062883525 0.090481393471389823 -0.02660642299285735 0.11871256404250465 0.078915050434326561 -0.032583527092281024 -0.017367025890029256 -0.025944316510552724 0.039827069271961314 0.033238461807123573 0.050159493598610654 -0.015330361534684089 -0.031502518980469983 -0.025661316395980061 0.10736873306697226 -0.029147640097128714 -0.025661033763694153 -0.014436767832732384 -0.025191956725325124 -0.010436396420832042 0.071299056818022843 -0.033727834093008675 -0.031782004156903777 0.047689365358708262 0.064554640232232008 0.0039748112658891726 -0.030226948848775352 0.011558790161004672 0.052570176796175858 -0.015531756655686015 -0.0064298079249858362 -0.032043592520965204 0.034238434033605283 0.0027202938102674655
leaf_weight=16.602430507540706 42.529839806258678 49.188326716423035 5659.8872803449631 43.407753333449364 99.44957908987999 27.699828773736954 311.54494994878769 419.38025523722172 33666.027710661292 98.64473132789135 21.260767832398415 100.0789453536272 66.75258757174015 359.75721795856953 134.64080603420734 17.793472528457642 55.490146517753601 91.734915800392628 30.638514295220375 68.277387328445911 43.092833325266838 40.176944464445114 55.50644613802433 58.633167773485184 79.483225099742413 158.19030904769897 50.379820823669434 13865.155433051288 18.980614513158798 22.44987902790308 206.78650261461735 13.215821340680121 12.235120117664335 29.213811002671719 130.97624380141497 30.574049636721611 307.71430397033691 29.799345538020134 124.59783548116684 77.84139209985733 19.73301175236702 403.39270278811455 9.5841642469167692 86.370209656655788 17.902791142463684 14.429569467902182 15.373684905469416 55.847375579178333 11.557259060442446 64.621411010622978 14.119881115853785 170.69761086255312 29.97686830163002 23.389206677675247 9.9949420690536481 20.829914070665836 24.655400365591049 43.357404708862305 59.709732756018639 21.466107845306396 235.09429372102022 35.587420061230659
leaf_count=38 325 317 56319 81 745 172 646 3797 67679 265 34 622 322 778 373 65 320 353 60 372 116 77 142 153 449 955 135 29126 30 50 1725 37 52 253 892 206 1072 89 241 381 97 3140 28 754 78 91 93 317 31 434 102 385 63 94 72 98 52 193 369 178 922 140
internal_value=0.0292991 0.0371652 -0.0282349 0.0380268 0.00137953 0.0141434 0.0381297 -0.00970281 0.0384966 0.0282112 0.0220109 -0.00309877 0.0344068 0.0284921 0.0167445 -0.0223202 -0.00123954 0.0231163 0.00761149 -0.0124198 0.0173978 0.0121874 0.00747523 0.00185856 -0.0028992 -0.0111963 0.00719183 0.0386639 -0.0123066 -0.0153826 0 -0.0142917 0.0313946 0.000706205 0.00770282 0.0140555 0.0296379 -0.00941299 0.022993 0.0110884 0.0246158 -0.020807 0.0118811 -0.011164 0.0221512 0.0360775 0.0320105 0.0334927 0.00397691 -0.0153018 0.0223513 0.0350491 0.0168329 0.0474019 0.037619 0.0542935 0.0288038 0.00912527 0.0169605 0.0217898 0.0259062 0.0398886
internal_weight=58123.5 51133.3 6990.15 49930.3 1203.03 623.608 49835 1330.26 48051.8 1783.12 524.158 121.34 1130.46 818.91 459.153 579.034 159.654 520.649 228.239 116.819 652.67 554.025 490.459 434.952 391.86 317.853 159.662 47531.2 579.424 546.014 751.227 261.451 54.6648 41.4489 489.776 83.8488 402.819 109.283 392.4 232.215 154.374 462.165 58.7725 141.86 48.5413 33.4102 74.0069 375.119 67.4046 95.3437 30.7223 292.409 121.712 63.5662 53.2747 43.2798 111.421 68.0128 358.8 316.27 294.804 160.185
internal_count=177595 111587 66008 104562 7025 2993 103988 9689 98442 5546 2248 656 2978 2332 1554 4936 1139 1637 836 510 2568 2303 2132 1990 1874 1628 673 96805 4032 3911 4753 2067 342 305 2686 426 1592 538 1232 851 470 3485 345 1074 138 121 246 1420 348 574 140 801 416 171 220 148 326 245 1794 1469 1291 381
is_linear=0
shrinkage=0.03


Tree=17
num_leaves=63
num_cat=0
split_feature=1 17 8 18 21 17 18 61 28 57 61 55 57 57 57 28 6 46 2 46 41 54 45 45 42 27 1 0 28 55 0 38 38 39 48 38 41 53 48 45 42 57 18 0 45 44 44 42 55 61 52 57 59 28 36 38 53 54 41 53 18 59
split_gain=27438 1584.7 601.784 344.671 238.512 178.796 164.689 167.369 155.019 151.347 146.74 176.927 128.011 139.402 129.556 117.155 111.524 121.751 109.214 101.032 100.844 99.1787 97.1647 118.482 92.8068 92.3067 143.155 97.3816 91.1324 95.3159 118.616 122.366 91.046 88.5739 89.4071 139.858 97.4047 100.574 96.4004 88.6446 88.1582 87.0052 86.2576 85.8921 83.4108 83.051 121.221 82.7676 81.9923 81.3965 83.4501 89.4694 111.646 79.7128 79.2531 78.7831 78.2173 77.9985 77.0335 76.3794 74.7152 85.1807
threshold=0.0019785000000000007 0.0019015000000000002 297203.56273050007 0.24492100000000003 0.0016975000000000002 0.0087275000000000009 0.9754965000000001 0.41268247579971845 10400018.037129501 0.04507400000000001 0.17364817766693066 512.63300000000015 0.027071500000000002 0.0048035000000000013 0.0068335000000000002 160015.61842900005 92.715000000000018 65.955000000000013 -0.17736149999999998 20.100000000000005 0.0019965000000000004 4.6350000000000007 -1.5246999999999997 -3.8816999999999995 0.14204400000000003 0.048550000000000003 0.00033950000000000007 58.245000000000012 352719.45979550009 1542.4810000000002 45.465000000000011 2.0314085000000008 2.8056115000000004 -0.0015555749999999998 130975.76741800002 4.4731395000000012 0.031174500000000004 33.360000000000007 55969.43852750001 10.837350000000002 0.19822300000000004 0.10648750000000003 0.19020450000000003 40.415000000000006 -4.8151499999999992 2.2135814622693033 -2.6129890215878233 -0.19430649999999997 1038.7960000000003 0.65106671239330416 12.275 0.036035000000000005 -0.0034635099999999995 18224.958867000005 -8.4749999999999976e-06 0.28821200000000008 31.985000000000003 19.930000000000003 0.015694500000000004 30.945000000000004 0.14085650000000002 0.00067339500000000013
decision_type=2 2 2 2 2 2 2 2 2 2 2 2 2 2 2 2 2 2 2 2 2 2 2 2 2 2 2 2 2 2 2 2 2 2 2 2 2 2 2 2 2 2 2 2 2 2 2 2 2 2 2 2 2 2 2 2 2 2 2 2 2 2
left_child=1 3 -2 60 8 12 25 19 32 18 15 22 13 -4 24 -6 17 20 59 -8 -17 -18 23 -12 -15 26 27 44 40 30 31 58 43 -28 38 36 49 39 -35 -38 42 -27 -16 -3 -5 46 47 -21 -13 55 -51 52 -52 -54 56 -36 -19 -25 -30 -9 61 -1
right_child=2 4 5 6 10 -7 7 9 -10 -11 11 48 -14 14 28 16 21 54 -20 45 -22 -23 -24 57 -26 41 33 -29 29 -31 -32 -33 -34 34 35 -37 37 -39 -40 -41 -42 -43 -44 -45 -46 -47 -48 -49 -50 50 51 -53 53 -55 -56 -57 -58 -59 -60 -61 -62 -63
leaf_value=-0.031896309068020164 -0.032156511201182979 0.026135222388859566 -0.019731490625585331 0.056465020855480261 -0.027510255454710423 -0.033556663241129256 -0.00262659072921134 0.0040612330990264798 0.044813887446362534 0.049456642230152031 -0.033742271091525285 0.060341700530418707 -0.025947961860233074 -0.0044329006788160329 -0.011191329805093887 0.088858403633029437 0.044378314010483047 0.047048224243149396 -0.0058422654873880693 0.039998733040628336 0.037179696693226141 -0.016481926809049727 -0.022385283518241258 -0.0080482396222137827 0.048925088982266912 0.038970287791396323 0.019069735111590012 0.033443063563798316 -0.025318787906976139 0.044275991311710047 -0.027479522991383773 0.047152071308791586 0.040586112482741854 0.01050209818758515 0.012470582649139042 -0.028603758109174982 0.009864319612940908 0.0034839387733775133 0.043057256793515943 0.03715765844200352 -0.032035176094220769 -0.0058275555256038589 0.061782057630923065 -0.026283075799977126 0.03851574455808851 0.026670479896352361 0.052246930165212459 -0.0022075510759060131 -0.02144291060376436 0.047783251170651943 0.057698896998945273 0.039519039385815066 -0.044286412927215482 0.0097648007778493046 -0.018929208802384283 0.035217542824855057 -0.021520873050230101 0.054936420305825601 0.049328059125094179 0.052753792362855829 0.01522880912779756 0.035269541358383089
leaf_weight=70.833978936076164 5705.6693394780159 29.112358510494232 182.03310586512089 248.01502253115177 37.485506348311901 201.11551781743765 63.990946590900421 60.150044493377209 36.145064078271389 80.640587821602821 33.299448922276497 51.603895545005798 167.66994119435549 38.682915173470974 18.566198594868183 41.452321723103523 32.610612995922565 55.443855069577694 275.24177766591311 92.969241797924042 226.56435330957174 84.026291206479073 212.09358057379723 25.698579132556915 107.12349484860897 18659.036999829113 394.00314512848854 3999.9520058184862 68.313973776996136 30.233211621642113 166.96314927190542 49.709712721407413 20.654507279396057 90.749904826283455 145.31548035144806 32.160324230790138 157.77687132358551 194.14917488396168 1313.4466580301523 362.9708948880434 16.274917006492615 37.689637154340744 54.115327447652817 365.81980376690626 14864.779610961676 516.19708663225174 416.3495384901762 72.853388085961342 12.788675889372824 106.78863963484764 40.929036408662796 136.45003639161587 25.348613128066063 337.92205180972815 50.864270091056824 7201.6402845755219 19.025038942694664 49.549998581409454 14.011828020215033 58.059804737567902 261.13441248983145 20.991740331053734
leaf_count=483 58088 139 1415 367 267 1991 260 249 118 171 255 165 1454 229 134 72 101 166 1404 206 698 483 1498 168 325 36609 998 8502 489 115 1228 178 113 246 392 124 463 581 2441 740 124 124 156 2859 29167 1523 737 268 90 185 60 273 110 955 279 15189 108 164 36 135 978 79
internal_value=0.028336 0.0357942 -0.0282162 0.0366651 0.00410028 -0.00801184 0.0368738 0.0274034 -0.0137403 0.0122455 0.0127803 -0.00133875 -0.00232579 0.00297077 0.0103731 0.0227493 0.0265488 0.0341724 0.00443678 0.0335442 0.0455846 0.000511619 -0.0105563 0.0122761 0.0346309 0.0371932 0.0361285 0.0376949 0.00178135 -0.00543872 -0.0106964 0.0103478 -0.0190003 0.0332819 0.0338289 0.0326716 0.0329046 0.0221127 0.0409836 0.0289805 0.0286001 0.0388781 0.0428352 -0.022287 0.038816 0.0356793 0.0435563 0.0213737 0.0435606 0.033863 0.0234475 0.018506 0.0112583 0.00579959 0.00936316 0.0347735 0.0290799 0.0332093 -0.0118144 0.0284706 0.00699625 -0.0160042
internal_weight=58543.3 51722.8 6820.48 50338.5 1384.24 1114.81 49985.6 1636.45 451.732 474.092 932.506 385.034 913.698 746.028 563.995 547.472 509.987 393.35 393.452 1162.36 268.017 116.637 320.642 108.548 145.806 48349.1 29652.4 19112.7 418.188 329.232 298.999 132.036 415.587 10539.7 10145.6 8741.45 8709.29 714.897 1404.2 520.748 88.9564 18696.7 72.6815 394.932 15112.8 1098.37 582.172 165.823 64.3926 7994.39 647.438 540.65 404.2 363.271 125.333 7346.96 74.4689 75.2486 82.3258 118.21 352.96 91.8257
internal_count=177724 111762 65962 104019 7743 7874 102479 4953 3229 1959 4514 2340 5883 4429 3014 2174 1907 1323 1788 2994 770 584 2085 587 554 97526 60793 38036 2460 2046 1931 703 3111 22757 21759 19072 18948 1784 2687 1203 414 36733 290 2998 29534 2734 1211 474 255 17164 1583 1398 1125 1065 553 15581 274 332 525 384 1540 562
is_linear=0
shrinkage=0.03


Tree=18
num_leaves=63
num_cat=0
split_feature=1 17 8 8 18 17 55 18 61 57 56 41 61 57 4 48 57 21 57 1 19 52 7 52 52 24 27 1 56 57 52 46 48 48 38 57 21 38 34 42 4 24 21 61 19 56 59 23 41 17 55 40 47 22 40 28 61 43 27 25 46 21
split_gain=25911.6 1434.34 638.024 282.947 274.441 187.895 183.514 167.734 153.063 151.511 135.831 116.592 109.619 157.999 113.318 108.662 108.555 123.597 141.774 101.323 100.746 100.474 136.583 102.138 93.9718 91.8863 87.8475 130.39 120.432 99.8472 85.4021 107.273 82.6749 86.1783 114.039 102.22 146.957 110.029 86.344 78.8651 102.918 75.961 75.1235 72.9196 72.4822 71.8785 81.7468 102.612 70.0982 80.8437 69.7776 69.3036 67.8913 67.8585 67.4462 83.4084 73.8449 67.8887 65.5814 77.6888 65.0533 64.5404
threshold=0.0019105000000000001 0.0020565000000000006 289566.51157450007 582395.29033650004 0.29436000000000001 0.0087275000000000009 512.63300000000015 0.90916750000000002 -0.81915204428899169 0.027071500000000002 0.011255340000000001 0.011807500000000002 0.3007057995042734 0.04507400000000001 -0.33101830525261128 4305565.6838580007 0.0048035000000000013 0.0012335000000000002 0.0068335000000000002 0.0011505000000000003 -6.9834999999999984e-05 71.445000000000007 -0.35914999999999991 34.510000000000012 62.060000000000009 7.2704329058198462 0.037050000000000007 0.00027950000000000007 -0.00037601499999999994 0.10648750000000003 28.440000000000001 33.455000000000005 41564.251852000009 130975.76741800002 4.4731395000000012 0.071450000000000014 0.026240000000000003 0.094845000000000013 11.575000000000001 0.30798650000000005 -0.72576041493710297 5.2389101983440343 0.0040065000000000005 0.54643492068321298 -1.3634999999999999e-05 0.16814172500000002 0.00014815000000000002 0.24546748271203578 0.0026775000000000006 0.00064150000000000003 831.30600000000015 38.625000000000007 4.3295500000000011 -1.5130934999999999 38.095000000000006 76558.170560500017 -0.032717136199948357 0.11759691327106502 -1.32995 16.904000000000003 34.405000000000008 0.0015885000000000003
decision_type=2 2 2 2 2 2 2 2 2 2 2 2 2 2 2 2 2 2 2 2 2 2 2 2 2 2 2 2 2 2 2 2 2 2 2 2 2 2 2 2 2 2 2 2 2 2 2 2 2 2 2 2 2 2 2 2 2 2 2 2 2 2
left_child=1 4 -2 6 11 9 25 26 24 16 -8 15 20 14 48 41 -4 -18 39 -13 -9 23 -23 50 -5 54 27 28 -6 -28 -22 -32 60 45 35 37 43 -35 -39 40 -19 42 -1 -37 -21 58 47 -47 -14 -50 -20 -17 53 -16 55 -3 -57 -58 -34 -60 -29 -10
right_child=2 3 5 8 7 -7 10 12 61 -11 -12 19 13 -15 52 51 17 18 21 44 30 22 -24 -25 -26 -27 29 32 -30 -31 31 -33 33 34 -36 36 -38 38 -40 -41 -42 -43 -44 -45 -46 46 -48 -49 49 -51 -52 -53 -54 -55 -56 56 57 -59 59 -61 -62 -63
leaf_value=0.0032257605662063017 -0.03215064360005554 0.064811975842879482 -0.015710643482645802 0.015099485923497805 0.0441342782210579 -0.033439198050602921 0.050936633118657287 0.0022011581997882917 -0.018758410924756923 -0.027310113774895565 -0.024920799382765341 0.039968025900567201 0.048905798920592103 0.045889581014189731 0.067391250549512338 0.055300151618879648 -0.033870393961118184 0.055097042879303192 0.0019795626403303779 0.031652405452169394 0.04522527800718678 0.056684335498246072 -0.0060233626224480601 -0.021693205068141458 0.056314082193225555 0.072909123709513704 0.03760977873502331 0.018788570024152036 0.035773604081679386 -0.0086801575127366509 0.0049882757488035933 0.033636801347344272 0.052938947582064633 -0.01095114283665541 -0.011987276597571594 6.9413634183159716e-05 0.049556873737165004 0.036836253125766792 0.030925900057125227 0.061165187897844468 -0.020458359653439846 0.055592189394410199 -0.030499256483535547 0.047463816417325451 -0.03014812147887606 -0.0043725593185427415 0.041923748807978695 0.048973458495266492 0.047021411554132662 0.0032616438893163318 0.052618584017813254 -0.0079687311828462726 0.053770874526108063 -0.007526490588791554 -0.026344374931331106 0.026345455139167286 -0.033203622717339155 0.040587894520714742 0.040893102569664205 0.02657601760771048 -0.034776029518711213 0.013074362768539096
leaf_weight=143.62091293185949 5563.7546843439341 13.887005552649496 205.4997439160943 94.217911347746849 1816.4034233093262 214.39745688438416 64.612724907696247 95.79488331079483 79.796077519655228 180.01918944716454 30.080271013081074 203.9124241322279 78.449643760919571 143.88077831268311 10.2475139349699 48.578545354306698 52.713014364242554 29.134442493319511 110.77678476274014 29.842410273849964 443.56118822842836 65.912010058760643 56.874947592616081 151.75801154971123 113.38284246623516 8.6575460582971555 18754.5629735291 109.38117535412312 13480.933185264468 40.636278867721558 146.30216233432293 667.51084116101265 309.36637471616268 50.676475062966347 51.843109533190727 253.62692058086395 90.360957309603691 3320.6328485161066 7599.3970894441009 73.599852696061134 33.614039197564125 15.667027488350866 98.622197702527046 32.212626814842224 37.103534080088139 123.3720860928297 123.06916990876198 42.602418020367622 51.346500366926193 145.67206191271544 30.992771878838539 21.265663608908653 17.963787436485291 294.12537690252066 401.59777211397886 35.146296717226505 85.035258457064629 11.695372723042963 1565.0873806029558 464.81927154958248 23.796081721782684 193.89123579114676
leaf_count=598 58084 51 1560 356 3125 2183 226 357 527 1579 225 462 172 302 16 95 438 87 659 118 913 211 338 1071 247 14 36322 268 26765 137 528 1640 483 176 177 763 149 6678 16432 183 195 31 528 54 216 386 222 67 107 607 85 93 47 1509 3262 158 660 62 2904 1034 93 826
internal_value=0.0273485 0.0345257 -0.0278625 0.00109691 0.0352678 -0.00803261 -0.0117671 0.0355085 0.0185399 -0.00247704 0.0265176 0.0149536 0.0271059 0.0177064 0.0108078 0.00279521 0.00302595 0.00945113 0.013691 0.0294912 0.0322189 0.00487674 0.0275818 -0.00458065 0.037915 -0.018377 0.0358721 0.0348262 0.0367711 0.0375076 0.0344784 0.0285358 0.0327206 0.0329449 0.0317891 0.0319928 0.0163882 0.0325236 0.0327291 0.040154 0.0144658 -0.00612311 -0.01045 0.00566195 -0.00209745 0.037932 0.0234205 0.00935195 0.0249047 0.0149976 0.0135511 0.0357725 -0.0011863 -0.00469352 -0.0200059 -0.00227751 -0.0100026 -0.0236508 0.0397015 0.0376442 0.00880623 0.0036495
internal_weight=58847.3 52078.2 6769.05 1132 50946.2 1205.29 650.712 50347.6 481.288 990.895 94.693 598.613 2094.85 741.686 597.805 327.754 810.876 605.376 552.663 270.858 1353.17 416.315 122.787 293.528 207.601 556.019 48252.8 29457.6 15297.3 18795.2 1257.37 813.813 14160.2 14027.1 11398.8 11346.9 376.201 10970.7 10920 136.348 62.7485 257.91 242.243 285.84 66.9459 2628.32 289.044 165.975 275.468 197.019 141.77 69.8442 322.337 304.373 547.362 145.764 131.877 96.7306 2339.27 2029.91 133.177 273.687
internal_count=177861 111188 66673 6614 104574 8589 4658 102433 1956 6406 451 2141 6198 2760 2458 1345 4827 3267 2829 796 3438 2364 549 1815 603 4207 96235 59776 29890 36459 3081 2168 29886 29525 24429 24252 966 23286 23110 465 282 1157 1126 817 334 5096 675 453 886 714 744 188 1572 1525 4193 931 880 722 4421 3938 361 1353
is_linear=0
shrinkage=0.03


Tree=19
num_leaves=63
num_cat=0
split_feature=1 1 8 1 21 21 8 60 37 6 57 41 19 57 57 58 4 60 62 42 43 40 38 57 23 41 40 47 48 59 42 37 37 59 62 48 54 22 43 54 52 45 48 21 48 21 38 55 45 42 55 52 40 58 42 46 46 46 59 59 27 57
split_gain=24104.6 1014.02 743.082 559.598 230.608 209.522 193.694 132.618 128.143 141.943 135.887 125.772 124.527 113.4 127.232 116.544 111.197 125.722 108.078 107.16 107.259 105.863 113.883 104.291 108.428 103.739 101.44 99.0856 96.7419 104.967 94.011 92.3266 101.463 131.412 90.4728 88.3737 88.1207 84.6592 84.5108 102.899 112.567 91.4626 115.351 83.9356 187.713 79.8738 79.4011 77.0789 112.469 171.225 115.272 78.5497 82.9046 76.3462 89.464 96.1928 89.7742 76.8508 75.929 75.0388 194.35 73.9972
threshold=0.0019785000000000007 0.00091950000000000007 543895.82018700009 0.0035395000000000005 0.0010995000000000002 0.0019695000000000003 282194.06755000009 -0.72982064943493963 0.011576500000000002 91.075000000000003 0.0093515000000000022 0.0019065000000000002 -7.7419999999999987e-05 0.027071500000000002 0.0048035000000000013 1.9676270000000002 0.091354006461842954 0.18436924984152928 2.5000000000000004 -0.074835499999999985 -0.030632407881238905 39.095000000000006 1.5482310000000001 0.00053150000000000018 0.015859896220026176 0.019096500000000006 54.065000000000005 2.3282500000000006 2068172.7096980002 0.00037598500000000007 -0.66447799999999979 0.050781500000000007 0.011576500000000002 -0.0036774599999999991 3.5000000000000004 2000151.1576750001 82.405000000000015 0.033296500000000007 -0.001732983736902946 7.9450000000000012 45.055000000000007 -0.37124999999999991 124165.75537650002 0.024273000000000003 605400.54782500013 0.00055150000000000002 2.9633505000000002 208.95150000000004 19.632150000000006 0.4408625000000001 397.14050000000003 34.510000000000012 37.685000000000009 2.3896155000000006 0.41514950000000006 97.575000000000003 76.435000000000016 66.845000000000013 0.00079635000000000014 0.00073455000000000016 -1.2195499999999997 0.046465000000000006
decision_type=2 2 2 2 2 2 2 2 2 2 2 2 2 2 2 2 2 2 2 2 2 2 2 2 2 2 2 2 2 2 2 2 2 2 2 2 2 2 2 2 2 2 2 2 2 2 2 2 2 2 2 2 2 2 2 2 2 2 2 2 2 2
left_child=1 7 5 6 11 46 -2 23 9 10 37 -4 26 14 -8 19 -14 18 43 20 35 22 -10 24 -1 -23 -9 31 29 -21 34 32 38 -34 -6 -16 -17 -7 39 -25 41 -41 -43 -18 -45 -28 -3 51 49 -49 -51 -29 -53 54 55 56 57 59 -35 -33 -61 -32
right_child=3 2 4 -5 30 8 13 12 21 -11 -12 -13 16 -15 15 36 17 -19 -20 28 -22 25 -24 27 -26 -27 45 47 -30 -31 61 53 33 58 -36 -37 -38 -39 -40 40 -42 42 -44 44 -46 -47 -48 48 -50 50 -52 52 -54 -55 -56 -57 -58 -59 -60 60 -62 -63
leaf_value=-0.03198698439156912 -0.02401845607229933 -0.025158405069094971 0.043105675248030849 -0.032540359168952405 -0.03614485687905096 0.015690902210396724 -0.019509872874958721 0.034266716782729162 0.066209888791156066 -0.011046967963542034 0 -0.018796833579635262 0.036877665028427771 -0.027365060215085137 0.05410409063006346 -0.019746168819577213 0.031261729588097115 0.035590397469650432 0.025062884982038944 -0.02596258940797775 -0.02508748805416736 -0.028940289654207974 -0.0014686576896994301 -0.0010537721133256719 0.033010687130436193 0.025200802864918347 0.048690020877306436 0.040162703946745044 0.04298050550848273 0.047574174725038422 0.032124704718099903 0.029967316371935098 -0.0031752733361689604 0.039652071829067125 0.029623437368221702 -0.031156335881299197 0.069140601066296811 0.057426908795664054 0.034005049878478091 0.036099886234313525 0.038431004372798949 0.033295342696384837 -0.0041301204334822069 0.050455401744819349 0.011448185860743117 -0.024528059230726953 0.043959975099193124 0.011653883128249625 -0.010985000105887672 0.011918617976946181 0.049612443972386726 -0.025000090864373031 0.026245673734062076 0.0023360448972437179 0.058002589740481794 -0.014394352045839404 0.056107529941454841 -0.0085632796650209186 0.02582120199359357 0.035275994499360093 -0.042579572213891921 0.011382980626386732
leaf_weight=46.896749556064606 595.74625462293625 330.72257566452026 36.132984265685081 5102.4483339339495 37.381372131407261 71.667323082685471 162.85200172662735 78.444196805357933 28.775259517133236 112.59640888124704 100.83687917143106 141.48511262238026 20596.730600066483 126.64404357969761 37.703815907239914 126.91473612934351 3702.6351997703314 10981.06826646626 2361.8258396908641 45.37895181030035 76.901523694396019 184.31238392740488 86.653838537633419 135.1906995549798 43.58900760114193 37.068464085459709 15.049989499151705 496.09177948534489 175.16364020854235 26.984342075884342 2064.6861293613911 898.62039732933044 68.540742695331573 3706.0278842747211 35.755137026309967 14.013852044939993 9.8029884621500951 126.11996459215879 1868.8282490223646 152.84793858230114 410.38360481709242 108.28647147119045 226.49360806494951 567.9110534787178 141.43318019807339 76.714951209723949 14.472601085901259 517.98821920156479 96.526014864444733 106.37638695538044 255.5466418415308 28.534398749470711 571.07995781302452 115.57951530814171 85.324034377932549 49.538711473345757 93.240823239088058 55.999911993741989 418.53418533504009 71.758835852146149 46.71493174135685 173.86838033795357
leaf_count=201 5821 2630 102 54920 202 291 1285 196 79 738 564 749 38871 1134 107 888 7801 21343 5394 331 539 1276 442 430 94 156 29 974 578 96 5331 1995 214 7061 91 113 12 261 3949 315 839 225 737 882 366 353 76 1487 345 296 437 115 1352 335 118 167 132 196 955 149 200 567
internal_value=0.0265739 0.0332879 0.0178534 -0.0279301 0.0269059 -0.00273774 -0.0110719 0.0344109 0.00615426 0.0173953 0.0282206 -0.00586518 0.0352406 -0.00140398 0.00345062 0.0108235 0.0353545 0.033584 0.0303221 0.0194639 -0.00253123 -0.00749225 0.015569 0.0314108 -0.000329656 -0.0196673 0.0093311 0.031685 0.0309778 0.00132511 0.0294383 0.0331346 0.0345493 0.0375774 -0.00362137 0.0302794 -0.0126992 0.04261 0.0301523 0.0231284 0.0267994 0.0168902 0.00794912 0.0331244 0.0427472 -0.011801 -0.0220553 0.0257027 0.0194535 0.0228353 0.0386795 0.0312215 0.0237195 0.0260094 0.0280858 0.0259158 0.0276645 0.0251152 0.0382625 0.0270055 0.00422653 0.0305329
internal_weight=59279.4 52778.9 3582.53 6500.55 2489.31 1093.23 1398.11 49196.4 748.031 411.221 298.624 177.618 38521.8 802.36 675.716 512.864 38351.6 17754.9 6773.81 376.146 128.619 336.81 115.429 10674.5 90.4858 221.381 170.209 10584.1 247.527 72.3633 2311.69 8511.91 7095.13 4193.1 73.1365 51.7177 136.718 197.787 2902.03 1033.2 898.012 487.628 334.78 4411.98 709.344 91.7649 345.195 2072.14 976.437 879.911 361.923 1095.71 599.614 1416.78 1301.2 1215.87 1166.33 1073.09 4124.56 1017.09 118.474 2238.55
internal_count=177932 112108 13555 65824 7042 6513 10904 98553 3807 1854 1116 851 75235 5083 3949 2664 74657 35786 14443 1764 759 1953 521 23318 295 1432 578 23023 1005 427 6191 18017 14725 8230 293 220 900 552 6495 2546 2116 1277 962 9049 1248 382 2706 5006 2565 2220 733 2441 1467 3292 2957 2839 2672 2540 8016 2344 349 5898
is_linear=0
shrinkage=0.03


end of trees

feature_importances:
Column_57=72
Column_1=65
Column_61=65
Column_17=52
Column_18=52
Column_48=47
Column_37=46
Column_56=44
Column_60=42
Column_8=41
Column_21=39
Column_41=34
Column_43=33
Column_55=33
Column_40=31
Column_45=30
Column_47=29
Column_4=27
Column_58=27
Column_0=26
Column_42=26
Column_46=26
Column_52=24
Column_38=22
Column_59=22
Column_28=21
Column_24=20
Column_44=20
Column_25=19
Column_53=18
Column_54=17
Column_62=17
Column_51=16
Column_2=15
Column_6=15
Column_20=14
Column_19=12
Column_22=12
Column_23=12
Column_27=12
Column_39=10
Column_3=8
Column_26=8
Column_16=3
Column_36=3
Column_63=3
Column_64=3
Column_5=2
Column_7=2
Column_32=1
Column_34=1
Column_35=1

parameters:
[boosting: gbdt]
[objective: binary]
[metric: binary_logloss]
[tree_learner: serial]
[device_type: cpu]
[data_sample_strategy: bagging]
[data: ]
[valid: ]
[num_iterations: 2000]
[learning_rate: 0.03]
[num_leaves: 63]
[num_threads: 0]
[seed: 0]
[deterministic: 0]
[force_col_wise: 0]
[force_row_wise: 0]
[histogram_pool_size: -1]
[max_depth: -1]
[min_data_in_leaf: 50]
[min_sum_hessian_in_leaf: 0.001]
[bagging_fraction: 0.8]
[pos_bagging_fraction: 1]
[neg_bagging_fraction: 1]
[bagging_freq: 1]
[bagging_seed: 3]
[bagging_by_query: 0]
[feature_fraction: 0.8]
[feature_fraction_bynode: 1]
[feature_fraction_seed: 2]
[extra_trees: 0]
[extra_seed: 6]
[early_stopping_round: 0]
[early_stopping_min_delta: 0]
[first_metric_only: 0]
[max_delta_step: 0]
[lambda_l1: 1]
[lambda_l2: 1]
[linear_lambda: 0]
[min_gain_to_split: 0]
[drop_rate: 0.1]
[max_drop: 50]
[skip_drop: 0.5]
[xgboost_dart_mode: 0]
[uniform_drop: 0]
[drop_seed: 4]
[top_rate: 0.2]
[other_rate: 0.1]
[min_data_per_group: 100]
[max_cat_threshold: 32]
[cat_l2: 10]
[cat_smooth: 10]
[max_cat_to_onehot: 4]
[top_k: 20]
[monotone_constraints: ]
[monotone_constraints_method: basic]
[monotone_penalty: 0]
[feature_contri: ]
[forcedsplits_filename: ]
[refit_decay_rate: 0.9]
[cegb_tradeoff: 1]
[cegb_penalty_split: 0]
[cegb_penalty_feature_lazy: ]
[cegb_penalty_feature_coupled: ]
[path_smooth: 0]
[interaction_constraints: ]
[verbosity: -1]
[saved_feature_importance_type: 0]
[use_quantized_grad: 0]
[num_grad_quant_bins: 4]
[quant_train_renew_leaf: 0]
[stochastic_rounding: 1]
[linear_tree: 0]
[max_bin: 255]
[max_bin_by_feature: ]
[min_data_in_bin: 3]
[bin_construct_sample_cnt: 200000]
[data_random_seed: 1]
[is_enable_sparse: 1]
[enable_bundle: 1]
[use_missing: 1]
[zero_as_missing: 0]
[feature_pre_filter: 1]
[pre_partition: 0]
[two_round: 0]
[header: 0]
[label_column: ]
[weight_column: ]
[group_column: ]
[ignore_column: ]
[categorical_feature: ]
[forcedbins_filename: ]
[precise_float_parser: 0]
[parser_config_file: ]
[objective_seed: 5]
[num_class: 1]
[is_unbalance: 0]
[scale_pos_weight: 4.59576]
[sigmoid: 1]
[boost_from_average: 1]
[reg_sqrt: 0]
[alpha: 0.9]
[fair_c: 1]
[poisson_max_delta_step: 0.7]
[tweedie_variance_power: 1.5]
[lambdarank_truncation_level: 30]
[lambdarank_norm: 1]
[label_gain: ]
[lambdarank_position_bias_regularization: 0]
[eval_at: ]
[multi_error_top_k: 1]
[auc_mu_weights: ]
[num_machines: 1]
[local_listen_port: 12400]
[time_out: 120]
[machine_list_filename: ]
[machines: ]
[gpu_platform_id: -1]
[gpu_device_id: -1]
[gpu_use_dp: 0]
[num_gpu: 1]

end of parameters

pandas_categorical:null
